Time,u1,u2,u3,u4,u5,u6,u7,u8
5.1,-0.1655597135379177,0.03539267079999649,-0.0463416508522704,0.06562369373241554,-0.17260977289991436,-0.014139774657671644,0.15959838384452665,-0.16911404252322781
10.2,-0.3311194270758354,0.07078534159999297,-0.0926833017045408,0.13124738746483108,-0.3452195457998287,-0.028279549315343287,0.3191967676890533,-0.33822808504645563
15.2,-0.4966791406137531,0.10617801239998945,-0.1390249525568112,0.19687108119724664,-0.5178293186997431,-0.042419323973014934,0.47879515153357993,-0.5073421275696834
20.299999,-0.6622388541516708,0.14157068319998595,-0.1853666034090816,0.26249477492966217,-0.6904390915996574,-0.056559098630686575,0.6383935353781066,-0.6764561700929113
25.299999,-0.8277985676895885,0.17696335399998242,-0.231708254261352,0.3281184686620777,-0.8630488644995717,-0.07069887328835822,0.7979919192226332,-0.8455702126161391
30.299999,-0.8277985676895885,0.17696335399998242,-0.231708254261352,0.3281184686620777,-0.8630488644995717,-0.07069887328835822,0.7979919192226332,-0.8455702126161391
35.299999,-0.8277985676895885,0.17696335399998242,-0.231708254261352,0.3281184686620777,-0.8630488644995717,-0.07069887328835822,0.7979919192226332,-0.8455702126161391
40.299999,-0.8277985676895885,0.17696335399998242,-0.231708254261352,0.3281184686620777,-0.8630488644995717,-0.07069887328835822,0.7979919192226332,-0.8455702126161391
45.299999,-0.8277985676895885,0.17696335399998242,-0.231708254261352,0.3281184686620777,-0.8630488644995717,-0.07069887328835822,0.7979919192226332,-0.8455702126161391
50.299999,-0.6446840563481684,0.1292348815091949,-0.3227881475169094,0.07235110481364812,-0.8733815115442111,-0.05350179836604774,0.7211657327956396,-0.5954700599288504
55.299999,-0.46156954500674824,0.0815064090184074,-0.41386804077246675,-0.18341625903478148,-0.8837141585888505,-0.03630472344373725,0.6443395463686457,-0.3453699072415617
60.299999,-0.2784550336653281,0.03377793652761989,-0.5049479340280241,-0.439183622883211,-0.8940468056334898,-0.019107648521426768,0.5675133599416521,-0.09526975455427307
65.400002,-0.09534052232390793,-0.01395053596316762,-0.5960278272835815,-0.6949509867316406,-0.9043794526781292,-0.001910573599116283,0.49068717351465824,0.1548303981330156
70.5,0.08777398901751221,-0.06167900845395513,-0.6871077205391389,-0.9507183505800703,-0.9147120997227687,0.015286501323194202,0.41386098708766444,0.40493055082030427
75.599998,0.08777398901751221,-0.06167900845395513,-0.6871077205391389,-0.9507183505800703,-0.9147120997227687,0.015286501323194202,0.41386098708766444,0.40493055082030427
80.599998,0.08777398901751221,-0.06167900845395513,-0.6871077205391389,-0.9507183505800703,-0.9147120997227687,0.015286501323194202,0.41386098708766444,0.40493055082030427
85.599998,0.08777398901751221,-0.06167900845395513,-0.6871077205391389,-0.9507183505800703,-0.9147120997227687,0.015286501323194202,0.41386098708766444,0.40493055082030427
90.599998,0.10253109812079941,-0.03366670423836502,-0.44658772888418474,-0.6108004354417197,-0.565461803518867,-0.14605286342663204,0.3911397970721786,0.4217461649113748
95.599998,0.11728820722408662,-0.005654400022774908,-0.20606773722923047,-0.27088252030336923,-0.21621150731496536,-0.3073922281764583,0.3684186070566928,0.4385617790024453
100.599998,0.13204531632737382,0.022357904192815203,0.03445225442572384,0.06903539483498138,0.1330387888889364,-0.4687315929262845,0.34569741704120704,0.45537739309351577
105.599998,0.14680242543066102,0.050370208408405316,0.2749722460806781,0.40895330997333196,0.48228908509283813,-0.6300709576761108,0.32297622702572126,0.4721930071845863
110.599998,0.16155953453394822,0.07838251262399543,0.5154922377356324,0.7488712251116825,0.8315393812967397,-0.791410322425937,0.3002550370102355,0.4890086212756568
115.599998,0.07475938627061814,-0.1346071305736877,0.4424595375431982,0.7218493527185389,0.7739657675297862,-0.5177425703620251,0.22319416833626407,0.33883112022393325
120.599998,-0.012040761992711957,-0.3475967737713708,0.3694268373507642,0.6948274803253953,0.7163921537628326,-0.2440748182981131,0.14613329966229266,0.18865361917220974
125.599998,-0.09884091025604205,-0.560586416969054,0.2963941371583302,0.6678056079322519,0.6588185399958789,0.029592933765798878,0.06907243098832123,0.038476118120486194
130.699997,-0.18564105851937213,-0.773576060166737,0.2233614369658961,0.6407837355391084,0.6012449262289253,0.30326068582971083,-0.007988437685650185,-0.11170138293123735
135.699997,-0.2724412067827022,-0.9865657033644201,0.15032873677346204,0.6137618631459649,0.5436713124619719,0.5769284378936228,-0.0850493063596216,-0.2618788839829609
140.699997,-0.2724412067827022,-0.9865657033644201,0.15032873677346204,0.6137618631459649,0.5436713124619719,0.5769284378936228,-0.0850493063596216,-0.2618788839829609
145.699997,-0.2724412067827022,-0.9865657033644201,0.15032873677346204,0.6137618631459649,0.5436713124619719,0.5769284378936228,-0.0850493063596216,-0.2618788839829609
150.699997,-0.10035813985553022,-0.816212522594611,0.22026872201253828,0.6425411629934198,0.6265051862860078,0.5246695873572754,0.04452071681582095,-0.2380307708890538
155.699997,0.0717249270716418,-0.6458593418248015,0.2902087072516145,0.6713204628408744,0.7093390601100437,0.4724107368209281,0.1740907399912635,-0.21418265779514672
160.699997,0.2438079939988138,-0.4755061610549922,0.3601486924906908,0.7000997626883294,0.7921729339340796,0.4201518862845807,0.30366076316670604,-0.19033454470123962
165.699997,0.38985904722240994,-0.4227623506517384,0.3812046953779896,0.4278118870979416,0.5637246821651027,0.2606293725319847,0.17010417272766531,-0.318961195003867
170.699997,0.5359101004460061,-0.3700185402484846,0.4022606982652885,0.1555240115075537,0.33527643039612565,0.10110685877938863,0.03654758228862458,-0.44758784530649437
175.699997,0.5098780867424302,-0.48762791061504007,0.3533767159135111,-0.14554316393028882,0.02399430480311273,-0.006156804436860064,-0.22657903132585872,-0.600062608703029
180.699997,0.4838460730388543,-0.6052372809815956,0.3044927335617337,-0.4466103393681314,-0.2872878207899002,-0.11342046765310876,-0.489705644940342,-0.7525373720995633
185.699997,0.4578140593352784,-0.7228466513481511,0.2556087512099563,-0.747677514805974,-0.598569946382913,-0.22068413086935745,-0.7528322585548253,-0.9050121354960978
190.699997,0.2896698428948504,-0.4413229918790075,0.09185248857337233,-0.7685869083486132,-0.6759412280726889,-0.2567425933482077,-0.4857936480996455,-0.7646916472103189
195.699997,0.12152562645442248,-0.15979933240986394,-0.07190377406321162,-0.7894963018912524,-0.7533125097624644,-0.29280105582705795,-0.21875503764446566,-0.62437115892454
200.699997,-0.046618589986005474,0.12172432705927964,-0.23566003669979557,-0.8104056954338915,-0.8306837914522402,-0.3288595183059082,0.04828357281071414,-0.4840506706387613
205.699997,-0.09087310883613568,0.19782779007090023,-0.19614681917069735,-0.5129003863557696,-0.8007420159438302,-0.2518550388425004,0.16801925461306136,-0.49637400970197926
210.699997,-0.1351276276862659,0.27393125308252075,-0.1566336016415991,-0.21539507727764776,-0.7708002404354201,-0.1748505593790925,0.28775493641540856,-0.5086973487651972
215.699997,-0.01123793009596814,0.06851105662499783,0.04663587852408311,0.10301962534311322,-0.6634871832372343,-0.061787617436834405,0.140452007762576,-0.661341176114194
220.699997,0.11265176749432962,-0.13690913983252515,0.24990535868976532,0.4214343279638742,-0.5561741260390486,0.05127532450542369,-0.006850920890256606,-0.8139850034631907
225.699997,0.012897849840377961,-0.2745710822449713,0.5133710763581826,0.6546337744367928,-0.5208934726056151,0.25018001675186613,-0.2084739845054296,-0.8384992413596575
230.699997,-0.21074576540387144,-0.2068128281998945,0.5735673138609177,0.5694185182889504,-0.5929258763703675,0.33602176705605047,-0.26279411946777,-0.7103696519071274
235.699997,-0.4343893806481208,-0.13905457415481765,0.6337635513636529,0.48420326214110787,-0.6649582801351199,0.42186351736023486,-0.3171142544301103,-0.5822400624545973
240.699997,-0.6580329958923703,-0.07129632010974082,0.693959788866388,0.39898800599326545,-0.7369906838998723,0.5077052676644191,-0.3714343893924507,-0.4541104730020673
245.699997,-0.8816766111366195,-0.0035380660646640028,0.7541560263691232,0.313772749845423,-0.8090230876646247,0.5935470179686035,-0.4257545243547911,-0.32598088354953725
250.699997,-0.8816766111366195,-0.0035380660646640028,0.7541560263691232,0.313772749845423,-0.8090230876646247,0.5935470179686035,-0.4257545243547911,-0.32598088354953725
255.699997,-0.8816766111366195,-0.0035380660646640028,0.7541560263691232,0.313772749845423,-0.8090230876646247,0.5935470179686035,-0.4257545243547911,-0.32598088354953725
260.799988,-0.8816766111366195,-0.0035380660646640028,0.7541560263691232,0.313772749845423,-0.8090230876646247,0.5935470179686035,-0.4257545243547911,-0.32598088354953725
265.799988,-0.8816766111366195,-0.0035380660646640028,0.7541560263691232,0.313772749845423,-0.8090230876646247,0.5935470179686035,-0.4257545243547911,-0.32598088354953725
270.799988,-0.5585308056847931,0.09825661802477104,0.4275065553610805,0.39589652252504826,-0.6524477763266092,0.2884401042906863,-0.2714218558093805,-0.1988260046515155
275.799988,-0.2353850002329665,0.20005130211420608,0.10085708435303795,0.4780202952046734,-0.4958724649885937,-0.016666809387230953,-0.11708918726396984,-0.0716711257534938
280.799988,0.0877608052188601,0.3018459862036411,-0.22579238665500473,0.5601440678842986,-0.3392971536505782,-0.3217737230651482,0.037243481281440796,0.055483753144527935
285.799988,0.22629744963520287,0.4221311074715931,-0.22857098844530777,0.38793251679029284,-0.243242993052775,-0.5671706159084824,0.00324061760347103,-0.013451757472117309
290.799988,0.36483409405154565,0.5424162287395452,-0.23134959023561077,0.2157209656962869,-0.14718883245497177,-0.8125675087518166,-0.030762246074498734,-0.08238726808876255
295.799988,0.18022493301606182,0.5609066659180623,0.09252127898212877,-0.03861435807734419,-0.20770998319518402,-0.7528574879172337,-0.21909777829787913,-0.2784776576034295
300.799988,-0.004384228019421998,0.5793971030965792,0.4163921481998683,-0.29294968185097525,-0.2682311339353963,-0.6931474670826507,-0.40743331052125953,-0.47456804711809647
305.799988,-0.1889933890549058,0.5978875402750963,0.7402630174176079,-0.5472850056246064,-0.3287522846756086,-0.6334374462480679,-0.5957688427446399,-0.6706584366327635
310.799988,-0.1889933890549058,0.5978875402750963,0.7402630174176079,-0.5472850056246064,-0.3287522846756086,-0.6334374462480679,-0.5957688427446399,-0.6706584366327635
315.799988,-0.1889933890549058,0.5978875402750963,0.7402630174176079,-0.5472850056246064,-0.3287522846756086,-0.6334374462480679,-0.5957688427446399,-0.6706584366327635
320.799988,-0.1889933890549058,0.5978875402750963,0.7402630174176079,-0.5472850056246064,-0.3287522846756086,-0.6334374462480679,-0.5957688427446399,-0.6706584366327635
325.799988,-0.2503738812051287,0.565079247164956,0.6693876546697556,-0.4261653223096781,-0.3652867682403628,-0.43451329166308794,-0.34064967881663044,-0.7122087606237846
330.799988,-0.31175437335535167,0.5322709540548155,0.5985122919219034,-0.30504563899474973,-0.4018212518051171,-0.23558913707810789,-0.08553051488862096,-0.7537590846148058
335.799988,-0.37313486550557456,0.4994626609446751,0.5276369291740511,-0.18392595567982145,-0.4383557353698714,-0.036664982493127905,0.16958864903938853,-0.7953094086058269
340.799988,-0.43451535765579746,0.4666543678345348,0.45676156642619886,-0.06280627236489314,-0.47489021893462563,0.1622591720918521,0.424707812967398,-0.836859732596848
345.799988,-0.49589584980602036,0.43384607472439446,0.3858862036783466,0.05831341095003517,-0.5114247024993799,0.36118332667683206,0.6798269768954075,-0.8784100565878692
350.799988,-0.38276030059432375,0.28921438762921176,0.4644898407584897,-0.13382032006664688,-0.407755718319706,0.1727366458549627,0.4824417585682954,-0.7598933785259632
355.799988,-0.26962475138262715,0.14458270053402908,0.5430934778386328,-0.3259540510833289,-0.304086734140032,-0.01571003496690664,0.2850565402411833,-0.6413767004640573
360.799988,-0.15648920217093049,-4.898656115357447e-5,0.621697114918776,-0.5180877821000109,-0.20041774996035805,-0.20415671578877598,0.08767132191407123,-0.5228600224021512
365.799988,-0.04335365295923386,-0.14468067365633624,0.7003007519989192,-0.7102215131166931,-0.09674876578068412,-0.39260339661064536,-0.10971389641304086,-0.4043433443402451
370.799988,0.2180775033715861,-0.3774170511094549,0.7687277212685933,-0.6657538457834704,-0.048284219563426545,-0.26492755054748046,-0.40813844977022296,-0.12446735807139206
375.799988,0.3663731104907094,-0.4655217414673908,0.7585510534581245,-0.4291524474335658,-0.10348865752584291,0.05119497633755379,-0.509177784800293,0.03689195013555495
380.799988,0.5146687176098327,-0.5536264318253268,0.7483743856476555,-0.19255104908366105,-0.15869309548825927,0.36731750322258805,-0.610217119830363,0.19825125834250196
385.799988,0.6629643247289561,-0.6417311221832628,0.7381977178371864,0.04405034926624363,-0.21389753345067564,0.6834400301076222,-0.711256454860433,0.359610566549449
390.799988,0.8112599318480793,-0.7298358125411988,0.7280210500267175,0.2806517476161483,-0.269101971413092,0.9995625569926565,-0.812295789890503,0.520969874756396
395.799988,0.8112599318480793,-0.7298358125411988,0.7280210500267175,0.2806517476161483,-0.269101971413092,0.9995625569926565,-0.812295789890503,0.520969874756396
400.799988,0.8112599318480793,-0.7298358125411988,0.7280210500267175,0.2806517476161483,-0.269101971413092,0.9995625569926565,-0.812295789890503,0.520969874756396
405.799988,0.8112599318480793,-0.7298358125411988,0.7280210500267175,0.2806517476161483,-0.269101971413092,0.9995625569926565,-0.812295789890503,0.520969874756396
410.799988,0.4519043942658435,-0.5365742175426236,0.5423932144286592,0.05438394661630319,-0.3496067780880321,0.8817433857686414,-0.7783235934959813,0.6019001541403235
415.799988,0.09254885668360754,-0.3433126225440485,0.3567653788306009,-0.17188385438354192,-0.43011158476297223,0.7639242145446264,-0.7443513971014596,0.682830433524251
420.799988,-0.26680668089862836,-0.1500510275454733,0.1711375432325426,-0.39815165538338704,-0.5106163914379123,0.6461050433206114,-0.7103792007069379,0.7637607129081785
425.799988,-0.6261622184808642,0.04321056745310185,-0.014490292365515689,-0.6244194563832322,-0.5911211981128524,0.5282858720965964,-0.6764070043124162,0.8446909922921059
430.799988,-0.9855177560631001,0.23647216245167701,-0.20011812796357398,-0.8506872573830773,-0.6716260047877924,0.4104667008725813,-0.6424348079178945,0.9256212716760335
435.799988,-0.9855177560631001,0.23647216245167701,-0.20011812796357398,-0.8506872573830773,-0.6716260047877924,0.4104667008725813,-0.6424348079178945,0.9256212716760335
440.799988,-0.9855177560631001,0.23647216245167701,-0.20011812796357398,-0.8506872573830773,-0.6716260047877924,0.4104667008725813,-0.6424348079178945,0.9256212716760335
445.799988,-0.9855177560631001,0.23647216245167701,-0.20011812796357398,-0.8506872573830773,-0.6716260047877924,0.4104667008725813,-0.6424348079178945,0.9256212716760335
450.799988,-0.8255353992217913,0.17999828029063564,-0.1302065709357345,-0.4841595720968077,-0.7170978552462783,0.3574069142153308,-0.4821976452598249,0.6725820789812511
455.799988,-0.6655530423804825,0.12352439812959429,-0.060295013907895045,-0.11763188681053816,-0.7625697057047642,0.3043471275580803,-0.32196048260175525,0.4195428862864688
460.799988,-0.5055706855391735,0.06705051596855291,0.00961654311994442,0.2488957984757314,-0.8080415561632499,0.25128734090082977,-0.1617233199436856,0.1665036935916865
465.799988,-0.3455883286978646,0.01057663380751155,0.07952810014778389,0.615423483762001,-0.8535134066217358,0.19822755424357927,-0.0014861572856159633,-0.08653549910309581
470.799988,-0.1856059718565557,-0.04589724835352982,0.14943965717562335,0.9819511690482706,-0.8989852570802217,0.14516776758632877,0.15875100537245368,-0.33957469179787814
475.799988,-0.19041752853930177,-0.044523686781628456,0.21352695817049389,0.7692163763801171,-0.719811381004264,0.021776786636601608,-0.010734517861660464,-0.11380209926874833
480.799988,-0.19522908522204782,-0.043150125209727094,0.2776142591653644,0.5564815837119635,-0.5406375049283063,-0.10161419431312554,-0.1802200410957746,0.11197049326038147
485.799988,-0.2000406419047939,-0.04177656363782574,0.341701560160235,0.34374679104381,-0.36146362885234884,-0.2250051752628527,-0.34970556432988875,0.3377430857895113
490.799988,-0.20485219858753995,-0.04040300206592438,0.40578886115510554,0.13101199837565652,-0.1822897527763912,-0.34839615621257986,-0.5191910875640029,0.563515678318641
495.799988,-0.20966375527028602,-0.039029440494023016,0.46987616214997613,-0.08172279429249696,-0.003115876700433562,-0.4717871371623071,-0.688676610798117,0.7892882708477709
500.799988,-0.23378819582063662,0.11664030441055133,0.4968345003131486,-0.10520522380370174,0.14526610416393818,-0.28979333219480735,-0.499320042572654,0.6436883011050477
505.799988,-0.2579126363709872,0.2723100493151257,0.523792838476321,-0.12868765331490653,0.2936480850283099,-0.1077995272273077,-0.30996347434719096,0.4980883313623245
510.799988,-0.2820370769213378,0.4279797942197,0.5507511766394935,-0.1521700828261113,0.4420300658926816,0.07419427774019197,-0.12060690612172795,0.35248836161960134
515.799988,-0.3061615174716884,0.5836495391242744,0.5777095148026661,-0.1756525123373161,0.5904120467570533,0.2561880827076916,0.06874966210373508,0.20688839187687816
520.799988,-0.330285958022039,0.7393192840288487,0.6046678529658385,-0.19913494184852087,0.7387940276214251,0.4381818876751913,0.2581062303291981,0.061288422134154974
525.799988,-0.330285958022039,0.7393192840288487,0.6046678529658385,-0.19913494184852087,0.7387940276214251,0.4381818876751913,0.2581062303291981,0.061288422134154974
530.799988,-0.330285958022039,0.7393192840288487,0.6046678529658385,-0.19913494184852087,0.7387940276214251,0.4381818876751913,0.2581062303291981,0.061288422134154974
535.799988,-0.330285958022039,0.7393192840288487,0.6046678529658385,-0.19913494184852087,0.7387940276214251,0.4381818876751913,0.2581062303291981,0.061288422134154974
540.799988,-0.17272205207653374,0.5428584608641467,0.5483628162948039,-0.3458009497851649,0.49184353441125916,0.49036277340023837,0.36410106372036827,0.13547875607596396
545.799988,-0.015158146131028527,0.34639763769944476,0.49205777962376923,-0.49246695772180893,0.2448930412010933,0.5425436591252855,0.47009589711153843,0.20966909001777295
550.799988,0.1424057598144767,0.14993681453474275,0.4357527429527348,-0.639132965658453,-0.0020574520090726354,0.5947245448503324,0.5760907305027085,0.2838594239595819
555.799988,0.2999696657599819,-0.04652400862995924,0.3794477062817002,-0.785798973595097,-0.24900794521923855,0.6469054305753795,0.6820855638938788,0.35804975790139093
560.799988,0.45753357170548714,-0.24298483179466124,0.3231426696106656,-0.932464981531741,-0.4959584384294045,0.6990863163004266,0.788080397285049,0.4322400918431999
565.799988,0.45753357170548714,-0.24298483179466124,0.3231426696106656,-0.932464981531741,-0.4959584384294045,0.6990863163004266,0.788080397285049,0.4322400918431999
570.799988,0.45753357170548714,-0.24298483179466124,0.3231426696106656,-0.932464981531741,-0.4959584384294045,0.6990863163004266,0.788080397285049,0.4322400918431999
575.799988,0.45753357170548714,-0.24298483179466124,0.3231426696106656,-0.932464981531741,-0.4959584384294045,0.6990863163004266,0.788080397285049,0.4322400918431999
580.799988,0.45753357170548714,-0.24298483179466124,0.3231426696106656,-0.932464981531741,-0.4959584384294045,0.6990863163004266,0.788080397285049,0.4322400918431999
585.799988,0.5630312665611706,-0.12702141135083375,0.376776023732994,-0.6733373201185943,-0.24723786148090426,0.43686630121144693,0.5223858829541255,0.25586436394117207
590.799988,0.6685289614168541,-0.011057990907006276,0.43040937785532235,-0.4142096587054477,0.0014827154675959076,0.1746462861224673,0.2566913686232021,0.0794886360391442
595.799988,0.7740266562725377,0.10490542953682121,0.48404273197765074,-0.15508199729230082,0.25020329241609607,-0.08757372896651235,-0.009003145707721271,-0.09688709186288365
600.799988,0.8795243511282212,0.22086884998064868,0.5376760860999792,0.1040456641208459,0.4989238693645962,-0.349793744055492,-0.2746976600386447,-0.2732628197649115
605.799988,0.9850220459839047,0.33683227042447617,0.5913094402223076,0.3631733255339926,0.7476444463130965,-0.6120137591444716,-0.5403921743695681,-0.4496385476669394
610.799988,0.8911678423103492,0.4045579866204643,0.3271045744749219,0.48743133309831344,0.6511429727022156,-0.3544617890581154,-0.4489946054700586,-0.5520356336012198
615.799988,0.7973136386367935,0.4722837028164525,0.06289970872753625,0.6116893406626341,0.5546414990913345,-0.09690981897175913,-0.3575970365705491,-0.6544327195355001
620.799988,0.7034594349632378,0.5400094190124406,-0.2013051570198494,0.735947348226955,0.4581400254804536,0.16064215111459715,-0.26619946767103964,-0.7568298054697804
625.799988,0.6096052312896821,0.6077351352084288,-0.46551002276723513,0.8602053557912758,0.36163855186957267,0.41819412120095334,-0.17480189877153013,-0.8592268914040607
630.799988,0.5157510276161266,0.6754608514044169,-0.7297148885146207,0.9844633633555965,0.2651370782586917,0.6757460912873097,-0.08340432987202062,-0.961623977338341
635.799988,0.5157510276161266,0.6754608514044169,-0.7297148885146207,0.9844633633555965,0.2651370782586917,0.6757460912873097,-0.08340432987202062,-0.961623977338341
640.799988,0.360485898795759,0.6172998498235251,-0.4909746064610062,0.6908654066354754,0.04966685928043253,0.7373304873315085,0.009123518008970155,-0.6111876178052086
645.799988,0.20522076997539135,0.5591388482426334,-0.2522343244073918,0.39726744991535423,-0.16580335969782664,0.7989148833757074,0.10165136588996093,-0.260751258272076
650.799988,0.04995564115502375,0.5009778466617416,-0.013494042353777224,0.10366949319523303,-0.3812735786760858,0.8604992794199063,0.1941792137709517,0.0896851012610564
655.799988,-0.10530948766534384,0.44281684508084984,0.2252462396998373,-0.18992846352488818,-0.596743797654345,0.9220836754641051,0.2867070616519425,0.44012146079418885
660.799988,-0.26057461648571145,0.38465584349995807,0.4639865217534518,-0.48352642024500936,-0.8122140166326041,0.9836680715083039,0.37923490953293326,0.7905578203273214
665.799988,-0.26057461648571145,0.38465584349995807,0.4639865217534518,-0.48352642024500936,-0.8122140166326041,0.9836680715083039,0.37923490953293326,0.7905578203273214
670.799988,-0.26057461648571145,0.38465584349995807,0.4639865217534518,-0.48352642024500936,-0.8122140166326041,0.9836680715083039,0.37923490953293326,0.7905578203273214
675.799988,-0.26057461648571145,0.38465584349995807,0.4639865217534518,-0.48352642024500936,-0.8122140166326041,0.9836680715083039,0.37923490953293326,0.7905578203273214
680.799988,-0.26057461648571145,0.38465584349995807,0.4639865217534518,-0.48352642024500936,-0.8122140166326041,0.9836680715083039,0.37923490953293326,0.7905578203273214
685.799988,-0.36128071510708826,0.3865150719457592,0.19688697854769383,-0.2672428775421113,-0.5877124370458686,0.6143502035320013,0.16688639187450144,0.7104115360420277
690.799988,-0.46198681372846506,0.38837430039156023,-0.07021256465806411,-0.05095933483921326,-0.36321085745913295,0.24503233555569875,-0.045462125783930406,0.630265251756734
695.799988,-0.5626929123498419,0.39023352883736134,-0.33731210786382204,0.1653242078636848,-0.13870927787239737,-0.12428553242060385,-0.25781064344236226,0.5501189674714402
700.799988,-0.6633990109712187,0.3920927572831624,-0.6044116510695801,0.3816077505665828,0.08579230171433823,-0.4936034003969064,-0.4701591611007941,0.4699726831861465
705.799988,-0.7641051095925955,0.3939519857289635,-0.871511194275338,0.5978912932694809,0.3102938813010738,-0.862921268373209,-0.6825076787592259,0.3898263989008528
710.799988,-0.45634889104209303,0.269989581030087,-0.7481160356423636,0.39923245759138093,0.27490705935110443,-0.5203589881978257,-0.47258170042834113,0.4542710315926538
715.799988,-0.1485926724915906,0.1460271763312105,-0.6247208770093893,0.20057362191328093,0.23952023740113507,-0.1777967080224422,-0.2626557220974563,0.5187156642844549
720.799988,0.1591635460589119,0.022064771632334022,-0.5013257183764152,0.0019147862351809764,0.20413341545116567,0.16476557215294121,-0.05272974376657151,0.5831602969762558
725.799988,0.4669197646094144,-0.10189763306654247,-0.37793055974344086,-0.19674404944291898,0.1687465935011963,0.5073278523283247,0.15719623456431328,0.6476049296680569
730.799988,0.7746759831599168,-0.22586003776541896,-0.2545354011104666,-0.39540288512101895,0.1333597715512269,0.849890132503708,0.3671222128951981,0.712049562359858
735.799988,0.6755577179540415,-0.3102740253843358,-0.390394952765614,-0.48729554354360827,0.06380875394333443,0.6180283930275916,0.32269975257672323,0.4353017921370351
740.799988,0.5764394527481661,-0.3946880130032527,-0.5262545044207613,-0.5791882019661976,-0.005742263664558056,0.38616665355147517,0.2782772922582484,0.1585540219142123
745.799988,0.47732118754229075,-0.47910200062216945,-0.6621140560759088,-0.6710808603887871,-0.07529328127245054,0.1543049140753586,0.23385483193977352,-0.11819374830861058
750.799988,0.37820292233641545,-0.5635159882410864,-0.7979736077310562,-0.7629735188113764,-0.14484429888034303,-0.07755682540075788,0.18943237162129867,-0.39494151853143344
755.799988,0.2790846571305401,-0.6479299758600032,-0.9338331593862035,-0.8548661772339659,-0.2143953164882355,-0.30941856487687436,0.1450099113028238,-0.6716892887542563
760.799988,0.2790846571305401,-0.6479299758600032,-0.9338331593862035,-0.8548661772339659,-0.2143953164882355,-0.30941856487687436,0.1450099113028238,-0.6716892887542563
765.799988,0.2790846571305401,-0.6479299758600032,-0.9338331593862035,-0.8548661772339659,-0.2143953164882355,-0.30941856487687436,0.1450099113028238,-0.6716892887542563
770.799988,0.2790846571305401,-0.6479299758600032,-0.9338331593862035,-0.8548661772339659,-0.2143953164882355,-0.30941856487687436,0.1450099113028238,-0.6716892887542563
775.799988,0.2790846571305401,-0.6479299758600032,-0.9338331593862035,-0.8548661772339659,-0.2143953164882355,-0.30941856487687436,0.1450099113028238,-0.6716892887542563
780.799988,0.2790846571305401,-0.6479299758600032,-0.9338331593862035,-0.8548661772339659,-0.2143953164882355,-0.30941856487687436,0.1450099113028238,-0.6716892887542563
785.799988,0.2109991202845177,-0.6439649849935674,-0.6974270523824566,-0.5346338224442182,0.0225058752170197,-0.26267177168713524,0.1203912800163632,-0.4747234065226486
790.799988,0.1429135834384953,-0.6399999941271315,-0.46102094537870963,-0.2144014676544704,0.2594070669222749,-0.2159249784973961,0.09577264872990261,-0.2777575242910409
795.799988,0.07482804659247293,-0.6360350032606955,-0.22461483837496274,0.10583088713527737,0.49630825862753014,-0.16917818530765696,0.071154017443442,-0.08079164205943319
800.799988,0.006742509746450543,-0.6320700123942595,0.011791268628784168,0.42606324192502515,0.7332094503327854,-0.12243139211791783,0.046535386156981405,0.11617424017217451
805.799988,-0.061343027099571845,-0.6281050215278237,0.24819737563253108,0.7462955967147729,0.9701106420380405,-0.07568459892817869,0.021916754870520805,0.3131401224037822
810.799988,-0.061343027099571845,-0.6281050215278237,0.24819737563253108,0.7462955967147729,0.9701106420380405,-0.07568459892817869,0.021916754870520805,0.3131401224037822
815.799988,-0.061343027099571845,-0.6281050215278237,0.24819737563253108,0.7462955967147729,0.9701106420380405,-0.07568459892817869,0.021916754870520805,0.3131401224037822
820.799988,-0.061343027099571845,-0.6281050215278237,0.24819737563253108,0.7462955967147729,0.9701106420380405,-0.07568459892817869,0.021916754870520805,0.3131401224037822
825.799988,-0.061343027099571845,-0.6281050215278237,0.24819737563253108,0.7462955967147729,0.9701106420380405,-0.07568459892817869,0.021916754870520805,0.3131401224037822
830.799988,-0.061343027099571845,-0.6281050215278237,0.24819737563253108,0.7462955967147729,0.9701106420380405,-0.07568459892817869,0.021916754870520805,0.3131401224037822
835.799988,0.054186410953699936,-0.5795089791454424,0.12275744770686488,0.5582268713874928,0.9546608326021058,-0.14177152833021914,0.09462772299039099,0.330772683564581
840.799988,0.16971584900697173,-0.5309129367630613,-0.002682480218801331,0.37015814606021286,0.9392110231661711,-0.20785845773225958,0.16733869111026117,0.3484052447253798
845.799988,0.2852452870602435,-0.48231689438068026,-0.12812240814446754,0.18208942073293283,0.9237612137302363,-0.2739453871343,0.24004965923013138,0.3660378058861786
850.799988,0.4007747251135153,-0.433720851998299,-0.25356233607013373,-0.005979304594347168,0.9083114042943017,-0.3400323165363405,0.31276062735000154,0.38367036704697743
855.799988,0.5163041631667871,-0.3851248096159179,-0.37900226399579995,-0.19404802992162717,0.8928615948583669,-0.40611924593838095,0.38547159546987175,0.40130292820777624
860.799988,0.5163041631667871,-0.3851248096159179,-0.37900226399579995,-0.19404802992162717,0.8928615948583669,-0.40611924593838095,0.38547159546987175,0.40130292820777624
865.799988,0.5163041631667871,-0.3851248096159179,-0.37900226399579995,-0.19404802992162717,0.8928615948583669,-0.40611924593838095,0.38547159546987175,0.40130292820777624
870.799988,0.5163041631667871,-0.3851248096159179,-0.37900226399579995,-0.19404802992162717,0.8928615948583669,-0.40611924593838095,0.38547159546987175,0.40130292820777624
875.799988,0.5764756375050938,-0.18757798113685578,-0.3078416636725311,-0.11544005374250457,0.7844763244831052,-0.2923755856033537,0.4299344947837385,0.44976935194871714
880.799988,0.6366471118434006,0.009968847342206332,-0.23668106334926226,-0.03683207756338196,0.6760910541078434,-0.17863192526832647,0.4743973940976053,0.49823577568965804
885.799988,0.6968185861817074,0.20751567582126845,-0.16552046302599338,0.041775898615740645,0.5677057837325817,-0.06488826493329927,0.5188602934114721,0.546702199430599
890.799988,0.7569900605200142,0.4050625043003306,-0.09435986270272453,0.12038387479486326,0.4593205133573198,0.04885539540172794,0.5633231927253389,0.5951686231715398
895.799988,0.817161534858321,0.6026093327793927,-0.023199262379455687,0.19899185097398586,0.350935242982058,0.16259905573675515,0.6077860920392057,0.6436350469124807
900.799988,0.817161534858321,0.6026093327793927,-0.023199262379455687,0.19899185097398586,0.350935242982058,0.16259905573675515,0.6077860920392057,0.6436350469124807
905.799988,0.6561938254172723,0.6394753737096852,0.1790239767413267,0.25185974730256405,0.4298483192115512,-0.06314937191289002,0.34173922150607644,0.34957666795009873
910.799988,0.49522611597622374,0.6763414146399779,0.3812472158621091,0.30472764363114224,0.5087613954410444,-0.2888977995625352,0.0756923509729471,0.05551828898771669
915.799988,0.3342584065351749,0.7132074555702703,0.5834704549828914,0.3575955399597205,0.5876744716705374,-0.5146462272121803,-0.1903545195601822,-0.23854008997466533
920.799988,0.02709545952757524,0.5984426351384484,0.703200245170321,0.23723484172794448,0.33078423347629665,-0.5065140634679667,-0.40378483377247704,-0.3979952441368544
925.799988,-0.2800674874800244,0.4836778147066266,0.8229300353577507,0.11687414349616851,0.07389399528205587,-0.4983818997237529,-0.6172151479847718,-0.5574503982990434
930.799988,-0.4262627250465753,0.3320469533445122,0.740436586424398,-0.056354451064185664,-0.261909319141678,-0.26450130832989405,-0.5645985916639373,-0.4228471734988505
935.799988,-0.5724579626131263,0.18041609198239777,0.6579431374910454,-0.22958304562453985,-0.5977126335654118,-0.03062071693603512,-0.5119820353431027,-0.2882439486986575
940.799988,-0.7186532001796773,0.028785230620283375,0.5754496885576927,-0.40281164018489407,-0.9335159479891457,0.20325987445782379,-0.45936547902226826,-0.1536407238984645
945.799988,-0.7186532001796773,0.028785230620283375,0.5754496885576927,-0.40281164018489407,-0.9335159479891457,0.20325987445782379,-0.45936547902226826,-0.1536407238984645
950.799988,-0.7186532001796773,0.028785230620283375,0.5754496885576927,-0.40281164018489407,-0.9335159479891457,0.20325987445782379,-0.45936547902226826,-0.1536407238984645
955.799988,-0.7186532001796773,0.028785230620283375,0.5754496885576927,-0.40281164018489407,-0.9335159479891457,0.20325987445782379,-0.45936547902226826,-0.1536407238984645
960.799988,-0.6846527367742048,0.06963833618742972,0.3498465244914154,-0.15022981014761855,-0.6348292991780026,0.32963259522956856,-0.5352589046579076,-0.026101858282048963
965.799988,-0.6506522733687324,0.11049144175457606,0.12424336042513802,0.10235201988965695,-0.3361426503668595,0.45600531600131333,-0.6111523302935468,0.10143700733436659
970.799988,-0.6166518099632599,0.1513445473217224,-0.10135980364113935,0.35493384992693244,-0.03745600155571634,0.5823780367730581,-0.687045755929186,0.22897587295078212
975.799988,-0.5826513465577874,0.19219765288886875,-0.32696296770741673,0.6075156799642079,0.2612306472554268,0.7087507575448029,-0.7629391815648253,0.3565147385671977
980.799988,-0.5486508831523149,0.23305075845601508,-0.5525661317736941,0.8600975100014834,0.5599172960665699,0.8351234783165478,-0.8388326072004645,0.4840536041836132
985.799988,-0.5486508831523149,0.23305075845601508,-0.5525661317736941,0.8600975100014834,0.5599172960665699,0.8351234783165478,-0.8388326072004645,0.4840536041836132
990.799988,-0.5486508831523149,0.23305075845601508,-0.5525661317736941,0.8600975100014834,0.5599172960665699,0.8351234783165478,-0.8388326072004645,0.4840536041836132
995.799988,-0.5486508831523149,0.23305075845601508,-0.5525661317736941,0.8600975100014834,0.5599172960665699,0.8351234783165478,-0.8388326072004645,0.4840536041836132
1000.799988,-0.4188680123179963,-0.011874093043292566,-0.5582659231934016,0.8509326688717191,0.4705366484774293,0.8422901378275199,-0.7778330398553353,0.40602879436270706
1005.799988,-0.28908514148367764,-0.2567989445426002,-0.5639657146131091,0.8417678277419551,0.3811560008882887,0.8494567973384921,-0.7168334725102059,0.3280039845418009
1010.799988,-0.15930227064935903,-0.5017237960419079,-0.5696655060328167,0.832602986612191,0.29177535329914817,0.8566234568494643,-0.6558339051650766,0.24997917472089473
1015.799988,-0.02951939981504039,-0.7466486475412155,-0.5753652974525242,0.8234381454824268,0.20239470571000756,0.8637901163604363,-0.5948343378199472,0.17195436489998855
1020.799988,0.10026347101927824,-0.9915734990405232,-0.5810650888722317,0.8142733043526625,0.11301405812086696,0.8709567758714085,-0.5338347704748179,0.0939295550790824
1025.900024,0.10026347101927824,-0.9915734990405232,-0.5810650888722317,0.8142733043526625,0.11301405812086696,0.8709567758714085,-0.5338347704748179,0.0939295550790824
1031.0,0.10026347101927824,-0.9915734990405232,-0.5810650888722317,0.8142733043526625,0.11301405812086696,0.8709567758714085,-0.5338347704748179,0.0939295550790824
1036.0,0.10026347101927824,-0.9915734990405232,-0.5810650888722317,0.8142733043526625,0.11301405812086696,0.8709567758714085,-0.5338347704748179,0.0939295550790824
1041.0,0.05194556177376426,-0.9429466971505855,-0.4155777029062099,0.5494711583403771,0.16204156941287756,0.8929464835052388,-0.372985730089659,0.15884654123907013
1046.0,0.00362765252825028,-0.8943198952606478,-0.25009031694018796,0.2846690123280915,0.2110690807048882,0.914936191139069,-0.2121366897045002,0.22376352739905786
1051.0,-0.0446902567172637,-0.8456930933707103,-0.08460293097416609,0.01986686631580592,0.26009659199689883,0.9369258987728992,-0.05128764931934136,0.2886805135590456
1056.0,-0.09300816596277768,-0.7970662914807726,0.08088445499185579,-0.24493527969647966,0.30912410328890944,0.9589156064067295,0.10956139106581748,0.3535974997190333
1061.0,-0.14132607520829166,-0.7484394895908351,0.24637184095787767,-0.5097374257087652,0.35815161458092004,0.9809053140405597,0.2704104314509763,0.41851448587902107
1066.0,-0.14132607520829166,-0.7484394895908351,0.24637184095787767,-0.5097374257087652,0.35815161458092004,0.9809053140405597,0.2704104314509763,0.41851448587902107
1071.0,-0.14132607520829166,-0.7484394895908351,0.24637184095787767,-0.5097374257087652,0.35815161458092004,0.9809053140405597,0.2704104314509763,0.41851448587902107
1076.0,0.05122990533877014,-0.685635243485961,0.1393845357643974,-0.48254748507988143,0.36224740452299303,0.879589108809359,0.26628627462102217,0.3847500889105763
1081.0,0.24378588588583194,-0.6228309973810872,0.03239723057091717,-0.4553575444509976,0.366343194465066,0.7782729035781584,0.262162117791068,0.3509856919421316
1086.0,0.4363418664328938,-0.560026751276213,-0.07459007462256309,-0.4281676038221137,0.37043898440713907,0.6769566983469577,0.25803796096111387,0.3172212949736869
1091.0,0.5464812171425205,-0.4306497413559027,0.020322755953555573,-0.40224890822794945,0.12307452112329638,0.4921207042115888,0.02695407586370422,0.04008683292913027
1096.0,0.6566205678521472,-0.3012727314355924,0.11523558652967422,-0.3763302126337852,-0.1242899421605463,0.30728471007621966,-0.20412980923370544,-0.23704762911542634
1101.0,0.5742039380147121,-0.23469996762015613,0.3171357222992731,-0.37760145766850484,-0.375750195386462,0.2237649211720512,-0.43108953750116097,-0.48041769419153824
1106.0,0.49178730817727717,-0.16812720380471985,0.519035858068872,-0.37887270270322443,-0.6272104486123776,0.14024513226788274,-0.6580492657686164,-0.72378775926765
1111.0,0.4093706783398421,-0.1015544399892836,0.720935993838471,-0.380143947737944,-0.8786707018382934,0.056725343363714265,-0.8850089940360719,-0.9671578243437619
1116.0,0.4093706783398421,-0.1015544399892836,0.720935993838471,-0.380143947737944,-0.8786707018382934,0.056725343363714265,-0.8850089940360719,-0.9671578243437619
1121.0,0.4093706783398421,-0.1015544399892836,0.720935993838471,-0.380143947737944,-0.8786707018382934,0.056725343363714265,-0.8850089940360719,-0.9671578243437619
1126.0,0.4093706783398421,-0.1015544399892836,0.720935993838471,-0.380143947737944,-0.8786707018382934,0.056725343363714265,-0.8850089940360719,-0.9671578243437619
1131.0,0.2294166095188515,0.0565756951195215,0.5542402331305516,-0.19517600043931388,-0.5437447143015974,-0.06493351191936955,-0.5415113820199562,-0.6418354464758318
1136.0,0.049462540697860914,0.2147058302283266,0.3875444724226321,-0.01020805314068376,-0.20881872676490146,-0.18659236720245337,-0.19801377000384024,-0.3165130686079015
1141.0,-0.13049152812312967,0.3728359653371317,0.22084871171471274,0.17475989415794638,0.1261072607717945,-0.3082512224855372,0.14548384201227554,0.008809309260028675
1146.0,-0.3104455969441203,0.5309661004459368,0.054152951006793335,0.3597278414565765,0.4610332483084904,-0.429910077768621,0.4889814540283913,0.3341316871279589
1151.0,-0.4903996657651108,0.6890962355547419,-0.11254280970112607,0.5446957887552066,0.7959592358451864,-0.5515689330517048,0.8324790660445072,0.6594540649958891
1156.0,-0.4903996657651108,0.6890962355547419,-0.11254280970112607,0.5446957887552066,0.7959592358451864,-0.5515689330517048,0.8324790660445072,0.6594540649958891
1161.0,-0.4903996657651108,0.6890962355547419,-0.11254280970112607,0.5446957887552066,0.7959592358451864,-0.5515689330517048,0.8324790660445072,0.6594540649958891
1166.0,-0.4903996657651108,0.6890962355547419,-0.11254280970112607,0.5446957887552066,0.7959592358451864,-0.5515689330517048,0.8324790660445072,0.6594540649958891
1171.0,-0.4903996657651108,0.6890962355547419,-0.11254280970112607,0.5446957887552066,0.7959592358451864,-0.5515689330517048,0.8324790660445072,0.6594540649958891
1176.0,-0.4903996657651108,0.6890962355547419,-0.11254280970112607,0.5446957887552066,0.7959592358451864,-0.5515689330517048,0.8324790660445072,0.6594540649958891
1181.0,-0.4894285217861295,0.46918902713128074,0.0018469758034528993,0.3955078903237656,0.5216972530821022,-0.2853954021971112,0.6942282173485091,0.33891577311882753
1186.0,-0.48845737780714826,0.24928181870781962,0.11623676130803187,0.2463199918923246,0.24743527031901805,-0.019221871342517537,0.5559773686525112,0.01837748124176595
1191.0,-0.48748623382816686,0.02937461028435857,0.23062654681261083,0.09713209346088356,-0.026826712444066113,0.24695165951207612,0.41772651995651316,-0.30216081063529565
1196.0,-0.5694992614873282,-0.05580081126924004,0.394522570275603,-0.19187187901429867,-0.21803109010913171,0.5163894104553292,0.32355431365514925,-0.6192758702532666
1201.0,-0.6515122891464895,-0.14097623282283864,0.5584185937385951,-0.48087585148948087,-0.4092354677741973,0.7858271613985821,0.22938210735378534,-0.9363909298712374
1206.099976,-0.734496460784632,-0.006244445952976152,0.6079248316970084,-0.6206919255332222,-0.32617786267617876,0.7890913814872416,0.27346074974841944,-0.9329676976121466
1211.099976,-0.8174806324227747,0.12848734091688635,0.6574310696554215,-0.7605079995769634,-0.2431202575781602,0.7923556015759009,0.3175393921430535,-0.9295444653530559
1216.099976,-0.9004648040609172,0.26321912778674883,0.7069373076138348,-0.9003240736207045,-0.16006265248014162,0.7956198216645602,0.3616180345376876,-0.9261212330939653
1221.099976,-0.9004648040609172,0.26321912778674883,0.7069373076138348,-0.9003240736207045,-0.16006265248014162,0.7956198216645602,0.3616180345376876,-0.9261212330939653
1226.099976,-0.9004648040609172,0.26321912778674883,0.7069373076138348,-0.9003240736207045,-0.16006265248014162,0.7956198216645602,0.3616180345376876,-0.9261212330939653
1231.099976,-0.9004648040609172,0.26321912778674883,0.7069373076138348,-0.9003240736207045,-0.16006265248014162,0.7956198216645602,0.3616180345376876,-0.9261212330939653
1236.099976,-0.8871411300556028,0.25515610876282113,0.4096930214296156,-0.7339513100899376,0.046443398112347545,0.623047992643842,0.2942695379928403,-0.5823135645924232
1241.099976,-0.8738174560502884,0.24709308973889343,0.11244873524539659,-0.5675785465591707,0.2529494487048367,0.45047616362312376,0.22692104144799302,-0.2385058960908812
1246.099976,-0.8604937820449738,0.23903007071496574,-0.18479555093882252,-0.40120578302840393,0.4594554992973259,0.27790433460240554,0.1595725449031457,0.10530177241066081
1251.099976,-0.8471701080396592,0.23096705169103804,-0.4820398371230416,-0.234833019497637,0.665961549889815,0.1053325055816873,0.09222404835829842,0.44910944091220284
1256.099976,-0.8338464340343448,0.22290403266711034,-0.7792841233072607,-0.06846025596687011,0.8724676004823042,-0.06723932343903094,0.024875551813451136,0.7929171094137448
1261.099976,-0.8318973967542963,0.21426622099721754,-0.4645984929448323,-0.10693126095710714,0.6960289628479336,-0.1413124755504976,-0.0006956292727043234,0.7063376972059998
1266.099976,-0.8299483594742476,0.2056284093273247,-0.14991286258240386,-0.14540226594734418,0.519590325213563,-0.21538562766196429,-0.026266810358859784,0.6197582849982549
1271.099976,-0.8279993221941989,0.1969905976574319,0.1647727677800245,-0.1838732709375812,0.3431516875791923,-0.289458779773431,-0.05183799144501524,0.5331788727905099
1276.099976,-0.5716934285225583,0.18399486732605608,0.42189692348252505,-0.21269604091072858,0.3334815146907428,-0.17917731716112076,-0.008455869988502718,0.4695017641321747
1281.099976,-0.31538753485091775,0.17099913699468025,0.6790210791850256,-0.24151881088387595,0.3238113418022933,-0.06889585454881053,0.0349262514680098,0.40582465547383945
1286.099976,-0.06103067845932566,0.16664121833319726,0.6214596045250979,-0.23187057586678628,0.4905798065482145,0.11545876017496637,0.10387955401067779,0.42872695902324914
1291.099976,0.19332617793226642,0.16228329967171423,0.56389812986517,-0.2222223408496966,0.6573482712941356,0.29981337489874327,0.17283285655334577,0.4516292625726589
1296.099976,0.4476830343238585,0.15792538101023124,0.5063366552052422,-0.21257410583260694,0.8241167360400568,0.48416798962252017,0.24178615909601375,0.4745315661220686
1301.099976,0.4476830343238585,0.15792538101023124,0.5063366552052422,-0.21257410583260694,0.8241167360400568,0.48416798962252017,0.24178615909601375,0.4745315661220686
1306.099976,0.4476830343238585,0.15792538101023124,0.5063366552052422,-0.21257410583260694,0.8241167360400568,0.48416798962252017,0.24178615909601375,0.4745315661220686
1311.099976,0.4476830343238585,0.15792538101023124,0.5063366552052422,-0.21257410583260694,0.8241167360400568,0.48416798962252017,0.24178615909601375,0.4745315661220686
1316.099976,0.4476830343238585,0.15792538101023124,0.5063366552052422,-0.21257410583260694,0.8241167360400568,0.48416798962252017,0.24178615909601375,0.4745315661220686
1321.099976,0.2027523621945241,0.1425800104911375,0.35649197175093994,0.021661160980158245,0.5195199282969348,0.5789499365289574,0.0731184224523445,0.2887859889279731
1326.099976,-0.04217830993481027,0.12723463997204373,0.20664728829663775,0.25589642779292343,0.2149231205538129,0.6737318834353946,-0.09554931419132476,0.1030404117338776
1331.099976,-0.28710898206414465,0.11188926945295,0.05680260484233553,0.49013169460568856,-0.08967368718930908,0.7685138303418318,-0.264217050834994,-0.08270516546021792
1336.099976,-0.532039654193479,0.09654389893385625,-0.0930420786119667,0.7243669614184538,-0.39427049493243105,0.863295777248269,-0.4328847874786632,-0.2684507426543134
1341.099976,-0.7769703263228134,0.0811985284147625,-0.2428867620662689,0.958602228231219,-0.698867302675553,0.9580777241547063,-0.6015525241223325,-0.45419631984840886
1346.099976,-0.5047948185489506,0.15742199146536326,-0.11827226578643497,0.6002201470201982,-0.7539300421421933,0.6679977068381493,-0.4692529156337743,-0.46762834850383206
1351.099976,-0.23261931077508766,0.23364545451596402,0.00634223049339897,0.24183806580917744,-0.8089927816088336,0.3779176895215924,-0.3369533071452162,-0.4810603771592552
1356.099976,0.03955619699877513,0.3098689175665648,0.13095672677323292,-0.11654401540184334,-0.8640555210754739,0.08783767220503536,-0.20465369865665806,-0.49449240581467835
1361.099976,0.31173170477263795,0.38609238061716555,0.25557122305306684,-0.47492609661286417,-0.9191182605421142,-0.20224234511152162,-0.0723540901680999,-0.5079244344701015
1366.099976,0.5839072125465008,0.4623158436677663,0.3801857193329008,-0.8333081778238849,-0.9741810000087545,-0.49232236242807853,0.059945518320458246,-0.5213564631255247
1371.099976,0.5839072125465008,0.4623158436677663,0.3801857193329008,-0.8333081778238849,-0.9741810000087545,-0.49232236242807853,0.059945518320458246,-0.5213564631255247
1376.099976,0.6218124027704638,0.4928670870313646,0.12498268420860911,-0.5813208799984302,-0.872364364079381,-0.214286283464551,-0.1179383853531852,-0.5184437318807906
1381.099976,0.6597175929944268,0.5234183303949629,-0.13022035091568257,-0.3293335821729755,-0.7705477281500075,0.06374979549897657,-0.2958222890268286,-0.5155310006360565
1386.099976,0.6976227832183897,0.5539695737585613,-0.3854233860399742,-0.07734628434752078,-0.668731092220634,0.34178587446250414,-0.4737061927004721,-0.5126182693913224
1391.099976,0.7355279734423528,0.5845208171221595,-0.6406264211642659,0.17464101347793393,-0.5669144562912605,0.6198219534260316,-0.6515900963741156,-0.5097055381465883
1396.099976,0.7734331636663156,0.6150720604857578,-0.8958294562885577,0.4266283113033886,-0.46509782036188696,0.8978580323895592,-0.8294740000477588,-0.5067928069018541
1401.099976,0.7734331636663156,0.6150720604857578,-0.8958294562885577,0.4266283113033886,-0.46509782036188696,0.8978580323895592,-0.8294740000477588,-0.5067928069018541
1406.099976,0.6040432811464559,0.6597692459593294,-0.7984201997695068,0.49042292439706153,-0.49554171840814154,0.8812281038576458,-0.8359230473927024,-0.3377996300969838
1411.099976,0.434653398626596,0.704466431432901,-0.7010109432504562,0.5542175374907344,-0.5259856164543961,0.864598175325732,-0.842372094737646,-0.16880645329211355
1416.099976,0.2652635161067363,0.7491636169064725,-0.6036016867314054,0.6180121505844074,-0.5564295145006509,0.8479682467938187,-0.8488211420825893,0.00018672351275674792
1421.099976,0.09587363358687653,0.7938608023800441,-0.5061924302123547,0.6818067636780804,-0.5868734125469055,0.8313383182619049,-0.8552701894275326,0.16917990031762703
1426.099976,-0.07351624893298325,0.8385579878536158,-0.408783173693304,0.7456013767717533,-0.6173173105931602,0.8147083897299915,-0.8617192367724762,0.33817307712249733
1431.099976,-0.07351624893298325,0.8385579878536158,-0.408783173693304,0.7456013767717533,-0.6173173105931602,0.8147083897299915,-0.8617192367724762,0.33817307712249733
1436.099976,-0.07351624893298325,0.8385579878536158,-0.408783173693304,0.7456013767717533,-0.6173173105931602,0.8147083897299915,-0.8617192367724762,0.33817307712249733
1441.099976,-0.07351624893298325,0.8385579878536158,-0.408783173693304,0.7456013767717533,-0.6173173105931602,0.8147083897299915,-0.8617192367724762,0.33817307712249733
1446.099976,-0.07351624893298325,0.8385579878536158,-0.408783173693304,0.7456013767717533,-0.6173173105931602,0.8147083897299915,-0.8617192367724762,0.33817307712249733
1451.099976,-0.07351624893298325,0.8385579878536158,-0.408783173693304,0.7456013767717533,-0.6173173105931602,0.8147083897299915,-0.8617192367724762,0.33817307712249733
1456.099976,0.04159012527109631,0.5102445722261297,-0.36845312672297503,0.549124205372215,-0.5912665340863065,0.6210334963819581,-0.6888758749162986,0.4584529442275258
1461.099976,0.1566964994751759,0.18193115659864373,-0.32812307975264604,0.35264703397267655,-0.5652157575794527,0.4273586030339251,-0.516032513060121,0.5787328113325543
1466.099976,0.27180287367925543,-0.1463822590288424,-0.287793032782317,0.1561698625731381,-0.539164981072599,0.23368370968589197,-0.34318915120394344,0.6990126784375829
1471.099976,0.38690924788333503,-0.4746956746563285,-0.24746298581198797,-0.04030730882640028,-0.5131142045657453,0.04000881633785882,-0.17034578934776584,0.8192925455426113
1476.099976,0.5020156220874146,-0.8030090902838145,-0.20713293884165895,-0.23678448022593868,-0.48706342805889163,-0.15366607701017432,0.0024975725084117606,0.9395724126476399
1481.099976,0.5020156220874146,-0.8030090902838145,-0.20713293884165895,-0.23678448022593868,-0.48706342805889163,-0.15366607701017432,0.0024975725084117606,0.9395724126476399
1486.099976,0.5020156220874146,-0.8030090902838145,-0.20713293884165895,-0.23678448022593868,-0.48706342805889163,-0.15366607701017432,0.0024975725084117606,0.9395724126476399
1491.099976,0.5020156220874146,-0.8030090902838145,-0.20713293884165895,-0.23678448022593868,-0.48706342805889163,-0.15366607701017432,0.0024975725084117606,0.9395724126476399
1496.099976,0.5020156220874146,-0.8030090902838145,-0.20713293884165895,-0.23678448022593868,-0.48706342805889163,-0.15366607701017432,0.0024975725084117606,0.9395724126476399
1501.099976,0.2497079959908816,-0.4494517876151768,-0.35896452865846556,-0.15410541153245644,-0.19104317238694338,0.06435984726114122,-0.07231205419708578,0.9507840507894286
1506.099976,-0.0025996301056514072,-0.09589448494653903,-0.5107961184752721,-0.07142634283897423,0.10497708328500495,0.28238577153245675,-0.14712168090258332,0.9619956889312176
1511.099976,-0.2549072562021844,0.2576628177220987,-0.6626277082920787,0.011252725854508006,0.4009973389569533,0.5004116958037723,-0.22193130760808083,0.9732073270730064
1516.099976,-0.5072148822987174,0.6112201203907365,-0.8144592981088854,0.09393179454799024,0.6970175946289016,0.7184376200750877,-0.2967409343135784,0.9844189652147952
1521.099976,-0.7595225083952504,0.9647774230593742,-0.966290887925692,0.17661086324147246,0.9930378503008498,0.9364635443464033,-0.3715505610190759,0.9956306033565842
1526.099976,-0.7595225083952504,0.9647774230593742,-0.966290887925692,0.17661086324147246,0.9930378503008498,0.9364635443464033,-0.3715505610190759,0.9956306033565842
1531.099976,-0.7595225083952504,0.9647774230593742,-0.966290887925692,0.17661086324147246,0.9930378503008498,0.9364635443464033,-0.3715505610190759,0.9956306033565842
1536.099976,-0.7595225083952504,0.9647774230593742,-0.966290887925692,0.17661086324147246,0.9930378503008498,0.9364635443464033,-0.3715505610190759,0.9956306033565842
1541.099976,-0.7595225083952504,0.9647774230593742,-0.966290887925692,0.17661086324147246,0.9930378503008498,0.9364635443464033,-0.3715505610190759,0.9956306033565842
1546.099976,-0.7595225083952504,0.9647774230593742,-0.966290887925692,0.17661086324147246,0.9930378503008498,0.9364635443464033,-0.3715505610190759,0.9956306033565842
1551.099976,-0.5893149581063296,0.69034177364462,-0.8809559709265699,0.026706739764512922,0.8359297814477467,0.6747687374528235,-0.39101862300235124,0.8912840581550021
1556.099976,-0.4191074078174089,0.4159061242298659,-0.7956210539274478,-0.12319738371244662,0.6788217125946435,0.4130739305592437,-0.41048668498562646,0.7869375129534204
1561.099976,-0.24889985752848814,0.14147047481511166,-0.7102861369283258,-0.2731015071894062,0.5217136437415402,0.15137912366566372,-0.4299547469689019,0.6825909677518384
1566.099976,-0.07869230723956741,-0.13296517459964252,-0.6249512199292037,-0.42300563066636576,0.3646055748884371,-0.11031568322791614,-0.4494228089521771,0.5782444225502565
1571.099976,0.09151524304935332,-0.4074008240143967,-0.5396163029300816,-0.5729097541433252,0.2074975060353339,-0.372010490121496,-0.4688908709354525,0.4738978773486748
1576.099976,0.09151524304935332,-0.4074008240143967,-0.5396163029300816,-0.5729097541433252,0.2074975060353339,-0.372010490121496,-0.4688908709354525,0.4738978773486748
1581.099976,0.19070453468748672,-0.2870740121494808,-0.4179777888254013,-0.5722895177786717,0.33639585764604774,-0.15907674040646066,-0.4494878978401135,0.23230703369117217
1586.099976,0.2898938263256201,-0.1667472002845649,-0.2963392747207211,-0.571669281414018,0.4652942092567615,0.05385700930857466,-0.43008492474477455,-0.009283809966330514
1591.099976,0.3890831179637535,-0.04642038841964902,-0.1747007606160408,-0.5710490450493643,0.5941925608674754,0.26679075902361,-0.41068195164943566,-0.2508746536238332
1596.099976,0.4882724096018869,0.07390642344526688,-0.05306224651136056,-0.5704288086847107,0.7230909124781892,0.47972450873864536,-0.3912789785540967,-0.49246549728133593
1601.099976,0.5874617012400203,0.19423323531018277,0.0685762675933197,-0.569808572320057,0.8519892640889031,0.6926582584536807,-0.37187600545875776,-0.7340563409388385
1606.099976,0.5874617012400203,0.19423323531018277,0.0685762675933197,-0.569808572320057,0.8519892640889031,0.6926582584536807,-0.37187600545875776,-0.7340563409388385
1611.099976,0.5874617012400203,0.19423323531018277,0.0685762675933197,-0.569808572320057,0.8519892640889031,0.6926582584536807,-0.37187600545875776,-0.7340563409388385
1616.099976,0.5874617012400203,0.19423323531018277,0.0685762675933197,-0.569808572320057,0.8519892640889031,0.6926582584536807,-0.37187600545875776,-0.7340563409388385
1621.099976,0.5874617012400203,0.19423323531018277,0.0685762675933197,-0.569808572320057,0.8519892640889031,0.6926582584536807,-0.37187600545875776,-0.7340563409388385
1626.099976,0.5874617012400203,0.19423323531018277,0.0685762675933197,-0.569808572320057,0.8519892640889031,0.6926582584536807,-0.37187600545875776,-0.7340563409388385
1631.099976,0.5894204937802927,0.11714721150509906,0.24725118078932753,-0.40140404928254403,0.6804406386672304,0.43546753550005757,-0.4292122980138936,-0.4591104917301287
1636.099976,0.5913792863205651,0.04006118770001534,0.4259260939853354,-0.23299952624503112,0.5088920132455576,0.17827681254643454,-0.4865485905690295,-0.18416464252141881
1641.099976,0.5933380788608377,-0.03702483610506837,0.6046010071813432,-0.06459500320751817,0.3373433878238847,-0.07891391040718858,-0.5438848831241654,0.09078120668729098
1646.099976,0.5847308669107719,-0.13697374148238714,0.47246400219250084,-0.07801538170791326,0.3078125599941778,-0.1387293011117759,-0.34543938434761146,0.2285499538566793
1651.099976,0.5761236549607062,-0.23692264685970593,0.3403269972036586,-0.09143576020830838,0.27828173216447094,-0.1985446918163632,-0.1469938855710576,0.3663187010260677
1656.099976,0.565557650470368,-0.25978552843194097,0.029515079018808434,-0.27326066174621644,0.4202995297564368,-0.0011693595673273993,0.1087879057606321,0.22914159898674616
1661.099976,0.43726036233968146,-0.08113550795986324,-0.06753661463600205,-0.42721144013690876,0.34305030051036456,0.19735065961542872,0.41652733453233015,-0.0799878526435815
1666.099976,0.30896307420899494,0.0975145125122145,-0.16458830829081253,-0.5811622185276011,0.26580107126429214,0.3958706787981848,0.7242667633040283,-0.38911730427390917
1671.099976,0.19123179056864661,0.2990274145565273,0.04917191623922714,-0.5532880953803853,0.046534044426253904,0.3970153657319052,0.7762244007440365,-0.5610696538649153
1676.099976,0.0735005069282983,0.5005403166008401,0.2629321407692668,-0.5254139722331694,-0.17273298241178434,0.39816005266562554,0.8281820381840449,-0.7330220034559215
1681.099976,0.028935866380324794,0.5892498889835943,0.3507249942326741,-0.254441523255691,-0.2880803143409926,0.3424537730895935,0.627576131912037,-0.7553449333069102
1686.099976,0.10210250947269958,0.4764465593220358,0.2247576231660418,-0.011343197425428376,-0.1841606194321627,0.28560280657984116,0.3750125882000209,-0.6057155135668927
1691.099976,0.1752691525650744,0.36364322966047735,0.09879025209940946,0.2317551284048343,-0.08024092452333273,0.22875184007008884,0.12244904448800491,-0.4560860938268753
1696.099976,0.19852059780746142,0.35826558375901324,-0.06899279309440072,0.3696998732533157,-0.1911232939159261,0.08397139474365893,-0.2442548822305009,-0.39035910617047487
1701.099976,0.2217720430498485,0.3528879378575491,-0.2367758382882109,0.5076446181017971,-0.30200566330851947,-0.060809050582770974,-0.6109588089490068,-0.3246321185140744
1706.099976,0.17185684519986072,0.4603136216176436,-0.2785915124153887,0.4024910371200159,-0.5168077276099428,-0.14873852939944854,-0.7250991919554964,-0.4085345505976914
1711.099976,0.12194164734987298,0.567739305377738,-0.32040718654256656,0.2973374561382346,-0.7316097919113662,-0.2366680082161261,-0.8392395749619862,-0.49243698268130826
1716.099976,0.07202644949988524,0.6751649891378324,-0.3622228606697444,0.1921838751564533,-0.9464118562127893,-0.32459748703280367,-0.9533799579684759,-0.5763394147649252
1721.099976,-0.12801115589879902,0.4664319960227939,-0.34850678758051834,0.1488079229239295,-0.7837844066246025,-0.09360726330851236,-0.7788470381237806,-0.6071474359816499
1726.099976,-0.3280487612974833,0.2576990029077554,-0.3347907144912923,0.10543197069140571,-0.6211569570364156,0.13738296041577894,-0.6043141182790854,-0.6379554571983747
1731.099976,-0.5280863666961675,0.048966009792716966,-0.3210746414020662,0.06205601845888191,-0.4585295074482286,0.36837318414007025,-0.42978119843439033,-0.6687634784150992
1736.099976,-0.7281239720948518,-0.1597669833223215,-0.30735856831284014,0.018680066226358115,-0.2959020578600417,0.5993634078643616,-0.2552482785896952,-0.6995714996318239
1741.099976,-0.9281615774935361,-0.36849997643736,-0.2936424952236141,-0.02469588600616568,-0.13327460827185478,0.8303536315886528,-0.08071535874500002,-0.7303795208485486
1746.099976,-0.9281615774935361,-0.36849997643736,-0.2936424952236141,-0.02469588600616568,-0.13327460827185478,0.8303536315886528,-0.08071535874500002,-0.7303795208485486
1751.099976,-0.9281615774935361,-0.36849997643736,-0.2936424952236141,-0.02469588600616568,-0.13327460827185478,0.8303536315886528,-0.08071535874500002,-0.7303795208485486
1756.099976,-0.9293782697420756,-0.31741365514234504,-0.35930173623874884,0.09446801069049013,0.05980579506643639,0.8467311465971307,-0.051729788498188566,-0.44939641749267983
1761.099976,-0.9305949619906153,-0.2663273338473301,-0.4249609772538836,0.21363190738714594,0.2528861984047276,0.8631086616056083,-0.022744218251377114,-0.1684133141368111
1766.099976,-0.9318116542391548,-0.21524101255231512,-0.49062021826901836,0.33279580408380177,0.4459666017430187,0.879486176614086,0.006241351995434341,0.11256978921905772
1771.099976,-0.7208237999875587,0.05050193902687057,-0.45069549284580257,0.18291092668428802,0.3366286090032961,0.7648109513611935,0.1237722737041171,0.3352374513972528
1776.099976,-0.5098359457359628,0.31624489060605626,-0.41077076742258695,0.03302604928477426,0.2272906162635735,0.6501357261083008,0.24130319541279985,0.5579051135754478
1781.099976,-0.29763139923582715,0.530901520890227,-0.30518680098423645,-0.2360227248113953,-0.0751277798144403,0.5190829858469304,0.32984854687467113,0.4995896723977742
1786.099976,-0.3077013878824301,0.4627267798095273,-0.15417388859012596,-0.23094879620091593,-0.07049424755640961,0.2908830500631351,0.39759413569926927,0.3103322814548887
1791.099976,-0.3177713765290331,0.3945520387288276,-0.0031609761960154524,-0.2258748675904366,-0.06586071529837892,0.06268311427933963,0.4653397245238674,0.12107489051200333
1796.099976,-0.5400459116757717,0.11172066736395729,0.0422679697597446,0.048247835116212376,0.24119121303766558,-0.03446408124308546,0.44453996188659417,-0.009867059253208365
1801.099976,-0.7623204468225102,-0.17111070400091308,0.08769691571550467,0.3223705378228613,0.5482431413737101,-0.13161127676551057,0.42374019924932094,-0.14080900901842006
1806.099976,-0.9845949819692488,-0.45394207536578346,0.13312586167126472,0.5964932405295102,0.8552950697097546,-0.22875847228793567,0.40294043661204776,-0.27175095878363176
1811.099976,-0.9845949819692488,-0.45394207536578346,0.13312586167126472,0.5964932405295102,0.8552950697097546,-0.22875847228793567,0.40294043661204776,-0.27175095878363176
1816.099976,-0.9845949819692488,-0.45394207536578346,0.13312586167126472,0.5964932405295102,0.8552950697097546,-0.22875847228793567,0.40294043661204776,-0.27175095878363176
1821.099976,-0.8960253902029715,-0.4257759687071913,-0.08900160935201802,0.5541835531949623,0.5805854291113517,-0.11396932524707534,0.1782436016235934,-0.27767301841117625
1826.099976,-0.8074557984366942,-0.39760986204859916,-0.31112908037530074,0.5118738658604143,0.305875788512949,0.0008198217937849695,-0.04645323336486089,-0.28359507803872075
1831.099976,-0.7188862066704169,-0.36944375539000707,-0.5332565513985835,0.4695641785258662,0.03116614791454624,0.11560896883464529,-0.2711500683533152,-0.2895171376662652
1836.099976,-0.3922208473540141,-0.4099693346834371,-0.4844093392117935,0.2158841053900345,-0.30957161589984,0.03459961536010696,-0.17622694278238032,-0.03533096738647266
1841.099976,-0.06555548803761138,-0.4504949139768673,-0.4355621270250035,-0.03779596774579726,-0.6503093797142263,-0.046409738114431366,-0.08130381721144549,0.2188552028933199
1846.099976,0.17254027951251408,-0.5191865999288895,-0.16458744381493076,-0.249166353547081,-0.7163375029302097,-0.24220823862983,0.23831614334794365,0.4789634328006569
1851.099976,0.4106360470626395,-0.587878285880912,0.10638723939514198,-0.4605367393483647,-0.7823656261461931,-0.4380067391452286,0.5579361039073328,0.739071662707994
1856.099976,0.648731814612765,-0.6565699718329341,0.37736192260521473,-0.6719071251496485,-0.8483937493621767,-0.6338052396606273,0.877556064466722,0.999179892615331
1861.099976,0.648731814612765,-0.6565699718329341,0.37736192260521473,-0.6719071251496485,-0.8483937493621767,-0.6338052396606273,0.877556064466722,0.999179892615331
1866.099976,0.6308500471495581,-0.46169982120656633,0.3430385281715206,-0.4932110522535728,-0.6167852820106277,-0.5888846992969119,0.7025900133605262,0.9252670017697099
1871.099976,0.6129682796863511,-0.2668296705801987,0.3087151337378264,-0.3145149793574971,-0.38517681465907855,-0.5439641589331966,0.5276239622543304,0.851354110924089
1876.099976,0.5950865122231441,-0.07195951995383099,0.27439173930413224,-0.13581890646142142,-0.1535683473075294,-0.4990436185694812,0.35265791114813483,0.7774412200784679
1881.099976,0.5772047447599373,0.12291063067253671,0.24006834487043807,0.042877166434654244,0.07804012004401968,-0.4541230782057658,0.1776918600419391,0.7035283292328469
1886.099976,0.5593229772967303,0.3177807812989044,0.2057449504367439,0.22157323933072992,0.3096485873955688,-0.4092025378420505,0.002725808935743368,0.6296154383872259
1891.099976,0.5593229772967303,0.3177807812989044,0.2057449504367439,0.22157323933072992,0.3096485873955688,-0.4092025378420505,0.002725808935743368,0.6296154383872259
1896.099976,0.5593229772967303,0.3177807812989044,0.2057449504367439,0.22157323933072992,0.3096485873955688,-0.4092025378420505,0.002725808935743368,0.6296154383872259
1901.099976,0.5593229772967303,0.3177807812989044,0.2057449504367439,0.22157323933072992,0.3096485873955688,-0.4092025378420505,0.002725808935743368,0.6296154383872259
1906.099976,0.5593229772967303,0.3177807812989044,0.2057449504367439,0.22157323933072992,0.3096485873955688,-0.4092025378420505,0.002725808935743368,0.6296154383872259
1911.099976,0.5593229772967303,0.3177807812989044,0.2057449504367439,0.22157323933072992,0.3096485873955688,-0.4092025378420505,0.002725808935743368,0.6296154383872259
1916.099976,0.3897009891641996,0.09498280864815101,0.245576995420021,0.11497009742935416,0.20170644275446623,-0.1861179125326479,0.062483998251047536,0.37993608288918335
1921.099976,0.22007900103166889,-0.1278151640026024,0.2854090404032981,0.008366955527978392,0.09376429811336369,0.03696671277675474,0.1222421875663517,0.1302567273911408
1926.099976,0.050457012899138176,-0.3506131366533558,0.3252410853865752,-0.09823618637339737,-0.014177846527738857,0.2600513380861574,0.18200037688165588,-0.11942262810690174
1931.099976,-0.007113688211204927,-0.4405316698026557,0.2165333981298898,-0.30550374159128746,-0.02714331073524625,0.25973390702839577,0.3290782431698178,-0.30232281274119166
1936.099976,-0.06468438932154803,-0.5304502029519556,0.1078257108732044,-0.5127712968091774,-0.040108774942753646,0.25941647597063416,0.47615610945797976,-0.48522299737548147
1941.099976,0.04736689770063958,-0.39757076345050196,-0.0407140213667581,-0.6134357101256918,0.05486790549084151,0.03601441960346992,0.5634757864308375,-0.418443826511729
1946.099976,0.2534802501495268,-0.19084675830934886,-0.2110000591225222,-0.3994641573159484,0.0014487171250033182,-0.09544903475404434,0.3966567206124741,-0.15330504330542816
1951.099976,0.45959360259841403,0.015877246831804248,-0.3812860968782863,-0.18549260450620492,-0.05197047124083487,-0.2269124891115586,0.2298376547941106,0.11183373990087264
1956.099976,0.5536556680251137,0.08972181247150379,-0.4030324023940879,0.12914336162005285,-0.2003663400402682,-0.1349738871019086,-0.02430108799711066,0.3101933522434208
1961.099976,0.6477177334518133,0.16356637811120334,-0.42477870790988953,0.44377932774631057,-0.34876220883970155,-0.043035285092258624,-0.2784398307883319,0.508552964585969
1966.099976,0.6419044730515944,-0.009851269300515409,-0.45896323358370095,0.6896860712814821,-0.4042172679531175,0.014092813086730872,-0.4251065184928978,0.7057446812618489
1971.099976,0.542029147224676,-0.2571134823519337,-0.4714014537417108,0.6209568486903958,-0.31127645826710026,-0.020717690743929616,-0.3176344634062425,0.7045767855951806
1976.099976,0.44215382139775733,-0.504375695403352,-0.4838396738997206,0.5522276260993098,-0.21833564858108293,-0.05552819457459011,-0.21016240831958716,0.7034088899285124
1981.099976,0.3422784955708389,-0.7516379084547703,-0.4962778940577305,0.48349840350822343,-0.12539483889506559,-0.09033869840525059,-0.10269035323293182,0.7022409942618439
1986.099976,0.2424031697439204,-0.9989001215061887,-0.5087161142157404,0.41476918091713716,-0.032454029209048274,-0.12514920223591108,0.004781701853723508,0.7010730985951759
1991.099976,0.2424031697439204,-0.9989001215061887,-0.5087161142157404,0.41476918091713716,-0.032454029209048274,-0.12514920223591108,0.004781701853723508,0.7010730985951759
1996.099976,0.2424031697439204,-0.9989001215061887,-0.5087161142157404,0.41476918091713716,-0.032454029209048274,-0.12514920223591108,0.004781701853723508,0.7010730985951759
2001.099976,0.2424031697439204,-0.9989001215061887,-0.5087161142157404,0.41476918091713716,-0.032454029209048274,-0.12514920223591108,0.004781701853723508,0.7010730985951759
2006.099976,0.2424031697439204,-0.9989001215061887,-0.5087161142157404,0.41476918091713716,-0.032454029209048274,-0.12514920223591108,0.004781701853723508,0.7010730985951759
2011.099976,0.2424031697439204,-0.9989001215061887,-0.5087161142157404,0.41476918091713716,-0.032454029209048274,-0.12514920223591108,0.004781701853723508,0.7010730985951759
2016.099976,0.16619683283550946,-0.7204512627799833,-0.3800749489437847,0.5030178760902875,0.07185042841957183,-0.17798668676407012,0.19864098212274026,0.6095578529104785
2021.099976,0.08999049592709851,-0.4420024040537781,-0.251433783671829,0.5912665712634377,0.17615488604819193,-0.23082417129222915,0.392500262391757,0.5180426072257811
2026.099976,0.01378415901868757,-0.16355354532757285,-0.12279261839987332,0.679515266436588,0.280459343676812,-0.2836616558203882,0.5863595426607737,0.4265273615410837
2031.099976,-0.062422177889723374,0.11489531339863239,0.005848546872082361,0.7677639616097383,0.38476380130543214,-0.3364991403485472,0.7802188229297905,0.33501211585638646
2036.099976,-0.13862851479813432,0.39334417212483763,0.13448971214403804,0.8560126567828885,0.4890682589340523,-0.3893366248767063,0.9740781031988073,0.24349687017168908
2041.099976,-0.13862851479813432,0.39334417212483763,0.13448971214403804,0.8560126567828885,0.4890682589340523,-0.3893366248767063,0.9740781031988073,0.24349687017168908
2046.099976,-0.13862851479813432,0.39334417212483763,0.13448971214403804,0.8560126567828885,0.4890682589340523,-0.3893366248767063,0.9740781031988073,0.24349687017168908
2051.199951,-0.13862851479813432,0.39334417212483763,0.13448971214403804,0.8560126567828885,0.4890682589340523,-0.3893366248767063,0.9740781031988073,0.24349687017168908
2056.199951,-0.13862851479813432,0.39334417212483763,0.13448971214403804,0.8560126567828885,0.4890682589340523,-0.3893366248767063,0.9740781031988073,0.24349687017168908
2061.199951,-0.15801891828614814,0.20935810199318347,0.29096327726688165,0.7296237474669864,0.5308606658921627,-0.4036422272088035,0.8263771725084604,0.387184171211167
2066.199951,-0.17740932177416197,0.02537203186152932,0.44743684238972536,0.6032348381510844,0.5726530728502734,-0.4179478295409007,0.6786762418181136,0.5308714722506449
2071.199951,-0.19679972526217576,-0.15861403827012482,0.6039104075125689,0.4768459288351822,0.6144454798083838,-0.43225343187299786,0.5309753111277666,0.6745587732901228
2076.199951,-0.2161901287501896,-0.342600108401779,0.7603839726354126,0.35045701951928004,0.6562378867664945,-0.446559034205095,0.3832743804374198,0.8182460743296007
2081.199951,-0.2355805322382034,-0.5265861785334331,0.9168575377582562,0.2240681102033779,0.698030293724605,-0.46086463653719223,0.23557344974707295,0.9619333753690785
2086.199951,-0.2355805322382034,-0.5265861785334331,0.9168575377582562,0.2240681102033779,0.698030293724605,-0.46086463653719223,0.23557344974707295,0.9619333753690785
2091.199951,-0.21691560669882448,-0.26352633945331555,0.6561245320535345,0.11717700008870136,0.7508402318816106,-0.23480972540686493,0.2651228178223314,0.9181323472555463
2096.199951,-0.19825068115944555,-0.00046650037319797557,0.3953915263488129,0.010285889974024798,0.8036501700386163,-0.008754814276537636,0.29467218589758987,0.8743313191420139
2101.199951,-0.17958575562006662,0.2625933387069196,0.13465852064409112,-0.09660522014065176,0.8564601081956219,0.21730009685378965,0.3242215539728483,0.8305302910284815
2106.199951,-0.1609208300806877,0.5256531777870371,-0.12607448506063057,-0.20349633025532832,0.9092700463526274,0.443355007984117,0.3537709220481068,0.7867292629149494
2111.199951,-0.14225590454130876,0.7887130168671548,-0.38680749076535226,-0.3103874403700049,0.9620799845096331,0.6694099191144443,0.3833202901233652,0.742928234801417
2116.199951,-0.14225590454130876,0.7887130168671548,-0.38680749076535226,-0.3103874403700049,0.9620799845096331,0.6694099191144443,0.3833202901233652,0.742928234801417
2121.199951,-0.14225590454130876,0.7887130168671548,-0.38680749076535226,-0.3103874403700049,0.9620799845096331,0.6694099191144443,0.3833202901233652,0.742928234801417
2126.199951,-0.14225590454130876,0.7887130168671548,-0.38680749076535226,-0.3103874403700049,0.9620799845096331,0.6694099191144443,0.3833202901233652,0.742928234801417
2131.199951,-0.14225590454130876,0.7887130168671548,-0.38680749076535226,-0.3103874403700049,0.9620799845096331,0.6694099191144443,0.3833202901233652,0.742928234801417
2136.199951,-0.14225590454130876,0.7887130168671548,-0.38680749076535226,-0.3103874403700049,0.9620799845096331,0.6694099191144443,0.3833202901233652,0.742928234801417
2141.199951,0.021204884360498655,0.4877996400768936,-0.38915430479684004,-0.20927452422418327,0.96569480031715,0.3738342661264646,0.3678429419124991,0.6034252180673263
2146.199951,0.18466567326230607,0.18688626328663238,-0.39150111882832783,-0.10816160807836166,0.9693096161246672,0.07825861313848499,0.352365593701633,0.46392220133323575
2151.199951,0.34812646216411347,-0.11402711350362882,-0.39384793285981556,-0.007048691932540052,0.9729244319321844,-0.21731703984949471,0.3368882454907669,0.32441918459914515
2156.199951,0.5115872510659208,-0.41494049029389,-0.39619474689130335,0.09406422421328156,0.9765392477397012,-0.5128926928374744,0.3214108972799008,0.18491616786505452
2161.199951,0.3706960079955045,-0.5929314692406331,-0.21105602583862107,0.002746742168604488,0.699000212861282,-0.7317005177504624,0.12252884527258008,-0.09021419408855529
2166.199951,0.06634397602328068,-0.470009071397115,-0.02357049075445099,-0.1896836560218942,0.41784636217534565,-0.6549326896754708,-0.06087585852387454,-0.22584153930807446
2171.199951,-0.2380080559489432,-0.3470866735535969,0.1639150443297191,-0.38211405421239286,0.1366925114894093,-0.5781648616004793,-0.24428056232032916,-0.3614688845275936
2176.199951,-0.3690647832027845,-0.31273879665648063,0.3036837680420921,-0.38151489073217865,-0.19334424769745354,-0.42685419959936954,-0.3411453162029153,-0.41866340239894245
2181.199951,-0.5001215104566258,-0.2783909197593644,0.44345249175446505,-0.38091572725196443,-0.5233810068843164,-0.2755435375982597,-0.4380100700855015,-0.47585792027029133
2186.199951,-0.3268262057382433,-0.36696544070576625,0.395735680382668,-0.1878861655812515,-0.5722639153852429,-0.20100070367214157,-0.35147012017163315,-0.39742509292212086
2191.199951,-0.15353090101986072,-0.45553996165216815,0.34801886901087087,0.005143396089461394,-0.6211468238861694,-0.12645786974602338,-0.2649301702577647,-0.31899226557395044
2196.199951,0.019764403698521837,-0.54411448259857,0.3003020576390738,0.1981729577601743,-0.6700297323870958,-0.0519150358199052,-0.1783902203438963,-0.24055943822578008
2201.199951,0.019764403698521837,-0.54411448259857,0.3003020576390738,0.1981729577601743,-0.6700297323870958,-0.0519150358199052,-0.1783902203438963,-0.24055943822578008
2206.199951,0.019764403698521837,-0.54411448259857,0.3003020576390738,0.1981729577601743,-0.6700297323870958,-0.0519150358199052,-0.1783902203438963,-0.24055943822578008
2211.199951,0.019764403698521837,-0.54411448259857,0.3003020576390738,0.1981729577601743,-0.6700297323870958,-0.0519150358199052,-0.1783902203438963,-0.24055943822578008
2216.199951,-0.08518835163042712,-0.5816329412262373,0.19655362255499925,0.2062944991757058,-0.6458345296806154,0.05162873224307596,-0.24785527400566343,-0.0868552164187399
2221.199951,-0.19014110695937608,-0.6191513998539047,0.09280518747092473,0.21441604059123734,-0.6216393269741349,0.15517250030605712,-0.31732032766743057,0.06684900538830027
2226.199951,-0.29509386228832507,-0.656669858481572,-0.01094324761314982,0.22253758200676885,-0.5974441242676545,0.25871626836903827,-0.3867853813291977,0.22055322719534046
2231.199951,-0.400046617617274,-0.6941883171092393,-0.11469168269722436,0.23065912342230038,-0.5732489215611741,0.3622600364320194,-0.45625043499096485,0.3742574490023806
2236.199951,-0.504999372946223,-0.7317067757369067,-0.2184401177812989,0.2387806648378319,-0.5490537188546936,0.4658038044950006,-0.525715488652732,0.5279616708094208
2241.199951,-0.504999372946223,-0.7317067757369067,-0.2184401177812989,0.2387806648378319,-0.5490537188546936,0.4658038044950006,-0.525715488652732,0.5279616708094208
2246.199951,-0.504999372946223,-0.7317067757369067,-0.2184401177812989,0.2387806648378319,-0.5490537188546936,0.4658038044950006,-0.525715488652732,0.5279616708094208
2251.199951,-0.504999372946223,-0.7317067757369067,-0.2184401177812989,0.2387806648378319,-0.5490537188546936,0.4658038044950006,-0.525715488652732,0.5279616708094208
2256.199951,-0.21895034929368698,-0.45139393843215475,-0.24038755672028178,0.18134158712309456,-0.2550220446032208,0.21415898075639136,-0.23716642081446607,0.2351805791454047
2261.199951,0.06709867435884904,-0.17108110112740285,-0.26233499565926466,0.12390250940835723,0.03900962964825196,-0.03748584298221784,0.05138264702379987,-0.057600512518611424
2266.199951,0.35314769801138507,0.10923173617734908,-0.28428243459824754,0.0664634316936199,0.33304130389972475,-0.28913066672082705,0.3399317148620658,-0.35038160418262754
2271.199951,0.639196721663921,0.389544573482101,-0.3062298735372304,0.009024353978882571,0.6270729781511974,-0.5407754904594363,0.6284807827003317,-0.6431626958466437
2276.199951,0.9252457453164571,0.6698574107868529,-0.3281773124762133,-0.04841472373585476,0.9211046524026703,-0.7924203141980455,0.9170298505385975,-0.9359437875106597
2281.199951,0.9252457453164571,0.6698574107868529,-0.3281773124762133,-0.04841472373585476,0.9211046524026703,-0.7924203141980455,0.9170298505385975,-0.9359437875106597
2286.199951,0.9252457453164571,0.6698574107868529,-0.3281773124762133,-0.04841472373585476,0.9211046524026703,-0.7924203141980455,0.9170298505385975,-0.9359437875106597
2291.199951,0.9252457453164571,0.6698574107868529,-0.3281773124762133,-0.04841472373585476,0.9211046524026703,-0.7924203141980455,0.9170298505385975,-0.9359437875106597
2296.199951,0.7310407107730572,0.6804333068422829,-0.42363352902193874,-0.19527810228651651,0.5842348428950614,-0.6275018479451113,0.8388037000587245,-0.6282675675042846
2301.199951,0.5368356762296574,0.6910092028977128,-0.5190897455676643,-0.34214148083717827,0.24736503338745255,-0.4625833816921771,0.7605775495788513,-0.3205913474979094
2306.199951,0.34263064168625756,0.7015850989531429,-0.6145459621133897,-0.4890048593878401,-0.08950477612015631,-0.2976649154392429,0.6823513990989781,-0.012915127491534228
2311.199951,0.14842560714285774,0.7121609950085729,-0.7100021786591152,-0.6358682379385018,-0.42637458562776515,-0.13274644918630868,0.6041252486191049,0.29476109251484095
2316.199951,-0.04577942740054208,0.7227368910640029,-0.8054583952048407,-0.7827316164891636,-0.763244395135374,0.032172017066625536,0.5258990981392317,0.6024373125212161
2321.199951,-0.04577942740054208,0.7227368910640029,-0.8054583952048407,-0.7827316164891636,-0.763244395135374,0.032172017066625536,0.5258990981392317,0.6024373125212161
2326.199951,-0.04577942740054208,0.7227368910640029,-0.8054583952048407,-0.7827316164891636,-0.763244395135374,0.032172017066625536,0.5258990981392317,0.6024373125212161
2331.199951,0.15966961262760085,0.5949379671918289,-0.6221211809647741,-0.473334335181313,-0.6507035433555519,0.009277197670690952,0.5157924747883438,0.3922224241966049
2336.199951,0.3651186526557438,0.46713904331965483,-0.4387839667247075,-0.16393705387346244,-0.5381626915757298,-0.013617621725243634,0.5056858514374559,0.18200753587199375
2341.199951,0.5705676926838867,0.3393401194474809,-0.25544675248464094,0.14546022743438805,-0.4256218397959078,-0.03651244112117822,0.4955792280865678,-0.028207352452617452
2346.199951,0.7760167327120296,0.21154119557530687,-0.07210953824457436,0.4548575087422385,-0.31308098801608564,-0.0594072605171128,0.4854726047356799,-0.23842224077722865
2351.199951,0.9814657727401725,0.08374227170313286,0.11122767599549221,0.7642547900500891,-0.20054013623626354,-0.08230207991304739,0.47536598138479197,-0.4486371291018399
2356.199951,0.9814657727401725,0.08374227170313286,0.11122767599549221,0.7642547900500891,-0.20054013623626354,-0.08230207991304739,0.47536598138479197,-0.4486371291018399
2361.199951,0.9814657727401725,0.08374227170313286,0.11122767599549221,0.7642547900500891,-0.20054013623626354,-0.08230207991304739,0.47536598138479197,-0.4486371291018399
2366.199951,0.6963658031748317,0.05879072739675064,-0.0396303264347472,0.6456889804122392,-0.28620116080038704,-0.006402257885267648,0.2763816756090203,-0.4185068167041792
2371.199951,0.4112658336094908,0.033839183090368416,-0.19048832886498662,0.5271231707743893,-0.3718621853645105,0.0694975641425121,0.07739736983324871,-0.3883765043065186
2376.199951,0.12616586404414973,0.008887638783986195,-0.341346331295226,0.4085573611365394,-0.457523209928634,0.14539738617029183,-0.12158693594252287,-0.358246191908858
2381.199951,-0.12041331917666023,0.13514018212686985,-0.341786035085402,0.3270114579161455,-0.48190169024761387,0.28462329216054527,-0.03131901890698021,-0.22758965084458627
2386.199951,-0.36699250239747017,0.2613927254697535,-0.342225738875578,0.24546555469575154,-0.5062801705665938,0.4238491981507987,0.05894889812856245,-0.09693310978031455
2391.199951,-0.32847171605293923,0.4125968131190193,-0.1918074402355146,0.28248546111320755,-0.4449976263214503,0.4871752821132723,0.3482011209398767,0.0035931188862965424
2396.199951,-0.15571958196722266,0.4139089008620068,0.10939299453367815,0.3171254662464681,-0.2861132983279597,0.36758632649322165,0.4707459047157158,-0.07441514304610561
2401.199951,0.01703255211849388,0.41522098860499435,0.41059342930287085,0.3517654713797286,-0.12722897033446906,0.24799737087317092,0.5932906884915548,-0.15242340497850776
2406.199951,0.15126389985967945,0.2653289886987159,0.5613755654320002,0.34938557009553317,-0.029627186586122,0.06508233129064651,0.42658324945607956,-0.33095789557752103
2411.199951,0.28549524760086503,0.11543698879243754,0.7121577015611295,0.3470056688113377,0.06797459716222506,-0.11783270829187789,0.25987581042060426,-0.5094923861765344
2416.199951,0.4197265953420506,-0.03445501111384086,0.862939837690259,0.34462576752714225,0.16557638091057214,-0.3007477478744023,0.09316837138512901,-0.6880268767755475
2421.199951,0.4197265953420506,-0.03445501111384086,0.862939837690259,0.34462576752714225,0.16557638091057214,-0.3007477478744023,0.09316837138512901,-0.6880268767755475
2426.199951,0.2923300502511631,0.019613788391353505,0.656701494130823,0.09945469098223221,0.06314133841064926,-0.10093946606262753,-0.10818562432308507,-0.3706937227220878
2431.199951,0.16493350516027555,0.07368258789654787,0.4504631505713871,-0.14571638556267782,-0.039293704089273615,0.09886881574914722,-0.30953962003129915,-0.05336056866862808
2436.199951,0.037536960069388045,0.12775138740174224,0.24422480701195118,-0.39088746210758785,-0.14172874658919649,0.298677097560922,-0.5108936157395132,0.26397258538483165
2441.199951,-0.08985958502149946,0.1818201869069366,0.03798646345251529,-0.636058538652498,-0.24416378908911937,0.4984853793726967,-0.7122476114477273,0.5813057394382912
2446.199951,-0.1765072769495224,0.09905646086237781,-0.23868562686500566,-0.7120619532760772,-0.30786894057927616,0.5642887326681094,-0.8489756046723713,0.5253836245578917
2451.199951,-0.1357584237866578,-0.037776064687375356,-0.3091193736230907,-0.5428942913547464,-0.26913904956951,0.43028380415174733,-0.7843496021888011,0.15212835562403243
2456.199951,-0.09500957062379323,-0.17460859023712852,-0.37955312038117583,-0.37372662943341584,-0.23040915855974392,0.29627887563538524,-0.719723599705231,-0.22112691330982695
2461.199951,-0.05426071746092864,-0.31144111578688166,-0.44998686713926084,-0.20455896751208513,-0.1916792675499778,0.16227394711902315,-0.655097597221661,-0.5943821822436863
2466.199951,-0.013511864298064058,-0.44827364133663483,-0.520420613897346,-0.03539130559075443,-0.15294937654021168,0.028269018602661067,-0.590471594738091,-0.9676374511775456
2471.199951,-0.013511864298064058,-0.44827364133663483,-0.520420613897346,-0.03539130559075443,-0.15294937654021168,0.028269018602661067,-0.590471594738091,-0.9676374511775456
2476.199951,-0.013511864298064058,-0.44827364133663483,-0.520420613897346,-0.03539130559075443,-0.15294937654021168,0.028269018602661067,-0.590471594738091,-0.9676374511775456
2481.199951,-0.05411725698228751,-0.5266362037004889,-0.46069826011591053,0.1399537170400406,-0.07972702747046498,0.07402750772650188,-0.662767725421715,-0.9230398140556526
2486.199951,-0.09472264966651096,-0.604998766064343,-0.40097590633447505,0.3152987396708356,-0.006504678400718289,0.1197859968503427,-0.7350638561053392,-0.8784421769337595
2491.199951,-0.13532804235073442,-0.683361328428197,-0.34125355255303963,0.49064376230163054,0.06671767066902841,0.16554448597418353,-0.8073599867889634,-0.8338445398118666
2496.199951,-0.17593343503495787,-0.761723890792051,-0.28153119877160415,0.6659887849324256,0.1399400197387751,0.21130297509802434,-0.8796561174725875,-0.7892469026899734
2501.199951,-0.21653882771918131,-0.8400864531559051,-0.22180884499016873,0.8413338075632206,0.2131623688085218,0.25706146422186515,-0.9519522481562117,-0.7446492655680805
2506.199951,-0.21653882771918131,-0.8400864531559051,-0.22180884499016873,0.8413338075632206,0.2131623688085218,0.25706146422186515,-0.9519522481562117,-0.7446492655680805
2511.199951,-0.21653882771918131,-0.8400864531559051,-0.22180884499016873,0.8413338075632206,0.2131623688085218,0.25706146422186515,-0.9519522481562117,-0.7446492655680805
2516.199951,-0.21653882771918131,-0.8400864531559051,-0.22180884499016873,0.8413338075632206,0.2131623688085218,0.25706146422186515,-0.9519522481562117,-0.7446492655680805
2521.199951,-0.3105055764222637,-0.7313983181936259,-0.20400007015266364,0.4836948464463838,-0.010524256089616778,0.2802858009511004,-0.8967307286145128,-0.6540246200905686
2526.199951,-0.40447232512534603,-0.6227101832313467,-0.18619129531515854,0.12605588532954687,-0.23421088098775536,0.30351013768033563,-0.8415092090728138,-0.5633999746130567
2531.199951,-0.49843907382842845,-0.5140220482690675,-0.16838252047765345,-0.2315830757872901,-0.4578975058858939,0.32673447440957093,-0.7862876895311148,-0.47277532913554465
2536.199951,-0.5924058225315108,-0.4053339133067883,-0.15057374564014836,-0.589222036904127,-0.6815841307840325,0.34995881113880617,-0.7310661699894159,-0.3821506836580327
2541.199951,-0.5125030166840551,-0.33000180582889244,-0.024538191288303767,-0.830000995176535,-0.765312186135451,0.4298438000947514,-0.4305530669620866,-0.15518631290819251
2546.199951,-0.3386334621335171,-0.36335783331327576,0.08368858822603573,-0.713140992332106,-0.625353616588731,0.4865044523214614,-0.1852614834764565,-0.01884658763586433
2551.199951,-0.16476390758297907,-0.39671386079765913,0.19191536774037524,-0.596280989487677,-0.48539504704201075,0.5431651045481714,0.06003010000917377,0.11749313763646385
2556.199951,-0.05805639491088503,-0.2913530859484944,0.2665190073341108,-0.585014134809305,-0.11288596980010719,0.5004848356286125,0.12218450710910926,0.19069169013218307
2561.199951,0.048651117761209006,-0.18599231109932965,0.34112264692784644,-0.5737472801309329,0.25962310744179634,0.4578045667090535,0.18433891420904475,0.2638902426279023
2566.199951,-0.018510924117234984,-0.04727550876578159,0.3074995070072425,-0.6793404282969899,0.49217361513697977,0.3584636455627846,0.0012017378233500243,0.20074906985129334
2571.199951,-0.08567296599567897,0.09144129356776647,0.2738763670866386,-0.7849335764630468,0.724724122832163,0.2591227244165156,-0.1819354385623447,0.1376078970746844
2576.199951,-0.15283500787412296,0.23015809590131453,0.2402532271660347,-0.8905267246291038,0.9572746305273465,0.15978180327024671,-0.36507261494803944,0.07446672429807544
2581.199951,-0.15283500787412296,0.23015809590131453,0.2402532271660347,-0.8905267246291038,0.9572746305273465,0.15978180327024671,-0.36507261494803944,0.07446672429807544
2586.199951,-0.15283500787412296,0.23015809590131453,0.2402532271660347,-0.8905267246291038,0.9572746305273465,0.15978180327024671,-0.36507261494803944,0.07446672429807544
2591.199951,-0.15283500787412296,0.23015809590131453,0.2402532271660347,-0.8905267246291038,0.9572746305273465,0.15978180327024671,-0.36507261494803944,0.07446672429807544
2596.199951,-0.15283500787412296,0.23015809590131453,0.2402532271660347,-0.8905267246291038,0.9572746305273465,0.15978180327024671,-0.36507261494803944,0.07446672429807544
2601.199951,-0.1993978420164307,0.17942295934159155,0.05485120612355625,-0.6599733455591094,0.7654707202710068,0.2199927904048756,-0.2680356801886377,0.06190376259369845
2606.199951,-0.24596067615873846,0.12868782278186858,-0.1305508149189222,-0.4294199664891149,0.5736668100146671,0.2802037775395045,-0.17099874542923596,0.04934080088932147
2611.199951,-0.29252351030104623,0.07795268622214561,-0.31595283596140067,-0.1988665874191205,0.3818628997583275,0.3404147646741334,-0.07396181066983423,0.03677783918494448
2616.199951,-0.33908634444335395,0.027217549662422645,-0.5013548570038792,0.03168679165087394,0.19005898950198782,0.40062575180876225,0.023075124089567512,0.024214877480567498
2621.199951,-0.3856491785856617,-0.023517586897300324,-0.6867568780463575,0.26224017072086836,-0.001744920754351842,0.4608367389433912,0.12011205884896925,0.011651915776190513
2626.199951,-0.3856491785856617,-0.023517586897300324,-0.6867568780463575,0.26224017072086836,-0.001744920754351842,0.4608367389433912,0.12011205884896925,0.011651915776190513
2631.199951,-0.3856491785856617,-0.023517586897300324,-0.6867568780463575,0.26224017072086836,-0.001744920754351842,0.4608367389433912,0.12011205884896925,0.011651915776190513
2636.199951,-0.3856491785856617,-0.023517586897300324,-0.6867568780463575,0.26224017072086836,-0.001744920754351842,0.4608367389433912,0.12011205884896925,0.011651915776190513
2641.199951,-0.3856491785856617,-0.023517586897300324,-0.6867568780463575,0.26224017072086836,-0.001744920754351842,0.4608367389433912,0.12011205884896925,0.011651915776190513
2646.199951,-0.3856491785856617,-0.023517586897300324,-0.6867568780463575,0.26224017072086836,-0.001744920754351842,0.4608367389433912,0.12011205884896925,0.011651915776190513
2651.199951,-0.45769429776163084,-0.13562722109684944,-0.4417920294611176,0.05503140775395092,0.09392049949511456,0.23405328746606688,0.010446070477854886,-0.010840812209063567
2656.199951,-0.5297394169376001,-0.24773685529639855,-0.1968271808758777,-0.15217735521296652,0.18958591974458097,0.007269835988742601,-0.09921991789325948,-0.03333354019431765
2661.199951,-0.6017845361135693,-0.35984648949594766,0.0481376677093623,-0.359386118179884,0.2852513399940474,-0.21951361548858167,-0.20888590626437384,-0.055826268179571724
2666.199951,-0.6738296552895384,-0.47195612369549683,0.29310251629460227,-0.5665948811468013,0.3809167602435138,-0.44629706696590593,-0.3185518946354882,-0.07831899616482581
2671.199951,-0.7458747744655077,-0.5840657578950459,0.5380673648798422,-0.7738036441137188,0.4765821804929802,-0.6730805184432302,-0.4282178830066026,-0.10081172415007988
2676.199951,-0.7458747744655077,-0.5840657578950459,0.5380673648798422,-0.7738036441137188,0.4765821804929802,-0.6730805184432302,-0.4282178830066026,-0.10081172415007988
2681.199951,-0.7458747744655077,-0.5840657578950459,0.5380673648798422,-0.7738036441137188,0.4765821804929802,-0.6730805184432302,-0.4282178830066026,-0.10081172415007988
2686.199951,-0.7458747744655077,-0.5840657578950459,0.5380673648798422,-0.7738036441137188,0.4765821804929802,-0.6730805184432302,-0.4282178830066026,-0.10081172415007988
2691.199951,-0.7458747744655077,-0.5840657578950459,0.5380673648798422,-0.7738036441137188,0.4765821804929802,-0.6730805184432302,-0.4282178830066026,-0.10081172415007988
2696.199951,-0.679088389852781,-0.47493309149249285,0.34737055666605,-0.49692970443511164,0.19555343828619082,-0.4486118098238312,-0.15166985471848154,-0.00267291013492339
2701.199951,-0.6123020052400543,-0.36580042508993976,0.15667374845225773,-0.2200557647565045,-0.08547530392059857,-0.22414310120443215,0.12487817356963946,0.0954659038802331
2706.199951,-0.5455156206273276,-0.2566677586873867,-0.03402305976153448,0.05681817492210266,-0.36650404612738796,0.0003256074149668997,0.40142620185776046,0.1936047178953896
2711.199951,-0.478729236014601,-0.14753509228483366,-0.2247198679753267,0.3336921146007098,-0.6475327883341773,0.22479431603436595,0.6779742301458815,0.2917435319105461
2716.199951,-0.4119428514018743,-0.0384024258822806,-0.4154166761891189,0.610566054279317,-0.9285615305409667,0.449263024653765,0.9545222584340024,0.3898823459257026
2721.199951,-0.4119428514018743,-0.0384024258822806,-0.4154166761891189,0.610566054279317,-0.9285615305409667,0.449263024653765,0.9545222584340024,0.3898823459257026
2726.199951,-0.4119428514018743,-0.0384024258822806,-0.4154166761891189,0.610566054279317,-0.9285615305409667,0.449263024653765,0.9545222584340024,0.3898823459257026
2731.199951,-0.4119428514018743,-0.0384024258822806,-0.4154166761891189,0.610566054279317,-0.9285615305409667,0.449263024653765,0.9545222584340024,0.3898823459257026
2736.199951,-0.4119428514018743,-0.0384024258822806,-0.4154166761891189,0.610566054279317,-0.9285615305409667,0.449263024653765,0.9545222584340024,0.3898823459257026
2741.199951,-0.39553565367728916,-0.03484619565148632,-0.5252592892989877,0.6548400454337686,-0.7726020801503333,0.4905360414452957,0.7266497699064377,0.41798509567176295
2746.199951,-0.37912845595270395,-0.03128996542069205,-0.6351019024088564,0.6991140365882204,-0.6166426297596999,0.5318090582368263,0.498777281378873,0.4460878454178232
2751.199951,-0.36272125822811874,-0.027733735189897767,-0.7449445155187251,0.743388027742672,-0.46068317936906655,0.573082075028357,0.2709047928513083,0.4741905951638836
2756.199951,-0.3463140605035335,-0.02417750495910349,-0.854787128628594,0.7876620188971237,-0.3047237289784332,0.6143550918198878,0.04303230432374354,0.5022933449099438
2761.199951,-0.3299068627789483,-0.020621274728309213,-0.9646297417384627,0.8319360100515754,-0.14876427858779984,0.6556281086114184,-0.1848401842038212,0.5303960946560042
2766.199951,-0.3299068627789483,-0.020621274728309213,-0.9646297417384627,0.8319360100515754,-0.14876427858779984,0.6556281086114184,-0.1848401842038212,0.5303960946560042
2771.199951,-0.3299068627789483,-0.020621274728309213,-0.9646297417384627,0.8319360100515754,-0.14876427858779984,0.6556281086114184,-0.1848401842038212,0.5303960946560042
2776.199951,-0.13107007037475626,-0.0876191747085013,-0.6760078883822975,0.7663261863366121,0.055378757885318874,0.7241347744762283,-0.20979492469162775,0.5753478412813298
2781.199951,0.06776672202943579,-0.15461707468869337,-0.38738603502613256,0.7007163626216488,0.2595217943584376,0.7926414403410382,-0.2347496651794343,0.6202995879066553
2786.199951,0.26660351443362784,-0.22161497466888544,-0.0987641816699675,0.6351065389066857,0.46366483083155624,0.861148106205848,-0.25970440566724085,0.6652513345319807
2791.199951,0.46544030683781995,-0.28861287464907753,0.18985767168619755,0.5694967151917224,0.667807867304675,0.929654772070658,-0.2846591461550474,0.7102030811573062
2796.199951,0.664277099242012,-0.3556107746292696,0.4784795250423626,0.5038868914767591,0.8719509037777937,0.998161437935468,-0.30961388664285394,0.7551548277826317
2801.199951,0.7077583619191532,-0.45138341229870155,0.4671872018124835,0.33205561945854684,0.8547799654615866,0.9523872242309632,-0.253424306152631,0.41370833055424805
2806.199951,0.7512396245962945,-0.5471560499681336,0.4558948785826045,0.16022434744033456,0.8376090271453795,0.9066130105264584,-0.19723472566240813,0.07226183332586436
2811.199951,0.7947208872734357,-0.6429286876375656,0.44460255535272547,-0.011606924577877731,0.8204380888291725,0.8608387968219535,-0.1410451451721852,-0.2691846639025192
2816.199951,0.838202149950577,-0.7387013253069975,0.4333102321228465,-0.18343819659609,0.8032671505129654,0.8150645831174488,-0.08485556468196229,-0.6106311611309028
2821.199951,0.6693309072147346,-0.729291067266305,0.20833536180191287,-0.18675869434639938,0.5566609742696922,0.8031983666677049,-0.0026160364847653385,-0.5697711409193967
2826.199951,0.45697840180175114,-0.6241081715561805,-0.00534718528914171,-0.01824792007849645,0.3272257363426262,0.8371063639224658,0.023433911222208705,-0.18746462347950707
2831.199951,0.24462589638876767,-0.518925275846056,-0.21902973238019627,0.1502628541894065,0.09779049841556024,0.8710143611772267,0.04948385892918274,0.1948418939603827
2836.199951,0.03227339097578415,-0.4137423801359315,-0.43271227947125085,0.3187736284573094,-0.13164473951150577,0.9049223584319875,0.07553380663615679,0.5771484114002725
2841.199951,-0.21912729793279584,-0.3181270180766389,-0.5459443410020064,0.5437486991405687,-0.21654802922775165,0.8767343095352775,0.09067208188093061,0.795481236241405
2846.199951,-0.2581754814283923,-0.32769455172747075,-0.44549385544170744,0.6002129955559248,-0.07201608101693151,0.8146382633838065,0.07976040941873039,0.6315075436426479
2851.199951,-0.2972236649239888,-0.3372620853783026,-0.3450433698814085,0.6566772919712811,0.07251586719388863,0.7525422172323358,0.06884873695653018,0.4675338510438908
2856.199951,-0.39091233027926314,-0.34229264454887687,-0.07378270820807478,0.5532816887607022,0.14015298178950503,0.6550437308117656,0.07637559157363576,0.3573322934652261
2861.199951,-0.4846009956345375,-0.3473232037194512,0.19747795346525895,0.44988608555012294,0.20779009638512144,0.5575452443911955,0.08390244619074134,0.2471307358865614
2866.199951,-0.5392414774942155,-0.3427862292391936,0.3682881295782937,0.2900261859241877,0.13089526276991773,0.5221428041220961,0.10234097327004714,0.3009028709066538
2871.199951,-0.5938819593538934,-0.3382492547589361,0.5390983056913285,0.13016628629825244,0.054000429154713994,0.4867403638529968,0.12077950034935295,0.3546750059267462
2876.199951,-0.6485224412135713,-0.3337122802786785,0.7099084818043633,-0.029693613327682833,-0.022894404460489737,0.45133792358389746,0.13921802742865874,0.4084471409468387
2881.199951,-0.6485224412135713,-0.3337122802786785,0.7099084818043633,-0.029693613327682833,-0.022894404460489737,0.45133792358389746,0.13921802742865874,0.4084471409468387
2886.199951,-0.5766805345688847,-0.2641247405171347,0.3903876448077388,-0.11092500210147938,0.14953645972981552,0.2889859917615258,0.2490633918898013,0.5237486216096323
2891.199951,-0.5048386279241981,-0.19453720075559092,0.07086680781111436,-0.19215639087527592,0.3219673239201208,0.12663405993915414,0.3589087563509439,0.639050102272426
2896.199951,-0.43299672127951155,-0.12494966099404711,-0.24865402918551016,-0.27338777964907246,0.4943981881104261,-0.03571787188321753,0.4687541208120864,0.7543515829352198
2901.199951,-0.361154814634825,-0.05536212123250332,-0.5681748661821346,-0.354619168422869,0.6668290523007314,-0.1980698037055892,0.578599485273229,0.8696530635980135
2906.199951,-0.2893129079901384,0.014225418529040468,-0.887695703178759,-0.43585055719666554,0.8392599164910365,-0.36042173552796086,0.6884448497343716,0.9849545442608072
2911.199951,-0.2893129079901384,0.014225418529040468,-0.887695703178759,-0.43585055719666554,0.8392599164910365,-0.36042173552796086,0.6884448497343716,0.9849545442608072
2916.199951,-0.26866220116767237,0.09123054769692374,-0.736132841282737,-0.4391796927602222,0.8170554115748445,-0.1353958973512271,0.4188223778342797,0.8516264769018846
2921.199951,-0.24801149434520625,0.168235676864807,-0.5845699793867151,-0.44250882832377875,0.7948509066586523,0.08962994082550671,0.14919990593418797,0.7182984095429621
2926.199951,-0.2273607875227402,0.24524080603269027,-0.433007117490693,-0.4458379638873353,0.7726464017424602,0.3146557790022405,-0.12042256596590391,0.5849703421840395
2931.199951,-0.2067100807002741,0.32224593520057354,-0.28144425559467096,-0.44916709945089195,0.750441896826268,0.5396816171789742,-0.39004503786599576,0.4516422748251168
2936.199951,-0.2754520390053218,0.3771358119643307,0.022573295589686727,-0.3580881589176819,0.5496625291006957,0.4632450905938056,-0.639200705715929,0.29874262882015434
2941.199951,-0.3648447041328355,0.3550205595602046,0.17502798487802237,-0.26368008282091526,0.3710876662913155,0.16178272583190312,-0.6187339016657705,0.27917105017411453
2946.199951,-0.45423736926034924,0.33290530715607847,0.327482674166358,-0.16927200672414858,0.1925128034819353,-0.1396796389299993,-0.5982670976156119,0.25959947152807467
2951.199951,-0.543630034387863,0.31079005475195237,0.4799373634546937,-0.0748639306273819,0.013937940672555094,-0.4411420036919017,-0.5778002935654534,0.24002789288203483
2956.199951,-0.6330226995153767,0.2886748023478263,0.6323920527430293,0.019544145469384766,-0.16463692213682513,-0.7426043684538042,-0.5573334895152948,0.220456314235995
2961.199951,-0.6330226995153767,0.2886748023478263,0.6323920527430293,0.019544145469384766,-0.16463692213682513,-0.7426043684538042,-0.5573334895152948,0.220456314235995
2966.199951,-0.6330226995153767,0.2886748023478263,0.6323920527430293,0.019544145469384766,-0.16463692213682513,-0.7426043684538042,-0.5573334895152948,0.220456314235995
2971.199951,-0.5493931654103994,0.3356725151427479,0.4045379513326653,0.2060654159331631,-0.07339755392151322,-0.7718698208243169,-0.5162632712419082,0.18518666206228301
2976.199951,-0.4657636313054221,0.3826702279376694,0.1766838499223012,0.39258668639694144,0.017841814293798698,-0.8011352731948295,-0.47519305296852143,0.14991700988857107
2981.199951,-0.3821340972004448,0.429667940732591,-0.05117025148806285,0.5791079568607198,0.10908118250911061,-0.8304007255653423,-0.4341228346951348,0.1146473577148591
2986.199951,-0.29850456309546747,0.47666565352751256,-0.2790243528984269,0.7656292273244981,0.2003205507244225,-0.8596661779358549,-0.3930526164217481,0.07937770554114713
2991.199951,-0.3114152837331835,0.6081486525648387,-0.3788910854374161,0.636881286894502,0.19859798620752053,-0.6200699941794612,-0.396143837535903,0.2145671526446805
2996.199951,-0.4079555384758768,0.6926339388072431,-0.25090371656604127,0.3216120760007274,0.10563605347530665,-0.35120835805255485,-0.44030527692344457,0.3850262519219258
3001.199951,-0.5044957932185701,0.7771192250496476,-0.12291634769466642,0.006342865106952899,0.012674120743092755,-0.08234672192564844,-0.4844667163109861,0.5554853511991711
3006.199951,-0.6010360479612634,0.8616045112920523,0.0050710211767084346,-0.3089263457868216,-0.08028781198912113,0.18651491420125796,-0.5286281556985278,0.7259444504764165
3011.199951,-0.6975763027039568,0.9460897975344567,0.13305839004808329,-0.6241955566805961,-0.17324974472133503,0.45537655032816443,-0.5727895950860693,0.8964035497536618
3016.199951,-0.6975763027039568,0.9460897975344567,0.13305839004808329,-0.6241955566805961,-0.17324974472133503,0.45537655032816443,-0.5727895950860693,0.8964035497536618
3021.199951,-0.6975763027039568,0.9460897975344567,0.13305839004808329,-0.6241955566805961,-0.17324974472133503,0.45537655032816443,-0.5727895950860693,0.8964035497536618
3026.199951,-0.6975763027039568,0.9460897975344567,0.13305839004808329,-0.6241955566805961,-0.17324974472133503,0.45537655032816443,-0.5727895950860693,0.8964035497536618
3031.199951,-0.6975763027039568,0.9460897975344567,0.13305839004808329,-0.6241955566805961,-0.17324974472133503,0.45537655032816443,-0.5727895950860693,0.8964035497536618
3036.199951,-0.6975763027039568,0.9460897975344567,0.13305839004808329,-0.6241955566805961,-0.17324974472133503,0.45537655032816443,-0.5727895950860693,0.8964035497536618
3041.199951,-0.37410062598977434,0.6084918186845111,0.23562693498542306,-0.6267003957603267,0.01504361078272023,0.36956766306584443,-0.36544419948983353,0.8560312593521905
3046.199951,-0.05062494927559191,0.2708938398345655,0.33819547992276283,-0.6292052348400572,0.2033369662867755,0.2837587758035245,-0.15809880389359782,0.8156589689507193
3051.199951,0.2728507274385905,-0.06670413901538001,0.4407640248601027,-0.6317100739197878,0.39163032179083074,0.19794988854120454,0.04924659170263794,0.775286678549248
3056.199951,0.5963264041527729,-0.40430211786532555,0.5433325697974423,-0.6342149129995184,0.579923677294886,0.1121410012788846,0.25659198729887367,0.7349143881477767
3061.199951,0.9198020808669554,-0.7419000967152711,0.6459011147347822,-0.6367197520792489,0.7682170327989413,0.026332114016564656,0.46393738289510944,0.6945420977463055
3066.199951,0.6051042830054243,-0.43354017150930896,0.4065445482941751,-0.667944504341119,0.7098213789393861,0.02022881206706466,0.5619057609602652,0.6547843274857048
3071.199951,0.2904064851438932,-0.12518024630334673,0.16718798185356804,-0.699169256602989,0.6514257250798311,0.014125510117564665,0.6598741390254211,0.615026557225104
3076.199951,-0.024291312717637716,0.1831796789026155,-0.07216858458703905,-0.7303940088648591,0.593030071220276,0.008022208168064671,0.757842517090577,0.5752687869645033
3081.199951,-0.33898911057916875,0.49153960410857767,-0.3115251510276461,-0.7616187611267291,0.534634417360721,0.0019189062185646754,0.8558108951557328,0.5355110167039026
3086.199951,-0.6536869084406998,0.7998995293145399,-0.5508817174682532,-0.7928435133885992,0.47623876350116595,-0.00418439573093532,0.9537792732208887,0.4957532464433019
3091.199951,-0.6536869084406998,0.7998995293145399,-0.5508817174682532,-0.7928435133885992,0.47623876350116595,-0.00418439573093532,0.9537792732208887,0.4957532464433019
3096.199951,-0.6536869084406998,0.7998995293145399,-0.5508817174682532,-0.7928435133885992,0.47623876350116595,-0.00418439573093532,0.9537792732208887,0.4957532464433019
3101.199951,-0.6543817792987447,0.7236884491352358,-0.6037363601118366,-0.6699216250309143,0.35949739339506204,0.07469813794307441,0.7771317387158778,0.3565626478259062
3106.199951,-0.6550766501567897,0.6474773689559317,-0.6565910027554202,-0.5469997366732298,0.24275602328895807,0.15358067161708414,0.600484204210867,0.21737204920851044
3111.199951,-0.6557715210148347,0.5712662887766277,-0.7094456453990035,-0.42407784831554507,0.1260146531828541,0.23246320529109385,0.4238366697058561,0.07818145059111474
3116.199951,-0.6564663918728797,0.49505520859732355,-0.7623002880425869,-0.30115595995786026,0.009273283076750127,0.3113457389651036,0.24718913520084523,-0.06100914802628097
3121.199951,-0.6571612627309247,0.4188441284180195,-0.8151549306861703,-0.17823407160017557,-0.10746808702935384,0.3902282726391133,0.07054160069583437,-0.20019974664367668
3126.199951,-0.6571612627309247,0.4188441284180195,-0.8151549306861703,-0.17823407160017557,-0.10746808702935384,0.3902282726391133,0.07054160069583437,-0.20019974664367668
3131.199951,-0.6571612627309247,0.4188441284180195,-0.8151549306861703,-0.17823407160017557,-0.10746808702935384,0.3902282726391133,0.07054160069583437,-0.20019974664367668
3136.199951,-0.6136245043523966,0.3610640560838487,-0.494324835578543,-0.3251392576498119,-0.01992455250199767,0.3989045226280415,0.2177878893576785,-0.04702156875485315
3141.199951,-0.5700877459738685,0.3032839837496778,-0.17349474047091568,-0.4720444436994482,0.0676189820253585,0.4075807726169696,0.36503417801952265,0.10615660913397038
3146.199951,-0.5265509875953404,0.24550391141550695,0.14733535463671155,-0.6189496297490846,0.15516251655271468,0.4162570226058978,0.5122804666813667,0.2593347870227939
3151.199951,-0.4830142292168123,0.1877238390813361,0.46816544974433877,-0.7658548157987211,0.24270605108007084,0.42493327259482605,0.659526755343211,0.41251296491161743
3156.199951,-0.22845266286215712,0.2550957261205613,0.5743290100177616,-0.8519694975011614,0.25879224050053995,0.3249198671300899,0.5422952047827103,0.5152059616323258
3161.199951,-0.017427854886030002,0.3802476854939574,0.3596624751835572,-0.7911789931539654,0.18733489539365294,0.21623021167642564,0.2778173655603653,0.46472078046421056
3166.199951,0.1935969530900971,0.5053996448673534,0.14499594034935273,-0.7303884888067695,0.1158775502867659,0.10754055622276137,0.013339526338020446,0.4142355992960954
3171.199951,0.4046217610662243,0.6305516042407495,-0.06967059448485173,-0.6695979844595736,0.04442020517987886,-0.0011490992309028947,-0.2511383128843244,0.36375041812798015
3176.199951,0.6156465690423514,0.7557035636141456,-0.2843371293190562,-0.6088074801123777,-0.02703713992700818,-0.10983875468456716,-0.5156161521066693,0.31326523695986497
3181.199951,0.6156465690423514,0.7557035636141456,-0.2843371293190562,-0.6088074801123777,-0.02703713992700818,-0.10983875468456716,-0.5156161521066693,0.31326523695986497
3186.199951,0.6156465690423514,0.7557035636141456,-0.2843371293190562,-0.6088074801123777,-0.02703713992700818,-0.10983875468456716,-0.5156161521066693,0.31326523695986497
3191.199951,0.5684557898267244,0.6699792121565501,-0.12264242769298375,-0.6767234820350773,-0.05131221247745157,-0.1333665886440103,-0.4285626153443361,0.35696721441846996
3196.199951,0.5212650106110973,0.5842548606989546,0.0390522739330887,-0.7446394839577767,-0.07558728502789495,-0.15689442260345343,-0.34150907858200286,0.40066919187707495
3201.199951,0.47407423139547034,0.49853050924135917,0.20074697555916116,-0.8125554858804762,-0.09986235757833835,-0.18042225656289657,-0.25445554181966956,0.4443711693356799
3206.199951,0.4268834521798433,0.4128061577837637,0.36244167718523357,-0.8804714878031756,-0.12413743012878173,-0.2039500905223397,-0.16740200505733632,0.4880731467942849
3211.199951,0.37969267296421627,0.32708180632616823,0.524136378811306,-0.948387489725875,-0.14841250267922512,-0.22747792448178283,-0.08034846829500308,0.5317751242528899
3216.199951,0.37969267296421627,0.32708180632616823,0.524136378811306,-0.948387489725875,-0.14841250267922512,-0.22747792448178283,-0.08034846829500308,0.5317751242528899
3221.199951,0.37969267296421627,0.32708180632616823,0.524136378811306,-0.948387489725875,-0.14841250267922512,-0.22747792448178283,-0.08034846829500308,0.5317751242528899
3226.199951,0.37969267296421627,0.32708180632616823,0.524136378811306,-0.948387489725875,-0.14841250267922512,-0.22747792448178283,-0.08034846829500308,0.5317751242528899
3231.199951,0.37969267296421627,0.32708180632616823,0.524136378811306,-0.948387489725875,-0.14841250267922512,-0.22747792448178283,-0.08034846829500308,0.5317751242528899
3236.199951,0.37969267296421627,0.32708180632616823,0.524136378811306,-0.948387489725875,-0.14841250267922512,-0.22747792448178283,-0.08034846829500308,0.5317751242528899
3241.199951,0.30273825921161085,0.38671037193347546,0.6116290900152839,-0.5909951690068475,-0.1887660606930502,0.010589265613388221,-0.07634321345030637,0.4816020480778424
3246.199951,0.2257838454590054,0.4463389375407827,0.6991218012192617,-0.23360284828781985,-0.2291196187068753,0.24865645570855927,-0.07233795860560965,0.43142897190279494
3251.199951,0.14882943170639998,0.5059675031480899,0.7866145124232394,0.12378947243120768,-0.2694731767207004,0.48672364580373034,-0.06833270376091294,0.38125589572774754
3256.199951,0.07187501795379454,0.5655960687553971,0.8741072236272173,0.48118179315023524,-0.3098267347345255,0.7247908358989014,-0.06432744891621622,0.3310828195527001
3261.199951,-0.005079395798810893,0.6252246343627044,0.961599934831195,0.8385741138692628,-0.3501802927483506,0.9628580259940724,-0.06032219407151951,0.2809097433776526
3266.199951,0.10982248998001834,0.35518216762999677,0.8200455511139193,0.5012837112558689,-0.3355541479092679,0.6789562437567462,-0.02553990590237869,0.4202718718946473
3271.199951,0.22472437575884757,0.08513970089728921,0.6784911673966434,0.16399330864247502,-0.3209280030701852,0.39505446151942003,0.009242382266762128,0.559634000411642
3276.199951,0.3396262615376768,-0.18490276583541837,0.5369367836793677,-0.17329709397091891,-0.30630185823110245,0.11115267928209382,0.04402467043590295,0.6989961289286368
3281.199951,0.3171311173002544,-0.44347759955320837,0.14928194056319258,-0.5062449241404012,-0.14283194677654754,0.010562151598429059,0.2528958941194076,0.7910407595015554
3286.199951,0.294635973062832,-0.7020524332709982,-0.23837290255298252,-0.8391927543098836,0.020637964678007402,-0.0900283760852357,0.46176711780291235,0.8830853900744742
3291.199951,0.15723894304658043,-0.6905848002560807,-0.48447336195188184,-0.834850181865972,0.16948173129347963,0.09328287846842573,0.6358560533172761,0.8357678921303983
3296.199951,0.019841913030328805,-0.6791171672411631,-0.7305738213507811,-0.8305076094220606,0.31832549790895187,0.2765941330220872,0.80994498883164,0.7884503941863222
3301.199951,-0.1175551169859228,-0.6676495342262456,-0.9766742807496804,-0.826165036978149,0.46716926452442403,0.45990538757574856,0.984033924346004,0.7411328962422463
3306.199951,0.01845684262596161,-0.6786069044444909,-0.767717037298403,-0.5604423514581629,0.47524245212947774,0.550450211677854,0.6403230514293151,0.39759605477920973
3311.199951,0.15446880223784604,-0.6895642746627363,-0.5587597938471255,-0.29471966593817694,0.48331563973453145,0.6409950357799594,0.29661217851262617,0.05405921331617316
3316.199951,0.29048076184973043,-0.7005216448809816,-0.3498025503958482,-0.02899698041819092,0.49138882733958517,0.7315398598820648,-0.04709869440406265,-0.2894776281468635
3321.199951,0.4264927214616149,-0.7114790150992268,-0.14084530694457076,0.2367257051017951,0.4994620149446389,0.8220846839841702,-0.3908095673207515,-0.6330144696099002
3326.199951,0.5625046810734993,-0.7224363853174722,0.06811193650670666,0.5024483906217811,0.5075352025496926,0.9126295080862757,-0.7345204402374403,-0.9765513110729367
3331.199951,0.5625046810734993,-0.7224363853174722,0.06811193650670666,0.5024483906217811,0.5075352025496926,0.9126295080862757,-0.7345204402374403,-0.9765513110729367
3336.199951,0.5625046810734993,-0.7224363853174722,0.06811193650670666,0.5024483906217811,0.5075352025496926,0.9126295080862757,-0.7345204402374403,-0.9765513110729367
3341.199951,0.5625046810734993,-0.7224363853174722,0.06811193650670666,0.5024483906217811,0.5075352025496926,0.9126295080862757,-0.7345204402374403,-0.9765513110729367
3346.199951,0.3112145505082875,-0.4303838855809903,-0.035409505889109294,0.560774126319102,0.4752530582967678,0.6426034638544882,-0.5333172750692491,-0.7841124591540971
3351.199951,0.059924419943075735,-0.13833138584450833,-0.13893094828492525,0.619099862016423,0.442970914043843,0.37257741962270063,-0.3321141099010577,-0.5916736072352575
3356.199951,-0.19136571062213603,0.15372111389197363,-0.2424523906807412,0.6774255977137438,0.41068876979091806,0.10255137539091316,-0.13091094473286638,-0.39923475531641806
3361.199951,-0.44265584118734774,0.4457736136284556,-0.34597383307655716,0.7357513334110646,0.3784066255379932,-0.1674746688408743,0.07029222043532495,-0.20679590339757853
3366.199951,-0.6939459717525596,0.7378261133649375,-0.4494952754723731,0.7940770691083856,0.34612448128506834,-0.4375007130726618,0.27149538560351627,-0.014357051478739002
3371.199951,-0.6939459717525596,0.7378261133649375,-0.4494952754723731,0.7940770691083856,0.34612448128506834,-0.4375007130726618,0.27149538560351627,-0.014357051478739002
