Time,u1,u2,u3,u4,u5,u6,u7,u8
5.005,0.11161797146587223,0.009783667933690144,0.12440117962069683,0.18886159229928823,-0.055038661421208654,-0.02207113044919571,-0.11061357091230888,-0.1372470247972346
10.01,0.22323594293174445,0.019567335867380287,0.24880235924139366,0.37772318459857646,-0.11007732284241731,-0.04414226089839142,-0.22122714182461775,-0.2744940495944692
15.015,0.3348539143976167,0.02935100380107043,0.3732035388620905,0.5665847768978647,-0.16511598426362598,-0.06621339134758712,-0.3318407127369266,-0.41174107439170377
20.014999,0.4464718858634889,0.039134671734760575,0.4976047184827873,0.7554463691971529,-0.22015464568483462,-0.08828452179678284,-0.4424542836492355,-0.5489880991889384
25.014999,0.40969685245609,0.16431235245781503,0.3031323012471366,0.9457111901720223,-0.30447341550385537,-0.11750311353527901,-0.6045046104519868,-0.36313821607159863
30.014999,0.261303847582819,0.27970636524717934,-0.015741295609211024,0.9471144188476035,-0.33375352390166746,-0.12465057482457946,-0.6559413663424293,-0.040041308157024155
35.014999,0.1129108427095479,0.3951003780365437,-0.33461489246555864,0.9485176475231848,-0.3630336322994795,-0.1317980361138799,-0.7073781222328716,0.28305559975755024
40.014999,-0.03548216216372317,0.510494390825908,-0.6534884893219062,0.949920876198766,-0.3923137406972916,-0.13894549740318038,-0.7588148781233139,0.6061525076721246
45.014999,-0.18387516703699425,0.6258884036152723,-0.9723620861782539,0.9513241048743473,-0.42159384909510367,-0.14609295869248085,-0.8102516340137564,0.929249415586699
50.014999,-0.18387516703699425,0.6258884036152723,-0.9723620861782539,0.9513241048743473,-0.42159384909510367,-0.14609295869248085,-0.8102516340137564,0.929249415586699
55.014999,-0.18387516703699425,0.6258884036152723,-0.9723620861782539,0.9513241048743473,-0.42159384909510367,-0.14609295869248085,-0.8102516340137564,0.929249415586699
60.014999,-0.18387516703699425,0.6258884036152723,-0.9723620861782539,0.9513241048743473,-0.42159384909510367,-0.14609295869248085,-0.8102516340137564,0.929249415586699
65.014999,-0.18387516703699425,0.6258884036152723,-0.9723620861782539,0.9513241048743473,-0.42159384909510367,-0.14609295869248085,-0.8102516340137564,0.929249415586699
70.014999,-0.18387516703699425,0.6258884036152723,-0.9723620861782539,0.9513241048743473,-0.42159384909510367,-0.14609295869248085,-0.8102516340137564,0.929249415586699
75.014999,-0.05670093041442241,0.6412793193137271,-0.8226345523476004,0.5967546851124178,-0.5307491348178525,-0.13980900458477077,-0.8081712391219547,0.560705979688745
80.014999,0.07047330620814943,0.6566702350121817,-0.6729070185169471,0.24218526535048834,-0.6399044205406014,-0.1335250504770607,-0.806090844230153,0.19216254379079115
85.014999,0.19764754283072125,0.6720611507106364,-0.5231794846862936,-0.11238415441144119,-0.7490597062633503,-0.1272410963693506,-0.8040104493383511,-0.17638089210716287
90.014999,0.3248217794532931,0.6874520664090911,-0.37345195085564037,-0.4669535741733707,-0.8582149919860991,-0.12095714226164053,-0.8019300544465494,-0.5449243280051169
95.014999,0.4519960160758649,0.7028429821075457,-0.22372441702498702,-0.8215229939353001,-0.967370277708848,-0.11467318815393046,-0.7998496595547475,-0.9134677639030709
100.014999,0.41432673710586876,0.6274866945282334,-0.11508837863738534,-0.8410568720305875,-0.8399046384150134,-0.2819230665590819,-0.8082791304649344,-0.6337219066505327
105.014999,0.3766574581358725,0.552130406948921,-0.006452340249783672,-0.8605907501258748,-0.7124389991211789,-0.4491729449642333,-0.8167086013751212,-0.3539760493979947
110.014999,0.3389881791658763,0.4767741193696088,0.102183698137818,-0.8801246282211622,-0.5849733598273442,-0.6164228233693848,-0.8251380722853081,-0.07423019214545663
115.014999,0.3013189001958801,0.40141783179029655,0.2108197365254197,-0.8996585063164494,-0.4575077205335095,-0.7836727017745362,-0.8335675431954952,0.20551566510708144
120.014999,0.07950072923763192,0.25259543795160355,0.3420146826465597,-0.6913834265819238,-0.2935367114995684,-0.9139784469451155,-0.5176658489646281,0.4833403876795998
125.014999,-0.10464816275062003,0.1791293316922229,0.36457359038009807,-0.4635744687521107,-0.25703134175946185,-0.8770343137105435,-0.19333468382357416,0.48141925299958005
130.014999,-0.28879705473887196,0.10566322543284223,0.3871324981136365,-0.23576551092229786,-0.2205259720193553,-0.8400901804759714,0.13099648131747982,0.47949811831956024
135.014999,-0.47294594672712387,0.032197119173461575,0.40969140584717484,-0.007956553092484909,-0.18402060227924877,-0.8031460472413995,0.45532764645853374,0.4775769836395406
140.014999,-0.6570948387153759,-0.041268987085919084,0.4322503135807132,0.21985240473732803,-0.14751523253914223,-0.7662019140068275,0.7796588115995877,0.4756558489595209
145.014999,-0.6570948387153759,-0.041268987085919084,0.4322503135807132,0.21985240473732803,-0.14751523253914223,-0.7662019140068275,0.7796588115995877,0.4756558489595209
150.014999,-0.6570948387153759,-0.041268987085919084,0.4322503135807132,0.21985240473732803,-0.14751523253914223,-0.7662019140068275,0.7796588115995877,0.4756558489595209
155.014999,-0.6265385106387045,0.03927880275207807,0.2958661376576431,0.33939355240684177,-0.28325087660329534,-0.7752649957715757,0.612841039374172,0.5621966725728649
160.014999,-0.5959821825620331,0.11982659259007522,0.15948196173457294,0.45893470007635556,-0.41898652066744846,-0.784328077536324,0.4460232671487562,0.6487374961862089
165.014999,-0.5654258544853615,0.20037438242807237,0.023097785811502812,0.5784758477458694,-0.5547221647316015,-0.7933911593010722,0.2792054949233405,0.7352783197995529
170.014999,-0.33287238099698363,0.3549426257587224,0.012259093884226501,0.516639102965193,-0.47083809779400987,-0.4589047716585794,0.30999384595925705,0.5189077307072903
175.014999,-0.10031890750860581,0.5095108690893724,0.0014204019569501903,0.4548023581845165,-0.3869540308564182,-0.12441838401608649,0.3407821969951736,0.30253714161502765
180.014999,0.10167823790310057,0.5835313225820251,0.126965885952744,0.27342446573432644,-0.16733431985467342,0.21913108539115447,0.5383883202565058,-0.00037427109057905914
185.014999,0.26621761299374946,0.48520305495834803,0.1237956140901419,-0.037518074001951354,-0.0345645419392866,0.5281903632746641,0.6088199448469872,-0.2932224263908175
190.014999,0.43075698808439833,0.386874787334671,0.1206253422275398,-0.3484606137382291,0.09820523597610023,0.8372496411581738,0.6792515694374683,-0.586070581691056
195.014999,0.39329921776334087,0.21452606621834103,-0.008090413630856119,-0.4780252610243167,0.011355302889742269,0.8027594496344423,0.5520770707666174,-0.5760073242856877
200.014999,0.35584144744228335,0.0421773451020111,-0.13680616948925203,-0.6075899083104044,-0.07549463019661569,0.768269258110711,0.4249025720957665,-0.5659440668803194
205.014999,0.31838367712122584,-0.13017137601431883,-0.26552192534764796,-0.737154555596492,-0.16234456328297364,0.7337790665869797,0.2977280734249155,-0.5558808094749512
210.014999,0.31838367712122584,-0.13017137601431883,-0.26552192534764796,-0.737154555596492,-0.16234456328297364,0.7337790665869797,0.2977280734249155,-0.5558808094749512
215.014999,0.31838367712122584,-0.13017137601431883,-0.26552192534764796,-0.737154555596492,-0.16234456328297364,0.7337790665869797,0.2977280734249155,-0.5558808094749512
220.014999,0.31838367712122584,-0.13017137601431883,-0.26552192534764796,-0.737154555596492,-0.16234456328297364,0.7337790665869797,0.2977280734249155,-0.5558808094749512
225.014999,0.08064057890989225,-0.24635579601031138,-0.29020123244429674,-0.41428561596014923,-0.24975222128018384,0.5910067780255427,0.24996782263158082,-0.41166584209578466
230.014999,-0.15710251930144134,-0.36254021600630393,-0.31488053954094547,-0.09141667632380646,-0.33715987927739405,0.44823448946410577,0.20220757183824617,-0.2674508747166181
235.014999,-0.3948456175127749,-0.4787246360022964,-0.33955984663759425,0.23145226331253638,-0.4245675372746042,0.3054622009026688,0.1544473210449115,-0.12323590733745152
240.014999,-0.6325887157241086,-0.594909055998289,-0.364239153734243,0.5543212029488792,-0.5119751952718145,0.16268991234123184,0.10668707025157684,0.02097906004171506
245.014999,-0.8703318139354421,-0.7110934759942815,-0.38891846083089177,0.8771901425852221,-0.5993828532690246,0.01991762377979489,0.058926819458242186,0.16519402742088163
250.014999,-0.8703318139354421,-0.7110934759942815,-0.38891846083089177,0.8771901425852221,-0.5993828532690246,0.01991762377979489,0.058926819458242186,0.16519402742088163
255.014999,-0.8703318139354421,-0.7110934759942815,-0.38891846083089177,0.8771901425852221,-0.5993828532690246,0.01991762377979489,0.058926819458242186,0.16519402742088163
260.019989,-0.8703318139354421,-0.7110934759942815,-0.38891846083089177,0.8771901425852221,-0.5993828532690246,0.01991762377979489,0.058926819458242186,0.16519402742088163
265.019989,-0.8703318139354421,-0.7110934759942815,-0.38891846083089177,0.8771901425852221,-0.5993828532690246,0.01991762377979489,0.058926819458242186,0.16519402742088163
270.019989,-0.8703318139354421,-0.7110934759942815,-0.38891846083089177,0.8771901425852221,-0.5993828532690246,0.01991762377979489,0.058926819458242186,0.16519402742088163
275.019989,-0.8375866193086363,-0.7044501315544585,-0.46600286382526246,0.8287309669845797,-0.5147692943979705,-0.15708588874687587,0.14253532703873995,0.023992435394820745
280.019989,-0.8048414246818305,-0.6978067871146354,-0.5430872668196332,0.7802717913839372,-0.43015573552691644,-0.33408940127354664,0.2261438346192377,-0.11720915663124014
285.019989,-0.7720962300550247,-0.6911634426748124,-0.6201716698140037,0.7318126157832949,-0.3455421766558623,-0.5110929138002174,0.30975234219973546,-0.258410748657301
290.019989,-0.7393510354282189,-0.6845200982349894,-0.6972560728083744,0.6833534401826525,-0.2609286177848082,-0.6880964263268883,0.3933608497802332,-0.39961234068336193
295.019989,-0.7066058408014131,-0.6778767537951664,-0.774340475802745,0.6348942645820101,-0.1763150589137541,-0.865099938853559,0.47696935736073093,-0.5408139327094228
300.019989,-0.7066058408014131,-0.6778767537951664,-0.774340475802745,0.6348942645820101,-0.1763150589137541,-0.865099938853559,0.47696935736073093,-0.5408139327094228
305.019989,-0.7066058408014131,-0.6778767537951664,-0.774340475802745,0.6348942645820101,-0.1763150589137541,-0.865099938853559,0.47696935736073093,-0.5408139327094228
310.019989,-0.7066058408014131,-0.6778767537951664,-0.774340475802745,0.6348942645820101,-0.1763150589137541,-0.865099938853559,0.47696935736073093,-0.5408139327094228
315.019989,-0.7066058408014131,-0.6778767537951664,-0.774340475802745,0.6348942645820101,-0.1763150589137541,-0.865099938853559,0.47696935736073093,-0.5408139327094228
320.019989,-0.7066058408014131,-0.6778767537951664,-0.774340475802745,0.6348942645820101,-0.1763150589137541,-0.865099938853559,0.47696935736073093,-0.5408139327094228
325.019989,-0.7088881995422229,-0.6790735013147498,-0.674894524243052,0.5654890612385381,-0.17818252041514557,-0.745835605104628,0.4502150832066776,-0.6145110604206028
330.019989,-0.7111705582830329,-0.6802702488343332,-0.5754485726833589,0.49608385789506615,-0.18004998191653704,-0.626571271355697,0.42346080905262423,-0.6882081881317829
335.019989,-0.7134529170238427,-0.6814669963539165,-0.476002621123666,0.42667865455159415,-0.18191744341792854,-0.5073069376067663,0.3967065348985708,-0.761905315842963
340.019989,-0.7157352757646527,-0.6826637438734998,-0.376556669563973,0.35727345120812215,-0.18378490491932,-0.3880426038578354,0.36995226074451737,-0.835602443554143
345.019989,-0.7180176345054625,-0.6838604913930832,-0.27711071800428,0.28786824786465015,-0.18565236642071148,-0.26877827010890454,0.34319798659046397,-0.9092995712653231
350.019989,-0.7180176345054625,-0.6838604913930832,-0.27711071800428,0.28786824786465015,-0.18565236642071148,-0.26877827010890454,0.34319798659046397,-0.9092995712653231
355.019989,-0.7180176345054625,-0.6838604913930832,-0.27711071800428,0.28786824786465015,-0.18565236642071148,-0.26877827010890454,0.34319798659046397,-0.9092995712653231
360.019989,-0.7180176345054625,-0.6838604913930832,-0.27711071800428,0.28786824786465015,-0.18565236642071148,-0.26877827010890454,0.34319798659046397,-0.9092995712653231
365.019989,-0.5711839730039474,-0.6112174184292151,-0.19205997303538846,0.22005925360029685,0.020711524708555328,-0.22902883883589897,0.2909725773893166,-0.8672923218565838
370.019989,-0.42435031150243213,-0.5385743454653469,-0.10700922806649693,0.15225025933594355,0.22707541583782215,-0.1892794075628934,0.2387471681881692,-0.8252850724478448
375.019989,-0.2775166500009169,-0.46593127250147875,-0.021958483097605397,0.08444126507159026,0.433439306967089,-0.14952997628988784,0.18652175898702184,-0.7832778230391055
380.019989,0.058771426334746656,-0.20211445728416094,-0.008742605501287803,0.16389605290486728,0.5880598626979232,0.0013422642209129255,0.12544790500676828,-0.4473494013840439
385.019989,0.39505950267041023,0.061702357933156905,0.00447327209502979,0.2433508407381443,0.7426804184287574,0.1522145047317137,0.06437405102651472,-0.11142097972898242
390.019989,0.5845139175045586,0.25287610018660656,-0.06736159527754415,0.39061462283577464,0.690937083030325,0.2633373139695089,0.05552560624740854,0.1825001925173399
395.019989,0.773968332338707,0.44404984244005624,-0.1391964626501181,0.5378784049334049,0.6391937476318924,0.3744601232073041,0.046677161468302364,0.47642136476366226
400.019989,0.9634227471728554,0.6352235846935059,-0.21103133002269203,0.6851421870310352,0.5874504122334598,0.4855829324450993,0.037828716689196185,0.7703425370099846
405.019989,0.9634227471728554,0.6352235846935059,-0.21103133002269203,0.6851421870310352,0.5874504122334598,0.4855829324450993,0.037828716689196185,0.7703425370099846
410.019989,0.9634227471728554,0.6352235846935059,-0.21103133002269203,0.6851421870310352,0.5874504122334598,0.4855829324450993,0.037828716689196185,0.7703425370099846
415.019989,0.8193256453245926,0.34842880565406653,-0.1719782692345301,0.6495064161575559,0.5370365727662427,0.3748058969032867,0.14964376704749052,0.5540833891751238
420.019989,0.6752285434763298,0.061634026614627135,-0.13292520844636818,0.6138706452840765,0.4866227332990257,0.26402886136147413,0.26145881740578486,0.3378242413402629
425.019989,0.5311314416280671,-0.22516075242481226,-0.09387214765820624,0.5782348744105971,0.4362088938318086,0.1532518258196615,0.37327386776407917,0.12156509350540197
430.019989,0.3870343397798045,-0.5119555314642517,-0.05481908687004431,0.5425991035371177,0.38579505436459155,0.04247479027784893,0.48508891812237354,-0.0946940543294589
435.019989,0.24293723793154176,-0.798750310503691,-0.01576602608188238,0.5069633326636382,0.3353812148973745,-0.06830224526396367,0.5969039684806678,-0.31095320216431976
440.019989,0.2343068266597263,-0.5234360035298484,-0.1878340084803642,0.5424553005079106,0.2716413936153913,-0.06475924978008521,0.5112368510547065,-0.40869699116087344
445.019989,0.22567641538791086,-0.24812169655600566,-0.359901990878846,0.5779472683521829,0.20790157233340806,-0.06121625429620674,0.4255697336287452,-0.5064407801574271
450.019989,0.2170460041160954,0.02719261041783696,-0.5319699732773279,0.6134392361964551,0.14416175105142487,-0.05767325881232828,0.33990261620278384,-0.6041845691539807
455.019989,0.20841559284427996,0.3025069173916796,-0.7040379556758096,0.6489312040407275,0.08042192976944165,-0.054130263328449814,0.2542354987768225,-0.7019283581505344
460.019989,0.1997851815724645,0.5778212243655223,-0.8761059380742914,0.6844231718849998,0.016682108487458436,-0.05058726784457135,0.16856838135086116,-0.799672147147088
465.019989,0.1997851815724645,0.5778212243655223,-0.8761059380742914,0.6844231718849998,0.016682108487458436,-0.05058726784457135,0.16856838135086116,-0.799672147147088
470.019989,0.1997851815724645,0.5778212243655223,-0.8761059380742914,0.6844231718849998,0.016682108487458436,-0.05058726784457135,0.16856838135086116,-0.799672147147088
475.019989,-0.038070053429735976,0.3889269940494361,-0.8962816067770415,0.6437810458326855,0.025820331043176027,-0.21310576838584142,0.16092046195549758,-0.7890328958285182
480.019989,-0.2759252884319364,0.20003276373334994,-0.9164572754797915,0.6031389197803712,0.03495855359889362,-0.3756242689271115,0.153272542560134,-0.7783936445099484
485.019989,-0.5137805234341369,0.01113853341726374,-0.9366329441825416,0.5624967937280567,0.0440967761546112,-0.5381427694683815,0.14562462316477043,-0.7677543931913786
490.019989,-0.7516357584363373,-0.17775569689882245,-0.9568086128852915,0.5218546676757424,0.053234998710328794,-0.7006612700096516,0.13797670376940685,-0.7571151418728088
495.019989,-0.9894909934385379,-0.36664992721490863,-0.9769842815880414,0.4812125416234281,0.062373221266046386,-0.8631797705509217,0.13032878437404327,-0.746475890554239
500.019989,-0.9894909934385379,-0.36664992721490863,-0.9769842815880414,0.4812125416234281,0.062373221266046386,-0.8631797705509217,0.13032878437404327,-0.746475890554239
505.019989,-0.9894909934385379,-0.36664992721490863,-0.9769842815880414,0.4812125416234281,0.062373221266046386,-0.8631797705509217,0.13032878437404327,-0.746475890554239
510.019989,-0.9894909934385379,-0.36664992721490863,-0.9769842815880414,0.4812125416234281,0.062373221266046386,-0.8631797705509217,0.13032878437404327,-0.746475890554239
515.025024,-0.7187587102488106,-0.43733662012421737,-0.8728743332596446,0.39174858920025263,-0.057776093983930556,-0.6615073874235904,-0.004310321499748726,-0.7831000890101442
520.030029,-0.44802642705908335,-0.5080233130335261,-0.7687643849312478,0.3022846367770772,-0.17792540923390748,-0.4598350042962592,-0.1389494273735407,-0.8197242874660493
5.005,-0.17729414386935588,-0.5787100059428347,-0.6646544366028511,0.2128206843539017,-0.29807472448388445,-0.25816262116892785,-0.27358853324733273,-0.8563484859219546
10.01,0.09343813932037145,-0.6493966988521436,-0.5605444882744542,0.12335673193072623,-0.41822403973386135,-0.056490238041596585,-0.4082276391211247,-0.8929726843778596
15.015,0.45802061752345563,-0.6497819197732405,-0.5261907867814134,-0.14745245354345707,-0.3201169731088602,0.20146202424684673,-0.36552515284145776,-0.7262065117540872
20.014999,0.5518708125368125,-0.5794804477850288,-0.5959470336167694,-0.3287976865944649,-0.10186059123388214,0.2577419034079588,-0.18818356068799882,-0.5228161406744095
25.014999,0.6457210075501694,-0.5091789757968173,-0.6657032804521255,-0.5101429196454728,0.11639579064109595,0.3140217825690709,-0.01084196853453987,-0.3194257695947319
30.014999,0.7395712025635263,-0.4388775038086056,-0.7354595272874814,-0.6914881526964806,0.33465217251607404,0.3703016617301829,0.16649962361891907,-0.11603539851505422
35.014999,0.8334213975768832,-0.3685760318203939,-0.8052157741228374,-0.8728333857474884,0.5529085543910521,0.42658154089129496,0.34384121577237803,0.08735497256462343
40.014999,0.5680989388511117,-0.2655809894552524,-0.5728423431874793,-0.8760018841272299,0.2500091038763935,0.15347454798240207,0.1354941883431771,0.10367610850779156
45.014999,0.3027764801253403,-0.16258594709011084,-0.3404689122521213,-0.8791703825069714,-0.052890346638265126,-0.11963244492649086,-0.07285283908602383,0.11999724445095969
50.014999,0.03745402139956888,-0.05959090472496933,-0.10809548131676325,-0.8823388808867128,-0.35578979715292375,-0.3927394378353838,-0.2811998665152248,0.13631838039412783
55.014999,-0.22786843732620254,0.04340413764017219,0.1242779496185948,-0.8855073792664543,-0.6586892476675823,-0.6658464307442766,-0.4895468939444257,0.15263951633729594
60.014999,-0.493190896051974,0.1463991800053137,0.35665138055395285,-0.8886758776461956,-0.961588698182241,-0.9389534236531695,-0.6978939213736266,0.16896065228046409
65.014999,-0.493190896051974,0.1463991800053137,0.35665138055395285,-0.8886758776461956,-0.961588698182241,-0.9389534236531695,-0.6978939213736266,0.16896065228046409
70.014999,-0.493190896051974,0.1463991800053137,0.35665138055395285,-0.8886758776461956,-0.961588698182241,-0.9389534236531695,-0.6978939213736266,0.16896065228046409
75.014999,-0.493190896051974,0.1463991800053137,0.35665138055395285,-0.8886758776461956,-0.961588698182241,-0.9389534236531695,-0.6978939213736266,0.16896065228046409
80.014999,-0.493190896051974,0.1463991800053137,0.35665138055395285,-0.8886758776461956,-0.961588698182241,-0.9389534236531695,-0.6978939213736266,0.16896065228046409
85.014999,-0.29078777601025757,-0.0369689304570084,0.4674079207499936,-0.7896274909452323,-0.9539661957142153,-0.8433948687475799,-0.4676601350030275,0.3207664487866947
90.014999,-0.08838465596854114,-0.2203370409193305,0.5781644609460346,-0.690579104244269,-0.9463436932461896,-0.7478363138419899,-0.2374263486324283,0.47257224529292524
95.014999,0.11401846407317526,-0.40370515138165264,0.6889210011420752,-0.5915307175433058,-0.9387211907781638,-0.6522777589363999,-0.007192562261829227,0.6243780417991559
100.014999,0.3164215841148917,-0.5870732618439748,0.799677541338116,-0.49248233084234255,-0.9310986883101382,-0.5567192040308101,0.2230412241087699,0.7761838383053863
105.014999,0.5188247041566081,-0.7704413723062968,0.910434081534157,-0.3934339441413792,-0.9234761858421126,-0.46116064912522026,0.453275010479369,0.927989634811617
110.014999,0.5188247041566081,-0.7704413723062968,0.910434081534157,-0.3934339441413792,-0.9234761858421126,-0.46116064912522026,0.453275010479369,0.927989634811617
115.014999,0.5188247041566081,-0.7704413723062968,0.910434081534157,-0.3934339441413792,-0.9234761858421126,-0.46116064912522026,0.453275010479369,0.927989634811617
120.014999,0.5188247041566081,-0.7704413723062968,0.910434081534157,-0.3934339441413792,-0.9234761858421126,-0.46116064912522026,0.453275010479369,0.927989634811617
125.014999,0.5188247041566081,-0.7704413723062968,0.910434081534157,-0.3934339441413792,-0.9234761858421126,-0.46116064912522026,0.453275010479369,0.927989634811617
130.014999,0.41354507804237794,-0.7445593199965215,0.927826332164415,-0.5023344271255246,-0.8014726303473445,-0.5373821078395865,0.3137713059197272,0.7540251083346055
135.014999,0.3082654519281477,-0.7186772676867461,0.9452185827946733,-0.6112349101096699,-0.6794690748525765,-0.6136035665539528,0.17426760136008532,0.580060581857594
140.014999,0.20298582581391753,-0.6927952153769708,0.9626108334249315,-0.7201353930938155,-0.5574655193578085,-0.6898250252683189,0.03476389680044347,0.40609605538058247
145.014999,-0.09292815589828422,-0.34588234129818424,0.584347386371376,-0.7057435061126055,-0.4634932159062385,-0.5392170433893495,-0.05786070715387517,0.2394964881827064
150.014999,-0.38884213761048597,0.0010305327806023,0.2060839393178205,-0.6913516191313956,-0.3695209124546684,-0.38860906151038,-0.1504853111081938,0.07289692098483033
155.014999,-0.5794764932084575,0.3220613545496135,-0.18957175836599313,-0.5680592491660403,-0.3975521644978663,-0.16177962091704426,-0.1036062105028706,0.08026188026396577
160.014999,-0.7014216368352928,0.6281444701426973,-0.38869366549562157,-0.28459046909993024,-0.24248716910573637,0.07484976516733059,-0.058181448155557015,0.11612685012134767
165.014999,-0.8233667804621279,0.934227585735781,-0.5878155726252501,-0.001121689033820239,-0.08742217371360646,0.31147915125170544,-0.012756685808243429,0.15199181997872957
170.014999,-0.7546775684909915,0.9192798795598538,-0.39128178207106484,0.1590547210669345,0.09567407372172139,0.3212790967427446,-0.014211024066253053,0.18049183055697604
175.014999,-0.6859883565198551,0.9043321733839264,-0.19474799151687963,0.31923113116768925,0.27877032115704925,0.3310790422337837,-0.015665362324262678,0.2089918411352225
180.014999,-0.6172991445487186,0.8893844672079989,0.0017857990373055799,0.479407541268444,0.4618665685923771,0.34087898772482284,-0.0171197005822723,0.23749185171346898
185.014999,-0.6172991445487186,0.8893844672079989,0.0017857990373055799,0.479407541268444,0.4618665685923771,0.34087898772482284,-0.0171197005822723,0.23749185171346898
190.014999,-0.6172991445487186,0.8893844672079989,0.0017857990373055799,0.479407541268444,0.4618665685923771,0.34087898772482284,-0.0171197005822723,0.23749185171346898
195.014999,-0.6172991445487186,0.8893844672079989,0.0017857990373055799,0.479407541268444,0.4618665685923771,0.34087898772482284,-0.0171197005822723,0.23749185171346898
200.014999,-0.6172991445487186,0.8893844672079989,0.0017857990373055799,0.479407541268444,0.4618665685923771,0.34087898772482284,-0.0171197005822723,0.23749185171346898
205.014999,-0.6172991445487186,0.8893844672079989,0.0017857990373055799,0.479407541268444,0.4618665685923771,0.34087898772482284,-0.0171197005822723,0.23749185171346898
210.014999,-0.3389410720017621,0.5937625215258632,0.003247935288743342,0.3040492542813463,0.37139782507454455,0.22009264452585642,-0.10965335920778645,0.21969623470665098
215.014999,-0.06058299945480559,0.29814057584372744,0.004710071540181104,0.12869096729424861,0.280929081556712,0.09930630132689,-0.2021870178333006,0.20190061769983297
220.014999,0.2177750730921509,0.002518630161591773,0.006172207791618867,-0.046667319692849055,0.19046033803887946,-0.021480041872076416,-0.2947206764588147,0.184105000693015
225.014999,0.4961331456391074,-0.2931033155205439,0.007634344043056629,-0.22202560667994672,0.09999159452104692,-0.14226638507104283,-0.3872543350843289,0.166309383686197
230.014999,0.7744912181860639,-0.5887252612026797,0.009096480294494391,-0.3973838936670444,0.009522851003214372,-0.26305272827000925,-0.4797879937098431,0.148513766679379
235.014999,0.7744912181860639,-0.5887252612026797,0.009096480294494391,-0.3973838936670444,0.009522851003214372,-0.26305272827000925,-0.4797879937098431,0.148513766679379
240.014999,0.44202280854068443,-0.4754708190170076,0.1593238512292018,-0.46682870418411004,0.1552712383466488,-0.0768670035365262,-0.3408834338584108,0.14428733271223285
245.014999,0.10955439889530494,-0.36221637683133545,0.30955122216390923,-0.5362735147011757,0.3010196256900832,0.10931872119695685,-0.20197887400697856,0.1400608987450867
250.014999,-0.2229140107500745,-0.24896193464566338,0.45977859309861663,-0.6057183252182412,0.4467680130335177,0.2955044459304399,-0.06307431415554632,0.13583446477794053
255.014999,-0.5553824203954539,-0.1357074924599913,0.6100059640333241,-0.675163135735307,0.5925164003769521,0.48169017066392295,0.07583024569588592,0.1316080308107944
260.019989,-0.8878508300408334,-0.02245305027431921,0.7602333349680315,-0.7446079462523725,0.7382647877203865,0.667875895397406,0.21473480554731816,0.12738159684364825
265.019989,-0.8878508300408334,-0.02245305027431921,0.7602333349680315,-0.7446079462523725,0.7382647877203865,0.667875895397406,0.21473480554731816,0.12738159684364825
270.019989,-0.8878508300408334,-0.02245305027431921,0.7602333349680315,-0.7446079462523725,0.7382647877203865,0.667875895397406,0.21473480554731816,0.12738159684364825
275.019989,-0.8878508300408334,-0.02245305027431921,0.7602333349680315,-0.7446079462523725,0.7382647877203865,0.667875895397406,0.21473480554731816,0.12738159684364825
280.019989,-0.6033720267179186,0.11966872791796197,0.47394490545370227,-0.645016425221787,0.7515743055131339,0.6743356951601912,0.03503743898516616,0.008814321703314799
285.019989,-0.3188932233950037,0.2617905061102431,0.18765647593937293,-0.5454249041912016,0.7648838233058812,0.6807954949229764,-0.14465992757698584,-0.10975295343701866
290.019989,-0.034414420072088836,0.40391228430252435,-0.09863195357495633,-0.44583338316061616,0.7781933410986287,0.6872552946857617,-0.32435729413913783,-0.2283202285773521
295.019989,0.25006438325082603,0.5460340624948056,-0.3849203830892856,-0.3462418621300306,0.7915028588913762,0.6937150944485468,-0.5040546607012899,-0.34688750371768556
300.019989,0.5345431865737409,0.6881558406870867,-0.6712088126036149,-0.24665034109944517,0.8048123766841236,0.7001748942113319,-0.6837520272634419,-0.46545477885801906
305.019989,0.5345431865737409,0.6881558406870867,-0.6712088126036149,-0.24665034109944517,0.8048123766841236,0.7001748942113319,-0.6837520272634419,-0.46545477885801906
310.019989,0.5345431865737409,0.6881558406870867,-0.6712088126036149,-0.24665034109944517,0.8048123766841236,0.7001748942113319,-0.6837520272634419,-0.46545477885801906
315.019989,0.49559850860110616,0.5280643628755414,-0.5001882751617964,-0.30318124210510017,0.555853798876931,0.612155262960148,-0.5561513367523154,-0.5533586851293474
320.019989,0.45665383062847126,0.367972885063996,-0.329167737719978,-0.35971214311075517,0.30689522106973843,0.5241356317089639,-0.428550646241189,-0.6412625914006758
325.019989,0.4177091526558366,0.2078814072524507,-0.15814720027815948,-0.4162430441164101,0.057936643262545884,0.4361160004577801,-0.30094995573006256,-0.729166497672004
330.019989,0.37876447468320174,0.04778992944090534,0.012873337163658993,-0.47277394512206516,-0.19102193454464667,0.34809636920659626,-0.17334926521893612,-0.8170704039433325
335.019989,0.33981979671056695,-0.11230154837063999,0.18389387460547746,-0.5293048461277201,-0.43998051235183927,0.2600767379554123,-0.045748574707809686,-0.9049743102146607
340.019989,0.33981979671056695,-0.11230154837063999,0.18389387460547746,-0.5293048461277201,-0.43998051235183927,0.2600767379554123,-0.045748574707809686,-0.9049743102146607
345.019989,0.33981979671056695,-0.11230154837063999,0.18389387460547746,-0.5293048461277201,-0.43998051235183927,0.2600767379554123,-0.045748574707809686,-0.9049743102146607
350.019989,0.33981979671056695,-0.11230154837063999,0.18389387460547746,-0.5293048461277201,-0.43998051235183927,0.2600767379554123,-0.045748574707809686,-0.9049743102146607
355.019989,0.26513795911645016,0.058828087093261774,0.0746750157262444,-0.4360946759471026,-0.18512925262837515,0.037659275952212926,-0.2191584281140612,-0.7133348995418712
360.019989,0.1904561215223334,0.22995772255716354,-0.03454384315298866,-0.34288450576648505,0.06972200709508888,-0.18475818605098646,-0.3925682815203127,-0.5216954888690817
365.019989,0.11577428392821662,0.4010873580210653,-0.14376270203222172,-0.24967433558586755,0.3245732668185529,-0.4071756480541858,-0.5659781349265642,-0.33005607819629207
370.019989,0.04109244633409985,0.572216993484967,-0.2529815609114548,-0.15646416540525002,0.5794245265420169,-0.6295931100573853,-0.7393879883328157,-0.13841666752350248
375.019989,-0.16111258072595577,0.5822817688472046,-0.40707272044192155,-0.22892756364124697,0.7673106175460499,-0.6124427880319125,-0.8112448406008612,-0.0620829432458585
380.019989,-0.2886357701918946,0.4212169087455404,-0.4519450210931554,-0.39460113205786146,0.7003454488266188,-0.37287500400324036,-0.7096918394626552,-0.1773886296410041
385.019989,-0.41615895965783345,0.2601520486438761,-0.4968173217443891,-0.560274700474476,0.6333802801071877,-0.13330721997456813,-0.6081388383244493,-0.2926943160361497
390.019989,-0.5436821491237724,0.09908718854221181,-0.5416896223956229,-0.7259482688910903,0.5664151113877566,0.10626056405410403,-0.5065858371862435,-0.40800000243129536
395.019989,-0.6712053385897112,-0.06197767155945244,-0.5865619230468566,-0.891621837307705,0.49944994266832543,0.3458283480827762,-0.40503283604803747,-0.5233056888264409
400.019989,-0.6712053385897112,-0.06197767155945244,-0.5865619230468566,-0.891621837307705,0.49944994266832543,0.3458283480827762,-0.40503283604803747,-0.5233056888264409
405.019989,-0.6712053385897112,-0.06197767155945244,-0.5865619230468566,-0.891621837307705,0.49944994266832543,0.3458283480827762,-0.40503283604803747,-0.5233056888264409
410.019989,-0.6712053385897112,-0.06197767155945244,-0.5865619230468566,-0.891621837307705,0.49944994266832543,0.3458283480827762,-0.40503283604803747,-0.5233056888264409
415.019989,-0.5745381578100242,0.027931592219863875,-0.5386267498228919,-0.7083657988417313,0.32666962110753395,0.1039731716702215,-0.4579579681588381,-0.35643381647146477
420.019989,-0.47787097703033704,0.11784085599918019,-0.49069157659892737,-0.5251097603757577,0.15388929954674246,-0.13788200474233317,-0.5108831002696386,-0.18956194411648858
425.019989,-0.38120379625065004,0.2077501197784965,-0.44275640337496264,-0.34185372190978414,-0.01889102201404902,-0.37973718115488786,-0.5638082323804392,-0.022690071761512432
430.019989,-0.284536615470963,0.29765938355781285,-0.394821230150998,-0.15859768344381053,-0.1916713435748405,-0.6215923575674426,-0.6167333644912396,0.14418180059346372
435.019989,-0.18786943469127593,0.38756864733712915,-0.34688605692703334,0.02465835502216307,-0.364451665135632,-0.8634475339799972,-0.6696584966020402,0.3110536729484399
440.019989,-0.18786943469127593,0.38756864733712915,-0.34688605692703334,0.02465835502216307,-0.364451665135632,-0.8634475339799972,-0.6696584966020402,0.3110536729484399
445.019989,-0.18786943469127593,0.38756864733712915,-0.34688605692703334,0.02465835502216307,-0.364451665135632,-0.8634475339799972,-0.6696584966020402,0.3110536729484399
450.019989,-0.18786943469127593,0.38756864733712915,-0.34688605692703334,0.02465835502216307,-0.364451665135632,-0.8634475339799972,-0.6696584966020402,0.3110536729484399
455.019989,-0.18786943469127593,0.38756864733712915,-0.34688605692703334,0.02465835502216307,-0.364451665135632,-0.8634475339799972,-0.6696584966020402,0.3110536729484399
460.019989,-0.18786943469127593,0.38756864733712915,-0.34688605692703334,0.02465835502216307,-0.364451665135632,-0.8634475339799972,-0.6696584966020402,0.3110536729484399
465.019989,-0.2643849984628123,0.22910278633760311,-0.12186329484900882,0.13669829156701963,-0.46052045602609964,-0.7811455054404032,-0.6167307673785911,0.415424880567992
470.019989,-0.3409005622343487,0.07063692533807711,0.1031594672290157,0.24873822811187618,-0.5565892469165673,-0.6988434769008093,-0.563803038155142,0.5197960881875441
475.019989,-0.4174161260058852,-0.08782893566144892,0.3281822293070402,0.36077816465673274,-0.6526580378070349,-0.6165414483612153,-0.5108753089316931,0.6241672958070961
480.019989,-0.4939316897774216,-0.24629479666097492,0.5532049913850647,0.47281810120158935,-0.7487268286975025,-0.5342394198216212,-0.4579475797082441,0.7285385034266483
485.019989,-0.570447253548958,-0.4047606576605009,0.7782277534630893,0.5848580377464458,-0.8447956195879701,-0.45193739128202726,-0.405019850484795,0.8329097110462003
490.019989,-0.570447253548958,-0.4047606576605009,0.7782277534630893,0.5848580377464458,-0.8447956195879701,-0.45193739128202726,-0.405019850484795,0.8329097110462003
495.019989,-0.570447253548958,-0.4047606576605009,0.7782277534630893,0.5848580377464458,-0.8447956195879701,-0.45193739128202726,-0.405019850484795,0.8329097110462003
500.019989,-0.5314899938623293,-0.49886602255466556,0.7493118778564505,0.34826656140965573,-0.6407102792788608,-0.519796274263251,-0.290991138804075,0.5248664668218458
505.019989,-0.4925327341757006,-0.59297138744883,0.7203960022498116,0.11167508507286557,-0.4366249389697514,-0.5876551572444748,-0.17696242712335503,0.21682322259749123
510.019989,-0.4535754744890719,-0.6870767523429947,0.6914801266431727,-0.12491639126392458,-0.232539598660642,-0.6555140402256987,-0.062933715442635,-0.09122002162686323
515.025024,-0.4146182148024432,-0.7811821172371592,0.6625642510365338,-0.36150786760071474,-0.02845425835153259,-0.7233729232069225,0.05109499623808502,-0.39926326585121774
520.030029,-0.37566095511581454,-0.8752874821313238,0.6336483754298949,-0.5980993439375049,0.17563108195757682,-0.7912318061881463,0.16512370791880504,-0.7073065100755722
525.034973,-0.3871575131858344,-0.8009633499090111,0.4290715102262547,-0.5164440998904938,-0.014904151557090106,-0.8205386944180109,0.07034100549732387,-0.38972474793488004
530.034973,-0.3986540712558543,-0.7266392176866981,0.22449464502261454,-0.4347888558434828,-0.20543938507175702,-0.8498455826478756,-0.024441696924157298,-0.0721429857941879
535.034973,-0.4101506293258742,-0.6523150854643853,0.019917779818974336,-0.35313361179647174,-0.39597461858642397,-0.8791524708777402,-0.11922439934563847,0.24543877634650432
540.034973,-0.42164718739589413,-0.5779909532420724,-0.18465908538466586,-0.2714783677494607,-0.5865098521010909,-0.9084593591076047,-0.21400710176711962,0.5630205384871966
545.034973,-0.433143745465914,-0.5036668210197595,-0.38923595058830607,-0.1898231237024497,-0.7770450856157578,-0.9377662473374693,-0.3087898041886008,0.8806023006278887
550.034973,-0.433143745465914,-0.5036668210197595,-0.38923595058830607,-0.1898231237024497,-0.7770450856157578,-0.9377662473374693,-0.3087898041886008,0.8806023006278887
555.034973,-0.433143745465914,-0.5036668210197595,-0.38923595058830607,-0.1898231237024497,-0.7770450856157578,-0.9377662473374693,-0.3087898041886008,0.8806023006278887
560.034973,-0.433143745465914,-0.5036668210197595,-0.38923595058830607,-0.1898231237024497,-0.7770450856157578,-0.9377662473374693,-0.3087898041886008,0.8806023006278887
565.034973,-0.433143745465914,-0.5036668210197595,-0.38923595058830607,-0.1898231237024497,-0.7770450856157578,-0.9377662473374693,-0.3087898041886008,0.8806023006278887
570.034973,-0.21410598040604634,-0.3213326659782211,-0.16673208869108894,0.01821617375390283,-0.7816647602953015,-0.7090508310642314,-0.13719176770601402,0.9014343577187788
575.034973,0.0049317846538212695,-0.13899851093668264,0.05577177320612821,0.22625547121025535,-0.7862844349748452,-0.4803354147909934,0.034406268776572754,0.9222664148096689
580.034973,0.22396954971368888,0.043335644104855756,0.27827563510334535,0.43429476866660793,-0.790904109654389,-0.25161999851775535,0.20600430525915953,0.943098471900559
585.034973,0.4430073147735564,0.22566979914639415,0.5007794970005625,0.6423340661229604,-0.7955237843339327,-0.022904582244517392,0.37760234174174634,0.9639305289914489
590.034973,0.6620450798334241,0.40800395418793256,0.7232833588977796,0.8503733635793129,-0.8001434590134764,0.20581083402872058,0.5492003782243331,0.984762586082339
595.034973,0.6620450798334241,0.40800395418793256,0.7232833588977796,0.8503733635793129,-0.8001434590134764,0.20581083402872058,0.5492003782243331,0.984762586082339
600.034973,0.6620450798334241,0.40800395418793256,0.7232833588977796,0.8503733635793129,-0.8001434590134764,0.20581083402872058,0.5492003782243331,0.984762586082339
605.034973,0.6620450798334241,0.40800395418793256,0.7232833588977796,0.8503733635793129,-0.8001434590134764,0.20581083402872058,0.5492003782243331,0.984762586082339
610.034973,0.6620450798334241,0.40800395418793256,0.7232833588977796,0.8503733635793129,-0.8001434590134764,0.20581083402872058,0.5492003782243331,0.984762586082339
615.034973,0.6620450798334241,0.40800395418793256,0.7232833588977796,0.8503733635793129,-0.8001434590134764,0.20581083402872058,0.5492003782243331,0.984762586082339
620.034973,0.6979399943855654,0.48506228926318595,0.5119400313015102,0.5956534959414512,-0.7140976361438046,0.23975795916939932,0.46965594328726523,0.7778621190711977
625.034973,0.7338349089377066,0.5621206243384395,0.30059670370524083,0.3409336283035895,-0.6280518132741328,0.27370508431007806,0.39011150835019726,0.5709616520600564
630.034973,0.769729823489848,0.639178959413693,0.08925337610897137,0.0862137606657277,-0.5420059904044612,0.30765220945075683,0.3105670734131293,0.3640611850489152
635.034973,0.643551726594559,0.7122555917523534,-0.18915323103376763,-0.005870647726456202,-0.4115178370034897,0.18585800317882922,0.15759756382173212,0.25391889625405073
640.034973,0.51737362969927,0.7853322240910142,-0.46755983817650665,-0.09795505611864011,-0.28102968360251823,0.06406379690690164,0.004628054230334966,0.1437766074591862
645.034973,0.3553006182518398,0.7813505213544213,-0.5346231177229762,0.06468040312703774,-0.2365873530712185,-0.09167753450570468,-0.06879702042399427,0.24053478567546294
650.034973,0.1932276068044096,0.7773688186178285,-0.6016863972694457,0.22731586237271556,-0.19214502253991878,-0.24741886591831103,-0.1422220950783235,0.3372929638917397
655.034973,0.031154595356979398,0.7733871158812355,-0.6687496768159154,0.3899513216183934,-0.14770269200861907,-0.4031601973309174,-0.21564716973265274,0.4340511421080164
660.034973,0.031154595356979398,0.7733871158812355,-0.6687496768159154,0.3899513216183934,-0.14770269200861907,-0.4031601973309174,-0.21564716973265274,0.4340511421080164
665.034973,0.031154595356979398,0.7733871158812355,-0.6687496768159154,0.3899513216183934,-0.14770269200861907,-0.4031601973309174,-0.21564716973265274,0.4340511421080164
670.034973,0.031154595356979398,0.7733871158812355,-0.6687496768159154,0.3899513216183934,-0.14770269200861907,-0.4031601973309174,-0.21564716973265274,0.4340511421080164
675.034973,-0.12222821257969492,0.49377367755735174,-0.4813781540725811,0.33793789215712977,-0.30027865002999604,-0.4940077776991199,-0.028213504581543127,0.489523830873199
680.034973,-0.2756110205163692,0.21416023923346791,-0.2940066313292469,0.2859244626958662,-0.452854608051373,-0.5848553580673224,0.1592201605695665,0.5449965196383817
685.034973,-0.42899382845304357,-0.06545319909041583,-0.1066351085859127,0.23391103323460255,-0.60543056607275,-0.675702938435525,0.3466538257206761,0.6004692084035642
690.034973,-0.5823766363897178,-0.3450666374142996,0.08073641415742153,0.18189760377333894,-0.7580065240941269,-0.7665505188037276,0.5340874908717858,0.6559418971687467
695.034973,-0.4946785620177868,-0.6523973706730154,0.39858387536742035,-0.002583588644337986,-0.5349037982986317,-0.5991476215155488,0.6442490166437921,0.5989824593427017
700.034973,-0.25359767970918135,-0.6801146656078474,0.529059813834085,-0.1350513516007513,-0.15922511448175936,-0.3408971438591674,0.5669768772646888,0.4865503327514739
705.034973,-0.01251679740057603,-0.7078319605426795,0.6595357523007495,-0.2675191145571646,0.216453569335113,-0.08264666620278609,0.4897047378855855,0.37411820616024605
710.034973,0.12865781008053462,-0.6008627006801375,0.6356779444153716,-0.3667544171583612,0.4545983053695692,0.22654748948637135,0.37839468798555737,0.051665156221274836
715.034973,0.2698324175616453,-0.49389344081759556,0.6118201365299937,-0.46598971975955783,0.6927430414040254,0.5357416451755288,0.26708463808552924,-0.2707878937176964
720.034973,0.16992614273415058,-0.35920688602022166,0.45748639017795123,-0.43275725940434107,0.5552090936216091,0.5866853232083049,0.23304672756460437,-0.4808088170654399
725.034973,0.07001986790665585,-0.2245203312228477,0.30315264382590873,-0.39952479904912436,0.4176751458391931,0.6376290012410811,0.19900881704367954,-0.6908297404131833
730.034973,-0.02988640692083888,-0.08983377642547374,0.14881889747386623,-0.36629233869390765,0.28014119805677695,0.6885726792738571,0.1649709065227547,-0.9008506637609269
735.034973,-0.03091051777459155,-0.08352193508252329,-0.002061456706961939,-0.1283859508133442,0.04465123233629083,0.6264169163103551,0.08271379127160121,-0.5235536039296601
740.034973,-0.03193462862834422,-0.07721009373957281,-0.1529418108877901,0.10952043706721923,-0.1908387333841953,0.564261153346853,0.0004566760204477216,-0.14625654409839353
745.034973,-0.03295873948209689,-0.07089825239662235,-0.30382216506861826,0.34742682494778265,-0.4263286991046814,0.502105390383351,-0.08180043923070576,0.23104051573287313
750.034973,-0.20961255484825383,-0.01898139665362093,-0.4997000178201617,0.5848998177621999,-0.2924377921534106,0.25430244417006376,-0.06279403551774818,0.41062593038517736
755.034973,-0.3862663702144108,0.03293545908938049,-0.6955778705717052,0.8223728105766173,-0.1585468852021396,0.006499497956776556,-0.043787631804790596,0.5902113450374815
760.034973,-0.5618960747268151,0.07854047348943145,-0.7405753691424204,0.8219394155104709,0.2108339874696174,-0.17914768529300856,0.057475887159320484,0.39249969985851907
765.034973,-0.7375257792392192,0.1241454878894824,-0.7855728677131356,0.8215060204443247,0.5802148601413745,-0.36479486854279364,0.15873940612343157,0.19478805467955662
770.034973,-0.9131554837516236,0.16975050228953337,-0.8305703662838508,0.8210726253781786,0.9495957328131315,-0.5504420517925788,0.26000292508754264,-0.002923590499405826
775.034973,-0.9131554837516236,0.16975050228953337,-0.8305703662838508,0.8210726253781786,0.9495957328131315,-0.5504420517925788,0.26000292508754264,-0.002923590499405826
780.034973,-0.8356297297835471,0.23100759250602598,-0.5091336917797145,0.5685509316628498,0.8004507401915107,-0.5224360042415863,0.014051119171478854,0.022890753538811516
785.034973,-0.7581039758154707,0.2922646827225186,-0.18769701727557794,0.3160292379475209,0.65130574756989,-0.49442995669059375,-0.23190068674458492,0.04870509757702886
790.034973,-0.6805782218473942,0.3535217729390112,0.13373965722855843,0.06350754423219214,0.5021607549482694,-0.4664239091396013,-0.47785249266064866,0.07451944161524619
795.034973,-0.6030524678793178,0.4147788631555038,0.4551763317326948,-0.1890141494831367,0.35301576232664844,-0.43841786158860874,-0.7238042985767125,0.10033378565346354
800.034973,-0.45224850699870434,0.5536344225926026,0.45757424240174005,-0.17035970124664343,0.25595732119614656,-0.19033524476767663,-0.8261617836189565,0.20337376081711875
5.005,-0.3789703000861673,0.631232891813209,0.13853547856664888,0.10081644070517863,0.3080438726872654,0.029741324502263033,-0.6825674627451367,0.2805993919425566
10.01,-0.3056920931736302,0.7088313610338152,-0.18050328526844234,0.3719925826570007,0.36013042417838426,0.2498178937722027,-0.5389731418713168,0.3578250230679945
15.015,-0.23241388626109316,0.7864298302544215,-0.4995420491035335,0.6431687246088228,0.41221697566950316,0.46989446304214233,-0.395378820997497,0.4350506541934324
20.014999,-0.01978272320740797,0.5888560226316055,-0.8480033508012859,0.722096110104062,0.3141052093677534,0.6235127276490902,-0.30448194710150667,0.39232268362296885
25.014999,0.11957023293374017,0.3136837457881833,-0.8774258886639471,0.5298473536474793,0.16390689157488483,0.5570544229860983,-0.35717939407933613,0.2723690819270675
30.014999,0.2589231890748883,0.03851146894476121,-0.9068484265266082,0.3375985971908965,0.013708573782016264,0.49059611832310646,-0.40987684105716565,0.15241548023116608
35.014999,0.39827614521603644,-0.23666080789866095,-0.9362709643892695,0.14534984073431376,-0.1364897440108523,0.42413781366011455,-0.4625742880349952,0.0324618785352647
40.014999,0.32210837396846975,-0.21231986214112294,-0.7036799986010737,-0.10884721425911877,-0.12068736662957757,0.48561409260031996,-0.2684265267721268,0.02477407750243308
45.014999,0.10658764657975497,0.08719336045983721,-0.44166649495021665,-0.17079551279596852,0.04531332854456571,0.6135486762035172,-0.021581318531428993,0.13703987816550284
50.014999,-0.10893308080895983,0.38670658306079736,-0.17965299129935955,-0.23274381133281827,0.211314023718709,0.7414832598067143,0.22526388970926883,0.24930567882857263
55.014999,-0.3244538081976746,0.6862198056617574,0.08236051235149748,-0.29469210986966804,0.3773147188928523,0.8694178434099115,0.47210909794996664,0.36157147949164237
60.014999,-0.5399745355863894,0.9857330282627178,0.3443740160023545,-0.3566404084065178,0.5433154140669956,0.9973524270131087,0.7189543061906645,0.4738372801547122
65.014999,-0.5399745355863894,0.9857330282627178,0.3443740160023545,-0.3566404084065178,0.5433154140669956,0.9973524270131087,0.7189543061906645,0.4738372801547122
70.014999,-0.5399745355863894,0.9857330282627178,0.3443740160023545,-0.3566404084065178,0.5433154140669956,0.9973524270131087,0.7189543061906645,0.4738372801547122
75.014999,-0.5399745355863894,0.9857330282627178,0.3443740160023545,-0.3566404084065178,0.5433154140669956,0.9973524270131087,0.7189543061906645,0.4738372801547122
80.014999,-0.5669329973532812,0.9405215405836234,0.14118541619010827,-0.12800666592696622,0.33934730077960784,0.640052523714339,0.3958795365107592,0.3825351823451299
85.014999,-0.5938914591201729,0.895310052904529,-0.06200318362213797,0.10062707655258536,0.13537918749222005,0.2827526204155692,0.07280476683085393,0.29123308453554764
90.014999,-0.6208499208870648,0.8500985652254348,-0.2651917834343842,0.32926081903213694,-0.06858892579516769,-0.07454728288320052,-0.2502700028490513,0.1999309867259654
95.014999,-0.6478083826539566,0.8048870775463405,-0.4683803832466305,0.5578945615116885,-0.27255703908255546,-0.43184718618197027,-0.5733447725289567,0.10862888891638316
100.014999,-0.6747668444208483,0.759675589867246,-0.6715689830588767,0.7865283039912401,-0.47652515236994314,-0.78914708948074,-0.8964195422088619,0.01732679110680091
105.014999,-0.6747668444208483,0.759675589867246,-0.6715689830588767,0.7865283039912401,-0.47652515236994314,-0.78914708948074,-0.8964195422088619,0.01732679110680091
110.014999,-0.6747668444208483,0.759675589867246,-0.6715689830588767,0.7865283039912401,-0.47652515236994314,-0.78914708948074,-0.8964195422088619,0.01732679110680091
115.014999,-0.4648369863744146,0.6745507671877233,-0.37988622243795717,0.5545352410015318,-0.5176627486673308,-0.49826757113205905,-0.9042730649658555,-0.1823536470815999
120.014999,-0.2549071283279809,0.5894259445082005,-0.08820346181703762,0.32254217801182355,-0.5588003449647184,-0.20738805278337819,-0.9121265877228494,-0.3820340852700007
125.014999,-0.04497727028154719,0.5043011218286779,0.2034792988038819,0.09054911502211524,-0.599937941262106,0.0834914655653027,-0.9199801104798431,-0.5817145234584015
130.014999,0.16495258776488653,0.4191762991491553,0.49516205942480146,-0.14144394796759302,-0.6410755375594934,0.3743709839139836,-0.9278336332368367,-0.7813949616468022
135.014999,0.37488244581132024,0.3340514764696325,0.786844820045721,-0.3734370109573013,-0.6822131338568811,0.6652505022626645,-0.9356871559938306,-0.9810753998352031
140.014999,0.37488244581132024,0.3340514764696325,0.786844820045721,-0.3734370109573013,-0.6822131338568811,0.6652505022626645,-0.9356871559938306,-0.9810753998352031
145.014999,0.15948842736203123,0.40381096324347754,0.5482933693331571,-0.38771063837293,-0.5178081404242894,0.5448479092942821,-0.8700853850252278,-0.9296373564430873
150.014999,-0.05590559108725781,0.47357045001732256,0.3097419186205931,-0.4019842657885587,-0.3534031469916976,0.42444531632589955,-0.804483614056625,-0.8781993130509715
155.014999,-0.27129960953654686,0.5433299367911675,0.07119046790802916,-0.4162578932041875,-0.18899815355910587,0.3040427233575172,-0.7388818430880224,-0.8267612696588558
160.014999,-0.4866936279858359,0.6130894235650125,-0.16736098280453476,-0.4305315206198162,-0.024593160126514135,0.18364013038913476,-0.6732800721194196,-0.77532322626674
165.014999,-0.7020876464351249,0.6828489103388575,-0.40591243351709866,-0.4448051480354449,0.1398118333060776,0.06323753742075233,-0.6076783011508169,-0.7238851828746242
170.014999,-0.7020876464351249,0.6828489103388575,-0.40591243351709866,-0.4448051480354449,0.1398118333060776,0.06323753742075233,-0.6076783011508169,-0.7238851828746242
175.014999,-0.7020876464351249,0.6828489103388575,-0.40591243351709866,-0.4448051480354449,0.1398118333060776,0.06323753742075233,-0.6076783011508169,-0.7238851828746242
180.014999,-0.7020876464351249,0.6828489103388575,-0.40591243351709866,-0.4448051480354449,0.1398118333060776,0.06323753742075233,-0.6076783011508169,-0.7238851828746242
185.014999,-0.7020876464351249,0.6828489103388575,-0.40591243351709866,-0.4448051480354449,0.1398118333060776,0.06323753742075233,-0.6076783011508169,-0.7238851828746242
190.014999,-0.3821278887093015,0.5931000322154475,-0.24210499795372548,-0.28698480015073824,0.27574596545681385,0.08461195108684469,-0.4573832754597883,-0.5888198809290911
195.014999,-0.062168130983478065,0.5033511540920375,-0.07829756239035227,-0.12916445226603157,0.4116800976075501,0.10598636475293706,-0.30708824976875976,-0.453754578983558
200.014999,0.2577916267423454,0.41360227596862736,0.08550987317302097,0.028655895618675098,0.5476142297582864,0.12736077841902943,-0.15679322407773116,-0.3186892770380249
205.014999,0.30262346374518645,0.35603884934387936,0.1838792492174207,0.09964526986772526,0.643917311776752,-0.046118735136663605,0.1195823219393453,-0.2878122565386435
210.014999,0.34745530074802755,0.29847542271913136,0.28224862526182043,0.17063464411677542,0.7402203937952179,-0.2195982486923566,0.3959578679564218,-0.25693523603926205
215.014999,0.07232738002504516,0.3306608742177934,0.2168105657428469,0.08380367048111892,0.7005893436629472,-0.414452175914142,0.5220383882824697,-0.3611235174854137
220.014999,-0.20280054069793724,0.3628463257164555,0.1513725062238734,-0.003027303154537586,0.6609582935306767,-0.6093061031359274,0.6481189086085176,-0.4653117989315653
225.014999,-0.4779284614209196,0.3950317772151175,0.08593444670489991,-0.08985827679019409,0.6213272433984061,-0.8041600303577127,0.7741994289345655,-0.569500080377717
230.014999,-0.4779284614209196,0.3950317772151175,0.08593444670489991,-0.08985827679019409,0.6213272433984061,-0.8041600303577127,0.7741994289345655,-0.569500080377717
235.014999,-0.4779284614209196,0.3950317772151175,0.08593444670489991,-0.08985827679019409,0.6213272433984061,-0.8041600303577127,0.7741994289345655,-0.569500080377717
240.014999,-0.4779284614209196,0.3950317772151175,0.08593444670489991,-0.08985827679019409,0.6213272433984061,-0.8041600303577127,0.7741994289345655,-0.569500080377717
245.014999,-0.4779284614209196,0.3950317772151175,0.08593444670489991,-0.08985827679019409,0.6213272433984061,-0.8041600303577127,0.7741994289345655,-0.569500080377717
250.014999,-0.4779284614209196,0.3950317772151175,0.08593444670489991,-0.08985827679019409,0.6213272433984061,-0.8041600303577127,0.7741994289345655,-0.569500080377717
255.014999,-0.31954097994544883,0.15209811696418135,0.14544415652171844,-0.034336963582993096,0.5599734551977233,-0.8357525541548009,0.496237436462883,-0.32606620577376144
260.019989,-0.16115349846997812,-0.09083554328675483,0.20495386633853693,0.0211843496242079,0.4986196669970406,-0.8673450779518891,0.21827544399120047,-0.08263233116980588
265.019989,-0.002766016994507359,-0.333769203537691,0.26446357615535543,0.0767056628314089,0.4372658787963578,-0.8989376017489772,-0.05968654848048205,0.1608015434341497
270.019989,0.1556214644809634,-0.5767028637886271,0.32397328597217395,0.1322269760386099,0.37591209059567504,-0.9305301255460654,-0.33764854095216457,0.40423541803810525
275.019989,0.31400894595643414,-0.8196365240395632,0.3834829957889925,0.18774828924581088,0.3145583023949923,-0.9621226493431536,-0.6156105334238471,0.6476692926420609
280.019989,0.31400894595643414,-0.8196365240395632,0.3834829957889925,0.18774828924581088,0.3145583023949923,-0.9621226493431536,-0.6156105334238471,0.6476692926420609
285.019989,0.31400894595643414,-0.8196365240395632,0.3834829957889925,0.18774828924581088,0.3145583023949923,-0.9621226493431536,-0.6156105334238471,0.6476692926420609
290.019989,0.31400894595643414,-0.8196365240395632,0.3834829957889925,0.18774828924581088,0.3145583023949923,-0.9621226493431536,-0.6156105334238471,0.6476692926420609
295.019989,0.31400894595643414,-0.8196365240395632,0.3834829957889925,0.18774828924581088,0.3145583023949923,-0.9621226493431536,-0.6156105334238471,0.6476692926420609
300.019989,0.2043471467300873,-0.5852904965919874,0.4104173229682039,0.13155410920410932,0.20324794167594024,-0.6712155080846347,-0.6569576533200241,0.5497202715209981
305.019989,0.09468534750374044,-0.3509444691444117,0.43735165014741534,0.07535992916240772,0.09193758095688823,-0.3803083668261159,-0.698304773216201,0.45177125039993526
310.019989,-0.014976451722606398,-0.1165984416968358,0.46428597732662674,0.019165749120706142,-0.019372779762163804,-0.08940122556759703,-0.7396518931123781,0.3538222292788725
315.019989,-0.12463825094895324,0.11774758575074004,0.4912203045058382,-0.037028430920995434,-0.13068314048121582,0.20150591569092186,-0.780999013008555,0.25587320815780973
320.019989,-0.2343000501753001,0.3520936131983159,0.5181546316850496,-0.09322261096269702,-0.24199350120026786,0.4924130569494407,-0.8223461329047319,0.15792418703674693
325.019989,0.00015152414408698968,0.15258203287395727,0.23895788162966322,0.0999428331426866,-0.14842612744110614,0.4660811020940258,-0.7154689058623885,-0.028399854058925155
330.019989,0.23460309846347407,-0.04692954745040132,-0.04023886842572315,0.2931082772480702,-0.05485875368194444,0.439749147238611,-0.6085916788200452,-0.21472389515459725
335.019989,0.4690546727828611,-0.24644112777475993,-0.3194356184811095,0.48627372135345387,0.03870862007721727,0.41341719238319624,-0.5017144517777018,-0.4010479362502693
340.019989,0.7035062471022483,-0.44595270809911847,-0.5986323685364959,0.6794391654588374,0.13227599383637897,0.38708523752778135,-0.3948372247353583,-0.5873719773459415
345.019989,0.9379578214216353,-0.6454642884234771,-0.8778291185918823,0.872604609564221,0.2258433675955407,0.3607532826723665,-0.28795999769301495,-0.7736960184416135
350.019989,0.6696650497232317,-0.5206889645953865,-0.6790503620109788,0.7053903386565964,0.3549335889941826,0.2319403182852394,-0.22792382145844173,-0.5397017782346781
355.019989,0.401372278024828,-0.39591364076729574,-0.48027160543007524,0.5381760677489718,0.4840238103928245,0.1031273538981123,-0.1678876452238685,-0.30570753802774264
360.019989,0.13307950632642437,-0.2711383169392051,-0.28149284884917175,0.37096179684134717,0.6131140317914664,-0.02568561048901481,-0.10785146898929528,-0.0717132978208073
365.019989,-0.13521326537197925,-0.1463629931111144,-0.08271409226826823,0.20374752593372256,0.7422042531901083,-0.1544985748761419,-0.04781529275472205,0.16228094238612809
370.019989,-0.4035060370703829,-0.02158766928302369,0.11606466431263529,0.036533255026097944,0.8712944745887501,-0.283311539263269,0.012220883479851175,0.3962751825930635
375.019989,-0.4035060370703829,-0.02158766928302369,0.11606466431263529,0.036533255026097944,0.8712944745887501,-0.283311539263269,0.012220883479851175,0.3962751825930635
380.019989,-0.4035060370703829,-0.02158766928302369,0.11606466431263529,0.036533255026097944,0.8712944745887501,-0.283311539263269,0.012220883479851175,0.3962751825930635
385.019989,-0.4035060370703829,-0.02158766928302369,0.11606466431263529,0.036533255026097944,0.8712944745887501,-0.283311539263269,0.012220883479851175,0.3962751825930635
390.019989,-0.4035060370703829,-0.02158766928302369,0.11606466431263529,0.036533255026097944,0.8712944745887501,-0.283311539263269,0.012220883479851175,0.3962751825930635
395.019989,-0.4035060370703829,-0.02158766928302369,0.11606466431263529,0.036533255026097944,0.8712944745887501,-0.283311539263269,0.012220883479851175,0.3962751825930635
400.019989,-0.14877215342011926,-0.01929104072509542,0.11372677263186581,-0.08947404423205314,0.8911843491884411,-0.19076008465066238,-0.026340389984734047,0.4910432989443249
405.019989,0.10596173023014437,-0.01699441216716715,0.11138888095109634,-0.21548134349020423,0.9110742237881322,-0.09820863003805576,-0.06490166344931927,0.5858114152955863
410.019989,0.360695613880408,-0.014697783609238879,0.10905098927032686,-0.34148864274835533,0.9309640983878232,-0.005657175425449123,-0.10346293691390449,0.6805795316468479
415.019989,0.6319575274163785,0.09760856825749484,0.2697972573930768,-0.19715568033410302,0.6990093287403759,-0.08209954165166841,-0.28556696573697843,0.7428915288371348
420.019989,0.9032194409523487,0.20991492012422858,0.4305435255158268,-0.052822717919850735,0.46705455909292865,-0.15854190787788772,-0.4676709945600523,0.8052035260274216
425.019989,0.9197474708380555,0.319924643433034,0.5936276853193462,0.21751754375255264,0.21520991484579058,-0.32753572871671366,-0.611213749918541,0.772747406866447
430.019989,0.9362755007237624,0.4299343667418395,0.7567118451228657,0.48785780542495605,-0.03663472940134764,-0.4965295495555395,-0.7547565052770298,0.7402912877054725
435.019989,0.952803530609469,0.5399440900506449,0.9197960049263851,0.7581980670973594,-0.28847937364848586,-0.6655233703943655,-0.8982992606355185,0.7078351685444979
440.019989,0.952803530609469,0.5399440900506449,0.9197960049263851,0.7581980670973594,-0.28847937364848586,-0.6655233703943655,-0.8982992606355185,0.7078351685444979
445.019989,0.952803530609469,0.5399440900506449,0.9197960049263851,0.7581980670973594,-0.28847937364848586,-0.6655233703943655,-0.8982992606355185,0.7078351685444979
450.019989,0.956410984012656,0.44338054166414664,0.9097472472919546,0.6865146176174919,-0.2867951817963749,-0.42247683174212325,-0.6672392790761627,0.5156041035735601
455.019989,0.9600184374158431,0.3468169932776484,0.8996984896575236,0.6148311681376243,-0.285110989944264,-0.179430293089881,-0.43617929751680684,0.32337303860262245
460.019989,0.9636258908190299,0.25025344489115015,0.8896497320230929,0.5431477186577568,-0.2834267980921531,0.06361624556236123,-0.20511931595745098,0.1311419736316847
465.019989,0.9672333442222169,0.1536898965046519,0.8796009743886624,0.47146426917788925,-0.28174260624004216,0.30666278421460347,0.025940665601904868,-0.06108909133925304
470.019989,0.9708407976254039,0.05712634811815365,0.8695522167542314,0.3997808196980217,-0.2800584143879312,0.5497093228668457,0.2570006471612607,-0.2533201563101908
475.019989,0.9708407976254039,0.05712634811815365,0.8695522167542314,0.3997808196980217,-0.2800584143879312,0.5497093228668457,0.2570006471612607,-0.2533201563101908
480.019989,0.9708407976254039,0.05712634811815365,0.8695522167542314,0.3997808196980217,-0.2800584143879312,0.5497093228668457,0.2570006471612607,-0.2533201563101908
485.019989,0.8569735843194166,0.18276984525918477,0.7347913394729613,0.3114212810720371,-0.3622347485240455,0.6348872780680935,0.26411655298151604,-0.37523949095875525
490.019989,0.7431063710134295,0.3084133424002159,0.600030462191691,0.2230617424460525,-0.44441108266015983,0.7200652332693412,0.2712324588017713,-0.4971588256073197
495.019989,0.6292391577074422,0.434056839541247,0.4652695849104207,0.1347022038200679,-0.5265874167962742,0.8052431884705891,0.27834836462202667,-0.6190781602558842
500.019989,0.5153719444014551,0.5597003366822783,0.3305087076291504,0.046342665194083296,-0.6087637509323885,0.8904211436718368,0.28546427044228195,-0.7409974949044488
505.019989,0.4015047310954678,0.6853438338233093,0.19574783034788013,-0.0420168734319013,-0.6909400850685028,0.9755990988730845,0.2925801762625373,-0.8629168295530132
510.019989,0.4015047310954678,0.6853438338233093,0.19574783034788013,-0.0420168734319013,-0.6909400850685028,0.9755990988730845,0.2925801762625373,-0.8629168295530132
515.025024,0.1548567729138032,0.6103368536667114,0.008407747128607168,-0.04700549587385181,-0.483781564202687,0.7854302630753185,0.20197212231723558,-0.7968183226288673
520.030029,-0.09179118526786141,0.5353298735101134,-0.17893233609066578,-0.05199411831580232,-0.2766230433368711,0.5952614272775525,0.11136406837193387,-0.7307198157047214
525.034973,-0.338439143449526,0.46032289335351556,-0.36627241930993876,-0.05698274075775282,-0.06946452247105524,0.40509259147978655,0.020756014426632153,-0.6646213087805755
530.034973,-0.33046676490468085,0.21208981789569817,-0.22386654179500742,0.012825021374073176,-0.1197975194277432,0.30226606713067045,0.10328702636349632,-0.6796055519534029
535.034973,-0.3224943863598357,-0.036143257562119224,-0.08146066428007606,0.08263278350589917,-0.17013051638443116,0.19943954278155443,0.18581803830036048,-0.69458979512623
540.034973,-0.06787404963332593,-0.2093693528633387,0.2482852964541283,0.1574291680796757,-0.4276220342069349,0.2867818542302044,0.35895710418252635,-0.7756725452232031
545.034973,0.18674628709318383,-0.38259544816455815,0.5780312571883327,0.23222555265345218,-0.6851135520294388,0.37412416567885437,0.5320961700646922,-0.8567552953201762
550.034973,0.4413666238196936,-0.5558215434657776,0.907777217922537,0.3070219372272287,-0.9426050698519426,0.4614664771275043,0.7052352359468581,-0.9378380454171491
555.034973,0.4413666238196936,-0.5558215434657776,0.907777217922537,0.3070219372272287,-0.9426050698519426,0.4614664771275043,0.7052352359468581,-0.9378380454171491
560.034973,0.4413666238196936,-0.5558215434657776,0.907777217922537,0.3070219372272287,-0.9426050698519426,0.4614664771275043,0.7052352359468581,-0.9378380454171491
565.034973,0.4413666238196936,-0.5558215434657776,0.907777217922537,0.3070219372272287,-0.9426050698519426,0.4614664771275043,0.7052352359468581,-0.9378380454171491
570.034973,0.4413666238196936,-0.5558215434657776,0.907777217922537,0.3070219372272287,-0.9426050698519426,0.4614664771275043,0.7052352359468581,-0.9378380454171491
575.034973,0.3248306983927955,-0.2843208093287483,0.6217720061265373,0.13361588998278293,-0.7568563730319987,0.5274330418969441,0.7052410026023901,-0.647748273233242
580.034973,0.2082947729658974,-0.012820075191719038,0.33576679433053747,-0.03979015726166284,-0.5711076762120548,0.5933996066663838,0.7052467692579221,-0.35765850104933483
585.034973,0.0917588475389993,0.2586806589453102,0.04976158253453775,-0.2131962045061086,-0.3853589793921109,0.6593661714358234,0.7052525359134542,-0.06756872886542772
590.034973,-0.028235539813382494,0.29859731356737834,-0.12335961714484597,-0.3942986957303068,-0.15799709004668833,0.5400835681264823,0.36859362823704683,0.22190420941154093
595.034973,-0.14822992716576427,0.33851396818944646,-0.2964808168242297,-0.5754011869545049,0.06936479929873425,0.420800964817141,0.031934720560639465,0.5113771476885096
600.034973,-0.151688389091248,0.1069298886744852,-0.1835968047076137,-0.5830976309342574,0.1109779918242129,0.2355517967383601,-0.30472995377129974,0.510760313781571
605.034973,-0.15514685101673167,-0.12465419084047599,-0.07071279259099769,-0.5907940749140097,0.15259118434969157,0.05030262865957917,-0.641394628103239,0.5101434798746326
610.034973,-0.15860531294221536,-0.3562382703554372,0.04217121952561831,-0.5984905188937621,0.19420437687517023,-0.13494653941920176,-0.9780593024351782,0.5095266459676941
615.034973,-0.15860531294221536,-0.3562382703554372,0.04217121952561831,-0.5984905188937621,0.19420437687517023,-0.13494653941920176,-0.9780593024351782,0.5095266459676941
620.034973,-0.15860531294221536,-0.3562382703554372,0.04217121952561831,-0.5984905188937621,0.19420437687517023,-0.13494653941920176,-0.9780593024351782,0.5095266459676941
625.034973,-0.15860531294221536,-0.3562382703554372,0.04217121952561831,-0.5984905188937621,0.19420437687517023,-0.13494653941920176,-0.9780593024351782,0.5095266459676941
630.034973,-0.15860531294221536,-0.3562382703554372,0.04217121952561831,-0.5984905188937621,0.19420437687517023,-0.13494653941920176,-0.9780593024351782,0.5095266459676941
635.034973,-0.15860531294221536,-0.3562382703554372,0.04217121952561831,-0.5984905188937621,0.19420437687517023,-0.13494653941920176,-0.9780593024351782,0.5095266459676941
640.034973,-0.027274690049922203,-0.2787950772688585,0.10700611166608195,-0.6267492061008355,0.30655746519959265,-0.03955318982049842,-0.6025790849445063,0.5592546223498047
645.034973,0.10405593284237095,-0.2013518841822798,0.1718410038065456,-0.655007893307909,0.4189105535240151,0.05584015977820491,-0.22709886745383442,0.6089825987319152
650.034973,0.2353865557346641,-0.1239086910957011,0.23667589594700927,-0.6832665805149823,0.5312636418484374,0.15123350937690824,0.14838135003683747,0.6587105751140256
655.034973,0.3667171786269573,-0.046465498009122405,0.3015107880874729,-0.7115252677220558,0.6436167301728599,0.2466268589756116,0.5238615675275093,0.7084385514961363
660.034973,0.4980478015192505,0.03097769507745629,0.36634568022793657,-0.7397839549291292,0.7559698184972823,0.3420202085743149,0.8993417850181814,0.7581665278782468
665.034973,0.2600770202722613,0.04692496872556462,0.1359635685054886,-0.6413065849095647,0.5492212306744417,0.2501034582548013,0.7800876595018421,0.48408544961102445
670.034973,0.0221062390252722,0.06287224237367295,-0.09441854321695935,-0.5428292148900004,0.3424726428516013,0.15818670793528772,0.6608335339855029,0.2100043713438021
675.034973,-0.21586454222171692,0.07881951602178128,-0.3248006549394073,-0.4443518448704359,0.13572405502876075,0.0662699576157741,0.5415794084691636,-0.06407670692342018
680.034973,-0.453835323468706,0.0947667896698896,-0.5551827666618553,-0.34587447485087147,-0.07102453279407976,-0.025646792703739506,0.4223252829528247,-0.3381577851906425
685.034973,-0.6918061047156951,0.11071406331799793,-0.7855648783843032,-0.24739710483130706,-0.2777731206169203,-0.11756354302325311,0.3030711574364855,-0.6122388634578648
690.034973,-0.6918061047156951,0.11071406331799793,-0.7855648783843032,-0.24739710483130706,-0.2777731206169203,-0.11756354302325311,0.3030711574364855,-0.6122388634578648
695.034973,-0.6918061047156951,0.11071406331799793,-0.7855648783843032,-0.24739710483130706,-0.2777731206169203,-0.11756354302325311,0.3030711574364855,-0.6122388634578648
700.034973,-0.6918061047156951,0.11071406331799793,-0.7855648783843032,-0.24739710483130706,-0.2777731206169203,-0.11756354302325311,0.3030711574364855,-0.6122388634578648
705.034973,-0.6918061047156951,0.11071406331799793,-0.7855648783843032,-0.24739710483130706,-0.2777731206169203,-0.11756354302325311,0.3030711574364855,-0.6122388634578648
710.034973,-0.6918061047156951,0.11071406331799793,-0.7855648783843032,-0.24739710483130706,-0.2777731206169203,-0.11756354302325311,0.3030711574364855,-0.6122388634578648
715.034973,-0.38765491015857595,0.058535439867365556,-0.4875627612463049,-0.02493406061714607,-0.09843145612878215,-0.009336385932429848,0.3318407802480389,-0.47838424621254205
720.034973,-0.08350371560145672,0.00635681641673318,-0.1895606441083067,0.19752898359701493,0.08091020835935599,0.09889077115839343,0.36061040305959235,-0.34452962896721917
725.034973,0.22064747895566242,-0.045821807033899195,0.10844147302969165,0.4199920278111759,0.2602518728474941,0.20711792824921668,0.38938002587114584,-0.21067501172189637
730.034973,0.5247986735127815,-0.09800043048453158,0.40644359016769,0.6424550720253369,0.4395935373356322,0.31534508534003997,0.4181496486826992,-0.07682039447657356
735.034973,0.8289498680699008,-0.15017905393516395,0.7044457073056882,0.8649181162394978,0.6189352018237704,0.42357224243086317,0.4469192714942527,0.057034222768749254
740.034973,0.8289498680699008,-0.15017905393516395,0.7044457073056882,0.8649181162394978,0.6189352018237704,0.42357224243086317,0.4469192714942527,0.057034222768749254
745.034973,0.8289498680699008,-0.15017905393516395,0.7044457073056882,0.8649181162394978,0.6189352018237704,0.42357224243086317,0.4469192714942527,0.057034222768749254
750.034973,0.8289498680699008,-0.15017905393516395,0.7044457073056882,0.8649181162394978,0.6189352018237704,0.42357224243086317,0.4469192714942527,0.057034222768749254
755.034973,0.8289498680699008,-0.15017905393516395,0.7044457073056882,0.8649181162394978,0.6189352018237704,0.42357224243086317,0.4469192714942527,0.057034222768749254
760.034973,0.8289498680699008,-0.15017905393516395,0.7044457073056882,0.8649181162394978,0.6189352018237704,0.42357224243086317,0.4469192714942527,0.057034222768749254
765.034973,0.6544531705386241,-0.27737324114994866,0.6273322058681601,0.8725598874039951,0.2982275547058411,0.3332511371308332,0.284583554816182,0.17586280242653282
770.034973,0.4799564730073474,-0.4045674283647334,0.5502187044306319,0.8802016585684924,-0.02248009241208817,0.24293003183080325,0.1222478381381114,0.2946913820843164
775.034973,0.3054597754760707,-0.5317616155795182,0.4731052029931039,0.8878434297329896,-0.34318773953001747,0.15260892653077324,-0.04008787853995925,0.4135199617421
780.034973,0.13096307794479406,-0.6589558027943029,0.3959917015555758,0.8954852008974867,-0.6638953866479467,0.06228782123074326,-0.2024235952180299,0.5323485413998836
785.034973,-0.04353361958648261,-0.7861499900090876,0.3188782001180477,0.9031269720619841,-0.984603033765876,-0.028033284069286735,-0.36475931189610056,0.6511771210576671
790.034973,-0.04353361958648261,-0.7861499900090876,0.3188782001180477,0.9031269720619841,-0.984603033765876,-0.028033284069286735,-0.36475931189610056,0.6511771210576671
795.034973,-0.04353361958648261,-0.7861499900090876,0.3188782001180477,0.9031269720619841,-0.984603033765876,-0.028033284069286735,-0.36475931189610056,0.6511771210576671
800.034973,-0.04353361958648261,-0.7861499900090876,0.3188782001180477,0.9031269720619841,-0.984603033765876,-0.028033284069286735,-0.36475931189610056,0.6511771210576671
805.034973,-0.04353361958648261,-0.7861499900090876,0.3188782001180477,0.9031269720619841,-0.984603033765876,-0.028033284069286735,-0.36475931189610056,0.6511771210576671
810.034973,-0.06944187830007409,-0.631329553965629,0.3703808412591979,0.8057013304175642,-0.8525392043268336,-0.03389667804168184,-0.45183296785680316,0.33490605964533043
815.034973,-0.09535013701366557,-0.4765091179221702,0.42188348240034806,0.7082756887731444,-0.7204753748877912,-0.03976007201407694,-0.5389066238175058,0.01863499823299373
820.034973,-0.12125839572725705,-0.3216886818787116,0.4733861235414983,0.6108500471287245,-0.588411545448749,-0.045623465986472045,-0.6259802797782084,-0.297636063179343
825.034973,0.08133411939863966,-0.1778628309590907,0.48737081701927265,0.285088834458458,-0.27738270125499576,0.05723573441186094,-0.6097720812492604,-0.5957153894173989
830.034973,0.28392663452453637,-0.034036980039469845,0.5013555104970472,-0.04067237821180867,0.03364614293875743,0.16009493481019393,-0.5935638827203125,-0.8937947156554549
835.034973,0.5124274083640246,-0.04503156516330766,0.4638375628336712,-0.2690079492376555,0.2126111576934683,0.268817529180922,-0.4902820282306621,-0.875602980481174
840.034973,0.7409281822035128,-0.056026150287145485,0.4263196151702955,-0.49734352026350237,0.39157617244817916,0.3775401235516501,-0.38700017374101153,-0.8574112453068933
845.034973,0.9694289560430009,-0.0670207354109833,0.3888016675069197,-0.7256790912893492,0.57054118720289,0.48626271792237824,-0.28371831925136104,-0.8392195101326125
850.034973,0.9694289560430009,-0.0670207354109833,0.3888016675069197,-0.7256790912893492,0.57054118720289,0.48626271792237824,-0.28371831925136104,-0.8392195101326125
855.034973,0.9694289560430009,-0.0670207354109833,0.3888016675069197,-0.7256790912893492,0.57054118720289,0.48626271792237824,-0.28371831925136104,-0.8392195101326125
860.034973,0.8242040825192072,0.12243597623266371,0.1775164921982222,-0.4525234577504083,0.6085117552782909,0.19766252156831907,-0.18939038675284198,-0.7725451301810853
865.034973,0.6789792089954135,0.31189268787631075,-0.03376868311047532,-0.17936782421146757,0.6464823233536918,-0.09093767478574004,-0.09506245425432289,-0.7058707502295581
870.034973,0.5337543354716198,0.5013493995199577,-0.24505385841917282,0.09378780932747328,0.6844528914290929,-0.37953787113979914,-0.0007345217558038186,-0.6391963702780309
875.034973,0.2948402709342003,0.585879906087682,-0.4091473072981512,0.3808374378004606,0.686526380406919,-0.3538039598703765,0.0775954142979531,-0.3679714721495947
880.034973,0.05592620639678083,0.6704104126554062,-0.5732407561771297,0.6678870662734478,0.6885998693847452,-0.3280700486009539,0.15592535035171,-0.09674657402115842
885.034973,-0.03776298461684493,0.5654842075794835,-0.5260490297474105,0.6817810612074944,0.6527027902871703,-0.013735940977472128,0.13992735390694783,0.1078039441557506
890.034973,-0.13145217563047068,0.4605580025035607,-0.47885730331769133,0.695675056141541,0.6168057111895953,0.30059816664600963,0.12392935746218567,0.3123544623326596
895.034973,-0.22514136664409645,0.35563179742763795,-0.43166557688797225,0.7095690510755874,0.5809086320920205,0.6149322742694914,0.10793136101742351,0.5169049805095687
900.034973,-0.22514136664409645,0.35563179742763795,-0.43166557688797225,0.7095690510755874,0.5809086320920205,0.6149322742694914,0.10793136101742351,0.5169049805095687
905.034973,-0.22514136664409645,0.35563179742763795,-0.43166557688797225,0.7095690510755874,0.5809086320920205,0.6149322742694914,0.10793136101742351,0.5169049805095687
910.034973,-0.28937539267797346,0.085901238468821,-0.3323355067956107,0.6564866335501754,0.5019866078629283,0.5673015274868706,0.23595035147571589,0.4208865333057984
915.034973,-0.3536094187118505,-0.18382932048999595,-0.2330054367032491,0.6034042160247635,0.42306458363383603,0.5196707807042498,0.36396934193400826,0.32486808610202816
920.034973,-0.41784344474572743,-0.4535598794488129,-0.13367536661088755,0.5503217984993517,0.3441425594047438,0.472040033921629,0.4919883323923006,0.22884963889825788
925.034973,-0.20339014437147868,-0.4190864559848658,0.09868180441533006,0.5320676104300334,0.0986527761693814,0.23773355654269648,0.5815195220117866,0.0974590792346918
930.034973,0.01106315600277008,-0.38461303252091883,0.33103897544154764,0.5138134223607149,-0.14683700706598102,0.0034270791637639243,0.6710507116312727,-0.033931480428874304
935.034973,0.28975048241089585,-0.08040905009815483,0.46406607637540365,0.5486416518168085,-0.3134047660722512,-0.18324865143254784,0.6325629107924664,-0.06930359288867013
940.034973,0.5684378088190216,0.22379493232460917,0.5970931773092598,0.583469881272902,-0.47997252507852134,-0.36992438202885963,0.5940751099536601,-0.10467570534846597
945.034973,0.8471251352271473,0.5279989147473731,0.7301202782431158,0.6182981107289955,-0.6465402840847916,-0.5566001126251714,0.5555873091148538,-0.1400478178082618
950.034973,0.8471251352271473,0.5279989147473731,0.7301202782431158,0.6182981107289955,-0.6465402840847916,-0.5566001126251714,0.5555873091148538,-0.1400478178082618
955.034973,0.6414958006429986,0.6075984107738357,0.6037801193936135,0.672388210101942,-0.5608833968402724,-0.6333636701934635,0.6096509101013334,-0.1546069104414328
960.034973,0.4358664660588499,0.6871979068002982,0.4774399605441113,0.7264783094748887,-0.4752265095957532,-0.7101272277617555,0.663714511087813,-0.16916600307460378
965.034973,0.2302371314747011,0.766797402826761,0.35109980169460914,0.7805684088478352,-0.38956962235123405,-0.7868907853300477,0.7177781120742928,-0.1837250957077748
970.034973,0.02460779689055235,0.8463968988532236,0.22475964284510694,0.8346585082207817,-0.30391273510671485,-0.8636543428983398,0.7718417130607724,-0.19828418834094577
975.034973,-0.20528085291804737,0.6722769504805859,0.00733123338857875,0.6174945569875714,-0.18765460669766446,-0.8756960331785602,0.82783773629357,0.028631559228790415
980.034973,-0.22954016814249836,0.41855750608148573,-0.08375701721844724,0.34624050638141446,-0.15705336553313326,-0.8109741658904884,0.829770158539888,0.27010639943169756
985.034973,-0.25379948336694935,0.1648380616823856,-0.17484526782547322,0.07498645577525753,-0.12645212436860204,-0.7462522986024169,0.831702580786206,0.5115812396346048
990.034973,-0.2780587985914003,-0.08888138271671457,-0.26593351843249924,-0.1962675948308994,-0.09585088320407084,-0.6815304313143452,0.8336350030325237,0.7530560798375119
995.034973,-0.1057013335200327,-0.22166855175315936,-0.21684185083757387,-0.5453905611537246,-0.16650222358371486,-0.6028720280555184,0.5718931980587285,0.9028837668895632
1000.034973,0.09091544677578586,-0.10073627639050398,-0.07666193263562256,-0.623259476870393,-0.26775480512789007,-0.5889354920847631,0.30821897083861527,0.8112366137387073
1005.034973,0.2875322270716044,0.020195998972151408,0.06351798556632877,-0.7011283925870615,-0.36900738667206523,-0.574998956114008,0.044544743618502115,0.7195894605878512
1010.034973,0.48414900736742295,0.1411282743348068,0.2036979037682801,-0.7789973083037298,-0.4702599682162404,-0.5610624201432527,-0.21912948360161105,0.6279423074369952
1015.034973,0.6807657876632416,0.2620605496974622,0.3438778219702314,-0.8568662240203981,-0.5715125497604157,-0.5471258841724975,-0.48280371082172424,0.5362951542861392
1020.034973,0.6807657876632416,0.2620605496974622,0.3438778219702314,-0.8568662240203981,-0.5715125497604157,-0.5471258841724975,-0.48280371082172424,0.5362951542861392
1025.035034,0.6807657876632416,0.2620605496974622,0.3438778219702314,-0.8568662240203981,-0.5715125497604157,-0.5471258841724975,-0.48280371082172424,0.5362951542861392
1030.040039,0.6807657876632416,0.2620605496974622,0.3438778219702314,-0.8568662240203981,-0.5715125497604157,-0.5471258841724975,-0.48280371082172424,0.5362951542861392
1035.045044,0.6807657876632416,0.2620605496974622,0.3438778219702314,-0.8568662240203981,-0.5715125497604157,-0.5471258841724975,-0.48280371082172424,0.5362951542861392
1040.050049,0.6807657876632416,0.2620605496974622,0.3438778219702314,-0.8568662240203981,-0.5715125497604157,-0.5471258841724975,-0.48280371082172424,0.5362951542861392
1045.055054,0.6215610770122397,0.1308275763844317,0.09867617257724341,-0.5687634714090397,-0.4568499322434335,-0.41240718968888695,-0.2494600980119856,0.5138418820921441
1050.060059,0.562356366361238,-0.00040539692859873353,-0.1465254768157446,-0.2806607187976812,-0.3421873147264514,-0.27768849520527633,-0.016116485202246976,0.4913886098981489
1055.064941,0.5031516557102362,-0.1316383702416292,-0.3917271262087326,0.0074420338136774065,-0.22752469720946927,-0.1429698007216657,0.21722712760749166,0.4689353377041538
1060.064941,0.4439469450592345,-0.26287134355465963,-0.6369287756017206,0.2955447864250359,-0.11286207969248715,-0.008251106238055117,0.4505707404172303,0.4464820655101587
5.005,0.38474223440823274,-0.3941043168676901,-0.8821304249947086,0.5836475390363944,0.0018005378244949632,0.12646758824555548,0.6839143532269689,0.42402879331616355
10.01,0.38474223440823274,-0.3941043168676901,-0.8821304249947086,0.5836475390363944,0.0018005378244949632,0.12646758824555548,0.6839143532269689,0.42402879331616355
15.015,0.38474223440823274,-0.3941043168676901,-0.8821304249947086,0.5836475390363944,0.0018005378244949632,0.12646758824555548,0.6839143532269689,0.42402879331616355
20.014999,0.38474223440823274,-0.3941043168676901,-0.8821304249947086,0.5836475390363944,0.0018005378244949632,0.12646758824555548,0.6839143532269689,0.42402879331616355
25.014999,0.38474223440823274,-0.3941043168676901,-0.8821304249947086,0.5836475390363944,0.0018005378244949632,0.12646758824555548,0.6839143532269689,0.42402879331616355
30.014999,0.38474223440823274,-0.3941043168676901,-0.8821304249947086,0.5836475390363944,0.0018005378244949632,0.12646758824555548,0.6839143532269689,0.42402879331616355
35.014999,0.38474223440823274,-0.3941043168676901,-0.8821304249947086,0.5836475390363944,0.0018005378244949632,0.12646758824555548,0.6839143532269689,0.42402879331616355
40.014999,0.38474223440823274,-0.3941043168676901,-0.8821304249947086,0.5836475390363944,0.0018005378244949632,0.12646758824555548,0.6839143532269689,0.42402879331616355
45.014999,0.38474223440823274,-0.3941043168676901,-0.8821304249947086,0.5836475390363944,0.0018005378244949632,0.12646758824555548,0.6839143532269689,0.42402879331616355
50.014999,0.2407068970502626,-0.33747268152588744,-0.7161399780979052,0.4386480604236576,0.09820140557984547,-0.01043665377028664,0.41136980763959896,0.4490108287842805
55.014999,0.09667155969229246,-0.2808410461840848,-0.5501495312011017,0.29364858181092085,0.19460227333519597,-0.14734089578612877,0.138825262052229,0.47399286425239745
60.014999,-0.047363777665677675,-0.22420941084228216,-0.38415908430429835,0.14864910319818408,0.2910031410905465,-0.2842451378019709,-0.1337192835351409,0.49897489972051445
65.014999,-0.19139911502364781,-0.16757777550047953,-0.21816863740749493,0.0036496245854472863,0.387404008845897,-0.4211493798178131,-0.4062638291225108,0.5239569351886315
70.014999,-0.16478362716019307,-0.27194649434933,-0.16787005465753707,-0.15207821034019914,0.5558645100281995,-0.46461589662520675,-0.6173218082795447,0.31430027470151023
75.014999,0.005867198061231838,-0.4329468485399831,-0.28356191880438264,-0.1628065666531088,0.6279241434551514,-0.37117817141675835,-0.5558352418492086,0.079661578746272
80.014999,0.17651802328265673,-0.5939472027306362,-0.39925378295122826,-0.17353492296601844,0.6999837768821033,-0.27774044620830995,-0.49434867541887273,-0.15497711720896623
85.014999,0.34716884850408164,-0.7549475569212893,-0.5149456470980738,-0.1842632792789281,0.7720434103090554,-0.18430272099986156,-0.43286210898853683,-0.38961581316420446
90.014999,0.5178196737255065,-0.9159479111119424,-0.6306375112449194,-0.19499163559183774,0.8441030437360073,-0.09086499579141316,-0.3713755425582008,-0.6242545091194427
95.014999,0.5178196737255065,-0.9159479111119424,-0.6306375112449194,-0.19499163559183774,0.8441030437360073,-0.09086499579141316,-0.3713755425582008,-0.6242545091194427
100.014999,0.5178196737255065,-0.9159479111119424,-0.6306375112449194,-0.19499163559183774,0.8441030437360073,-0.09086499579141316,-0.3713755425582008,-0.6242545091194427
105.014999,0.5178196737255065,-0.9159479111119424,-0.6306375112449194,-0.19499163559183774,0.8441030437360073,-0.09086499579141316,-0.3713755425582008,-0.6242545091194427
110.014999,0.5178196737255065,-0.9159479111119424,-0.6306375112449194,-0.19499163559183774,0.8441030437360073,-0.09086499579141316,-0.3713755425582008,-0.6242545091194427
115.014999,0.5178196737255065,-0.9159479111119424,-0.6306375112449194,-0.19499163559183774,0.8441030437360073,-0.09086499579141316,-0.3713755425582008,-0.6242545091194427
120.014999,0.5804280358699712,-0.7613275203761237,-0.6775762812480753,-0.04966334712386211,0.4996615625659594,0.04812783486427197,-0.4424555874253942,-0.550221722863675
125.014999,0.6430363980144358,-0.606707129640305,-0.7245150512512313,0.09566494134411352,0.15522008139591142,0.1871206655199571,-0.5135356322925875,-0.47618893660790745
130.014999,0.7056447601589004,-0.4520867389044863,-0.7714538212543871,0.24099322981208915,-0.1892213997741365,0.3261134961756422,-0.5846156771597808,-0.4021561503521399
135.014999,0.7682531223033651,-0.29746634816866757,-0.8183925912575433,0.3863215182800648,-0.5336628809441845,0.46510632683132735,-0.6556957220269741,-0.3281233640963722
140.014999,0.8308614844478297,-0.1428459574328489,-0.8653313612606992,0.5316498067480404,-0.8781043621142324,0.6040991574870125,-0.7267757668941675,-0.2540905778406046
145.014999,0.8308614844478297,-0.1428459574328489,-0.8653313612606992,0.5316498067480404,-0.8781043621142324,0.6040991574870125,-0.7267757668941675,-0.2540905778406046
150.014999,0.8308614844478297,-0.1428459574328489,-0.8653313612606992,0.5316498067480404,-0.8781043621142324,0.6040991574870125,-0.7267757668941675,-0.2540905778406046
155.014999,0.8308614844478297,-0.1428459574328489,-0.8653313612606992,0.5316498067480404,-0.8781043621142324,0.6040991574870125,-0.7267757668941675,-0.2540905778406046
160.014999,0.8308614844478297,-0.1428459574328489,-0.8653313612606992,0.5316498067480404,-0.8781043621142324,0.6040991574870125,-0.7267757668941675,-0.2540905778406046
165.014999,0.5183714157702364,-0.27082708063836736,-0.8627638220664803,0.25846187677143434,-0.6764530857889937,0.659589911852654,-0.48840417538249226,-0.24181631094578754
170.014999,0.20588134709264283,-0.39880820384388577,-0.8601962828722615,-0.014726053205171707,-0.47480180946375494,0.7150806662182957,-0.2500325838708169,-0.22954204405097048
175.014999,-0.10660872158495054,-0.5267893270494042,-0.8576287436780425,-0.28791398318177774,-0.2731505331385162,0.7705714205839372,-0.011660992359141665,-0.2172677771561534
180.014999,-0.41909879026254393,-0.6547704502549226,-0.8550612044838237,-0.5611019131583838,-0.07149925681327751,0.8260621749495787,0.2267105991525336,-0.20499351026133633
185.014999,-0.7315888589401374,-0.7827515734604411,-0.8524936652896049,-0.8342898431349898,0.1301520195119612,0.8815529293152202,0.4650821906642088,-0.19271924336651924
190.014999,-0.7315888589401374,-0.7827515734604411,-0.8524936652896049,-0.8342898431349898,0.1301520195119612,0.8815529293152202,0.4650821906642088,-0.19271924336651924
195.014999,-0.7315888589401374,-0.7827515734604411,-0.8524936652896049,-0.8342898431349898,0.1301520195119612,0.8815529293152202,0.4650821906642088,-0.19271924336651924
200.014999,-0.6640517868559263,-0.7171793806234831,-0.619075274590185,-0.749185901833668,-0.020185944452521688,0.6195688051933981,0.3029193877372673,-0.1544058283837495
205.014999,-0.5965147147717152,-0.651607187786525,-0.385656883890765,-0.664081960532346,-0.17052390841700457,0.3575846810715759,0.14075658481032574,-0.11609241340097975
210.014999,-0.5289776426875041,-0.5860349949495671,-0.15223849319134503,-0.5789780192310241,-0.32086187238148745,0.09560055694975378,-0.021406218116615826,-0.07777899841821001
215.014999,-0.46144057060329297,-0.5204628021126092,0.08117989750807494,-0.49387407792970217,-0.47119983634597035,-0.16638356717206837,-0.18356902104355738,-0.039465583435440266
220.014999,-0.3939034985190819,-0.4548906092756512,0.3145982882074949,-0.40877013662838024,-0.6215378003104532,-0.42836769129389046,-0.34573182397049895,-0.0011521684526705211
225.014999,-0.3939034985190819,-0.4548906092756512,0.3145982882074949,-0.40877013662838024,-0.6215378003104532,-0.42836769129389046,-0.34573182397049895,-0.0011521684526705211
230.014999,-0.3939034985190819,-0.4548906092756512,0.3145982882074949,-0.40877013662838024,-0.6215378003104532,-0.42836769129389046,-0.34573182397049895,-0.0011521684526705211
235.014999,-0.13404271929235634,-0.2370311880877706,0.05700426971599519,-0.41100817786647587,-0.6238289701128895,-0.3188084153057046,-0.3564460089906057,0.07247815639093665
240.014999,0.12581805993436923,-0.01917176689988991,-0.20058974877550453,-0.4132462191045715,-0.626120139915326,-0.2092491393175187,-0.3671601940107124,0.1461084812345438
245.014999,0.3856788391610948,0.1986876542879908,-0.45818376726700427,-0.41548426034266706,-0.6284113097177622,-0.09968986332933279,-0.3778743790308191,0.21973880607815097
250.014999,0.6455396183878204,0.4165470754758715,-0.7157777857585039,-0.4177223015807627,-0.6307024795201986,0.009869412658853128,-0.38858856405092584,0.29336913092175815
255.014999,0.9054003976145459,0.6344064966637522,-0.9733718042500037,-0.4199603428188583,-0.6329936493226349,0.11942868864703904,-0.3993027490710326,0.3669994557653653
260.019989,0.9054003976145459,0.6344064966637522,-0.9733718042500037,-0.4199603428188583,-0.6329936493226349,0.11942868864703904,-0.3993027490710326,0.3669994557653653
265.019989,0.9054003976145459,0.6344064966637522,-0.9733718042500037,-0.4199603428188583,-0.6329936493226349,0.11942868864703904,-0.3993027490710326,0.3669994557653653
270.019989,0.9054003976145459,0.6344064966637522,-0.9733718042500037,-0.4199603428188583,-0.6329936493226349,0.11942868864703904,-0.3993027490710326,0.3669994557653653
275.019989,0.9054003976145459,0.6344064966637522,-0.9733718042500037,-0.4199603428188583,-0.6329936493226349,0.11942868864703904,-0.3993027490710326,0.3669994557653653
280.019989,0.6833650418178293,0.3829677826745119,-0.8170806814752535,-0.1939586266226041,-0.39828209940046855,0.19379894277563275,-0.13316213688438777,0.3936374395707492
285.019989,0.46132968602111274,0.1315290686852717,-0.660789558700503,0.032043089573650096,-0.16357054947830219,0.26816919690422647,0.132978475302257,0.4202754233761331
290.019989,0.2392943302243961,-0.11990964530396853,-0.5044984359257527,0.2580448057699043,0.07114100044386418,0.34253945103282024,0.3991190874889018,0.44691340718151695
295.019989,0.01725897442767952,-0.37134835929320875,-0.3482073131510024,0.4840465219661585,0.30585255036603054,0.41690970516141396,0.6652596996755467,0.47355139098690086
300.019989,-0.20477638136903709,-0.622787073282449,-0.19191619037625207,0.7100482381624127,0.5405641002881969,0.49127995929000773,0.9314003118621914,0.5001893747922848
305.019989,-0.20477638136903709,-0.622787073282449,-0.19191619037625207,0.7100482381624127,0.5405641002881969,0.49127995929000773,0.9314003118621914,0.5001893747922848
310.019989,-0.20477638136903709,-0.622787073282449,-0.19191619037625207,0.7100482381624127,0.5405641002881969,0.49127995929000773,0.9314003118621914,0.5001893747922848
315.019989,-0.29904109108570737,-0.5880451165457184,0.004080403557131529,0.681500055557761,0.6182279985695027,0.4705228286804516,0.7832890421520036,0.5242768656869841
320.019989,-0.39330580080237765,-0.5533031598089881,0.20007699749051513,0.6529518729531093,0.6958918968508085,0.4497656980708955,0.6351777724418157,0.5483643565816833
325.019989,-0.4875705105190479,-0.5185612030722575,0.39607359142389875,0.6244036903484578,0.7735557951321144,0.4290085674613395,0.4870665027316279,0.5724518474763826
330.019989,-0.5818352202357182,-0.4838192463355272,0.5920701853572823,0.5958555077438061,0.8512196934134202,0.40825143685178344,0.33895523302144004,0.5965393383710819
335.019989,-0.6760999299523884,-0.4490772895987966,0.7880667792906659,0.5673073251391545,0.928883591694726,0.38749430624222736,0.1908439633112522,0.620626829265781
340.019989,-0.6327763945472592,-0.5372210592389672,0.6906416810344003,0.35953135626135374,0.789976723750526,0.14186850835322717,0.12539346103700527,0.5040811078362587
345.019989,-0.5894528591421299,-0.6253648288791378,0.5932165827781346,0.15175538738355301,0.6510698558063259,-0.10375728953577301,0.05994295876275837,0.38753538640673646
350.019989,-0.5461293237370007,-0.7135085985193085,0.49579148452186894,-0.05602058149424773,0.5121629878621259,-0.3493830874247732,-0.005507543511488544,0.2709896649772142
355.019989,-0.2357767420059865,-0.6712112991418047,0.5375896732367185,-0.15231064299861846,0.4289069073485708,-0.44984599515092966,0.017050633434618233,0.15595031149647678
360.019989,0.07457583972502779,-0.6289139997643008,0.579387861951568,-0.2486007045029892,0.3456508268350157,-0.5503089028770862,0.039608810380725015,0.040910958015739365
365.019989,0.3416048860509129,-0.49847293074662635,0.7186111489226832,-0.1371147971295592,0.4013016142656606,-0.4051460127142425,0.12761748960107872,0.04241732596452423
370.019989,0.608633932376798,-0.3680318617289519,0.8578344358937983,-0.025628889756129203,0.4569524016963055,-0.2599831225513989,0.2156261688214324,0.0439236939133091
375.019989,0.8756629787026832,-0.23759079271127748,0.9970577228649136,0.0858570176173008,0.5126031891269505,-0.11482023238855521,0.3036348480417861,0.04543006186209397
380.019989,0.8756629787026832,-0.23759079271127748,0.9970577228649136,0.0858570176173008,0.5126031891269505,-0.11482023238855521,0.3036348480417861,0.04543006186209397
385.019989,0.8756629787026832,-0.23759079271127748,0.9970577228649136,0.0858570176173008,0.5126031891269505,-0.11482023238855521,0.3036348480417861,0.04543006186209397
390.019989,0.8756629787026832,-0.23759079271127748,0.9970577228649136,0.0858570176173008,0.5126031891269505,-0.11482023238855521,0.3036348480417861,0.04543006186209397
395.019989,0.5625577056901416,-0.03644853778071404,0.9543340564025324,0.050672472602979426,0.5714201931419896,-0.23116175684381107,0.08355245376685079,0.10957152865410902
400.019989,0.2494524326776002,0.1646937171498494,0.9116103899401514,0.015487927588658046,0.6302371971570288,-0.34750328129906694,-0.1365299405080845,0.17371299544612406
405.019989,-0.06365284033494123,0.36583597208041285,0.8688867234777703,-0.01969661742566333,0.6890542011720678,-0.46384480575432285,-0.3566123347830198,0.2378544622381391
410.019989,-0.37675811334748266,0.5669782270109762,0.8261630570153893,-0.05488116243998471,0.747871205187107,-0.5801863302095788,-0.5766947290579552,0.30199592903015415
415.019989,-0.6898633863600241,0.7681204819415397,0.7834393905530082,-0.09006570745430609,0.8066882092021462,-0.6965278546648346,-0.7967771233328904,0.3661373958221692
420.019989,-0.6192869807406611,0.6265266934872025,0.5744259113229505,0.07540631006406491,0.7208358213467261,-0.36862432323516303,-0.7014069008605031,0.10343784340741898
425.019989,-0.5487105751212982,0.48493290503286524,0.36541243209289287,0.2408783275824359,0.6349834334913059,-0.040720791805491444,-0.6060366783881157,-0.15926170900733125
430.019989,-0.4781341695019351,0.343339116578528,0.15639895286283517,0.4063503451008069,0.5491310456358859,0.2871827396241801,-0.5106664559157282,-0.42196126142208146
435.019989,-0.40755776388257203,0.20174532812419077,-0.052614526367222504,0.5718223626191778,0.4632786577804658,0.6150862710538517,-0.41529623344334077,-0.6846608138368317
440.019989,-0.3369813582632091,0.06015153966985354,-0.26162800559728017,0.7372943801375489,0.3774262699250457,0.9429898024835233,-0.3199260109709534,-0.9473603662515819
445.019989,-0.3369813582632091,0.06015153966985354,-0.26162800559728017,0.7372943801375489,0.3774262699250457,0.9429898024835233,-0.3199260109709534,-0.9473603662515819
450.019989,-0.3369813582632091,0.06015153966985354,-0.26162800559728017,0.7372943801375489,0.3774262699250457,0.9429898024835233,-0.3199260109709534,-0.9473603662515819
455.019989,-0.14801924843684308,-0.02574329081027855,-0.11144464491875543,0.6550824663323591,0.23744234625817953,0.9010443065698917,-0.1427009439244738,-0.6609012779666292
460.019989,0.0409428613895229,-0.11163812129041065,0.0387387157597693,0.5728705525271693,0.09745842259131336,0.8590988106562601,0.03452412312200583,-0.37444218968167653
465.019989,0.22990497121588888,-0.19753295177054273,0.18892207643829403,0.49065863872197957,-0.04252550107555279,0.8171533147426284,0.21174919016848545,-0.08798310139672369
470.019989,0.29442964623877926,-0.3091440548534328,0.33643638350133226,0.1797034696547585,-0.1920019079018743,0.8118773087671338,0.20357628105545406,-0.0979827726924758
475.019989,0.3589543212616696,-0.4207551579363229,0.4839506905643704,-0.13125169941246256,-0.3414783147281958,0.8066013027916389,0.19540337194242263,-0.1079824439882279
480.019989,0.234516886458194,-0.44647143053908084,0.48128163694888393,-0.3599949546744939,-0.3509707978876512,0.8432707927297759,0.010005395782911597,-0.40444120356893276
485.019989,0.15304955669690762,-0.46297824635322604,0.49550414549897814,-0.45146228443817016,-0.24524210227977852,0.8140289853187568,-0.03805748423923978,-0.33679726222292256
490.019989,0.07158222693562126,-0.479485062167371,0.5097266540490724,-0.5429296142018464,-0.13951340667190587,0.7847871779077378,-0.08612036426139116,-0.26915332087691224
495.019989,0.11455233197781052,-0.4702756053787581,0.5266182162146531,-0.4056536887034913,-0.024292227904577902,0.7188758805585818,0.0512147318759685,0.09494938004980283
500.019989,0.15752243701999977,-0.4610661485901453,0.5435097783802337,-0.26837776320513623,0.09092895086275007,0.6529645832094257,0.18854982801332815,0.4590520809765179
505.019989,0.20049254206218903,-0.4518566918015323,0.5604013405458146,-0.1311018377067812,0.20615012963007806,0.5870532858602697,0.3258849241506878,0.8231547819032329
510.019989,0.20049254206218903,-0.4518566918015323,0.5604013405458146,-0.1311018377067812,0.20615012963007806,0.5870532858602697,0.3258849241506878,0.8231547819032329
515.025024,0.20049254206218903,-0.4518566918015323,0.5604013405458146,-0.1311018377067812,0.20615012963007806,0.5870532858602697,0.3258849241506878,0.8231547819032329
520.030029,0.20049254206218903,-0.4518566918015323,0.5604013405458146,-0.1311018377067812,0.20615012963007806,0.5870532858602697,0.3258849241506878,0.8231547819032329
525.034973,0.20049254206218903,-0.4518566918015323,0.5604013405458146,-0.1311018377067812,0.20615012963007806,0.5870532858602697,0.3258849241506878,0.8231547819032329
530.034973,0.16865567964455946,-0.19443187179514704,0.6314106001422152,-0.13851065261744488,-0.012650899282803519,0.27905103701471956,0.26588136291249287,0.8300194654959256
535.034973,0.13681881722692993,0.06299294821123827,0.7024198597386159,-0.14591946752810858,-0.2314519281956851,-0.028951211830830558,0.20587780167429798,0.8368841490886183
540.034973,0.10498195480930037,0.3204177682176236,0.7734291193350165,-0.15332828243877228,-0.45025295710856666,-0.3369534606763807,0.14587424043610303,0.8437488326813108
545.034973,0.07314509239167082,0.5778425882240089,0.8444383789314172,-0.16073709734943598,-0.6690539860214483,-0.6449557095219308,0.08587067919790811,0.8506135162740034
550.034973,0.041308229974041266,0.8352674082303941,0.9154476385278179,-0.16814591226009967,-0.8878550149343297,-0.952957958367481,0.025867117959713193,0.857478199866696
555.034973,0.041308229974041266,0.8352674082303941,0.9154476385278179,-0.16814591226009967,-0.8878550149343297,-0.952957958367481,0.025867117959713193,0.857478199866696
560.034973,0.041308229974041266,0.8352674082303941,0.9154476385278179,-0.16814591226009967,-0.8878550149343297,-0.952957958367481,0.025867117959713193,0.857478199866696
565.034973,0.041308229974041266,0.8352674082303941,0.9154476385278179,-0.16814591226009967,-0.8878550149343297,-0.952957958367481,0.025867117959713193,0.857478199866696
570.034973,0.041308229974041266,0.8352674082303941,0.9154476385278179,-0.16814591226009967,-0.8878550149343297,-0.952957958367481,0.025867117959713193,0.857478199866696
575.034973,0.1992326347891585,0.5927935297561915,0.7379742983435916,-0.20242237050423745,-0.7558649927328956,-0.697595676326951,-0.1247962113909169,0.5891299226040632
580.034973,0.35715703960427575,0.35031965128198866,0.5605009581593654,-0.2366988287483752,-0.6238749705314615,-0.442233394286421,-0.275459540741547,0.3207816453414303
585.034973,0.515081444419393,0.10784577280778591,0.3830276179751391,-0.27097528699251294,-0.4918849483300273,-0.18687111224589112,-0.42612287009217714,0.05243336807879739
590.034973,0.6730058492345102,-0.13462810566641684,0.20555427779091287,-0.3052517452366507,-0.3598949261285932,0.06849116979463883,-0.5767861994428072,-0.2159149091838355
595.034973,0.8309302540496276,-0.3771019841406196,0.028080937606686618,-0.3395282034807885,-0.227904903927159,0.3238534518351688,-0.7274495287934373,-0.4842631864464684
600.034973,0.8309302540496276,-0.3771019841406196,0.028080937606686618,-0.3395282034807885,-0.227904903927159,0.3238534518351688,-0.7274495287934373,-0.4842631864464684
605.034973,0.6898849988161887,-0.28975769906836046,-0.10745663611217893,-0.3491546389244724,-0.37810644225831164,0.1721620041736293,-0.4406201540119893,-0.5358893580435191
610.034973,0.5488397435827499,-0.2024134139961013,-0.24299420983104447,-0.3587810743681563,-0.5283079805894643,0.020470556512089864,-0.1537907792305413,-0.58751552964057
615.034973,0.4077944883493112,-0.11506912892384218,-0.37853178354991,-0.36840750981184023,-0.678509518920617,-0.1312208911494496,0.13303859555090664,-0.6391417012376206
620.034973,0.2667492331158724,-0.027724843851583046,-0.5140693572687756,-0.37803394525552414,-0.8287110572517694,-0.28291233881098904,0.41986797033235457,-0.6907678728346713
