Time,u1,u2,u3,u4,u5,u6,u7,u8
5.1,-0.16695755937638582,-0.15751108616700887,0.16689891651238078,-0.06305134838314178,-0.12060492423430329,-0.18398658230957046,0.0054185971000806354,0.10895046431390805
10.2,-0.33391511875277163,-0.31502217233401775,0.33379783302476157,-0.12610269676628355,-0.24120984846860657,-0.3679731646191409,0.010837194200161271,0.2179009286278161
15.2,-0.5008726781291575,-0.47253325850102657,0.5006967495371424,-0.1891540451494253,-0.36181477270290985,-0.5519597469287113,0.016255791300241906,0.32685139294172416
20.299999,-0.6678302375055433,-0.6300443446680355,0.6675956660495231,-0.2522053935325671,-0.48241969693721315,-0.7359463292382818,0.021674388400322542,0.4358018572556322
25.299999,-0.8347877968819291,-0.7875554308350443,0.8344945825619039,-0.31525674191570885,-0.6030246211715165,-0.9199329115478523,0.027092985500403177,0.5447523215695402
30.299999,-0.8347877968819291,-0.7875554308350443,0.8344945825619039,-0.31525674191570885,-0.6030246211715165,-0.9199329115478523,0.027092985500403177,0.5447523215695402
35.299999,-0.8347877968819291,-0.7875554308350443,0.8344945825619039,-0.31525674191570885,-0.6030246211715165,-0.9199329115478523,0.027092985500403177,0.5447523215695402
40.299999,-0.8347877968819291,-0.7875554308350443,0.8344945825619039,-0.31525674191570885,-0.6030246211715165,-0.9199329115478523,0.027092985500403177,0.5447523215695402
45.299999,-0.8347877968819291,-0.7875554308350443,0.8344945825619039,-0.31525674191570885,-0.6030246211715165,-0.9199329115478523,0.027092985500403177,0.5447523215695402
50.299999,-0.6993862999264049,-0.7761804684452872,0.6576573401457282,-0.4087992348962738,-0.4418913242915858,-0.7516499152637384,0.2133813707218523,0.49999436021690113
55.299999,-0.5639848029708807,-0.7648055060555301,0.48082009772955236,-0.5023417278768386,-0.28075802741165523,-0.5833669189796244,0.3996697559433014,0.45523639886426215
60.299999,-0.42858330601535644,-0.7534305436657729,0.30398285531337665,-0.5958842208574036,-0.11962473053172462,-0.41508392269551064,0.5859581411647505,0.41047843751162316
65.400002,-0.2931818090598322,-0.7420555812760158,0.1271456128972009,-0.6894267138379686,0.04150856634820599,-0.24680092641139678,0.7722465263861996,0.3657204761589841
70.5,-0.15778031210430798,-0.7306806188862587,-0.04969162951897488,-0.7829692068185334,0.2026418632281366,-0.07851793012728292,0.9585349116076486,0.3209625148063451
75.599998,-0.15778031210430798,-0.7306806188862587,-0.04969162951897488,-0.7829692068185334,0.2026418632281366,-0.07851793012728292,0.9585349116076486,0.3209625148063451
80.599998,-0.15778031210430798,-0.7306806188862587,-0.04969162951897488,-0.7829692068185334,0.2026418632281366,-0.07851793012728292,0.9585349116076486,0.3209625148063451
85.599998,-0.15778031210430798,-0.7306806188862587,-0.04969162951897488,-0.7829692068185334,0.2026418632281366,-0.07851793012728292,0.9585349116076486,0.3209625148063451
90.599998,-0.0490186888797282,-0.4943170194748069,0.1330268394308379,-0.6082651535758175,-0.007175669074922108,-0.10302581956719048,0.5833732036583172,0.28967489574251215
95.599998,0.05974293434485158,-0.257953420063355,0.3157453083806507,-0.43356110033310136,-0.2169932013779808,-0.12753370900709804,0.20821149570898578,0.2583872766786792
100.599998,0.16850455756943136,-0.02158982065190309,0.4984637773304635,-0.2588570470903854,-0.4268107336810395,-0.1520415984470056,-0.16695021224034567,0.2270996576148463
105.599998,0.27726618079401116,0.21477377875954878,0.6811822462802762,-0.08415299384766932,-0.6366282659840983,-0.17654948788691316,-0.5421119201896771,0.19581203855101337
110.599998,0.38602780401859094,0.4511373781710006,0.8639007152300892,0.0905510593950467,-0.8464457982871568,-0.20105737732682072,-0.9172736281390087,0.16452441948718044
115.599998,0.2089637266668407,0.4887834715491904,0.5108299004112058,0.0665327698406311,-0.7801964466903639,-0.03084711769327959,-0.6105310101626804,0.19006749841064377
120.599998,0.031899649315090484,0.52642956492738,0.15775908559232255,0.042514480286215496,-0.7139470950935708,0.13936314194026153,-0.30378839218635234,0.2156105773341071
125.599998,-0.14516442803665974,0.5640756583055697,-0.1953117292265607,0.018496190731799887,-0.6476977434967779,0.30957340157380264,0.0029542257899758174,0.2411536562575704
130.699997,-0.32222850538840997,0.6017217516837594,-0.548382544045444,-0.005522098822615717,-0.5814483918999848,0.4797836612073437,0.30969684376630396,0.26669673518103376
135.699997,-0.4992925827401602,0.6393678450619491,-0.9014533588643271,-0.029540388377031324,-0.5151990403031916,0.6499939208408849,0.6164394617426321,0.29223981410449706
140.699997,-0.4992925827401602,0.6393678450619491,-0.9014533588643271,-0.029540388377031324,-0.5151990403031916,0.6499939208408849,0.6164394617426321,0.29223981410449706
145.699997,-0.4992925827401602,0.6393678450619491,-0.9014533588643271,-0.029540388377031324,-0.5151990403031916,0.6499939208408849,0.6164394617426321,0.29223981410449706
150.699997,-0.4992925827401602,0.6393678450619491,-0.9014533588643271,-0.029540388377031324,-0.5151990403031916,0.6499939208408849,0.6164394617426321,0.29223981410449706
155.699997,-0.4992925827401602,0.6393678450619491,-0.9014533588643271,-0.029540388377031324,-0.5151990403031916,0.6499939208408849,0.6164394617426321,0.29223981410449706
160.699997,-0.2501628603475752,0.605970476874101,-0.5756981591693099,0.15052534008630328,-0.4948085518080731,0.4708020208353057,0.445027193875582,0.330605665199881
165.699997,-0.0010331379549901598,0.5725731086862529,-0.24994295947429251,0.3305910685496379,-0.47441806331295455,0.2916101208297265,0.2736149260085318,0.3689715162952649
170.699997,0.24809658443759486,0.5391757404984048,0.07581224022072482,0.5106567970129724,-0.45402757481783607,0.11241822082414724,0.1022026581414817,0.4073373673906488
175.699997,0.4972263068301799,0.5057783723105567,0.4015674399157422,0.6907225254763072,-0.4336370863227176,-0.066773679181432,-0.06920960972556842,0.4457032184860328
180.699997,0.7463560292227649,0.4723810041227086,0.7273226396107595,0.8707882539396417,-0.413246597827599,-0.24596557918701123,-0.24062187759261855,0.48406906958141677
185.699997,0.7463560292227649,0.4723810041227086,0.7273226396107595,0.8707882539396417,-0.413246597827599,-0.24596557918701123,-0.24062187759261855,0.48406906958141677
190.699997,0.7463560292227649,0.4723810041227086,0.7273226396107595,0.8707882539396417,-0.413246597827599,-0.24596557918701123,-0.24062187759261855,0.48406906958141677
195.699997,0.5317070773567911,0.44886043152866406,0.5885176656647311,0.8607958473012814,-0.40658496460965,-0.1355684974836823,-0.15858267606204707,0.5613785108386702
200.699997,0.3170581254908174,0.42533985893461956,0.4497126917187025,0.850803440662921,-0.399923331391701,-0.025171415780353357,-0.07654347453147556,0.6386879520959237
205.699997,0.10240917362484372,0.4018192863405751,0.31090771777267395,0.8408110340245608,-0.393261698173752,0.08522566592297558,0.005495726999095929,0.7159973933531771
210.699997,-0.11223977824113,0.3782987137465307,0.17210274382664545,0.8308186273862006,-0.386600064955803,0.19562274762630452,0.08753492852966742,0.7933068346104306
215.699997,-0.32688873010710373,0.3547781411524862,0.033297769880616945,0.8208262207478402,-0.379938431737854,0.30601982932963345,0.16957413006023891,0.8706162758676841
220.699997,-0.32688873010710373,0.3547781411524862,0.033297769880616945,0.8208262207478402,-0.379938431737854,0.30601982932963345,0.16957413006023891,0.8706162758676841
225.699997,-0.32688873010710373,0.3547781411524862,0.033297769880616945,0.8208262207478402,-0.379938431737854,0.30601982932963345,0.16957413006023891,0.8706162758676841
230.699997,-0.32688873010710373,0.3547781411524862,0.033297769880616945,0.8208262207478402,-0.379938431737854,0.30601982932963345,0.16957413006023891,0.8706162758676841
235.699997,-0.32688873010710373,0.3547781411524862,0.033297769880616945,0.8208262207478402,-0.379938431737854,0.30601982932963345,0.16957413006023891,0.8706162758676841
240.699997,-0.32688873010710373,0.3547781411524862,0.033297769880616945,0.8208262207478402,-0.379938431737854,0.30601982932963345,0.16957413006023891,0.8706162758676841
245.699997,-0.24535985818978445,0.3489763256863358,-0.009076953418295463,0.4661051528964116,-0.1644361868883438,0.41130477441258506,0.12082122587959994,0.8379497230921045
250.699997,-0.16383098627246517,0.3431745102201854,-0.05145167671720787,0.11138408504498294,0.05106605796116641,0.5165897194955368,0.07206832169896096,0.8052831703165249
255.699997,-0.0823021143551459,0.3373726947540351,-0.09382640001612028,-0.24333698280644572,0.2665683028106766,0.6218746645784885,0.02331541751832198,0.7726166175409453
260.799988,-0.0007732424378266156,0.3315708792878847,-0.1362011233150327,-0.5980580506578745,0.48207054766018687,0.7271596096614401,-0.025437486662317,0.7399500647653656
265.799988,0.08075562947949266,0.3257690638217343,-0.1785758466139451,-0.9527791185093031,0.6975727925096971,0.8324445547443917,-0.07419039084295598,0.7072835119897862
270.799988,0.08075562947949266,0.3257690638217343,-0.1785758466139451,-0.9527791185093031,0.6975727925096971,0.8324445547443917,-0.07419039084295598,0.7072835119897862
275.799988,0.08075562947949266,0.3257690638217343,-0.1785758466139451,-0.9527791185093031,0.6975727925096971,0.8324445547443917,-0.07419039084295598,0.7072835119897862
280.799988,0.08075562947949266,0.3257690638217343,-0.1785758466139451,-0.9527791185093031,0.6975727925096971,0.8324445547443917,-0.07419039084295598,0.7072835119897862
285.799988,0.08075562947949266,0.3257690638217343,-0.1785758466139451,-0.9527791185093031,0.6975727925096971,0.8324445547443917,-0.07419039084295598,0.7072835119897862
290.799988,0.08075562947949266,0.3257690638217343,-0.1785758466139451,-0.9527791185093031,0.6975727925096971,0.8324445547443917,-0.07419039084295598,0.7072835119897862
295.799988,0.1636109350598037,0.25127296882193606,-0.19586835361902458,-0.5928720749920556,0.7194057753191763,0.7662627191108184,-0.12241502667409465,0.4778302321076021
300.799988,0.24646624064011474,0.17677687382213786,-0.21316086062410405,-0.23296503147480804,0.7412387581286554,0.7000808834772452,-0.17063966250523332,0.24837695222541792
305.799988,0.3293215462204258,0.10228077882233962,-0.2304533676291835,0.12694201204243946,0.7630717409381346,0.6338990478436719,-0.218864298336372,0.018923672343233687
310.799988,0.4121768518007368,0.02778468382254138,-0.24774587463426298,0.48684905555968694,0.7849047237476137,0.5677172122100986,-0.26708893416751067,-0.2105296075389505
315.799988,0.4950321573810479,-0.046711411177256856,-0.26503838163934246,0.8467560990769345,0.8067377065570929,0.5015353765765254,-0.31531356999864935,-0.4399828874211346
320.799988,0.2457435490712852,-0.14483125746053926,-0.3615600255471598,0.8304539661084693,0.572320905972483,0.31438076974178286,-0.14837201762151203,-0.3814174150016497
325.799988,-0.003545059238477499,-0.24295110374382167,-0.4580816694549772,0.8141518331400042,0.3379041053878732,0.12722616290704036,0.018569534755625304,-0.3228519425821648
330.799988,-0.2528336675482402,-0.3410709500271041,-0.5546033133627946,0.7978497001715389,0.10348730480326332,-0.059928443927702135,0.18551108713276263,-0.26428647016267987
335.799988,-0.5021222758580028,-0.4391907963103865,-0.6511249572706119,0.7815475672030736,-0.13092949578134655,-0.24708305076244463,0.35245263950989997,-0.20572099774319494
340.799988,-0.7514108841677656,-0.5373106425936689,-0.7476466011784293,0.7652454342346084,-0.3653462963659564,-0.4342376575971871,0.5193941918870373,-0.14715552532371
345.799988,-0.7514108841677656,-0.5373106425936689,-0.7476466011784293,0.7652454342346084,-0.3653462963659564,-0.4342376575971871,0.5193941918870373,-0.14715552532371
350.799988,-0.7514108841677656,-0.5373106425936689,-0.7476466011784293,0.7652454342346084,-0.3653462963659564,-0.4342376575971871,0.5193941918870373,-0.14715552532371
355.799988,-0.5085323974147097,-0.48048373501233677,-0.76276044529225,0.6440198868262064,-0.16988561785661221,-0.4450365156377969,0.5647447712900201,-0.2656847884060553
360.799988,-0.26565391066165384,-0.4236568274310045,-0.7778742894060706,0.5227943394178043,0.025575060652731983,-0.4558353736784067,0.6100953506930029,-0.3842140514884006
365.799988,-0.022775423908597946,-0.3668299198496724,-0.7929881335198912,0.40156879200940204,0.22103573916207617,-0.4666342317190164,0.6554459300959857,-0.5027433145707458
370.799988,0.22010306284445794,-0.3100030122683402,-0.8081019776337117,0.28034324460099996,0.41649641767142037,-0.4774330897596261,0.7007965094989685,-0.6212725776530913
375.799988,0.43391074948966646,-0.07292354105385694,-0.6157064981503091,0.1457609241596059,0.31543196671911344,-0.44084960647245586,0.7177178142107185,-0.4274161981530762
380.799988,0.40483994938181916,0.10732902257929414,-0.4081971745530858,0.13240415112661394,0.01890683725746234,-0.3934672651446758,0.6892885395194854,-0.11503055557071588
385.799988,0.3757691492739718,0.28758158621244523,-0.20068785095586272,0.11904737809362201,-0.27761829220418877,-0.3460849238168957,0.6608592648282523,0.19735508701164436
390.799988,0.17876682131608748,0.4993500679082349,-0.2293742498824327,-0.10896611730215797,-0.5576450198666423,-0.11199994400013766,0.39249959337926527,0.32099636733151743
395.799988,-0.01823550664179687,0.7111185496040244,-0.2580606488090027,-0.33697961269793797,-0.837671747529096,0.12208503581662038,0.1241399219302783,0.44463764765139047
400.799988,-0.1861670344918339,0.742634467666663,-0.4942563713327958,-0.551636335060726,-0.8211733457298983,0.30878767430559834,-0.11579047482747558,0.25589328538890327
405.799988,-0.3540985623418709,0.7741503857293015,-0.730452093856589,-0.7662930574235141,-0.8046749439307008,0.49549031279457634,-0.35572087158522947,0.06714892312641604
410.799988,-0.5220300901919079,0.8056663037919399,-0.9666478163803822,-0.980949779786302,-0.7881765421315035,0.6821929512835543,-0.5956512683429833,-0.12159543913607118
415.799988,-0.5220300901919079,0.8056663037919399,-0.9666478163803822,-0.980949779786302,-0.7881765421315035,0.6821929512835543,-0.5956512683429833,-0.12159543913607118
420.799988,-0.5220300901919079,0.8056663037919399,-0.9666478163803822,-0.980949779786302,-0.7881765421315035,0.6821929512835543,-0.5956512683429833,-0.12159543913607118
425.799988,-0.5922646731554426,0.8288156972236702,-0.8495535450558165,-0.8039361048328745,-0.632663477331643,0.6461094920461177,-0.43506326394478095,-0.0676033059774391
430.799988,-0.6624992561189773,0.8519650906554006,-0.7324592737312509,-0.6269224298794469,-0.4771504125317826,0.610026032808681,-0.27447525954657864,-0.013611172818807037
435.799988,-0.7327338390825119,0.8751144840871307,-0.615365002406685,-0.4499087549260194,-0.32163734773192204,0.5739425735712442,-0.11388725514837632,0.04038096033982504
440.799988,-0.8029684220460466,0.8982638775188609,-0.4982707310821192,-0.27289507997259166,-0.16612428293206158,0.5378591143338077,0.046700749249826014,0.0943730934984571
445.799988,-0.8732030050095811,0.9214132709505913,-0.38117645975755354,-0.09588140501916409,-0.010611218132201117,0.501775655096371,0.20728875364802835,0.14836522665708918
450.799988,-0.8732030050095811,0.9214132709505913,-0.38117645975755354,-0.09588140501916409,-0.010611218132201117,0.501775655096371,0.20728875364802835,0.14836522665708918
455.799988,-0.5899331214336488,0.8018120561517834,-0.23760678063743562,-0.09312291444458332,-0.1900865208130435,0.39144496324647315,0.16557815370121695,0.2679843281477799
460.799988,-0.30666323785771643,0.6822108413529756,-0.09403710151731767,-0.09036442387000254,-0.3695618234938859,0.2811142713965753,0.12386755375440557,0.3876034296384706
465.799988,-0.023393354281784174,0.5626096265541678,0.049532577602800255,-0.08760593329542177,-0.5490371261747283,0.17078357954667744,0.08215695380759418,0.5072225311291613
470.799988,0.2598765292941482,0.44300841175536,0.1931022567229182,-0.084847442720841,-0.7285124288555707,0.06045288769677959,0.04044635386078279,0.626841632619852
475.799988,0.5431464128700805,0.3234071969565522,0.3366719358430361,-0.08208895214626022,-0.9079877315364131,-0.049877804153118266,-0.0012642460860285976,0.7464607341105427
480.799988,0.6322084478420583,0.4535710818177818,0.2183359603568496,0.09663029798525416,-0.6032719712366564,-0.16041709405423488,-0.14733330428618538,0.43048951243525835
485.799988,0.7212704828140362,0.5837349666790115,0.09999998487066306,0.27534954811676854,-0.2985562109368997,-0.2709563839553515,-0.29340236248634216,0.11451829075997395
490.799988,0.8103325177860141,0.713898851540241,-0.01833599061552347,0.45406879824828295,0.006159549362856964,-0.3814956738564681,-0.43947142068649897,-0.20145293091531036
495.799988,0.8391449697246885,0.6920292368735239,-0.21019718387394587,0.37865765135883833,0.2492529056835128,-0.4602314367335607,-0.5069896337057946,-0.3803655176102773
500.799988,0.8679574216633629,0.6701596222068069,-0.40205837713236825,0.30324650446939366,0.49234626200416864,-0.5389671996106533,-0.5745078467250903,-0.5592781043052442
505.799988,0.8077078386300593,0.5181261226788602,-0.4755835949046041,0.04911610744843462,0.43072385802506774,-0.5071636725866293,-0.49595700154422906,-0.42221946932492693
510.799988,0.7474582555967558,0.3660926231509136,-0.54910881267684,-0.20501428957252438,0.3691014540459669,-0.4753601455626053,-0.4174061563633679,-0.28516083434460954
515.799988,0.6872086725634523,0.21405912362296697,-0.6226340304490758,-0.45914468659348345,0.30747905006686604,-0.4435566185385813,-0.3388553111825068,-0.14810219936429214
520.799988,0.6872086725634523,0.21405912362296697,-0.6226340304490758,-0.45914468659348345,0.30747905006686604,-0.4435566185385813,-0.3388553111825068,-0.14810219936429214
525.799988,0.6872086725634523,0.21405912362296697,-0.6226340304490758,-0.45914468659348345,0.30747905006686604,-0.4435566185385813,-0.3388553111825068,-0.14810219936429214
530.799988,0.6872086725634523,0.21405912362296697,-0.6226340304490758,-0.45914468659348345,0.30747905006686604,-0.4435566185385813,-0.3388553111825068,-0.14810219936429214
535.799988,0.6872086725634523,0.21405912362296697,-0.6226340304490758,-0.45914468659348345,0.30747905006686604,-0.4435566185385813,-0.3388553111825068,-0.14810219936429214
540.799988,0.6872086725634523,0.21405912362296697,-0.6226340304490758,-0.45914468659348345,0.30747905006686604,-0.4435566185385813,-0.3388553111825068,-0.14810219936429214
545.799988,0.737393021535811,0.32769383681104897,-0.3545530936827927,-0.18215482828038718,0.3461836164167117,-0.39692667942548754,-0.320372060059057,-0.11215766092952358
550.799988,0.7875773705081697,0.4413285499991309,-0.08647215691650958,0.09483503003270903,0.3848881827665573,-0.3502967403123938,-0.3018888089356072,-0.07621312249475501
555.799988,0.8377617194805282,0.5549632631872129,0.18160877984977356,0.37182488834580524,0.4235927491164029,-0.3036668011993,-0.28340555781215737,-0.040268584059986436
560.799988,0.8879460684528869,0.6685979763752948,0.44968971661605667,0.6488147466589015,0.4622973154662485,-0.25703686208620624,-0.2649223066887076,-0.004324045625217865
565.799988,0.9381304174252454,0.7822326895633769,0.7177706533823398,0.9258046049719976,0.5010018818160942,-0.21040692297311248,-0.2464390555652578,0.031620492809550704
570.799988,0.9381304174252454,0.7822326895633769,0.7177706533823398,0.9258046049719976,0.5010018818160942,-0.21040692297311248,-0.2464390555652578,0.031620492809550704
575.799988,0.8927076038018846,0.5390260166275123,0.43071004918075895,0.7111994390469114,0.5865534133215321,-0.08762185728737673,-0.28441978329852596,-0.14887854244333115
580.799988,0.8472847901785239,0.2958193436916477,0.14364944497917803,0.49659427312182514,0.67210494482697,0.03516320839835903,-0.3224005110317941,-0.329377577696213
585.799988,0.801861976555163,0.05261267075578302,-0.14341115922240277,0.28198910719673886,0.7576564763324078,0.1579482740840948,-0.36038123876506234,-0.5098766129490949
590.799988,0.7564391629318024,-0.1905940021800816,-0.4304717634239836,0.06738394127165259,0.8432080078378459,0.2807333397698305,-0.3983619664983305,-0.6903756482019767
595.799988,0.7110163493084416,-0.43380067511594617,-0.7175323676255645,-0.14722122465343368,0.9287595393432838,0.4035184054555662,-0.43634269423159866,-0.8708746834548586
600.799988,0.7110163493084416,-0.43380067511594617,-0.7175323676255645,-0.14722122465343368,0.9287595393432838,0.4035184054555662,-0.43634269423159866,-0.8708746834548586
605.799988,0.7110163493084416,-0.43380067511594617,-0.7175323676255645,-0.14722122465343368,0.9287595393432838,0.4035184054555662,-0.43634269423159866,-0.8708746834548586
610.799988,0.7110163493084416,-0.43380067511594617,-0.7175323676255645,-0.14722122465343368,0.9287595393432838,0.4035184054555662,-0.43634269423159866,-0.8708746834548586
615.799988,0.7110163493084416,-0.43380067511594617,-0.7175323676255645,-0.14722122465343368,0.9287595393432838,0.4035184054555662,-0.43634269423159866,-0.8708746834548586
620.799988,0.6209385354449729,-0.3027888176553363,-0.5083748097702404,-0.05474580898701435,0.8091330020956848,0.40407748454563597,-0.47016035227398073,-0.6694883181222617
625.799988,0.5308607215815042,-0.17177696019472638,-0.29921725191491627,0.03772960667940497,0.6895064648480858,0.40463656363570577,-0.5039780103163627,-0.4681019527896648
630.799988,0.44078290771803574,-0.040765102734116446,-0.09005969405959217,0.1302050223458243,0.569879927600487,0.4051956427257755,-0.5377956683587447,-0.2667155874570679
635.799988,0.3507050938545671,0.09024675472649349,0.11909786379573192,0.22268043801224363,0.4502533903528879,0.40575472181584527,-0.5716133264011269,-0.06532922212447101
640.799988,0.26062727999109847,0.2212586121871034,0.32825542165105603,0.31515585367866294,0.33062685310528894,0.406313800905915,-0.6054309844435088,0.1360571432081259
645.799988,0.2893803711945832,0.32804715475327184,0.23513132297705389,0.12437016113201146,0.1224967798521571,0.4505853281752863,-0.35565595340434447,0.3023441062059108
650.799988,0.31813346239806795,0.43483569731944033,0.14200722430305174,-0.06641553141464,-0.08563329340097474,0.4948568554446576,-0.10588092236518007,0.4686310692036956
655.799988,0.34688655360155274,0.5416242398856088,0.048883125629049576,-0.25720122396129147,-0.2937633666541066,0.5391283827140289,0.1438941086739843,0.6349180322014805
660.799988,0.3756396448050375,0.6484127824517772,-0.04424097304495258,-0.447986916507943,-0.5018934399072383,0.5833999099834001,0.3936691397131487,0.8012049951992655
665.799988,0.4043927360085222,0.7552013250179457,-0.13736507171895473,-0.6387726090545944,-0.7100235131603703,0.6276714372527714,0.6434441707523131,0.9674919581970503
670.799988,0.23776159025947902,0.4871911571789719,-0.012675492159285229,-0.5732583434972801,-0.4931389111219051,0.344105848326714,0.37689294386332584,0.909635803184673
675.799988,0.07113044451043579,0.21918098933999808,0.11201408740038428,-0.5077440779399659,-0.27625430908344006,0.06054025940065651,0.11034171697433863,0.8517796481722959
680.799988,-0.0955007012386074,-0.04882917849897579,0.2367036669600538,-0.44222981238265147,-0.05936970704497493,-0.22302532952540094,-0.1562095099146486,0.7939234931599188
685.799988,-0.26213184698765063,-0.31683934633794963,0.36139324651972327,-0.37671554682533726,0.1575148949934902,-0.5065909184514584,-0.4227607368036358,0.7360673381475417
690.799988,-0.42876299273669377,-0.5848495141769234,0.48608282607939285,-0.31120128126802293,0.3743994970319553,-0.7901565073775159,-0.689311963692623,0.6782111831351645
695.799988,-0.3862489821560261,-0.4136347041368243,0.5040201824439794,-0.4416699689226945,0.18199986900134096,-0.554783789252457,-0.51471745724448,0.7022419063919115
700.799988,-0.3437349715753583,-0.2424198940967252,0.521957538808566,-0.572138656577366,-0.010399759029273392,-0.31941107112739797,-0.3401229507963371,0.7262726296486586
705.799988,-0.3012209609946906,-0.07120508405662611,0.5398948951731527,-0.7026073442320376,-0.20279938705988773,-0.08403835300233893,-0.16552844434819408,0.7503033529054057
710.799988,-0.2587069504140228,0.10000972598347299,0.5578322515377394,-0.8330760318867092,-0.3951990150905021,0.15133436512272005,0.009066062099948891,0.7743340761621528
715.799988,-0.2619204080058569,0.19436644783817808,0.2954630537187898,-0.7683117090047011,-0.41950091724908595,0.4957147041797473,0.14506525375667106,0.6108447728781985
720.799988,-0.3076478761783588,0.11750835965278408,0.015156499535253509,-0.5730786984680216,-0.2514031913770556,0.6047223251117156,0.10646993896525023,0.42332474633749717
725.799988,-0.35337534435086065,0.040650271467390066,-0.26515005464828273,-0.3778456879313422,-0.08330546550502516,0.7137299460436839,0.06787462417382942,0.23580471979679585
730.799988,-0.39910281252336255,-0.03620781671800395,-0.545456608831819,-0.18261267739466275,0.08479226036700527,0.8227375669756523,0.02927930938240859,0.048284693256094524
735.799988,-0.4448302806958644,-0.11306590490339796,-0.8257631630153552,0.012620333142016715,0.2528899862390357,0.9317451879076206,-0.009316005409012229,-0.1392353332846068
740.799988,-0.4448302806958644,-0.11306590490339796,-0.8257631630153552,0.012620333142016715,0.2528899862390357,0.9317451879076206,-0.009316005409012229,-0.1392353332846068
745.799988,-0.4448302806958644,-0.11306590490339796,-0.8257631630153552,0.012620333142016715,0.2528899862390357,0.9317451879076206,-0.009316005409012229,-0.1392353332846068
750.799988,-0.2501534971848082,-0.07948404121052333,-0.605816443762813,0.14404525185255307,0.002331729633771218,0.806109542974623,0.11041321930071488,-0.27262934100630004
755.799988,-0.055476713673752086,-0.04590217751764869,-0.38586972451027074,0.2754701705630894,-0.24822652697149325,0.6804738980416254,0.23014244401044198,-0.4060233487279933
760.799988,0.13920006983730407,-0.012320313824774054,-0.16592300525772846,0.4068950892736257,-0.4987847835767577,0.5548382531086276,0.3498716687201691,-0.5394173564496866
765.799988,0.3338768533483602,0.021261549868100582,0.05402371399481378,0.5383200079841621,-0.7493430401820221,0.4292026081756298,0.46960089342989625,-0.6728113641713798
770.799988,0.5285536368594164,0.05484341356097522,0.27397043324735604,0.6697449266946984,-0.9999012967872867,0.3035669632426321,0.5893301181396233,-0.8062053718930731
775.799988,0.5285536368594164,0.05484341356097522,0.27397043324735604,0.6697449266946984,-0.9999012967872867,0.3035669632426321,0.5893301181396233,-0.8062053718930731
780.799988,0.42063774846054847,-0.047550041945933416,0.25780520456178263,0.4493946781593053,-0.6254561811777345,0.34684699782309386,0.31274016408718824,-0.8341252957036813
785.799988,0.3127218600616806,-0.14994349745284205,0.24163997587620925,0.22904442962391203,-0.2510110655681823,0.3901270324035556,0.03615021003475318,-0.8620452195142896
790.799988,0.20480597166281272,-0.25233695295975067,0.22547474719063584,0.008694181088518826,0.1234340500413698,0.43340706698401743,-0.2404397440176819,-0.8899651433248978
795.799988,0.09689008326394485,-0.3547304084666593,0.20930951850506246,-0.21165606744687437,0.49787916565092194,0.47668710156447924,-0.517029698070117,-0.9178850671355061
800.799988,-0.011025805134923017,-0.45712386397356797,0.19314428981948906,-0.4320063159822675,0.8723242812604741,0.519967136144941,-0.793619652122552,-0.9458049909461144
805.799988,-0.011025805134923017,-0.45712386397356797,0.19314428981948906,-0.4320063159822675,0.8723242812604741,0.519967136144941,-0.793619652122552,-0.9458049909461144
810.799988,-0.12564747026364667,-0.21641371104971835,0.01498841530325561,-0.23669455754177277,0.5169101446575216,0.3428265852042923,-0.47541840554830134,-0.6436753383985538
815.799988,-0.24026913539237033,0.02429644187413125,-0.16316745921297784,-0.041382799101277935,0.1614960080545691,0.16568603426364376,-0.1572171589740506,-0.3415456858509932
820.799988,-0.35489080052109395,0.26500659479798083,-0.3413233337292113,0.15392895933921688,-0.19391812854838336,-0.011454516677004856,0.16098408760020008,-0.03941603330343253
825.799988,-0.46951246564981763,0.5057167477218305,-0.5194792082454447,0.3492407177797117,-0.5493322651513358,-0.18859506761765346,0.4791853341744508,0.26271361924412806
830.799988,-0.5841341307785413,0.7464269006456801,-0.6976350827616782,0.5445524762202065,-0.9047464017542882,-0.36573561855830206,0.7973865807487015,0.5648432717916887
835.799988,-0.5841341307785413,0.7464269006456801,-0.6976350827616782,0.5445524762202065,-0.9047464017542882,-0.36573561855830206,0.7973865807487015,0.5648432717916887
840.799988,-0.5841341307785413,0.7464269006456801,-0.6976350827616782,0.5445524762202065,-0.9047464017542882,-0.36573561855830206,0.7973865807487015,0.5648432717916887
845.799988,-0.6307202333157361,0.45375583238022754,-0.42396541098176665,0.25873847862136046,-0.6895999313846326,-0.23954950199954933,0.6124574582483846,0.26272300546596505
850.799988,-0.677306335852931,0.16108476411477496,-0.15029573920185513,-0.027075518977485613,-0.474453461014977,-0.11336338544079658,0.4275283357480677,-0.03939726085975859
855.799988,-0.7238924383901258,-0.1315863041506775,0.12337393257805633,-0.3128895165763317,-0.25930699064532126,0.012822731117956154,0.2425992132477508,-0.34151752718548223
860.799988,-0.7704785409273207,-0.42425737241613,0.3970436043579678,-0.5987035141751778,-0.044160520275665596,0.1390088476767089,0.0576700907474339,-0.6436377935112059
865.799988,-0.8170646434645155,-0.7169284406815826,0.6707132761378793,-0.8845175117740238,0.1709859500939901,0.2651949642354616,-0.127259031752883,-0.9457580598369295
870.799988,-0.8170646434645155,-0.7169284406815826,0.6707132761378793,-0.8845175117740238,0.1709859500939901,0.2651949642354616,-0.127259031752883,-0.9457580598369295
875.799988,-0.5111009706697592,-0.6323246279815447,0.4970130476976909,-0.6881201831059596,0.23006014615148374,0.23932570495694394,0.076153060317663,-0.6588078355386886
880.799988,-0.20513729787500284,-0.5477208152815066,0.3233128192575023,-0.49172285443789543,0.2891343422089774,0.21345644567842625,0.279565152388209,-0.3718576112404475
885.799988,0.10082637491975341,-0.46311700258146865,0.14961259081731382,-0.2953255257698312,0.348208538266471,0.18758718639990857,0.482977244458755,-0.08490738694220652
890.799988,0.40679004771450966,-0.37851318988143073,-0.02408763762287469,-0.098928197101767,0.40728273432396467,0.16171792712139088,0.686389336529301,0.20204283735603448
895.799988,0.4648832474989371,-0.07235467350473632,-0.03765278621961392,-0.10181200564213211,0.511247647949354,0.2599354499967985,0.6777919127044592,0.29232188404603354
900.799988,0.21701277448860817,0.14920003017192013,0.12248229362383536,-0.30109314285056143,0.5561383655172495,0.38402223215072384,0.4657823968090713,0.09565070643779161
905.799988,-0.030857698521720822,0.37075473384857655,0.28261737346728466,-0.5003742800589908,0.6010290830851449,0.5081090143046492,0.25377288091368344,-0.10102047117045032
910.799988,-0.27872817153204976,0.592309437525233,0.442752453310734,-0.69965541726742,0.6459198006530406,0.6321957964585745,0.041763365018295584,-0.29769164877869225
915.799988,-0.5831481801991613,0.5536202864205283,0.6623768204475236,-0.6572144307586576,0.38333367594291157,0.6554702091538591,-0.31198559086867556,-0.25960723000085506
920.799988,-0.6396977158559439,0.2933764316391672,0.7218661077408639,-0.4154923070414657,0.075856833664887,0.5546578396952183,-0.45372503086025884,-0.02485163361477598
925.799988,-0.6962472515127265,0.03313257685780609,0.7813553950342043,-0.17377018332427382,-0.23162000861313747,0.4538454702365776,-0.5954644708518421,0.20990396277130313
930.799988,-0.7527967871695089,-0.22711127792355504,0.8408446823275446,0.06795194039291803,-0.539096850891162,0.35303310077793687,-0.7372039108434254,0.4446595591573822
935.799988,-0.8093463228262916,-0.4873551327049162,0.900333969620885,0.3096740641101099,-0.8465736931691865,0.2522207313192961,-0.8789433508350086,0.6794151555434613
940.799988,-0.4704365651291432,-0.38091006252060977,0.5287879867880905,0.06343947648243145,-0.5391163884371948,0.3059381724136355,-0.8126677715586814,0.6932221074152206
945.799988,-0.1315268074319948,-0.27446499233630334,0.1572420039552961,-0.182795111145247,-0.2316590837052031,0.35965561350797487,-0.7463921922823541,0.7070290592869799
950.799988,0.20738295026515358,-0.16801992215199696,-0.21430397887749839,-0.42902969877292546,0.07579822102678868,0.4133730546023143,-0.6801166130060269,0.7208360111587393
955.799988,0.546292707962302,-0.061574851967690546,-0.5858499617102929,-0.6752642864006039,0.3832555257587804,0.4670904956966536,-0.6138410337296994,0.7346429630304986
960.799988,0.8171097070419439,0.17004134064560844,-0.8700659586694343,-0.8435511895981598,0.7120769577294682,0.2777304945164011,-0.2636562967739381,0.5735230734792228
965.799988,0.7490169484244374,0.29521246307460103,-0.7827359727957811,-0.7656035051680374,0.7334410849681644,0.034653052241809104,0.020252860905495985,0.39859623205618777
970.799988,0.6809241898069309,0.42038358550359367,-0.695405986922128,-0.6876558207379151,0.7548052122068605,-0.20842439003278285,0.30416201858493,0.22366939063315266
975.799988,0.31750872158108134,0.26773823869561275,-0.46454910558442003,-0.47936294708572424,0.8104164355729168,-0.2224408393853201,0.3700093839322975,-0.09922039111858169
980.799988,-0.04590674664476828,0.11509289188763176,-0.23369222424671215,-0.2710700734335333,0.8660276589389733,-0.23645728873785732,0.4358567492796649,-0.4221101728703161
985.799988,-0.34122945625311146,-0.16272357734934184,-0.09016532878265733,-0.14072488421146487,0.9002747550663335,-0.007396295815802656,0.21779495694759823,-0.5700731131990153
990.799988,-0.35288155786819775,-0.19549908883812278,-0.034618632847680256,-0.18650441810008647,0.9080928450490371,0.2043197498577503,-0.03812675452863608,-0.6583918029254701
995.799988,-0.3645336594832841,-0.2282746003269037,0.020928063087296823,-0.23228395198870805,0.9159109350317408,0.41603579553130327,-0.2940484660048704,-0.7467104926519248
1000.799988,-0.08086305149002704,0.016766357421288937,-0.06705213644178092,-0.4084086750993981,0.8894819288870843,0.3986908482828015,-0.33190838514903803,-0.6870662420496801
1005.799988,0.2028075565032299,0.2618073151694816,-0.15503233597085866,-0.5845333982100882,0.8630529227424277,0.3813459010342998,-0.36976830429320573,-0.6274219914474356
1010.799988,0.4864781644964868,0.5068482729176742,-0.2430125354999364,-0.7606581213207781,0.8366239165977711,0.364000953785798,-0.40762822343737337,-0.5677777408451912
1015.799988,0.4864781644964868,0.5068482729176742,-0.2430125354999364,-0.7606581213207781,0.8366239165977711,0.364000953785798,-0.40762822343737337,-0.5677777408451912
1020.799988,0.4864781644964868,0.5068482729176742,-0.2430125354999364,-0.7606581213207781,0.8366239165977711,0.364000953785798,-0.40762822343737337,-0.5677777408451912
1025.900024,0.4864781644964868,0.5068482729176742,-0.2430125354999364,-0.7606581213207781,0.8366239165977711,0.364000953785798,-0.40762822343737337,-0.5677777408451912
1031.0,0.4864781644964868,0.5068482729176742,-0.2430125354999364,-0.7606581213207781,0.8366239165977711,0.364000953785798,-0.40762822343737337,-0.5677777408451912
1036.0,0.5636461532308639,0.5121518056698604,0.004248178387585266,-0.8050908132301415,0.7013262494697969,0.19514736563337354,-0.1810793859312862,-0.5827211002725182
1041.0,0.6408141419652409,0.5174553384220466,0.2515088922751069,-0.8495235051395049,0.5660285823418227,0.026293777480949077,0.04546945157480096,-0.5976644596998453
1046.0,0.7179821306996179,0.5227588711742328,0.4987696061626286,-0.8939561970488684,0.43073091521384865,-0.14255981067147538,0.2720182890808881,-0.6126078191271723
1051.0,0.7951501194339949,0.528062403926419,0.7460303200501502,-0.9383888889582319,0.2954332480858745,-0.31141339882389985,0.4985671265869753,-0.6275511785544994
1056.0,0.872318108168372,0.5333659366786052,0.9932910339376718,-0.9828215808675953,0.16013558095790037,-0.48026698697632425,0.7251159640930624,-0.6424945379818265
1061.0,0.872318108168372,0.5333659366786052,0.9932910339376718,-0.9828215808675953,0.16013558095790037,-0.48026698697632425,0.7251159640930624,-0.6424945379818265
1066.0,0.872318108168372,0.5333659366786052,0.9932910339376718,-0.9828215808675953,0.16013558095790037,-0.48026698697632425,0.7251159640930624,-0.6424945379818265
1071.0,0.872318108168372,0.5333659366786052,0.9932910339376718,-0.9828215808675953,0.16013558095790037,-0.48026698697632425,0.7251159640930624,-0.6424945379818265
1076.0,0.6337146506994913,0.31005685838183206,0.9740878911086991,-0.6951154651598385,-0.016540294506292862,-0.4566784737037878,0.6797483519107957,-0.6716918401969704
1081.0,0.3951111932306105,0.08674778008505894,0.9548847482797264,-0.4074093494520817,-0.1932161699704861,-0.43308996043125136,0.634380739728529,-0.7008891424121142
1086.0,0.1565077357617298,-0.1365612982117142,0.9356816054507536,-0.11970323374432472,-0.36989204543467935,-0.4095014471587148,0.5890131275462622,-0.730086444627258
1091.0,-0.08209572170715092,-0.3598703765084873,0.9164784626217809,0.16800288196343213,-0.5465679208988725,-0.3859129338861783,0.5436455153639955,-0.7592837468424019
1096.0,-0.32069917917603163,-0.5831794548052605,0.8972753197928082,0.45570899767118894,-0.7232437963630658,-0.3623244206136418,0.4982779031817288,-0.7884810490575458
1101.0,-0.32069917917603163,-0.5831794548052605,0.8972753197928082,0.45570899767118894,-0.7232437963630658,-0.3623244206136418,0.4982779031817288,-0.7884810490575458
1106.0,-0.32069917917603163,-0.5831794548052605,0.8972753197928082,0.45570899767118894,-0.7232437963630658,-0.3623244206136418,0.4982779031817288,-0.7884810490575458
1111.0,-0.32069917917603163,-0.5831794548052605,0.8972753197928082,0.45570899767118894,-0.7232437963630658,-0.3623244206136418,0.4982779031817288,-0.7884810490575458
1116.0,-0.3175526272898077,-0.47173614420918286,0.5328608030548203,0.27750583530216977,-0.47589303100747316,-0.24182886996049327,0.43798543335124157,-0.8221081469920847
1121.0,-0.3144060754035838,-0.3602928336131053,0.16844628631683226,0.09930267293315054,-0.2285422656518806,-0.12133331930734474,0.3776929635207543,-0.8557352449266237
1126.0,-0.31125952351735986,-0.24884952301702773,-0.19596823042115577,-0.07890048943586869,0.01880849970371199,-0.0008377686541962248,0.3174004936902671,-0.8893623428611624
1131.0,-0.30811297163113593,-0.13740621242095016,-0.5603827471591438,-0.2571036518048879,0.2661592650593046,0.1196577819989523,0.2571080238597799,-0.9229894407957013
1136.0,-0.304966419744912,-0.025962901824872597,-0.9247972638971318,-0.43530681417390715,0.5135100304148972,0.24015333265210081,0.19681555402929263,-0.9566165387302401
1141.0,-0.304966419744912,-0.025962901824872597,-0.9247972638971318,-0.43530681417390715,0.5135100304148972,0.24015333265210081,0.19681555402929263,-0.9566165387302401
1146.0,-0.304966419744912,-0.025962901824872597,-0.9247972638971318,-0.43530681417390715,0.5135100304148972,0.24015333265210081,0.19681555402929263,-0.9566165387302401
1151.0,-0.304966419744912,-0.025962901824872597,-0.9247972638971318,-0.43530681417390715,0.5135100304148972,0.24015333265210081,0.19681555402929263,-0.9566165387302401
1156.0,-0.1984517220344681,0.009055071707612727,-0.9040416768785672,-0.2685568695306294,0.46652430043746057,0.06860536092187566,0.08302158045203738,-0.8814496076389855
1161.0,-0.0919370243240242,0.04407304524009805,-0.8832860898600027,-0.10180692488735162,0.41953857046002396,-0.1029426108083495,-0.030772393125217866,-0.8062826765477306
1166.0,0.01457767338641971,0.07909101877258337,-0.8625305028414381,0.06494301975592616,0.3725528404825874,-0.27449058253857467,-0.1445663667024731,-0.7311157454564758
1171.0,0.12109237109686362,0.1141089923050687,-0.8417749158228736,0.23169296439920392,0.3255671105051508,-0.4460385542687998,-0.2583603402797284,-0.6559488143652212
1176.0,0.22760706880730752,0.14912696583755403,-0.8210193288043091,0.3984429090424817,0.2785813805277142,-0.617586525999025,-0.3721543138569836,-0.5807818832739664
1181.0,0.22760706880730752,0.14912696583755403,-0.8210193288043091,0.3984429090424817,0.2785813805277142,-0.617586525999025,-0.3721543138569836,-0.5807818832739664
1186.0,0.22760706880730752,0.14912696583755403,-0.8210193288043091,0.3984429090424817,0.2785813805277142,-0.617586525999025,-0.3721543138569836,-0.5807818832739664
1191.0,0.04791200326251137,0.17387884332777634,-0.5687465389944736,0.2880392079591765,0.2928644171633631,-0.47603081180572315,-0.2852856681712682,-0.648393951152463
1196.0,-0.13178306228228479,0.19863072081799865,-0.3164737491846381,0.17763550687587126,0.3071474537990119,-0.33447509761242145,-0.19841702248555287,-0.7160060190309595
1201.0,-0.31147812782708095,0.223382598308221,-0.06420095937480257,0.06723180579256605,0.3214304904346608,-0.1929193834191197,-0.11154837679983749,-0.7836180869094562
1206.099976,-0.49117319337187715,0.2481344757984433,0.18807183043503292,-0.04317189529073917,0.33571352707030966,-0.05136366922581796,-0.024679731114122118,-0.8512301547879527
1211.099976,-0.6708682589166732,0.2728863532886656,0.4403446202448684,-0.1535755963740444,0.34999656370595855,0.09019204496748379,0.06218891457159326,-0.9188422226664492
1216.099976,-0.6708682589166732,0.2728863532886656,0.4403446202448684,-0.1535755963740444,0.34999656370595855,0.09019204496748379,0.06218891457159326,-0.9188422226664492
1221.099976,-0.6708682589166732,0.2728863532886656,0.4403446202448684,-0.1535755963740444,0.34999656370595855,0.09019204496748379,0.06218891457159326,-0.9188422226664492
1226.099976,-0.6708682589166732,0.2728863532886656,0.4403446202448684,-0.1535755963740444,0.34999656370595855,0.09019204496748379,0.06218891457159326,-0.9188422226664492
1231.099976,-0.6708682589166732,0.2728863532886656,0.4403446202448684,-0.1535755963740444,0.34999656370595855,0.09019204496748379,0.06218891457159326,-0.9188422226664492
1236.099976,-0.3617703887455528,0.11142014174675836,0.39737512259977026,-0.1339079250521637,0.39589837881832346,-0.014533449412734134,0.019423031097503964,-0.7465495916089283
1241.099976,-0.052672518574432295,-0.0500460697951489,0.35440562495467204,-0.11424025373028304,0.4418001939306883,-0.11925894379295206,-0.023342852376585333,-0.5742569605514074
1246.099976,0.2564253515966881,-0.21151228133705616,0.3114361273095739,-0.09457258240840236,0.4877020090430532,-0.22398443817317,-0.06610873585067463,-0.4019643294938865
1251.099976,0.5655232217678086,-0.3729784928789634,0.26846662966447565,-0.07490491108652168,0.5336038241554182,-0.3287099325533879,-0.10887461932476392,-0.2296716984363655
1256.099976,0.874621091938929,-0.5344447044208707,0.2254971320193775,-0.05523723976464101,0.5795056392677831,-0.43343542693360587,-0.15164050279885322,-0.05737906737884457
1261.099976,0.874621091938929,-0.5344447044208707,0.2254971320193775,-0.05523723976464101,0.5795056392677831,-0.43343542693360587,-0.15164050279885322,-0.05737906737884457
1266.099976,0.874621091938929,-0.5344447044208707,0.2254971320193775,-0.05523723976464101,0.5795056392677831,-0.43343542693360587,-0.15164050279885322,-0.05737906737884457
1271.099976,0.874621091938929,-0.5344447044208707,0.2254971320193775,-0.05523723976464101,0.5795056392677831,-0.43343542693360587,-0.15164050279885322,-0.05737906737884457
1276.099976,0.8196890865137203,-0.30959176445375114,0.27148488599151743,0.026751572355160257,0.329261608064627,-0.33521503398239144,-0.29076948235060507,0.1022060729416621
1281.099976,0.7647570810885114,-0.08473882448663161,0.31747263996365743,0.10874038447496152,0.07901757686147097,-0.23699464103117704,-0.4298984619023569,0.2617912132621688
1286.099976,0.7098250756633024,0.1401141154804879,0.3634603939357974,0.19072919659476278,-0.1712264543416851,-0.13877424807996266,-0.5690274414541088,0.42137635358267544
1291.099976,0.6548930702380936,0.36496705544760744,0.4094481479079374,0.2727180087145641,-0.4214704855448412,-0.040553855128748276,-0.7081564210058605,0.5809614939031821
1296.099976,0.5999610648128848,0.589819995414727,0.4554359018800773,0.35470682083436533,-0.6717145167479972,0.05766653782246611,-0.8472854005576125,0.7405466342236888
1301.099976,0.5999610648128848,0.589819995414727,0.4554359018800773,0.35470682083436533,-0.6717145167479972,0.05766653782246611,-0.8472854005576125,0.7405466342236888
1306.099976,0.5999610648128848,0.589819995414727,0.4554359018800773,0.35470682083436533,-0.6717145167479972,0.05766653782246611,-0.8472854005576125,0.7405466342236888
1311.099976,0.3110034373554359,0.3291440435194656,0.18001838530660605,0.20268149575456995,-0.49256105540780426,0.02929651643155724,-0.5484119048043882,0.4042151397325088
1316.099976,0.022045809897987035,0.06846809162420416,-0.09539913126686521,0.05065617067477457,-0.3134075940676115,0.0009264950406483674,-0.24953840905116395,0.06788364524132877
1321.099976,-0.26691181755946186,-0.19220786027105724,-0.37081664784033647,-0.10136915440502081,-0.13425413272741857,-0.027443526350260504,0.04933508670206037,-0.26844784924985127
1326.099976,-0.5558694450169107,-0.4528838121663187,-0.6462341644138077,-0.2533944794848162,0.044899328612774306,-0.05581354774116938,0.34820858245528463,-0.6047793437410313
1331.099976,-0.7112274661728615,-0.7068530191134498,-0.6680625045165904,-0.4226892635064242,0.3374794313820163,-0.23900183216025378,0.6482560624464079,-0.750040565924151
1336.099976,-0.5776278598713634,-0.7001462741653194,-0.4144733280459018,-0.43995872244823697,0.45090607281106543,-0.3938200951884293,0.6494300466843069,-0.5589702936160906
1341.099976,-0.4440282535698653,-0.6934395292171892,-0.16088415157521302,-0.4572281813900497,0.5643327142401147,-0.5486383582166049,0.6506040309222059,-0.36790002130803023
1346.099976,-0.3104286472683672,-0.6867327842690589,0.09270502489547564,-0.4744976403318624,0.6777593556691637,-0.7034566212447804,0.6517780151601047,-0.1768297489999699
1351.099976,-0.17682904096686913,-0.6800260393209288,0.3462942013661643,-0.49176709927367507,0.7911859970982129,-0.858274884272956,0.6529519993980037,0.014240523308090447
1356.099976,-0.17682904096686913,-0.6800260393209288,0.3462942013661643,-0.49176709927367507,0.7911859970982129,-0.858274884272956,0.6529519993980037,0.014240523308090447
1361.099976,-0.17682904096686913,-0.6800260393209288,0.3462942013661643,-0.49176709927367507,0.7911859970982129,-0.858274884272956,0.6529519993980037,0.014240523308090447
1366.099976,-0.17682904096686913,-0.6800260393209288,0.3462942013661643,-0.49176709927367507,0.7911859970982129,-0.858274884272956,0.6529519993980037,0.014240523308090447
1371.099976,-0.17682904096686913,-0.6800260393209288,0.3462942013661643,-0.49176709927367507,0.7911859970982129,-0.858274884272956,0.6529519993980037,0.014240523308090447
1376.099976,-0.17682904096686913,-0.6800260393209288,0.3462942013661643,-0.49176709927367507,0.7911859970982129,-0.858274884272956,0.6529519993980037,0.014240523308090447
1381.099976,-0.2562452455104746,-0.6677555160796805,0.16353476664020933,-0.4039690705129416,0.7276281402029212,-0.5702036881840418,0.6618800349926781,-0.05601100952771678
1386.099976,-0.3356614500540801,-0.6554849928384323,-0.019224668085745612,-0.31617104175220806,0.6640702833076295,-0.2821324920951277,0.6708080705873525,-0.12626254236352402
1391.099976,-0.41507765459768564,-0.643214469597184,-0.20198410281170057,-0.22837301299147456,0.6005124264123379,0.005938703993786465,0.6797361061820268,-0.19651407519933123
1396.099976,-0.4944938591412911,-0.6309439463559355,-0.3847435375376555,-0.14057498423074102,0.5369545695170462,0.2940099000827006,0.6886641417767012,-0.2667656080351385
1401.099976,-0.5739100636848966,-0.6186734231146873,-0.5675029722636105,-0.05277695547000749,0.4733967126217545,0.5820810961716147,0.6975921773713756,-0.3370171408709457
1406.099976,-0.5739100636848966,-0.6186734231146873,-0.5675029722636105,-0.05277695547000749,0.4733967126217545,0.5820810961716147,0.6975921773713756,-0.3370171408709457
1411.099976,-0.5739100636848966,-0.6186734231146873,-0.5675029722636105,-0.05277695547000749,0.4733967126217545,0.5820810961716147,0.6975921773713756,-0.3370171408709457
1416.099976,-0.5739100636848966,-0.6186734231146873,-0.5675029722636105,-0.05277695547000749,0.4733967126217545,0.5820810961716147,0.6975921773713756,-0.3370171408709457
1421.099976,-0.6127500719153701,-0.6403075406633436,-0.3313549867337558,-0.18285289592622428,0.3397235763283021,0.6295598136173197,0.732706498781038,-0.1128374365938066
1426.099976,-0.6515900801458437,-0.661941658212,-0.0952070012039011,-0.31292883638244107,0.2060504400348498,0.6770385310630247,0.7678208201907004,0.11134226768333248
1431.099976,-0.6904300883763174,-0.6835757757606563,0.14094098432595356,-0.4430047768386579,0.07237730374139746,0.7245172485087297,0.8029351416003628,0.33552197196047157
1436.099976,-0.7056759732777582,-0.6786803080170507,0.1309449990195585,-0.5829581414857998,-0.1950782798064818,0.5336430889985848,0.765147860892986,0.2120172650819371
1441.099976,-0.7209218581791992,-0.6737848402734449,0.12094901371316343,-0.7229115061329416,-0.4625338633543611,0.3427689294884399,0.7273605801856092,0.08851255820340267
1446.099976,-0.6973277348501664,-0.6472552549811829,-0.12519495712308631,-0.7327889303238667,-0.596316310608788,0.10441605253259012,0.6544589780685701,-0.25917185295227096
1451.099976,-0.6737336115211339,-0.6207256696889207,-0.3713389279593361,-0.7426663545147918,-0.730098757863215,-0.13393682442325971,0.5815573759515308,-0.6068562641079446
1456.099976,-0.650139488192101,-0.5941960843966587,-0.6174828987955858,-0.7525437787057168,-0.8638812051176419,-0.37228970137910955,0.5086557738344915,-0.9545406752636181
1461.099976,-0.650139488192101,-0.5941960843966587,-0.6174828987955858,-0.7525437787057168,-0.8638812051176419,-0.37228970137910955,0.5086557738344915,-0.9545406752636181
1466.099976,-0.650139488192101,-0.5941960843966587,-0.6174828987955858,-0.7525437787057168,-0.8638812051176419,-0.37228970137910955,0.5086557738344915,-0.9545406752636181
1471.099976,-0.4209367200532407,-0.4896254245648044,-0.3429763629967526,-0.5048177685137094,-0.5124031696842211,-0.10509822065958282,0.581063829457946,-0.7589130650280091
1476.099976,-0.1917339519143805,-0.3850547647329501,-0.06846982719791939,-0.25709175832170195,-0.16092513425080018,0.1620932600599439,0.6534718850814005,-0.5632854547924003
1481.099976,0.03746881622447975,-0.28048410490109577,0.20603670860091383,-0.009365748129694573,0.19055290118262058,0.42928474077947065,0.725879940704855,-0.3676578445567914
1486.099976,0.26667158436334,-0.17591344506924145,0.48054324439974705,0.2383602620623128,0.5420309366160414,0.6964762214989972,0.7982879963283095,-0.17203023432118253
1491.099976,0.4958743525022003,-0.07134278523738713,0.7550497801985803,0.4860862722543202,0.8935089720494622,0.963667702218524,0.870696051951764,0.023597375914426344
1496.099976,0.4958743525022003,-0.07134278523738713,0.7550497801985803,0.4860862722543202,0.8935089720494622,0.963667702218524,0.870696051951764,0.023597375914426344
1501.099976,0.4958743525022003,-0.07134278523738713,0.7550497801985803,0.4860862722543202,0.8935089720494622,0.963667702218524,0.870696051951764,0.023597375914426344
1506.099976,0.4958743525022003,-0.07134278523738713,0.7550497801985803,0.4860862722543202,0.8935089720494622,0.963667702218524,0.870696051951764,0.023597375914426344
1511.099976,0.4958743525022003,-0.07134278523738713,0.7550497801985803,0.4860862722543202,0.8935089720494622,0.963667702218524,0.870696051951764,0.023597375914426344
1516.099976,0.4958743525022003,-0.07134278523738713,0.7550497801985803,0.4860862722543202,0.8935089720494622,0.963667702218524,0.870696051951764,0.023597375914426344
1521.099976,0.5707016748243544,0.03733617580351165,0.4712802687983161,0.47373113428144437,0.6746656583289999,0.8443820018502602,0.6289612534949889,0.00723133088300818
1526.099976,0.6455289971465086,0.14601513684441042,0.18751075739805198,0.46137599630856857,0.45582234460853766,0.7250963014819964,0.38722645503821385,-0.009134714148409984
1531.099976,0.7203563194686626,0.2546940978853092,-0.09625875400221222,0.44902085833569283,0.23697903088807543,0.6058106011137326,0.1454916565814388,-0.025500759179828147
1536.099976,0.7951836417908169,0.36337305892620797,-0.38002826540247636,0.4366657203628169,0.018135717167613176,0.4865249007454688,-0.09624314187533622,-0.04186680421124631
1541.099976,0.8700109641129711,0.4720520199671068,-0.6637977768027405,0.42431058238994107,-0.2007075965528491,0.3672392003772049,-0.33797794033211126,-0.058232849242664475
1546.099976,0.8700109641129711,0.4720520199671068,-0.6637977768027405,0.42431058238994107,-0.2007075965528491,0.3672392003772049,-0.33797794033211126,-0.058232849242664475
1551.099976,0.8700109641129711,0.4720520199671068,-0.6637977768027405,0.42431058238994107,-0.2007075965528491,0.3672392003772049,-0.33797794033211126,-0.058232849242664475
1556.099976,0.5935019451510671,0.27296381088549776,-0.35104192962029995,0.5318563202465387,-0.3344804967210519,0.2449843738478601,-0.38104551714929275,0.05095573341716371
1561.099976,0.31699292618916325,0.07387560180388872,-0.03828608243785938,0.6394020581031364,-0.46825339688925477,0.12272954731851526,-0.42411309396647423,0.1601443160769919
1566.099976,0.040483907227259405,-0.1252126072777203,0.2744697647445812,0.7469477959597342,-0.6020262970574576,0.00047472078917043525,-0.46718067078365577,0.2693328987368201
1571.099976,-0.23602511173464444,-0.32430081635932934,0.5872256119270218,0.8544935338163319,-0.7357991972256605,-0.1217801057401744,-0.5102482476008372,0.37852148139664826
1576.099976,-0.5125341306965483,-0.5233890254409383,0.8999814591094623,0.9620392716729296,-0.8695720973938632,-0.24403493226951922,-0.5533158244180187,0.48771006405647643
1581.099976,-0.5125341306965483,-0.5233890254409383,0.8999814591094623,0.9620392716729296,-0.8695720973938632,-0.24403493226951922,-0.5533158244180187,0.48771006405647643
1586.099976,-0.5125341306965483,-0.5233890254409383,0.8999814591094623,0.9620392716729296,-0.8695720973938632,-0.24403493226951922,-0.5533158244180187,0.48771006405647643
1591.099976,-0.5125341306965483,-0.5233890254409383,0.8999814591094623,0.9620392716729296,-0.8695720973938632,-0.24403493226951922,-0.5533158244180187,0.48771006405647643
1596.099976,-0.5125341306965483,-0.5233890254409383,0.8999814591094623,0.9620392716729296,-0.8695720973938632,-0.24403493226951922,-0.5533158244180187,0.48771006405647643
1601.099976,-0.24881111185369673,-0.5108284410867119,0.700701074120931,0.9212905496027041,-0.69839169660093,-0.22504229848999432,-0.2597284121261291,0.22186273061169168
1606.099976,0.014911906989154834,-0.4982678567324855,0.5014206891323998,0.8805418275324788,-0.5272112958079967,-0.20604966471046943,0.03385900016576047,-0.043984602833093064
1611.099976,0.2786349258320064,-0.48570727237825917,0.30214030414386844,0.8397931054622534,-0.3560308950150637,-0.18705703093094456,0.32744641245765005,-0.3098319362778778
1616.099976,0.542357944674858,-0.4731466880240328,0.10285991915533713,0.799044383392028,-0.1848504942221305,-0.16806439715141966,0.6210338247495397,-0.5756792697226626
1621.099976,0.6348624098305902,-0.5395155484530336,-0.1251825972174839,0.542741899288831,-0.18048294293300074,-0.18037921299533935,0.8223713231605598,-0.6411173363980284
1626.099976,0.4636438561434707,-0.6184449932362609,-0.1539447286017736,0.3271881372558593,-0.34729579243680414,-0.21168666261878394,0.7301214092796904,-0.4407080696286094
1631.099976,0.2924253024563512,-0.6973744380194882,-0.18270685998606334,0.1116343752228877,-0.5141086419406076,-0.2429941122422285,0.637871495398821,-0.24029880285919053
1636.099976,0.12120674876923174,-0.7763038828027155,-0.21146899137035305,-0.10391938681008392,-0.6809214914444108,-0.2743015618656731,0.5456215815179517,-0.03988953608977162
1641.099976,-0.0500118049178877,-0.8552333275859427,-0.24023112275464276,-0.31947314884305555,-0.8477343409482143,-0.3056090114891177,0.45337166763708225,0.1605197306796473
1646.099976,-0.0500118049178877,-0.8552333275859427,-0.24023112275464276,-0.31947314884305555,-0.8477343409482143,-0.3056090114891177,0.45337166763708225,0.1605197306796473
1651.099976,0.0766561150956718,-0.495887991541216,-0.21302332158448026,-0.13827946918690462,-0.8745599379703336,-0.2183721826587337,0.4979110342242028,0.07025683236861235
1656.099976,0.2033240351092313,-0.1365426554964894,-0.18581552041431776,0.04291421046924633,-0.9013855349924528,-0.13113535382834973,0.5424504008113233,-0.0200060659424226
1661.099976,0.32999195512279084,0.22280268054823735,-0.15860771924415523,0.22410789012539728,-0.9282111320145722,-0.04389852499796576,0.5869897673984439,-0.11026896425345756
1666.099976,0.45665987513635037,0.5821480165929641,-0.13139991807399273,0.4053015697815482,-0.9550367290366915,0.04333830383241821,0.6315291339855644,-0.2005318625644925
1671.099976,0.5833277951499098,0.9414933526376907,-0.10419211690383023,0.5864952494376992,-0.9818623260588109,0.13057513266280218,0.676068500572685,-0.29079476087552747
1676.099976,0.5833277951499098,0.9414933526376907,-0.10419211690383023,0.5864952494376992,-0.9818623260588109,0.13057513266280218,0.676068500572685,-0.29079476087552747
1681.099976,0.5833277951499098,0.9414933526376907,-0.10419211690383023,0.5864952494376992,-0.9818623260588109,0.13057513266280218,0.676068500572685,-0.29079476087552747
1686.099976,0.5833277951499098,0.9414933526376907,-0.10419211690383023,0.5864952494376992,-0.9818623260588109,0.13057513266280218,0.676068500572685,-0.29079476087552747
1691.099976,0.5833277951499098,0.9414933526376907,-0.10419211690383023,0.5864952494376992,-0.9818623260588109,0.13057513266280218,0.676068500572685,-0.29079476087552747
1696.099976,0.5833277951499098,0.9414933526376907,-0.10419211690383023,0.5864952494376992,-0.9818623260588109,0.13057513266280218,0.676068500572685,-0.29079476087552747
1701.099976,0.6028178475301479,0.9369931885856981,-0.2475497903877668,0.3286217305750003,-0.9074306945571531,0.08728709357164677,0.369472421321924,-0.24623330464262566
1706.099976,0.6223078999103858,0.9324930245337055,-0.3909074638717034,0.0707482117123015,-0.8329990630554953,0.04399905448049135,0.06287634207116302,-0.20167184840972388
1711.099976,0.6417979522906239,0.9279928604817129,-0.53426513735564,-0.18712530715039732,-0.7585674315538375,0.0007110153893359339,-0.24371973717959797,-0.15711039217682207
1716.099976,0.661288004670862,0.9234926964297205,-0.6776228108395765,-0.44499882601309615,-0.6841358000521798,-0.04257702370181948,-0.550315816430359,-0.11254893594392028
1721.099976,0.7163876464079231,0.7901340105182535,-0.7955778110794067,-0.54622314966241,-0.4140444519657633,0.12294838546276368,-0.6976628353668197,0.05892706468561757
1726.099976,0.7519972357647461,0.661275488658779,-0.7701751378353003,-0.3895739544490251,-0.21838473538100459,0.33176183371850226,-0.5384137750525195,0.1858416090822536
1731.099976,0.7876068251215692,0.5324169667993046,-0.7447724645911941,-0.2329247592356401,-0.022725018796245867,0.5405752819742409,-0.37916471473821906,0.3127561534788897
1736.099976,0.8232164144783921,0.4035584449398302,-0.7193697913470878,-0.07627556402225513,0.17293469778851284,0.7493887302299793,-0.21991565442391878,0.4396706978755257
1741.099976,0.8588260038352151,0.27469992308035573,-0.6939671181029814,0.08037363119112984,0.36859441437327156,0.958202178485718,-0.0606665941096185,0.5665852422721618
1746.099976,0.8588260038352151,0.27469992308035573,-0.6939671181029814,0.08037363119112984,0.36859441437327156,0.958202178485718,-0.0606665941096185,0.5665852422721618
1751.099976,0.8588260038352151,0.27469992308035573,-0.6939671181029814,0.08037363119112984,0.36859441437327156,0.958202178485718,-0.0606665941096185,0.5665852422721618
1756.099976,0.7127881935851759,0.40262414175957684,-0.644749269071605,-0.0068193875246791436,0.3878074479635818,0.6382332774939193,0.026128926462693602,0.6066453248051197
1761.099976,0.5667503833351366,0.5305483604387978,-0.5955314200402286,-0.09401240624048812,0.40702048155389203,0.3182643765021208,0.1129244470350057,0.6467054073380776
1766.099976,0.4207125730850976,0.6584725791180188,-0.546313571008852,-0.1812054249562971,0.42623351514420227,-0.0017045244896778833,0.1997199676073178,0.6867654898710354
1771.099976,0.27467476283505843,0.78639679779724,-0.4970957219774757,-0.2683984436721061,0.4454465487345125,-0.3216734254814765,0.2865154881796299,0.7268255724039933
1776.099976,0.12863695258501928,0.914321016476461,-0.4478778729460993,-0.35559146238791506,0.46465958232482274,-0.6416423264732751,0.373311008751942,0.7668856549369512
1781.099976,0.12863695258501928,0.914321016476461,-0.4478778729460993,-0.35559146238791506,0.46465958232482274,-0.6416423264732751,0.373311008751942,0.7668856549369512
1786.099976,0.04076870169744558,0.7044140409926712,-0.2765791105375018,-0.11813667102485677,0.36694162916652473,-0.6919621022251115,0.3475440962979324,0.4485943383021779
1791.099976,-0.04709954919012813,0.49450706550888146,-0.10528034812890427,0.11931812033820152,0.26922367600822666,-0.7422818779769479,0.32177718384392284,0.13030302166740446
1796.099976,-0.13496780007770184,0.28460009002509173,0.06601841427969321,0.3567729117012598,0.17150572284992865,-0.7926016537287842,0.2960102713899132,-0.18798829496736888
1801.099976,-0.22283605096527553,0.07469311454130198,0.23731717668829072,0.5942277030643182,0.07378776969163062,-0.8429214294806207,0.2702433589359036,-0.5062796116021422
1806.099976,-0.31070430185284925,-0.13521386094248777,0.40861593909688826,0.8316824944273764,-0.02393018346666742,-0.8932412052324569,0.24447644648189404,-0.8245709282369156
1811.099976,-0.23905140438125333,-0.15379383753423587,0.4797312040402165,0.8013623551653012,-0.13161414948556596,-0.8629470947220366,0.052488116387882,-0.6614726934423001
1816.099976,-0.16739850690965738,-0.17237381412598393,0.5508464689835447,0.7710422159032261,-0.2392981155044645,-0.8326529842116163,-0.13950021370613003,-0.49837445864768454
1821.099976,-0.09574560943806146,-0.19095379071773202,0.621961733926873,0.7407220766411509,-0.346982081523363,-0.8023588737011957,-0.3314885438001421,-0.3352762238530691
1826.099976,-0.024092711966465518,-0.2095337673094801,0.6930769988702012,0.7104019373790755,-0.4546660475422616,-0.7720647631907753,-0.5234768738941542,-0.1721779890584536
1831.099976,0.047560185505130415,-0.22811374390122818,0.7641922638135294,0.6800817981170004,-0.5623500135611601,-0.7417706526803549,-0.7154652039881662,-0.009079754263838113
1836.099976,-0.10847600324167299,-0.12210420468000054,0.4710406166256368,0.3905246197377084,-0.5055667045579313,-0.4632062841319392,-0.5094617708405151,0.12060510982827317
1841.099976,-0.2645121919884764,-0.016094665458772896,0.17788896943774396,0.10096744135841637,-0.4487833955547026,-0.18464191558352364,-0.3034583376928642,0.25028997392038443
1846.099976,-0.4205483807352798,0.08991487376245474,-0.11526267775014873,-0.18858973702087564,-0.3920000865514738,0.09392245296489202,-0.0974549045452131,0.37997483801249576
1851.099976,-0.5765845694820833,0.1959244129836824,-0.4084143249380414,-0.4781469154001677,-0.335216777548245,0.37248682151330764,0.10854852860243791,0.5096597021046071
1856.099976,-0.7326207582288866,0.30193395220491004,-0.7015659721259342,-0.7677040937794597,-0.27843346854501627,0.6510511900617233,0.3145519617500889,0.6393445661967183
1861.099976,-0.4115218390614088,0.3937750749751187,-0.36451601932983024,-0.6640365220915663,-0.33555774664140353,0.49025801338881847,0.22818487226045536,0.6292171125369274
1866.099976,-0.09042291989393103,0.4856161977453274,-0.02746606653372634,-0.5603689504036728,-0.3926820247377908,0.3294648367159137,0.1418177827708218,0.6190896588771364
1871.099976,0.23067599927354676,0.5774573205155361,0.30958388626237765,-0.4567013787157794,-0.44980630283417805,0.16867166004300888,0.055450693281188235,0.6089622052173457
1876.099976,0.5517749184410246,0.6692984432857447,0.6466338390584816,-0.353033807027886,-0.5069305809305653,0.007878483370104083,-0.03091639620844533,0.5988347515575547
1881.099976,0.8728738376085022,0.7611395660559535,0.9836837918545855,-0.24936623533999258,-0.5640548590269525,-0.15291469330280072,-0.1172834856980789,0.5887072978977639
1886.099976,0.8728738376085022,0.7611395660559535,0.9836837918545855,-0.24936623533999258,-0.5640548590269525,-0.15291469330280072,-0.1172834856980789,0.5887072978977639
1891.099976,0.8728738376085022,0.7611395660559535,0.9836837918545855,-0.24936623533999258,-0.5640548590269525,-0.15291469330280072,-0.1172834856980789,0.5887072978977639
1896.099976,0.8728738376085022,0.7611395660559535,0.9836837918545855,-0.24936623533999258,-0.5640548590269525,-0.15291469330280072,-0.1172834856980789,0.5887072978977639
1901.099976,0.8728738376085022,0.7611395660559535,0.9836837918545855,-0.24936623533999258,-0.5640548590269525,-0.15291469330280072,-0.1172834856980789,0.5887072978977639
1906.099976,0.639821289165089,0.5637755490394993,0.6747685186021442,-0.26870240292067643,-0.635573115070362,0.036458326638173014,0.04340066916760623,0.4749422918229147
1911.099976,0.40676874072167546,0.36641153202304527,0.36585324534970276,-0.2880385705013603,-0.7070913711137714,0.22583134657914675,0.20408482403329137,0.3611772857480654
1916.099976,0.17371619227826204,0.1690475150065911,0.05693797209726137,-0.3073747380820441,-0.778609627157181,0.4152043665201205,0.36476897889897647,0.2474122796732162
1921.099976,-0.059336356165151385,-0.02831650200986302,-0.25197730115518,-0.3267109056627279,-0.8501278832005903,0.6045773864610942,0.5254531337646616,0.13364727359836698
1926.099976,-0.2592934258916263,0.009596122557696818,-0.5476723057078962,-0.2506559080340677,-0.5735146753384475,0.4571104476038023,0.7024499951808896,-0.1409201155596358
1931.099976,-0.22619794717468772,0.24487276414171077,-0.534452037008171,-0.15526474282472352,-0.225383211432895,0.12027048880553677,0.7187627017314323,-0.3017224986427893
1936.099976,-0.1931024684577492,0.4801494057257248,-0.5212317683084459,-0.05987357761537941,0.12274825247265744,-0.21656946999272875,0.7350754082819752,-0.4625248817259429
1941.099976,-0.16000698974081065,0.7154260473097386,-0.5080114996087206,0.03551758759396471,0.47087971637820986,-0.5534094287909943,0.7513881148325178,-0.6233272648090964
1946.099976,-0.1269115110238721,0.9507026888937526,-0.4947912309089954,0.13090875280330883,0.8190111802837624,-0.8902493875892599,0.7677008213830605,-0.7841296478922499
1951.099976,-0.1269115110238721,0.9507026888937526,-0.4947912309089954,0.13090875280330883,0.8190111802837624,-0.8902493875892599,0.7677008213830605,-0.7841296478922499
1956.099976,-0.1269115110238721,0.9507026888937526,-0.4947912309089954,0.13090875280330883,0.8190111802837624,-0.8902493875892599,0.7677008213830605,-0.7841296478922499
1961.099976,-0.005057464274276757,0.7285033860079817,-0.5202015466754418,-0.013743387639035954,0.5498318740467008,-0.7376396313492952,0.6397997879968574,-0.7397094104181117
1966.099976,0.11679658247531859,0.5063040831222109,-0.5456118624418882,-0.15839552808138074,0.2806525678096394,-0.5850298751093306,0.5118987546106544,-0.6952891729439733
1971.099976,0.23865062922491392,0.2841047802364401,-0.5710221782083347,-0.3030476685237255,0.011473261572577931,-0.43242011886936604,0.38399772122445125,-0.6508689354698349
1976.099976,0.3605046759745093,0.06190547735066922,-0.596432493974781,-0.4476998089660703,-0.25770604466448355,-0.27981036262940145,0.2560966878382481,-0.6064486979956966
1981.099976,0.4823587227241046,-0.16029382553510163,-0.6218428097412274,-0.5923519494084151,-0.526885350901545,-0.12720060638943687,0.12819565445204506,-0.5620284605215582
1986.099976,0.4823587227241046,-0.16029382553510163,-0.6218428097412274,-0.5923519494084151,-0.526885350901545,-0.12720060638943687,0.12819565445204506,-0.5620284605215582
1991.099976,0.4823587227241046,-0.16029382553510163,-0.6218428097412274,-0.5923519494084151,-0.526885350901545,-0.12720060638943687,0.12819565445204506,-0.5620284605215582
1996.099976,0.4823587227241046,-0.16029382553510163,-0.6218428097412274,-0.5923519494084151,-0.526885350901545,-0.12720060638943687,0.12819565445204506,-0.5620284605215582
2001.099976,0.4823587227241046,-0.16029382553510163,-0.6218428097412274,-0.5923519494084151,-0.526885350901545,-0.12720060638943687,0.12819565445204506,-0.5620284605215582
2006.099976,0.19046439652755393,0.034687903172730516,-0.3942528399465141,-0.6228309033023938,-0.3170774288642572,-0.20905073847348557,0.042836162983177536,-0.6345084331443605
2011.099976,-0.1014299296689968,0.22966963188056266,-0.16666287015180084,-0.6533098571963725,-0.10726950682696948,-0.2909008705575343,-0.04252332848568998,-0.7069884057671627
2016.099976,-0.39332425586554753,0.42465136058839476,0.06092709964291245,-0.6837888110903512,0.10253841521031828,-0.37275100264158295,-0.1278828199545575,-0.779468378389965
2021.099976,-0.6852185820620982,0.619633089296227,0.28851706943762573,-0.7142677649843299,0.312346337247606,-0.45460113472563163,-0.21324231142342503,-0.8519483510127672
2026.099976,-0.9771129082586489,0.8146148180040591,0.516107039232339,-0.7447467188783086,0.5221542592848938,-0.5364512668096804,-0.29860180289229254,-0.9244283236355695
2031.099976,-0.9771129082586489,0.8146148180040591,0.516107039232339,-0.7447467188783086,0.5221542592848938,-0.5364512668096804,-0.29860180289229254,-0.9244283236355695
2036.099976,-0.8088330149459548,0.6313910907383317,0.2602577063011618,-0.5483415107543991,0.32112046606522476,-0.5601279205931731,-0.07495535139405382,-0.8383782809166836
2041.099976,-0.6405531216332607,0.44816736347260433,0.004408373369984541,-0.35193630263048964,0.12008667284555571,-0.5838045743766659,0.1486911001041849,-0.7523282381977978
2046.099976,-0.4722732283205664,0.2649436362068767,-0.2514409595611927,-0.15553109450658015,-0.08094712037411331,-0.6074812281601586,0.3723375516024236,-0.6662781954789121
2051.199951,-0.3039933350078722,0.08171990894114925,-0.5072902924923699,0.04087411361732931,-0.28198091359378236,-0.6311578819436513,0.5959840031006622,-0.5802281527600265
2056.199951,-0.13571344169517796,-0.10150381832457822,-0.7631396254235472,0.23727932174123878,-0.4830147068134513,-0.6548345357271441,0.819630454598901,-0.4941781100411406
2061.199951,-0.13571344169517796,-0.10150381832457822,-0.7631396254235472,0.23727932174123878,-0.4830147068134513,-0.6548345357271441,0.819630454598901,-0.4941781100411406
2066.199951,-0.13571344169517796,-0.10150381832457822,-0.7631396254235472,0.23727932174123878,-0.4830147068134513,-0.6548345357271441,0.819630454598901,-0.4941781100411406
2071.199951,-0.13571344169517796,-0.10150381832457822,-0.7631396254235472,0.23727932174123878,-0.4830147068134513,-0.6548345357271441,0.819630454598901,-0.4941781100411406
2076.199951,-0.13571344169517796,-0.10150381832457822,-0.7631396254235472,0.23727932174123878,-0.4830147068134513,-0.6548345357271441,0.819630454598901,-0.4941781100411406
2081.199951,0.08879948919079976,-0.26370553244561157,-0.5754641503286322,0.38300510477831207,-0.3240564059076474,-0.4020075588533206,0.8403584496481529,-0.33510042835601567
2086.199951,0.3133124200767775,-0.4259072465666449,-0.3877886752337172,0.5287308878153854,-0.1650981050018434,-0.14918058197949727,0.8610864446974047,-0.1760227466708907
2091.199951,0.5378253509627552,-0.5881089606876783,-0.20011320013880218,0.6744566708524586,-0.006139804096039425,0.10364639489432617,0.8818144397466563,-0.016945064985765736
2096.199951,0.7623382818487329,-0.7503106748087116,-0.012437725043887182,0.8201824538895319,0.15281849680976456,0.3564733717681496,0.9025424347959081,0.14213261669935923
2101.199951,0.9495199405176974,-0.5716580778033483,-0.03647434563704719,0.9030455139714245,0.38434679824084633,0.6010237713194145,0.7963497890840839,0.23139491401716392
2106.199951,0.9121886683006842,-0.23080376667695174,-0.2481864413251222,0.8401827910162438,0.4569167987661242,0.592747193996856,0.6694291483230081,0.16157952964984362
2111.199951,0.8748573960836709,0.11005054444944498,-0.4598985370131972,0.7773200680610632,0.529486799291402,0.5844706166742976,0.5425085075619325,0.09176414528252334
2116.199951,0.8375261238666576,0.4509048555758417,-0.6716106327012722,0.7144573451058823,0.6020567998166798,0.5761940393517391,0.4155878668008569,0.021948760915203057
2121.199951,0.8001948516496442,0.7917591667022383,-0.8833227283893471,0.6515946221507016,0.6746268003419575,0.5679174620291805,0.2886672260397811,-0.04786662345211723
2126.199951,0.8001948516496442,0.7917591667022383,-0.8833227283893471,0.6515946221507016,0.6746268003419575,0.5679174620291805,0.2886672260397811,-0.04786662345211723
2131.199951,0.8001948516496442,0.7917591667022383,-0.8833227283893471,0.6515946221507016,0.6746268003419575,0.5679174620291805,0.2886672260397811,-0.04786662345211723
2136.199951,0.8001948516496442,0.7917591667022383,-0.8833227283893471,0.6515946221507016,0.6746268003419575,0.5679174620291805,0.2886672260397811,-0.04786662345211723
2141.199951,0.8001948516496442,0.7917591667022383,-0.8833227283893471,0.6515946221507016,0.6746268003419575,0.5679174620291805,0.2886672260397811,-0.04786662345211723
2146.199951,0.8340856193950505,0.6021517932196028,-0.7304961311525211,0.3456950518059117,0.578922479472558,0.5126186936469824,0.07162953879096375,-0.045272535398841816
2151.199951,0.8679763871404569,0.41254441973696726,-0.577669533915695,0.03979548146112175,0.4832181586031584,0.45731992526478427,-0.14540814845785363,-0.0426784473455664
2156.199951,0.9018671548858632,0.22293704625433178,-0.4248429366788688,-0.2661040888836682,0.3875138377337589,0.4020211568825863,-0.362445835706671,-0.040084359292291
2161.199951,0.9357579226312696,0.03332967277169625,-0.27201633944204273,-0.5720036592284581,0.29180951686435935,0.34672238850038817,-0.5794835229554884,-0.037490271239015584
2166.199951,0.9696486903766759,-0.15627770071093927,-0.11918974220521661,-0.8779032295732481,0.1961051959949598,0.2914236201181901,-0.7965212102043058,-0.03489618318574017
2171.199951,0.9696486903766759,-0.15627770071093927,-0.11918974220521661,-0.8779032295732481,0.1961051959949598,0.2914236201181901,-0.7965212102043058,-0.03489618318574017
2176.199951,0.9696486903766759,-0.15627770071093927,-0.11918974220521661,-0.8779032295732481,0.1961051959949598,0.2914236201181901,-0.7965212102043058,-0.03489618318574017
2181.199951,0.6354075678329533,-0.11449482340304722,-0.21071086815094872,-0.7365401754483812,0.09365247040237738,0.37358904105821644,-0.7815756697365465,-0.02922570054021927
2186.199951,0.3011664452892306,-0.07271194609515516,-0.30223199409668083,-0.5951771213235144,-0.00880025519020502,0.4557544619982428,-0.7666301292687872,-0.023555217894698367
2191.199951,-0.03307467725449205,-0.030929068787263113,-0.393753120042413,-0.45381406719864764,-0.11125298078278742,0.5379198829382691,-0.7516845888010277,-0.017884735249177462
2196.199951,-0.41452431220901464,0.06682310556571203,-0.34108677410231925,-0.442375617333261,-0.13948221199657676,0.6270805727587117,-0.5986556488275641,0.0481742022456257
2201.199951,-0.7959739471635373,0.16457527991868717,-0.28842042816222546,-0.4309371674678742,-0.16771144321036607,0.7162412625791541,-0.4456267088541003,0.11423313974042885
2206.199951,-0.8431824595743371,0.22054457696377025,-0.14423295627639962,-0.5608617717273543,-0.093487948831573,0.7232365314595702,-0.3075433093483958,0.1746215945897111
2211.199951,-0.5984541152392095,0.21128324051177802,0.03031295089172583,-0.4550651284447335,0.09252967608394043,0.5634143000757957,-0.30058357470864955,0.3253035856512474
2216.199951,-0.3537257709040817,0.2020219040597858,0.2048588580598513,-0.34926848516211284,0.27854730099945385,0.40359206869202124,-0.2936238400689033,0.4759855767127837
2221.199951,-0.06178891415815406,0.13679127056271048,0.23521729334215088,-0.11354723762001213,0.39034143153617423,0.2367745684278307,-0.42474750493486146,0.5662791129250377
2226.199951,0.23014794258777357,0.07156063706563516,0.2655757286244505,0.12217400992208863,0.5021355620728946,0.06995706816364015,-0.5558711698008196,0.6565726491372917
2231.199951,0.5220847993337012,0.006330003568559839,0.2959341639067501,0.3578952574641894,0.6139296926096149,-0.0968604321005504,-0.6869948346667778,0.7468661853495457
2236.199951,0.5245409239657665,0.01429082958337049,0.050056473188054215,0.10929307271189508,0.45661330178673476,-0.2660234292186614,-0.6399196790344377,0.638920131736534
2241.199951,0.5269970485978318,0.022251655598181142,-0.19582121753064166,-0.13930911204039922,0.29929691096385463,-0.4351864263367724,-0.5928445234020977,0.5309740781235222
2246.199951,0.529453173229897,0.030212481612991792,-0.4416989082493375,-0.38791129679269354,0.14198052014097445,-0.6043494234548834,-0.5457693677697576,0.4230280245105103
2251.199951,0.5319092978619622,0.038173307627802446,-0.6875765989680334,-0.6365134815449878,-0.015335870681905695,-0.7735124205729944,-0.49869421213741755,0.31508197089749845
2256.199951,0.5343654224940275,0.046134133642613095,-0.9334542896867293,-0.8851156662972821,-0.17265226150478585,-0.9426754176911054,-0.4516190565050775,0.20713591728448666
2261.199951,0.5343654224940275,0.046134133642613095,-0.9334542896867293,-0.8851156662972821,-0.17265226150478585,-0.9426754176911054,-0.4516190565050775,0.20713591728448666
2266.199951,0.5343654224940275,0.046134133642613095,-0.9334542896867293,-0.8851156662972821,-0.17265226150478585,-0.9426754176911054,-0.4516190565050775,0.20713591728448666
2271.199951,0.5343654224940275,0.046134133642613095,-0.9334542896867293,-0.8851156662972821,-0.17265226150478585,-0.9426754176911054,-0.4516190565050775,0.20713591728448666
2276.199951,0.5343654224940275,0.046134133642613095,-0.9334542896867293,-0.8851156662972821,-0.17265226150478585,-0.9426754176911054,-0.4516190565050775,0.20713591728448666
2281.199951,0.5343654224940275,0.046134133642613095,-0.9334542896867293,-0.8851156662972821,-0.17265226150478585,-0.9426754176911054,-0.4516190565050775,0.20713591728448666
2286.199951,0.2693669923355621,0.03948792153150613,-0.7719584101222047,-0.7732897154060898,-0.058236165084619665,-0.918811496295112,-0.215256307702747,0.213802475397171
2291.199951,0.0043685621770967135,0.03284170942039917,-0.6104625305576802,-0.6614637645148976,0.05617993133554653,-0.8949475748991187,0.021106441099583505,0.22046903350985536
2296.199951,-0.26062986798136867,0.026195497309292205,-0.44896665099315547,-0.5496378136237053,0.17059602775571273,-0.8710836535031252,0.25746918990191403,0.2271355916225397
2301.199951,-0.5256282981398341,0.01954928519818524,-0.28747077142863076,-0.43781186273251327,0.2850121241758789,-0.8472197321071319,0.4938319387042445,0.23380214973522406
2306.199951,-0.7906267282982995,0.012903073087078276,-0.12597489186410615,-0.3259859118413211,0.3994282205960451,-0.8233558107111383,0.730194687506575,0.24046870784790841
2311.199951,-0.7906267282982995,0.012903073087078276,-0.12597489186410615,-0.3259859118413211,0.3994282205960451,-0.8233558107111383,0.730194687506575,0.24046870784790841
2316.199951,-0.7906267282982995,0.012903073087078276,-0.12597489186410615,-0.3259859118413211,0.3994282205960451,-0.8233558107111383,0.730194687506575,0.24046870784790841
2321.199951,-0.7906267282982995,0.012903073087078276,-0.12597489186410615,-0.3259859118413211,0.3994282205960451,-0.8233558107111383,0.730194687506575,0.24046870784790841
2326.199951,-0.7906267282982995,0.012903073087078276,-0.12597489186410615,-0.3259859118413211,0.3994282205960451,-0.8233558107111383,0.730194687506575,0.24046870784790841
2331.199951,-0.6669723920822905,0.0234392331334492,-0.2455451051767339,-0.19559477456953306,0.1593128593741641,-0.6671644806950342,0.4874748446113403,0.21241985557767878
2336.199951,-0.5433180558662816,0.033975393179820124,-0.36511531848936163,-0.065203637297745,-0.08080250184771694,-0.51097315067893,0.24475500171610554,0.18437100330744918
2341.199951,-0.4196637196502726,0.04451155322619105,-0.48468553180198937,0.06518749997404302,-0.32091786306959796,-0.3547818206628258,0.002035158820870864,0.15632215103721955
2346.199951,-0.29600938343426364,0.05504771327256197,-0.6042557451146171,0.19557863724583108,-0.5610332242914791,-0.19859049064672168,-0.24068468407436386,0.12827329876698995
2351.199951,-0.17235504721825468,0.0655838733189329,-0.7238259584272448,0.3259697745176191,-0.80114858551336,-0.04239916063061755,-0.4834045269695986,0.10022444649676032
2356.199951,-0.17235504721825468,0.0655838733189329,-0.7238259584272448,0.3259697745176191,-0.80114858551336,-0.04239916063061755,-0.4834045269695986,0.10022444649676032
2361.199951,-0.17235504721825468,0.0655838733189329,-0.7238259584272448,0.3259697745176191,-0.80114858551336,-0.04239916063061755,-0.4834045269695986,0.10022444649676032
2366.199951,-0.17235504721825468,0.0655838733189329,-0.7238259584272448,0.3259697745176191,-0.80114858551336,-0.04239916063061755,-0.4834045269695986,0.10022444649676032
2371.199951,-0.17235504721825468,0.0655838733189329,-0.7238259584272448,0.3259697745176191,-0.80114858551336,-0.04239916063061755,-0.4834045269695986,0.10022444649676032
2376.199951,0.009394589197202841,0.187112718580022,-0.4443282184923124,0.1997543224860531,-0.4638937441242662,0.030465915431569977,-0.40811233927456564,0.18140935518744597
2381.199951,0.19114422561266037,0.30864156384111113,-0.16483047855738003,0.07353887045448708,-0.12663890273517256,0.1033309914937575,-0.3328201515795326,0.2625942638781316
2386.199951,0.37289386202811786,0.4301704091022002,0.11466726137755238,-0.052676581577078926,0.21061593865392117,0.17619606755594502,-0.2575279638844996,0.34377917256881724
2391.199951,0.3960896017561509,0.3546209585646088,0.3458369907802423,-0.017505379940139676,0.37565665316037367,0.23996210288206227,-0.266361559214546,0.4945892246430148
2396.199951,0.41928534148418384,0.2790715080270173,0.5770067201829322,0.017665821696799578,0.5406973676668262,0.30372813820817945,-0.2751951545445924,0.6453992767172123
2401.199951,0.26073144479675936,0.08199321222833675,0.5286787096506897,0.17905247536530483,0.36848324078418504,0.2946290974721092,-0.35932093756967187,0.7150244201007242
2406.199951,0.10217754810933481,-0.11508508357034382,0.48035069911844736,0.34043912903381013,0.19626911390154383,0.2855300567360389,-0.4434467205947513,0.7846495634842359
2411.199951,-0.05637634857808971,-0.3121633793690244,0.43202268858620485,0.5018257827023154,0.02405498701890263,0.27643101599996855,-0.5275725036198307,0.8542747068677479
2416.199951,-0.14140500974524514,-0.050996082995110645,0.47612590540651567,0.5461591016793204,-0.17363223535134997,0.08604827646923688,-0.4544146959989298,0.687000385748786
2421.199951,-0.22643367091240058,0.2101712133788031,0.5202291222268264,0.5904924206563253,-0.3713194577216026,-0.10433446306149481,-0.38125688837802907,0.5197260646298242
2426.199951,-0.31146233207955604,0.47133850975271685,0.5643323390471371,0.6348257396333303,-0.5690066800918552,-0.2947172025922265,-0.30809908075712833,0.3524517435108622
2431.199951,-0.39649099324671144,0.7325058061266306,0.6084355558674479,0.6791590586103353,-0.7666939024621078,-0.48509994212295815,-0.23494127313622754,0.18517742239190035
2436.199951,-0.48151965441386685,0.9936731025005443,0.6525387726877587,0.7234923775873403,-0.9643811248323605,-0.6754826816536899,-0.16178346551532674,0.017903101272938482
2441.199951,-0.48151965441386685,0.9936731025005443,0.6525387726877587,0.7234923775873403,-0.9643811248323605,-0.6754826816536899,-0.16178346551532674,0.017903101272938482
2446.199951,-0.48151965441386685,0.9936731025005443,0.6525387726877587,0.7234923775873403,-0.9643811248323605,-0.6754826816536899,-0.16178346551532674,0.017903101272938482
2451.199951,-0.48151965441386685,0.9936731025005443,0.6525387726877587,0.7234923775873403,-0.9643811248323605,-0.6754826816536899,-0.16178346551532674,0.017903101272938482
2456.199951,-0.48151965441386685,0.9936731025005443,0.6525387726877587,0.7234923775873403,-0.9643811248323605,-0.6754826816536899,-0.16178346551532674,0.017903101272938482
2461.199951,-0.2210548557121796,0.9465062950376387,0.5232771549891237,0.44762450553952216,-0.945029737606033,-0.42518586378232215,-0.05233634779866332,0.12160029280327493
2466.199951,0.03940994298950771,0.8993394875747331,0.39401553729048877,0.17175663349170406,-0.9256783503797056,-0.17488904591095444,0.057110769918000105,0.22529748433361138
2471.199951,0.299874741691195,0.8521726801118275,0.2647539195918538,-0.10411123855611408,-0.9063269631533781,0.07540777196041333,0.16655788763466353,0.3289946758639478
2476.199951,0.5603395403928824,0.8050058726489218,0.13549230189321881,-0.3799791106039322,-0.8869755759270508,0.3257045898317811,0.27600500535132694,0.4326918673942843
2481.199951,0.8208043390945697,0.7578390651860161,0.006230684194583835,-0.6558469826517503,-0.8676241887007233,0.5760014077031488,0.38545212306799037,0.5363890589246207
2486.199951,0.8208043390945697,0.7578390651860161,0.006230684194583835,-0.6558469826517503,-0.8676241887007233,0.5760014077031488,0.38545212306799037,0.5363890589246207
2491.199951,0.8208043390945697,0.7578390651860161,0.006230684194583835,-0.6558469826517503,-0.8676241887007233,0.5760014077031488,0.38545212306799037,0.5363890589246207
2496.199951,0.8208043390945697,0.7578390651860161,0.006230684194583835,-0.6558469826517503,-0.8676241887007233,0.5760014077031488,0.38545212306799037,0.5363890589246207
2501.199951,0.8208043390945697,0.7578390651860161,0.006230684194583835,-0.6558469826517503,-0.8676241887007233,0.5760014077031488,0.38545212306799037,0.5363890589246207
2506.199951,0.8208043390945697,0.7578390651860161,0.006230684194583835,-0.6558469826517503,-0.8676241887007233,0.5760014077031488,0.38545212306799037,0.5363890589246207
2511.199951,0.7053921353259348,0.4398665279177857,-0.0654638347055931,-0.6918901069409708,-0.6914387583193526,0.5961173241569506,0.24299512706469661,0.6133258143008524
2516.199951,0.5899799315573,0.12189399064955539,-0.13715835360577003,-0.7279332312301912,-0.5152533279379822,0.6162332406107524,0.10053813106140286,0.6902625696770841
2521.199951,0.47456772778866513,-0.19607854661867488,-0.20885287250594695,-0.7639763555194115,-0.3390678975566116,0.6363491570645541,-0.0419188649418909,0.7671993250533158
2526.199951,0.35915552402003026,-0.5140510838869051,-0.2805473914061239,-0.800019479808632,-0.16288246717524107,0.656465073518356,-0.18437586094518466,0.8441360804295475
2531.199951,0.24374332025139545,-0.8320236211551355,-0.3522419103063008,-0.8360626040978524,0.013302963206129448,0.6765809899721578,-0.3268328569484784,0.9210728358057791
2536.199951,0.24374332025139545,-0.8320236211551355,-0.3522419103063008,-0.8360626040978524,0.013302963206129448,0.6765809899721578,-0.3268328569484784,0.9210728358057791
2541.199951,0.11306165326628656,-0.6798925343241337,-0.3079300248947263,-0.49024840127394265,-0.15376896010556926,0.5956099934152804,-0.14178971681838548,0.6164030471738917
2546.199951,-0.017620013718822315,-0.5277614474931317,-0.2636181394831518,-0.14443419845003308,-0.32084088341726796,0.514638996858403,0.04325342331170745,0.3117332585420044
2551.199951,-0.14830168070393118,-0.37563036066213,-0.21930625407157733,0.20138000437387654,-0.4879128067289667,0.4336680003015257,0.22829656344180038,0.007063469910116993
2556.199951,-0.2789833476890401,-0.2234992738311282,-0.17499436866000284,0.5471942071977861,-0.6549847300406654,0.3526970037446483,0.4133397035718933,-0.2976063187217704
2561.199951,-0.4470398393688182,0.014436494735711314,-0.23171548286123925,0.5269030054563589,-0.8062731393351414,0.07881252482321219,0.4472619801717087,-0.6760131037937418
2566.199951,-0.48441466406348743,0.100241176471549,-0.33274848247405014,0.16079760089102207,-0.7904896253179189,-0.11410095754134657,0.2961411166414311,-0.7497501002338257
2571.199951,-0.5217894887581567,0.18604585820738667,-0.433781482086861,-0.20530780367431473,-0.7747061113006962,-0.3070144399059053,0.14502025311115357,-0.8234870966739098
2576.199951,-0.5591643134528259,0.2718505399432244,-0.5348144816996719,-0.5714132082396516,-0.7589225972834738,-0.4999279222704641,-0.006100610419123997,-0.8972240931139938
2581.199951,-0.5965391381474952,0.35765522167906205,-0.6358474813124828,-0.9375186128049883,-0.7431390832662512,-0.6928414046350229,-0.15722147394940156,-0.9709610895540777
2586.199951,-0.5965391381474952,0.35765522167906205,-0.6358474813124828,-0.9375186128049883,-0.7431390832662512,-0.6928414046350229,-0.15722147394940156,-0.9709610895540777
2591.199951,-0.5965391381474952,0.35765522167906205,-0.6358474813124828,-0.9375186128049883,-0.7431390832662512,-0.6928414046350229,-0.15722147394940156,-0.9709610895540777
2596.199951,-0.5965391381474952,0.35765522167906205,-0.6358474813124828,-0.9375186128049883,-0.7431390832662512,-0.6928414046350229,-0.15722147394940156,-0.9709610895540777
2601.199951,-0.28904063069765484,0.23885318866192864,-0.4747708311175032,-0.8281893837782501,-0.7409276334682406,-0.49652515434164296,0.06917837738417627,-0.7904181084694798
2606.199951,0.01845787675218542,0.12005115564479522,-0.31369418092252355,-0.7188601547515121,-0.7387161836702301,-0.30020890404826306,0.2955782287177541,-0.6098751273848819
2611.199951,0.3259563842020257,0.0012491226276618139,-0.15261753072754392,-0.6095309257247739,-0.7365047338722195,-0.10389265375488313,0.521978080051332,-0.42933214630028405
2616.199951,0.633454891651866,-0.1175529103894716,0.008459119467435716,-0.5002016966980357,-0.7342932840742089,0.09242359653849679,0.7483779313849098,-0.2487891652156861
2621.199951,0.9409533991017064,-0.236354943406605,0.16953576966241535,-0.3908724676712976,-0.7320818342761983,0.2887398468318767,0.9747777827184876,-0.06824618413108818
2626.199951,0.9409533991017064,-0.236354943406605,0.16953576966241535,-0.3908724676712976,-0.7320818342761983,0.2887398468318767,0.9747777827184876,-0.06824618413108818
2631.199951,0.9409533991017064,-0.236354943406605,0.16953576966241535,-0.3908724676712976,-0.7320818342761983,0.2887398468318767,0.9747777827184876,-0.06824618413108818
2636.199951,0.9409533991017064,-0.236354943406605,0.16953576966241535,-0.3908724676712976,-0.7320818342761983,0.2887398468318767,0.9747777827184876,-0.06824618413108818
2641.199951,0.9409533991017064,-0.236354943406605,0.16953576966241535,-0.3908724676712976,-0.7320818342761983,0.2887398468318767,0.9747777827184876,-0.06824618413108818
2646.199951,0.7996146122203059,-0.37383206972640465,0.2736356596645311,-0.12750725099944363,-0.7067952402748281,0.058771704529492784,0.9181006987987479,0.14269660865898448
2651.199951,0.6582758253389057,-0.5113091960462043,0.3777355496666468,0.13585796567241032,-0.6815086462734579,-0.17119643777289112,0.8614236148790081,0.35363940144905714
2656.199951,0.5169370384575054,-0.6487863223660039,0.4818354396687625,0.3992231823442643,-0.6562220522720876,-0.4011645800752751,0.8047465309592685,0.5645821942391298
2661.199951,0.4313534012337337,-0.5325514485805487,0.5108926398197209,0.5520628873089362,-0.35331832884233394,-0.6194059668200173,0.4580602466209999,0.44540991011868697
2666.199951,0.34576976400996196,-0.41631657479509343,0.5399498399706791,0.7049025922736079,-0.05041460541258007,-0.8376473535647596,0.11137396228273158,0.3262376259982443
2671.199951,0.4015249136675905,-0.16260457468983858,0.4649071501195218,0.5943770805664257,0.2272025240158036,-0.8259205980071179,-0.17863523813579726,-0.0038774509122710744
2676.199951,0.4572800633252189,0.09110742541541628,0.38986446026836435,0.4838515688592436,0.5048196534441873,-0.8141938424494762,-0.46864443855432614,-0.3339925278227865
2681.199951,0.5130352129828475,0.34481942552067113,0.31482177041720694,0.37332605715206135,0.7824367828725709,-0.8024670868918345,-0.7586536389728549,-0.6641076047333019
2686.199951,0.5130352129828475,0.34481942552067113,0.31482177041720694,0.37332605715206135,0.7824367828725709,-0.8024670868918345,-0.7586536389728549,-0.6641076047333019
2691.199951,0.2233693804881654,0.17676307368693478,0.3262591888553915,0.4077877142738246,0.7547883366214612,-0.5572489921934359,-0.7206736813872417,-0.35409002478494367
2696.199951,-0.06629645200651671,0.00870672185319843,0.33769660729357603,0.44224937139558784,0.7271398903703513,-0.31203089749503726,-0.6826937238016286,-0.044072444836585456
2701.199951,-0.3559622845011988,-0.15934962998053792,0.3491340257317606,0.47671102851735114,0.6994914441192416,-0.06681280279663855,-0.6447137662160156,0.26594513511177276
2706.199951,-0.6456281169958809,-0.32740598181427427,0.36057144416994513,0.5111726856391143,0.6718429978681316,0.17840529190176016,-0.6067338086304023,0.575962715060131
2711.199951,-0.935293949490563,-0.49546233364801057,0.3720088626081297,0.5456343427608776,0.6441945516170218,0.4236233866001589,-0.5687538510447891,0.8859802950084891
2716.199951,-0.935293949490563,-0.49546233364801057,0.3720088626081297,0.5456343427608776,0.6441945516170218,0.4236233866001589,-0.5687538510447891,0.8859802950084891
2721.199951,-0.935293949490563,-0.49546233364801057,0.3720088626081297,0.5456343427608776,0.6441945516170218,0.4236233866001589,-0.5687538510447891,0.8859802950084891
2726.199951,-0.7159260845588471,-0.23473328088895987,0.42904689875087865,0.37778075567668484,0.4550286761622795,0.49888763938418973,-0.5078651062706321,0.543743230857182
2731.199951,-0.49655821962713115,0.0259957718700909,0.4860849348936277,0.20992716859249202,0.2658628007075373,0.5741518921682207,-0.44697636149647496,0.2015061667058747
2736.199951,-0.2771903546954153,0.2867248246291417,0.5431229710363766,0.04207358150829923,0.07669692525279506,0.6494161449522515,-0.38608761672231784,-0.14073089744543252
2741.199951,-0.057822489763699414,0.5474538773881925,0.6001610071791257,-0.12578000557589358,-0.11246895020194718,0.7246803977362823,-0.3251988719481607,-0.48296796159673977
2746.199951,0.16154537516801648,0.8081829301472432,0.6571990433218746,-0.2936335926600864,-0.3016348256566894,0.7999446505203134,-0.2643101271740036,-0.825205025748047
2751.199951,0.16154537516801648,0.8081829301472432,0.6571990433218746,-0.2936335926600864,-0.3016348256566894,0.7999446505203134,-0.2643101271740036,-0.825205025748047
2756.199951,0.16154537516801648,0.8081829301472432,0.6571990433218746,-0.2936335926600864,-0.3016348256566894,0.7999446505203134,-0.2643101271740036,-0.825205025748047
2761.199951,0.16154537516801648,0.8081829301472432,0.6571990433218746,-0.2936335926600864,-0.3016348256566894,0.7999446505203134,-0.2643101271740036,-0.825205025748047
2766.199951,0.23902673186609352,0.4845956506212385,0.47345275936107656,-0.19551242982952383,-0.33581905382027377,0.7889265502514117,-0.03827546011529046,-0.5981848135145412
2771.199951,0.31650808856417056,0.16100837109523392,0.2897064754002786,-0.0973912669989613,-0.3700032819838582,0.77790844998251,0.18775920694342269,-0.37116460128103557
2776.199951,0.39398944526224755,-0.16257890843077072,0.10596019143948063,0.000729895831601235,-0.40418751014744253,0.7668903497136081,0.4137938740021358,-0.14414438904752974
2781.199951,0.4714708019603246,-0.48616618795677535,-0.07778609252131737,0.09885105866216377,-0.43837173831102694,0.7558722494447064,0.639828541060849,0.082875823185976
2786.199951,0.5489521586584016,-0.80975346748278,-0.26153237648211536,0.1969722214927263,-0.4725559664746113,0.7448541491758047,0.865863208119562,0.30989603541948174
2791.199951,0.5489521586584016,-0.80975346748278,-0.26153237648211536,0.1969722214927263,-0.4725559664746113,0.7448541491758047,0.865863208119562,0.30989603541948174
2796.199951,0.5489521586584016,-0.80975346748278,-0.26153237648211536,0.1969722214927263,-0.4725559664746113,0.7448541491758047,0.865863208119562,0.30989603541948174
2801.199951,0.5489521586584016,-0.80975346748278,-0.26153237648211536,0.1969722214927263,-0.4725559664746113,0.7448541491758047,0.865863208119562,0.30989603541948174
2806.199951,0.5489521586584016,-0.80975346748278,-0.26153237648211536,0.1969722214927263,-0.4725559664746113,0.7448541491758047,0.865863208119562,0.30989603541948174
2811.199951,0.25689197474580266,-0.5413365688360061,-0.31473657472247274,0.23650077803562194,-0.5132056509703263,0.6300122374625139,0.7576634176397062,0.4000279870187075
2816.199951,-0.035168209166796284,-0.27291967018923213,-0.36794077296283006,0.2760293345785176,-0.5538553354660414,0.5151703257492231,0.6494636271598504,0.4901599386179333
2821.199951,-0.3272283930793952,-0.004502771542458239,-0.42114497120318745,0.31555789112141325,-0.5945050199617565,0.4003284140359322,0.5412638366799947,0.5802918902171591
2826.199951,-0.6192885769919941,0.26391412710431567,-0.4743491694435448,0.35508644766430886,-0.6351547044574716,0.2854865023226414,0.43306404620013883,0.6704238418163848
2831.199951,-0.9113487609045932,0.5323310257510896,-0.5275533676839022,0.3946150042072045,-0.6758043889531866,0.17064459060935055,0.324864255720283,0.7605557934156106
2836.199951,-0.9113487609045932,0.5323310257510896,-0.5275533676839022,0.3946150042072045,-0.6758043889531866,0.17064459060935055,0.324864255720283,0.7605557934156106
2841.199951,-0.5705475756930103,0.591284385772466,-0.4107521219527266,0.42126849771439395,-0.5427990069516648,0.060540596538145766,0.13574150386019976,0.6848002911498804
2846.199951,-0.22974639048142736,0.6502377457938422,-0.2939508762215509,0.4479219912215834,-0.409793624950143,-0.04956339753305903,-0.05338124799988346,0.6090447888841501
2851.199951,0.11105479473015559,0.7091911058152187,-0.17714963049037533,0.47457548472877276,-0.27678824294862125,-0.15966739160426383,-0.24250399985996668,0.5332892866184198
2856.199951,0.45185597994173854,0.7681444658365951,-0.06034838475919972,0.5012289782359621,-0.14378286094709947,-0.2697713856754686,-0.43162675172004994,0.45753378435268954
2861.199951,0.7926571651533214,0.8270978258579713,0.05645286097197588,0.5278824717431516,-0.010777478945577679,-0.3798753797466734,-0.6207495035801331,0.3817782820869593
2866.199951,0.7926571651533214,0.8270978258579713,0.05645286097197588,0.5278824717431516,-0.010777478945577679,-0.3798753797466734,-0.6207495035801331,0.3817782820869593
2871.199951,0.7926571651533214,0.8270978258579713,0.05645286097197588,0.5278824717431516,-0.010777478945577679,-0.3798753797466734,-0.6207495035801331,0.3817782820869593
2876.199951,0.7926571651533214,0.8270978258579713,0.05645286097197588,0.5278824717431516,-0.010777478945577679,-0.3798753797466734,-0.6207495035801331,0.3817782820869593
2881.199951,0.4697569002825963,0.7507191648146927,0.03602653846574326,0.24418934591554026,-0.0004984554890436587,-0.46724387843854503,-0.3089411392162617,0.198077361474747
2886.199951,0.14685663541187113,0.6743405037714141,0.015600215959510643,-0.03950377991207112,0.00978056796749036,-0.5546123771304166,0.002867225147609709,0.01437644086253469
2891.199951,-0.17604362945885402,0.5979618427281354,-0.004826106546721975,-0.3231969057396825,0.02005959142402438,-0.6419808758222881,0.3146755895114811,-0.16932447974967763
2896.199951,-0.49894389432957914,0.5215831816848567,-0.025252429052954595,-0.6068900315672939,0.0303386148805584,-0.7293493745141598,0.6264839538753526,-0.3530254003618899
2901.199951,-0.8218441592003043,0.44520452064157806,-0.045678751559187214,-0.8905831573949052,0.04061763833709242,-0.8167178732060314,0.938292318239224,-0.5367263209741022
2906.199951,-0.8218441592003043,0.44520452064157806,-0.045678751559187214,-0.8905831573949052,0.04061763833709242,-0.8167178732060314,0.938292318239224,-0.5367263209741022
2911.199951,-0.8218441592003043,0.44520452064157806,-0.045678751559187214,-0.8905831573949052,0.04061763833709242,-0.8167178732060314,0.938292318239224,-0.5367263209741022
2916.199951,-0.8471216932537236,0.19367497272729386,-0.16992903926333475,-0.5285959844663289,-0.062489210452986346,-0.7310744692236402,0.8130596059283899,-0.5545294611953967
2921.199951,-0.8723992273071428,-0.05785457518699029,-0.2941793269674823,-0.16660881153775264,-0.1655960592430651,-0.6454310652412488,0.6878268936175557,-0.5723326014166912
2926.199951,-0.8976767613605621,-0.30938412310127444,-0.41842961467162987,0.1953783613908236,-0.2687029080331439,-0.5597876612588577,0.5625941813067216,-0.5901357416379854
2931.199951,-0.9229542954139811,-0.5609136710155586,-0.5426799023757773,0.5573655343193998,-0.37180975682322265,-0.47414425727646653,0.4373614689958874,-0.6079388818592799
2936.199951,-0.9482318294674004,-0.8124432189298428,-0.6669301900799249,0.919352707247976,-0.47491660561330135,-0.38850085329407524,0.31212875668505324,-0.6257420220805743
2941.199951,-0.9482318294674004,-0.8124432189298428,-0.6669301900799249,0.919352707247976,-0.47491660561330135,-0.38850085329407524,0.31212875668505324,-0.6257420220805743
2946.199951,-0.5660613661228677,-0.5888936614195137,-0.34997695612586993,0.704113981394848,-0.2506771492136814,-0.27806183866888223,0.09875454264135812,-0.5038448798951146
2951.199951,-0.183890902778335,-0.3653441039091846,-0.03302372217181491,0.48887525554171996,-0.026437692814061407,-0.16762282404368922,-0.114619671402337,-0.38194773770965484
2956.199951,0.1982795605661977,-0.14179454639885555,0.28392951178224013,0.27363652968859187,0.1978017635855586,-0.05718380941849621,-0.32799388544603214,-0.26005059552419507
2961.199951,0.5804500239107304,0.0817550111114735,0.6008827457362951,0.05839780383546378,0.42204121998517863,0.0532552052066968,-0.5413680994897272,-0.13815345333873535
2966.199951,0.9626204872552631,0.30530456862180255,0.9178359796903501,-0.1568409220176643,0.6462806763847986,0.1636942198318898,-0.7547423135334224,-0.016256311153275638
2971.199951,0.9626204872552631,0.30530456862180255,0.9178359796903501,-0.1568409220176643,0.6462806763847986,0.1636942198318898,-0.7547423135334224,-0.016256311153275638
2976.199951,0.9626204872552631,0.30530456862180255,0.9178359796903501,-0.1568409220176643,0.6462806763847986,0.1636942198318898,-0.7547423135334224,-0.016256311153275638
2981.199951,0.9626204872552631,0.30530456862180255,0.9178359796903501,-0.1568409220176643,0.6462806763847986,0.1636942198318898,-0.7547423135334224,-0.016256311153275638
2986.199951,0.9626204872552631,0.30530456862180255,0.9178359796903501,-0.1568409220176643,0.6462806763847986,0.1636942198318898,-0.7547423135334224,-0.016256311153275638
2991.199951,0.6310682260778544,0.2854298986276233,0.8589893851204261,-0.29270848473764055,0.4018989125140896,0.21613298318953614,-0.6658161324271139,0.035908587664647704
2996.199951,0.29951596490044563,0.26555522863344405,0.800142790550502,-0.42857604745761674,0.15751714864338076,0.26857174654718247,-0.5768899513208054,0.08807348648257105
3001.199951,-0.03203629627696318,0.24568055863926483,0.741296195980578,-0.5644436101775929,-0.08686461522732816,0.32101050990482877,-0.4879637702144972,0.1402383853004944
3006.199951,-0.3635885574543719,0.2258058886450856,0.682449601410654,-0.7003111728975692,-0.33124637909803706,0.3734492732624751,-0.3990375891081889,0.19240328411841773
3011.199951,-0.6951408186317807,0.20593121865090636,0.6236030068407301,-0.8361787356175455,-0.575628142968746,0.4258880366201215,-0.31011140800188053,0.24456818293634108
3016.199951,-0.6951408186317807,0.20593121865090636,0.6236030068407301,-0.8361787356175455,-0.575628142968746,0.4258880366201215,-0.31011140800188053,0.24456818293634108
3021.199951,-0.6951408186317807,0.20593121865090636,0.6236030068407301,-0.8361787356175455,-0.575628142968746,0.4258880366201215,-0.31011140800188053,0.24456818293634108
3026.199951,-0.6951408186317807,0.20593121865090636,0.6236030068407301,-0.8361787356175455,-0.575628142968746,0.4258880366201215,-0.31011140800188053,0.24456818293634108
3031.199951,-0.6951408186317807,0.20593121865090636,0.6236030068407301,-0.8361787356175455,-0.575628142968746,0.4258880366201215,-0.31011140800188053,0.24456818293634108
3036.199951,-0.6951408186317807,0.20593121865090636,0.6236030068407301,-0.8361787356175455,-0.575628142968746,0.4258880366201215,-0.31011140800188053,0.24456818293634108
3041.199951,-0.6437712418816058,0.04361828784290198,0.6886348242144562,-0.6613034516977951,-0.5748411502339422,0.17011241716946796,-0.3500733974066659,0.18771488196574326
3046.199951,-0.5924016651314311,-0.11869464296510239,0.7536666415881823,-0.4864281677780449,-0.5740541574991387,-0.08566320228118554,-0.3900353868114512,0.13086158099514544
3051.199951,-0.5410320883812563,-0.28100757377310676,0.8186984589619083,-0.3115528838582946,-0.5732671647643348,-0.34143882173183904,-0.42999737621623657,0.07400828002454762
3056.199951,-0.4896625116310814,-0.44332050458111116,0.8837302763356345,-0.13667759993854434,-0.5724801720295313,-0.5972144411824925,-0.46995936562102186,0.017154979053949804
3061.199951,-0.4382929348809066,-0.6056334353891155,0.9487620937093606,0.03819768398120593,-0.5716931792947275,-0.852990060633146,-0.5099213550258073,-0.039698321916648016
3066.199951,-0.4382929348809066,-0.6056334353891155,0.9487620937093606,0.03819768398120593,-0.5716931792947275,-0.852990060633146,-0.5099213550258073,-0.039698321916648016
3071.199951,-0.4382929348809066,-0.6056334353891155,0.9487620937093606,0.03819768398120593,-0.5716931792947275,-0.852990060633146,-0.5099213550258073,-0.039698321916648016
3076.199951,-0.4382929348809066,-0.6056334353891155,0.9487620937093606,0.03819768398120593,-0.5716931792947275,-0.852990060633146,-0.5099213550258073,-0.039698321916648016
3081.199951,-0.5366414887886503,-0.483473973583879,0.6500762224710932,-0.015742864383115274,-0.5290362105975038,-0.5576740000594596,-0.5373295443399322,0.12030861404296615
3086.199951,-0.6349900426963939,-0.36131451177864254,0.3513903512328259,-0.06968341274743647,-0.48637924190028026,-0.2623579394857731,-0.564737733654057,0.28031555000258035
3091.199951,-0.7333385966041377,-0.23915504997340603,0.05270447999455867,-0.12362396111175769,-0.4437222732030565,0.032958121087913426,-0.5921459229681819,0.4403224859621945
3096.199951,-0.8316871505118814,-0.11699558816816955,-0.24598139124370863,-0.17756450947607888,-0.40106530450583283,0.3282741816615999,-0.6195541122823067,0.6003294219218087
3101.199951,-0.930035704419625,0.00516387363706694,-0.544667262481976,-0.2315050578404001,-0.3584083358086092,0.6235902422352864,-0.6469623015964316,0.7603363578814228
3106.199951,-0.6690672434490372,0.1151864348813092,-0.4861059816786579,-0.25744725853401496,-0.4134709993213354,0.40274051858082116,-0.6919312081403508,0.5835269789817354
3111.199951,-0.40809878247844933,0.22520899612555145,-0.4275447008753398,-0.28338945922762987,-0.46853366283406156,0.18189079492635582,-0.7369001146842699,0.40671760008204794
3116.199951,-0.1471303215078615,0.3352315573697937,-0.3689834200720216,-0.30933165992124473,-0.5235963263467877,-0.038958928728109445,-0.781869021228189,0.2299082211823605
3121.199951,0.11383813946272632,0.445254118614036,-0.31042213926870355,-0.33527386061485964,-0.5786589898595139,-0.2598086523825747,-0.826837927772108,0.05309884228267307
3126.199951,0.37480660043331415,0.5552766798582782,-0.2518608584653854,-0.3612160613084745,-0.6337216533722401,-0.4806583760370399,-0.871806834316027,-0.12371053661701437
3131.199951,0.37480660043331415,0.5552766798582782,-0.2518608584653854,-0.3612160613084745,-0.6337216533722401,-0.4806583760370399,-0.871806834316027,-0.12371053661701437
3136.199951,0.37480660043331415,0.5552766798582782,-0.2518608584653854,-0.3612160613084745,-0.6337216533722401,-0.4806583760370399,-0.871806834316027,-0.12371053661701437
3141.199951,0.37480660043331415,0.5552766798582782,-0.2518608584653854,-0.3612160613084745,-0.6337216533722401,-0.4806583760370399,-0.871806834316027,-0.12371053661701437
3146.199951,0.37480660043331415,0.5552766798582782,-0.2518608584653854,-0.3612160613084745,-0.6337216533722401,-0.4806583760370399,-0.871806834316027,-0.12371053661701437
3151.199951,0.37480660043331415,0.5552766798582782,-0.2518608584653854,-0.3612160613084745,-0.6337216533722401,-0.4806583760370399,-0.871806834316027,-0.12371053661701437
3156.199951,0.18816584880744186,0.2765671639242138,-0.3231732837138084,-0.15689552590846997,-0.43829589851104345,-0.5809742780727918,-0.5883405478132298,0.047706581849169094
3161.199951,0.0015250971815695459,-0.002142352009850601,-0.39448570896223134,0.04742500949153454,-0.24287014364984683,-0.6812901801085435,-0.3048742613104326,0.21912370031535255
3166.199951,-0.18511565444430275,-0.28085186794391503,-0.46579813421065436,0.25174554489153905,-0.047444388788650205,-0.7816060821442953,-0.0214079748076355,0.390540818781536
3171.199951,-0.37175640607017507,-0.5595613838779794,-0.5371105594590773,0.4560660802915436,0.14798136607254642,-0.8819219841800472,0.2620583116951617,0.5619579372477195
3176.199951,-0.5583971576960474,-0.8382708998120438,-0.6084229847075002,0.6603866156915481,0.34340712093374304,-0.9822378862157988,0.5455245981979588,0.7333750557139029
3181.199951,-0.5583971576960474,-0.8382708998120438,-0.6084229847075002,0.6603866156915481,0.34340712093374304,-0.9822378862157988,0.5455245981979588,0.7333750557139029
3186.199951,-0.5583971576960474,-0.8382708998120438,-0.6084229847075002,0.6603866156915481,0.34340712093374304,-0.9822378862157988,0.5455245981979588,0.7333750557139029
3191.199951,-0.5583971576960474,-0.8382708998120438,-0.6084229847075002,0.6603866156915481,0.34340712093374304,-0.9822378862157988,0.5455245981979588,0.7333750557139029
3196.199951,-0.5583971576960474,-0.8382708998120438,-0.6084229847075002,0.6603866156915481,0.34340712093374304,-0.9822378862157988,0.5455245981979588,0.7333750557139029
3201.199951,-0.4629227689722404,-0.8590058393922471,-0.6470503565301413,0.3971504056736135,0.2775132141405879,-0.9269134300304811,0.27180268419560105,0.5956295415782943
3206.199951,-0.3674483802484333,-0.8797407789724503,-0.6856777283527824,0.13391419565567886,0.2116193073474327,-0.8715889738451634,-0.0019192298067567837,0.4578840274426856
3211.199951,-0.2719739915246263,-0.9004757185526536,-0.7243051001754234,-0.12932201436225577,0.14572540055427755,-0.8162645176598458,-0.2756411438091146,0.32013851330707693
3216.199951,-0.17649960280081928,-0.9212106581328567,-0.7629324719980645,-0.3925582243801904,0.07983149376112238,-0.7609400614745281,-0.5493630578114723,0.18239299917146826
3221.199951,-0.08102521407701224,-0.9419455977130602,-0.8015598438207053,-0.655794434398125,0.013937586967967208,-0.7056156052892104,-0.8230849718138302,0.04464748503585958
3226.199951,-0.08102521407701224,-0.9419455977130602,-0.8015598438207053,-0.655794434398125,0.013937586967967208,-0.7056156052892104,-0.8230849718138302,0.04464748503585958
3231.199951,0.09526674332521692,-0.7455490811864177,-0.5977340763406417,-0.43757003883587126,0.05537858000119624,-0.528857111715076,-0.6469251712349143,0.15178407999880417
3236.199951,0.2715587007274461,-0.5491525646597752,-0.3939083088605778,-0.21934564327361755,0.09681957303442527,-0.3520986181409416,-0.47076537065599844,0.25892067496174875
3241.199951,0.4478506581296752,-0.3527560481331327,-0.19008254138051411,-0.0011212477113638375,0.1382605660676543,-0.17534012456680728,-0.2946055700770825,0.36605726992469334
3246.199951,0.6241426155319044,-0.15635953160649022,0.013743226099549677,0.21710314785088988,0.17970155910088334,0.0014183690073271027,-0.11844576949816657,0.473193864887638
3251.199951,0.8004345729341334,0.040036984920152285,0.21756899357961346,0.43532754341314367,0.22114255213411238,0.17817686258146148,0.05771403108074935,0.5803304598505825
3256.199951,0.8004345729341334,0.040036984920152285,0.21756899357961346,0.43532754341314367,0.22114255213411238,0.17817686258146148,0.05771403108074935,0.5803304598505825
3261.199951,0.8004345729341334,0.040036984920152285,0.21756899357961346,0.43532754341314367,0.22114255213411238,0.17817686258146148,0.05771403108074935,0.5803304598505825
3266.199951,0.6893199505856508,-0.1565981092989634,0.09117186817836628,0.4506377501892459,0.23219487738192418,0.09391773998862467,-0.09324226737064482,0.527495954643206
3271.199951,0.578205328237168,-0.3532332035180791,-0.035225257222880876,0.4659479569653481,0.243247202629736,0.00965861739578786,-0.244198565822039,0.4746614494358294
3276.199951,0.46709070588868506,-0.5498682977371947,-0.16162238262412804,0.4812581637414503,0.25429952787754784,-0.07460050519704894,-0.39515486427343316,0.42182694422845285
3281.199951,0.35597608354020227,-0.7465033919563104,-0.28801950802537524,0.49656837051755254,0.26535185312535964,-0.15885962778988577,-0.5461111627248274,0.36899243902107626
3286.199951,0.24486146119171948,-0.9431384861754262,-0.4144166334266224,0.5118785772936547,0.27640417837317144,-0.24311875038272257,-0.6970674611762215,0.3161579338136997
3291.199951,0.24486146119171948,-0.9431384861754262,-0.4144166334266224,0.5118785772936547,0.27640417837317144,-0.24311875038272257,-0.6970674611762215,0.3161579338136997
3296.199951,0.24486146119171948,-0.9431384861754262,-0.4144166334266224,0.5118785772936547,0.27640417837317144,-0.24311875038272257,-0.6970674611762215,0.3161579338136997
3301.199951,0.10778935975762485,-0.5824875933405083,-0.18912539776406492,0.2717311107202233,0.2026070100270374,-0.17512512298580635,-0.44455561896410245,0.45069084993426795
3306.199951,-0.02928274167646978,-0.2218367005055903,0.03616583789849255,0.031583644146791955,0.12880984168090337,-0.10713149558889015,-0.19204377675198342,0.5852237660548362
3311.199951,-0.16635484311056442,0.13881419232932757,0.26145707356105,-0.20856382242663943,0.055012673334769335,-0.039137868191973936,0.06046806546013572,0.7197566821754043
3316.199951,-0.303426944544659,0.4994650851642454,0.48674830922360746,-0.44871128900007073,-0.0187844950113647,0.028855759204942277,0.3129799076722548,0.8542895982959726
3321.199951,-0.44049904597875367,0.8601159779991633,0.7120395448861649,-0.6888587555735022,-0.09258166335749873,0.09684938660185849,0.5654917498843739,0.9888225144165407
3326.199951,-0.44049904597875367,0.8601159779991633,0.7120395448861649,-0.6888587555735022,-0.09258166335749873,0.09684938660185849,0.5654917498843739,0.9888225144165407
3331.199951,-0.44049904597875367,0.8601159779991633,0.7120395448861649,-0.6888587555735022,-0.09258166335749873,0.09684938660185849,0.5654917498843739,0.9888225144165407
3336.199951,-0.22389445615905088,0.4998815336192958,0.43519280363060175,-0.4450680105211597,0.09989094091895608,0.03046407741013315,0.6380369808104647,0.7513404888149686
3341.199951,-0.007289866339348095,0.1396470892394282,0.15834606237503862,-0.20127726546881722,0.29236354519541086,-0.03592123178159219,0.7105822117365556,0.5138584632133967
3346.199951,0.20931472348035468,-0.22058735514043942,-0.11850067888052455,0.04251347958352527,0.4848361494718657,-0.10230654097331753,0.7831274426626463,0.27637643761182457
3351.199951,0.4259193133000575,-0.580821799520307,-0.3953474201360877,0.28630422463586774,0.6773087537483204,-0.16869185016504287,0.8556726735887372,0.038894412010252476
3356.199951,0.6425239031197603,-0.9410562439001746,-0.6721941613916509,0.5300949696882102,0.8697813580247754,-0.2350771593567682,0.9282179045148279,-0.1985876135913196
3361.199951,0.6425239031197603,-0.9410562439001746,-0.6721941613916509,0.5300949696882102,0.8697813580247754,-0.2350771593567682,0.9282179045148279,-0.1985876135913196
3366.199951,0.5668249221258433,-0.63181627936998,-0.6185506050120465,0.4426826792903033,0.7525463185528392,-0.30823363634156065,0.91743015213668,-0.20055052670515114
3371.199951,0.49112594113192626,-0.32257631483978544,-0.5649070486324421,0.35527038889239637,0.6353112790809031,-0.38139011332635314,0.9066423997585321,-0.20251343981898268
3376.199951,0.41542696013800934,-0.013336350309590683,-0.5112634922528378,0.2678580984944895,0.518076239608967,-0.4545465903111456,0.8958546473803841,-0.20447635293281424
3381.199951,0.3397279791440923,0.29590361422060396,-0.45761993587323346,0.18044580809658256,0.4008412001370309,-0.5277030672959381,0.8850668950022362,-0.20643926604664578
3386.199951,0.26402899815017533,0.6051435787507986,-0.4039763794936291,0.09303351769867563,0.2836061606650948,-0.6008595442807305,0.8742791426240883,-0.20840217916047732
3391.199951,0.26402899815017533,0.6051435787507986,-0.4039763794936291,0.09303351769867563,0.2836061606650948,-0.6008595442807305,0.8742791426240883,-0.20840217916047732
3396.199951,0.26402899815017533,0.6051435787507986,-0.4039763794936291,0.09303351769867563,0.2836061606650948,-0.6008595442807305,0.8742791426240883,-0.20840217916047732
3401.199951,0.26402899815017533,0.6051435787507986,-0.4039763794936291,0.09303351769867563,0.2836061606650948,-0.6008595442807305,0.8742791426240883,-0.20840217916047732
3406.199951,0.26402899815017533,0.6051435787507986,-0.4039763794936291,0.09303351769867563,0.2836061606650948,-0.6008595442807305,0.8742791426240883,-0.20840217916047732
3411.199951,0.3171717303818727,0.49284707910351866,-0.28482780115281453,0.061506995230969475,0.07312331466025986,-0.6762758091670898,0.7128767182953425,-0.2865649419620282
3416.199951,0.37031446261357004,0.3805505794562386,-0.16567922281199995,0.02998047276326332,-0.1373595313445751,-0.7516920740534492,0.5514742939665966,-0.3647277047635791
3421.199951,0.42345719484526734,0.26825407980895866,-0.0465306444711854,-0.0015460497044428312,-0.34784237734941004,-0.8271083389398084,0.39007186963785084,-0.44289046756512995
3426.199951,0.47659992707696475,0.15595758016167866,0.07261793386962916,-0.033072572172148984,-0.5583252233542451,-0.902524603826168,0.22866944530910502,-0.5210532303666808
3431.199951,0.529742659308662,0.043661080514398654,0.19176651221044372,-0.06459909463985514,-0.76880806935908,-0.9779408687125273,0.0672670209803592,-0.5992159931682317
3436.199951,0.529742659308662,0.043661080514398654,0.19176651221044372,-0.06459909463985514,-0.76880806935908,-0.9779408687125273,0.0672670209803592,-0.5992159931682317
3441.199951,0.2764375939842235,0.15770920295180227,0.09669543523550268,0.062333492963886704,-0.6701612350200706,-0.9455932461846123,-0.03399357396721836,-0.6580826041517334
3446.199951,0.023132528659785035,0.2717573253892059,0.0016243582605616424,0.18926608056762856,-0.5715144006810613,-0.9132456236566974,-0.1352541689147959,-0.716949215135235
3451.199951,-0.23017253666465348,0.38580544782660947,-0.0934467187143794,0.3161986681713704,-0.4728675663420521,-0.8808980011287822,-0.23651476386237347,-0.7758158261187367
3456.199951,-0.48347760198909195,0.4998535702640131,-0.18851779568932042,0.4431312557751122,-0.3742207320030429,-0.8485503786008672,-0.337775358809951,-0.8346824371022382
3461.199951,-0.7367826673135305,0.6139016927014167,-0.28358887266426147,0.5700638433788541,-0.2755738976640336,-0.8162027560729523,-0.4390359537575286,-0.89354904808574
3466.199951,-0.7367826673135305,0.6139016927014167,-0.28358887266426147,0.5700638433788541,-0.2755738976640336,-0.8162027560729523,-0.4390359537575286,-0.89354904808574
3471.199951,-0.7367826673135305,0.6139016927014167,-0.28358887266426147,0.5700638433788541,-0.2755738976640336,-0.8162027560729523,-0.4390359537575286,-0.89354904808574
3476.199951,-0.7367826673135305,0.6139016927014167,-0.28358887266426147,0.5700638433788541,-0.2755738976640336,-0.8162027560729523,-0.4390359537575286,-0.89354904808574
3481.199951,-0.7367826673135305,0.6139016927014167,-0.28358887266426147,0.5700638433788541,-0.2755738976640336,-0.8162027560729523,-0.4390359537575286,-0.89354904808574
3486.199951,-0.7367826673135305,0.6139016927014167,-0.28358887266426147,0.5700638433788541,-0.2755738976640336,-0.8162027560729523,-0.4390359537575286,-0.89354904808574
3491.199951,-0.7284343150578781,0.6285939134161149,-0.13049850963961798,0.3826432794389464,-0.03281859504890603,-0.5554569042243815,-0.2756496859805915,-0.8983042150410899
3496.199951,-0.7200859628022258,0.6432861341308131,0.022591853385025517,0.19522271549903875,0.20993670756622157,-0.29471105237581074,-0.11226341820365437,-0.9030593819964396
3501.199951,-0.7117376105465734,0.6579783548455115,0.17568221640966902,0.0078021515591310655,0.45269201018134914,-0.03396520052723995,0.051122849573282725,-0.9078145489517894
3506.199951,-0.7033892582909209,0.6726705755602098,0.3287725794343125,-0.1796184123807766,0.6954473127964766,0.22678065132133085,0.21450911735021982,-0.9125697159071393
3511.199951,-0.6950409060352685,0.687362796274908,0.48186294245895595,-0.3670389763206843,0.9382026154116044,0.48752650316990165,0.3778953851271569,-0.9173248828624893
3516.199951,-0.6950409060352685,0.687362796274908,0.48186294245895595,-0.3670389763206843,0.9382026154116044,0.48752650316990165,0.3778953851271569,-0.9173248828624893
3521.199951,-0.6950409060352685,0.687362796274908,0.48186294245895595,-0.3670389763206843,0.9382026154116044,0.48752650316990165,0.3778953851271569,-0.9173248828624893
3526.199951,-0.6950409060352685,0.687362796274908,0.48186294245895595,-0.3670389763206843,0.9382026154116044,0.48752650316990165,0.3778953851271569,-0.9173248828624893
3531.199951,-0.6950409060352685,0.687362796274908,0.48186294245895595,-0.3670389763206843,0.9382026154116044,0.48752650316990165,0.3778953851271569,-0.9173248828624893
3536.199951,-0.6017756585201139,0.7466406662585305,0.571268979745436,-0.48732399046948094,0.5985242678173774,0.48574589469658935,0.3898352667262453,-0.535768334873176
3541.199951,-0.5085104110049594,0.805918536242153,0.660675017031916,-0.6076090046182776,0.25884592022315067,0.48396528622327706,0.4017751483253337,-0.1542117868838627
3546.199951,-0.4152451634898049,0.8651964062257754,0.750081054318396,-0.7278940187670742,-0.08083242737107618,0.48218467774996476,0.41371502992442205,0.22734476110545052
3551.199951,-0.32197991597465037,0.9244742762093979,0.839487091604876,-0.8481790329158709,-0.42051077496530304,0.48040406927665247,0.42565491152351037,0.6089013090947637
3556.199951,-0.22871466845949584,0.9837521461930205,0.928893128891356,-0.9684640470646675,-0.7601891225595299,0.4786234608033402,0.4375947931225987,0.990457857084077
3561.199951,-0.22871466845949584,0.9837521461930205,0.928893128891356,-0.9684640470646675,-0.7601891225595299,0.4786234608033402,0.4375947931225987,0.990457857084077
3566.199951,-0.015600809437969154,0.7533872255894121,0.8202806984577871,-0.5921844898093115,-0.7718328579480123,0.5214504371885625,0.1876515635046526,0.8980789697023333
3571.199951,0.19751304958355753,0.5230223049858036,0.7116682680242181,-0.2159049325539555,-0.7834765933364946,0.5642774135737849,-0.06229166611329355,0.8057000823205899
3576.199951,0.4106269086050842,0.29265738438219524,0.6030558375906493,0.16037462470140046,-0.7951203287249771,0.6071043899590072,-0.3122348957312397,0.7133211949388463
3581.199951,0.6237407676266109,0.06229246377858684,0.49444340715708035,0.5366541819567564,-0.8067640641134594,0.6499313663442295,-0.5621781253491859,0.6209423075571026
3586.199951,0.8368546266481376,-0.1680724568250216,0.3858309767235115,0.9129337392121124,-0.8184077995019419,0.6927583427294519,-0.8121213549671321,0.5285634201753591
3591.199951,0.8368546266481376,-0.1680724568250216,0.3858309767235115,0.9129337392121124,-0.8184077995019419,0.6927583427294519,-0.8121213549671321,0.5285634201753591
3596.199951,0.7951632290467598,0.020847912743701257,0.16023734980715906,0.7060258398680983,-0.5282551351968763,0.6870838672143933,-0.4809217808273056,0.3763585975569741
3601.199951,0.7534718314453821,0.20976828231242411,-0.06535627710919338,0.49911794052408426,-0.23810247089181083,0.6814093916993345,-0.1497222066874791,0.22415377493858912
3606.199951,0.7117804338440044,0.39868865188114694,-0.2909499040255458,0.2922100411800702,0.052050193413254765,0.675734916184276,0.18147736745234738,0.07194895232020415
3611.199951,0.6804092538599821,0.5024281198282432,-0.3382032853852418,0.11330299727977242,0.1986733908910277,0.633496761551012,0.42405641364923374,0.08702721633715331
3616.199951,0.6490380738759598,0.6061675877753396,-0.38545666674493784,-0.0656040466205254,0.3452965883688006,0.5912586069177481,0.66663545984612,0.10210548035410247
3621.199951,0.6593582914933152,0.5209866861537134,-0.20711642118828136,-0.037603191176809145,0.201767121541508,0.554694927799543,0.57801493190318,0.2693885669894366
3626.199951,0.6696785091106706,0.4358057845320868,-0.02877617563162489,-0.009602335733092904,0.05823765471421538,0.5181312486813379,0.4893944039602399,0.4366716536247708
3631.199951,0.6799987267280261,0.35062488291046034,0.14956406992503157,0.01839851971062334,-0.08529181211307724,0.48156756956313274,0.4007738760172998,0.6039547402601049
3636.199951,0.6799987267280261,0.35062488291046034,0.14956406992503157,0.01839851971062334,-0.08529181211307724,0.48156756956313274,0.4007738760172998,0.6039547402601049
3641.199951,0.6799987267280261,0.35062488291046034,0.14956406992503157,0.01839851971062334,-0.08529181211307724,0.48156756956313274,0.4007738760172998,0.6039547402601049
3646.199951,0.6799987267280261,0.35062488291046034,0.14956406992503157,0.01839851971062334,-0.08529181211307724,0.48156756956313274,0.4007738760172998,0.6039547402601049
3651.199951,0.4027482950022273,0.1780058827016074,0.1032038479463527,0.211629996658939,-0.18301458544517554,0.3995750230284503,0.2160506673867359,0.5163457415283252
3656.199951,0.1254978632764286,0.0053868824927544075,0.05684362596767385,0.40486147360725466,-0.28073735877727385,0.3175824764937679,0.031327458756171954,0.42873674279654567
3661.199951,-0.15175256844937018,-0.16723211771609856,0.010483403988994989,0.5980929505555703,-0.3784601321093722,0.23558992995908548,-0.153395749874392,0.341127744064766
3666.199951,-0.4290030001751689,-0.33985111792495154,-0.035876817989683875,0.791324427503886,-0.47618290544147046,0.15359738342440304,-0.33811895850495594,0.25351874533298635
3671.199951,-0.7062534319009677,-0.5124701181338045,-0.08223703996836274,0.9845559044522016,-0.5739056787735688,0.07160483688972064,-0.5228421671355199,0.16590974660120672
3676.199951,-0.7062534319009677,-0.5124701181338045,-0.08223703996836274,0.9845559044522016,-0.5739056787735688,0.07160483688972064,-0.5228421671355199,0.16590974660120672
3681.199951,-0.7062534319009677,-0.5124701181338045,-0.08223703996836274,0.9845559044522016,-0.5739056787735688,0.07160483688972064,-0.5228421671355199,0.16590974660120672
3686.199951,-0.7062534319009677,-0.5124701181338045,-0.08223703996836274,0.9845559044522016,-0.5739056787735688,0.07160483688972064,-0.5228421671355199,0.16590974660120672
3691.199951,-0.7062534319009677,-0.5124701181338045,-0.08223703996836274,0.9845559044522016,-0.5739056787735688,0.07160483688972064,-0.5228421671355199,0.16590974660120672
3696.199951,-0.7062534319009677,-0.5124701181338045,-0.08223703996836274,0.9845559044522016,-0.5739056787735688,0.07160483688972064,-0.5228421671355199,0.16590974660120672
3701.199951,-0.6895378535119998,-0.5536340631474984,-0.023432147521935988,0.6618943869286029,-0.30934204568279217,-0.043180575521112985,-0.4941456164288255,-0.003472724373135394
3706.199951,-0.6728222751230319,-0.5947980081611923,0.03537274492449076,0.3392328694050043,-0.04477841259201556,-0.1579659879319466,-0.465449065722131,-0.1728551953474775
3711.199951,-0.6561066967340641,-0.6359619531748864,0.09417763737091751,0.01657135188140546,0.21978522049876106,-0.2727514003427802,-0.4367525150154366,-0.3422376663218196
3716.199951,-0.6393911183450962,-0.6771258981885803,0.15298252981734425,-0.30609016564219327,0.48434885358953766,-0.38753681275361385,-0.40805596430874214,-0.5116201372961617
3721.199951,-0.6226755399561283,-0.7182898432022742,0.211787422263771,-0.628751683165792,0.7489124866803143,-0.5023222251644475,-0.3793594136020477,-0.6810026082705039
3726.199951,-0.6226755399561283,-0.7182898432022742,0.211787422263771,-0.628751683165792,0.7489124866803143,-0.5023222251644475,-0.3793594136020477,-0.6810026082705039
3731.199951,-0.6226755399561283,-0.7182898432022742,0.211787422263771,-0.628751683165792,0.7489124866803143,-0.5023222251644475,-0.3793594136020477,-0.6810026082705039
3736.199951,-0.6226755399561283,-0.7182898432022742,0.211787422263771,-0.628751683165792,0.7489124866803143,-0.5023222251644475,-0.3793594136020477,-0.6810026082705039
3741.199951,-0.6226755399561283,-0.7182898432022742,0.211787422263771,-0.628751683165792,0.7489124866803143,-0.5023222251644475,-0.3793594136020477,-0.6810026082705039
3746.199951,-0.3083381566765172,-0.6973230209349749,0.014040292085140394,-0.3637307929216969,0.499168516035137,-0.5643508898987164,-0.22719049840193706,-0.5483689604189221
3751.199951,0.0059992266030939765,-0.6763561986676756,-0.18370683809349023,-0.0987099026776018,0.24942454538995973,-0.6263795546329854,-0.07502158320182639,-0.4157353125673405
3756.199951,0.3203366098827051,-0.6553893764003764,-0.38145396827212086,0.1663109875664933,-0.000319425255217487,-0.6884082193672543,0.07714733199828427,-0.2831016647157586
3761.199951,0.3404584398349571,-0.5788962184500042,-0.4175100910593457,0.3784558143385696,-0.12895213896480168,-0.7705773661378764,0.28202710470377496,-0.17772785810219976
3766.199951,0.36058026978720903,-0.5024030604996318,-0.4535662138465705,0.5906006411106459,-0.25758485267438586,-0.8527465129084986,0.4869068774092657,-0.07235405148864094
3771.199951,0.06636471645984984,-0.44687672481655893,-0.29187520645516474,0.5377245776386272,-0.13647359573879275,-0.8728869949448519,0.5396177349146457,-0.09961389272666388
3776.199951,-0.22785083686750934,-0.39135038913348585,-0.13018419906375894,0.48484851416660846,-0.015362338803199682,-0.8930274769812051,0.5923285924200258,-0.12687373396468682
3781.199951,-0.5220663901948686,-0.3358240534504129,0.03150680832764685,0.43197245069458967,0.1057489181323934,-0.9131679590175583,0.6450394499254057,-0.15413357520270976
3786.199951,-0.5077769506703163,-0.24480246186491392,0.0016960461139039484,0.29265805114769067,-0.06183705983236583,-0.6892832955205513,0.444119610972051,0.012402365135119853
3791.199951,-0.49348751114576406,-0.15378087027941495,-0.028114716099838954,0.15334365160079164,-0.22942303779712506,-0.4653986320235443,0.2431997720186962,0.17893830547294948
3796.199951,-0.47919807162121175,-0.062759278693916,-0.05792547831358186,0.014029252053892627,-0.3970090157618843,-0.24151396852653745,0.04227993306534143,0.34547424581077907
3801.199951,-0.4649086320966595,0.028262312891582965,-0.08773624052732476,-0.1252851474930064,-0.5645949937266435,-0.017629305029530508,-0.15863990588801333,0.5120101861486087
3806.199951,-0.45061919257210725,0.11928390447708193,-0.11754700274106766,-0.2645995470399054,-0.7321809716914027,0.20625535846747645,-0.3595597448413681,0.6785461264864383
3811.199951,-0.45061919257210725,0.11928390447708193,-0.11754700274106766,-0.2645995470399054,-0.7321809716914027,0.20625535846747645,-0.3595597448413681,0.6785461264864383
3816.199951,-0.45061919257210725,0.11928390447708193,-0.11754700274106766,-0.2645995470399054,-0.7321809716914027,0.20625535846747645,-0.3595597448413681,0.6785461264864383
3821.199951,-0.45061919257210725,0.11928390447708193,-0.11754700274106766,-0.2645995470399054,-0.7321809716914027,0.20625535846747645,-0.3595597448413681,0.6785461264864383
3826.199951,-0.45061919257210725,0.11928390447708193,-0.11754700274106766,-0.2645995470399054,-0.7321809716914027,0.20625535846747645,-0.3595597448413681,0.6785461264864383
3831.199951,-0.45061919257210725,0.11928390447708193,-0.11754700274106766,-0.2645995470399054,-0.7321809716914027,0.20625535846747645,-0.3595597448413681,0.6785461264864383
3836.199951,-0.5378291361980322,0.1441139361422507,-0.0648441389353612,-0.30536521933004884,-0.7574589932332982,0.03500355907176957,-0.12399999722807462,0.5514257511244629
3841.199951,-0.6250390798239571,0.16894396780741952,-0.012141275129654749,-0.3461308916201923,-0.7827370147751938,-0.1362482403239373,0.11155975038521886,0.4243053757624876
3846.199951,-0.7122490234498822,0.1937739994725883,0.04056158867605171,-0.3868965639103358,-0.8080150363170893,-0.3075000397196442,0.3471194979985123,0.2971850004005122
3851.199951,-0.7994589670758071,0.21860403113775712,0.09326445248175816,-0.4276622362004792,-0.8332930578589848,-0.478751839115351,0.5826792456118058,0.17006462503853687
3856.199951,-0.886668910701732,0.2434340628029259,0.14596731628746462,-0.4684279084906226,-0.8585710794008803,-0.6500036385110579,0.8182389932250993,0.04294424967656152
3861.199951,-0.886668910701732,0.2434340628029259,0.14596731628746462,-0.4684279084906226,-0.8585710794008803,-0.6500036385110579,0.8182389932250993,0.04294424967656152
3866.199951,-0.886668910701732,0.2434340628029259,0.14596731628746462,-0.4684279084906226,-0.8585710794008803,-0.6500036385110579,0.8182389932250993,0.04294424967656152
3871.199951,-0.886668910701732,0.2434340628029259,0.14596731628746462,-0.4684279084906226,-0.8585710794008803,-0.6500036385110579,0.8182389932250993,0.04294424967656152
3876.199951,-0.8777487814821459,0.37658027005637407,-0.03389420377096934,-0.5020554974804221,-0.876146752070718,-0.6064790431894089,0.5363465414211583,-0.03425513291192619
3881.199951,-0.8688286522625599,0.5097264773098222,-0.2137557238294033,-0.5356830864702216,-0.8937224247405557,-0.5629544478677599,0.25445408961721744,-0.1114545155004139
3886.199951,-0.8599085230429739,0.6428726845632704,-0.39361724388783725,-0.569310675460021,-0.9112980974103934,-0.519429852546111,-0.027438362186723443,-0.1886538980889016
3891.199951,-0.8509883938233879,0.7760188918167186,-0.5734787639462712,-0.6029382644498205,-0.9288737700802312,-0.47590525722446203,-0.30933081399066437,-0.26585328067738934
3896.199951,-0.5331875491207427,0.7167850961458289,-0.5163411247609838,-0.4906270859437596,-0.7425627874362986,-0.35568006463341517,-0.3253376522752985,-0.2444353642545769
3901.199951,-0.2243068336376835,0.524405093221491,-0.27934196551726254,-0.3446883184478994,-0.5386761321225281,-0.2789794673640174,-0.05945203875599168,-0.14581806524327678
3906.199951,0.08457388184537566,0.3320250902971532,-0.042342806273541235,-0.19874955095203908,-0.3347894768087577,-0.2022788700946196,0.20643357476331511,-0.047200766231976665
3911.199951,0.3934545973284348,0.1396450873728154,0.19465635297018008,-0.0528107834561788,-0.13090282149498728,-0.1255782728252218,0.4723191882826219,0.051416532779323454
3916.199951,0.702335312811494,-0.05273491555152243,0.43165551221390147,0.09312798403968148,0.07298383381878315,-0.04887767555582401,0.7382048018019287,0.15003383179062357
3921.199951,0.702335312811494,-0.05273491555152243,0.43165551221390147,0.09312798403968148,0.07298383381878315,-0.04887767555582401,0.7382048018019287,0.15003383179062357
3926.199951,0.702335312811494,-0.05273491555152243,0.43165551221390147,0.09312798403968148,0.07298383381878315,-0.04887767555582401,0.7382048018019287,0.15003383179062357
3931.199951,0.4253132925989771,0.15673952643238334,0.24137408307191208,0.17759616503819325,0.19557630902031747,0.1304361800799398,0.7221534781896471,0.09838015691266144
3936.199951,0.14829127238646017,0.3662139684162891,0.05109265392992275,0.26206434603670503,0.3181687842218518,0.3097500357157036,0.7061021545773656,0.04672648203469931
3941.199951,-0.12873074782605679,0.5756884104001949,-0.13918877521206657,0.34653252703521675,0.4407612594233862,0.48906389135146744,0.6900508309650839,-0.004927192843262818
3946.199951,-0.40575276803857374,0.7851628523841006,-0.32947020435405594,0.4310007080337286,0.5633537346249204,0.6683777469872313,0.6739995073528023,-0.05658086772122495
3951.199951,-0.6827747882510906,0.9946372943680064,-0.5197516334960453,0.5154688890322403,0.6859462098264548,0.847691602622995,0.6579481837405208,-0.10823454259918708
3956.199951,-0.6827747882510906,0.9946372943680064,-0.5197516334960453,0.5154688890322403,0.6859462098264548,0.847691602622995,0.6579481837405208,-0.10823454259918708
3961.199951,-0.6827747882510906,0.9946372943680064,-0.5197516334960453,0.5154688890322403,0.6859462098264548,0.847691602622995,0.6579481837405208,-0.10823454259918708
3966.199951,-0.6827747882510906,0.9946372943680064,-0.5197516334960453,0.5154688890322403,0.6859462098264548,0.847691602622995,0.6579481837405208,-0.10823454259918708
3971.199951,-0.6827747882510906,0.9946372943680064,-0.5197516334960453,0.5154688890322403,0.6859462098264548,0.847691602622995,0.6579481837405208,-0.10823454259918708
3976.199951,-0.6827747882510906,0.9946372943680064,-0.5197516334960453,0.5154688890322403,0.6859462098264548,0.847691602622995,0.6579481837405208,-0.10823454259918708
3981.199951,-0.5708689873380918,0.892457984387568,-0.33075600741678524,0.47745879548063064,0.4954336408507185,0.5292776683186441,0.5454187088989866,-0.06765200201456363
3986.199951,-0.45896318642509293,0.7902786744071296,-0.14176038133752522,0.439448701929021,0.3049210718749823,0.21086373401429298,0.4328892340574523,-0.027069461429940177
3991.199951,-0.34705738551209403,0.6880993644266912,0.047235244741734794,0.4014386083774113,0.114408502899246,-0.10755020029005799,0.3203597592159182,0.013513079154683272
3996.199951,-0.23515158459909516,0.5859200544462528,0.2362308708209948,0.36342851482580163,-0.07610406607649027,-0.42596413459440896,0.207830284374384,0.054095619739306725
4001.199951,-0.12324578368609629,0.4837407444658144,0.42522649690025477,0.32541842127419196,-0.26661663505222655,-0.74437806889876,0.0953008095328498,0.09467816032393017
4006.199951,-0.12324578368609629,0.4837407444658144,0.42522649690025477,0.32541842127419196,-0.26661663505222655,-0.74437806889876,0.0953008095328498,0.09467816032393017
4011.199951,-0.12324578368609629,0.4837407444658144,0.42522649690025477,0.32541842127419196,-0.26661663505222655,-0.74437806889876,0.0953008095328498,0.09467816032393017
4016.199951,-0.12324578368609629,0.4837407444658144,0.42522649690025477,0.32541842127419196,-0.26661663505222655,-0.74437806889876,0.0953008095328498,0.09467816032393017
4021.199951,-0.12324578368609629,0.4837407444658144,0.42522649690025477,0.32541842127419196,-0.26661663505222655,-0.74437806889876,0.0953008095328498,0.09467816032393017
4026.199951,-0.12324578368609629,0.4837407444658144,0.42522649690025477,0.32541842127419196,-0.26661663505222655,-0.74437806889876,0.0953008095328498,0.09467816032393017
4031.199951,-0.09605446791213942,0.1930238105811159,0.1743142883581618,0.40235488625034116,-0.1682711745699314,-0.4183958980475289,0.24398619874727784,0.18698174461021208
4036.199951,-0.06886315213818257,-0.09769312330358257,-0.07659792018393126,0.47929135122649036,-0.06992571408763629,-0.09241372719629784,0.39267158796170587,0.279285328896494
4041.199951,-0.04167183636422571,-0.38841005718828103,-0.3275101287260243,0.5562278162026396,0.02841974639465885,0.23356844365493332,0.5413569771761338,0.3715889131827759
4046.199951,-0.014480520590268853,-0.6791269910729796,-0.5784223372681174,0.6331642811787888,0.12676520687695397,0.5595506145061645,0.6900423663905618,0.4638924974690578
4051.199951,0.012710795183688006,-0.9698439249576779,-0.8293345458102104,0.710100746154938,0.22511066735924912,0.8855327853573955,0.8387277556049899,0.5561960817553397
4056.199951,0.012710795183688006,-0.9698439249576779,-0.8293345458102104,0.710100746154938,0.22511066735924912,0.8855327853573955,0.8387277556049899,0.5561960817553397
4061.199951,0.012710795183688006,-0.9698439249576779,-0.8293345458102104,0.710100746154938,0.22511066735924912,0.8855327853573955,0.8387277556049899,0.5561960817553397
4066.199951,0.012710795183688006,-0.9698439249576779,-0.8293345458102104,0.710100746154938,0.22511066735924912,0.8855327853573955,0.8387277556049899,0.5561960817553397
4071.199951,0.012710795183688006,-0.9698439249576779,-0.8293345458102104,0.710100746154938,0.22511066735924912,0.8855327853573955,0.8387277556049899,0.5561960817553397
4076.199951,0.012710795183688006,-0.9698439249576779,-0.8293345458102104,0.710100746154938,0.22511066735924912,0.8855327853573955,0.8387277556049899,0.5561960817553397
4081.199951,-0.18049681401202186,-0.7684105380567233,-0.7143376805021996,0.718860900475496,0.050829283671037076,0.7843000039039962,0.5974804143844132,0.6261687581577837
4086.199951,-0.37370442320773173,-0.5669771511557686,-0.5993408151941887,0.7276210547960541,-0.12345210001717496,0.6830672224505969,0.3562330731638365,0.6961414345602277
4091.199951,-0.5669120324034417,-0.365543764254814,-0.48434394988617796,0.7363812091166121,-0.297733483705387,0.5818344409971976,0.11498573194325976,0.7661141109626716
4096.299805,-0.7601196415991515,-0.16411037735385933,-0.3693470845781671,0.7451413634371702,-0.47201486739359905,0.48060165954379813,-0.12626160927731694,0.8360867873651155
4101.299805,-0.9533272507948614,0.03732300954709533,-0.25435021927015633,0.7539015177577282,-0.6462962510818111,0.37936887809039876,-0.36750895049789367,0.9060594637675596
4106.299805,-0.9533272507948614,0.03732300954709533,-0.25435021927015633,0.7539015177577282,-0.6462962510818111,0.37936887809039876,-0.36750895049789367,0.9060594637675596
4111.299805,-0.9533272507948614,0.03732300954709533,-0.25435021927015633,0.7539015177577282,-0.6462962510818111,0.37936887809039876,-0.36750895049789367,0.9060594637675596
4116.299805,-0.8528047227159536,0.1285592500703579,-0.14315220891651403,0.5449308945724777,-0.43732496806561405,0.2910448158109453,-0.15776135619357357,0.5499270105808117
4121.299805,-0.7522821946370458,0.21979549059362044,-0.03195419856287174,0.3359602713872273,-0.22835368504941694,0.20272075353149188,0.05198623811074654,0.19379455739406373
4126.299805,-0.651759666558138,0.311031731116883,0.07924381179077056,0.12698964820197686,-0.01938240203321988,0.11439669125203844,0.26173383241506665,-0.1623378957926843
4131.299805,-0.5512371384792302,0.40226797164014555,0.19044182214441285,-0.08198097498327357,0.1895888809829772,0.026072628972585,0.47148142671938675,-0.5184703489794323
4136.299805,-0.45071461040032235,0.4935042121634082,0.30163983249805515,-0.290951598168524,0.39856016399917427,-0.06225143330686844,0.6812290210237069,-0.8746028021661802
4141.299805,-0.45071461040032235,0.4935042121634082,0.30163983249805515,-0.290951598168524,0.39856016399917427,-0.06225143330686844,0.6812290210237069,-0.8746028021661802
4146.299805,-0.45071461040032235,0.4935042121634082,0.30163983249805515,-0.290951598168524,0.39856016399917427,-0.06225143330686844,0.6812290210237069,-0.8746028021661802
4151.299805,-0.45071461040032235,0.4935042121634082,0.30163983249805515,-0.290951598168524,0.39856016399917427,-0.06225143330686844,0.6812290210237069,-0.8746028021661802
4156.299805,-0.19340784427971633,0.30207772038788894,0.37181790931583425,-0.05055374609172851,0.17356062926862764,0.11171538030777013,0.6601633695885017,-0.5926848468007211
4161.299805,0.06389892184088967,0.1106512286123698,0.44199598613361335,0.18984410598506699,-0.051438905461919,0.2856821939224087,0.6390977181532966,-0.31076689143526204
4166.299805,0.3212056879614957,-0.08077526316314936,0.5121740629513925,0.4302419580618625,-0.27643844019246566,0.4596490075370473,0.6180320667180916,-0.028848936069802766
4171.299805,0.5785124540821016,-0.2722017549386685,0.5823521397691716,0.6706398101386579,-0.5014379749230123,0.6336158211516858,0.5969664152828865,0.2530690192956564
4176.299805,0.8358192202027077,-0.4636282467141877,0.6525302165869507,0.9110376622154535,-0.7264375096535589,0.8075826347663245,0.5759007638476814,0.5349869746611156
4181.299805,0.8358192202027077,-0.4636282467141877,0.6525302165869507,0.9110376622154535,-0.7264375096535589,0.8075826347663245,0.5759007638476814,0.5349869746611156
4186.299805,0.8358192202027077,-0.4636282467141877,0.6525302165869507,0.9110376622154535,-0.7264375096535589,0.8075826347663245,0.5759007638476814,0.5349869746611156
4191.299805,0.8358192202027077,-0.4636282467141877,0.6525302165869507,0.9110376622154535,-0.7264375096535589,0.8075826347663245,0.5759007638476814,0.5349869746611156
4196.299805,0.8358192202027077,-0.4636282467141877,0.6525302165869507,0.9110376622154535,-0.7264375096535589,0.8075826347663245,0.5759007638476814,0.5349869746611156
4201.299805,0.6559436669039533,-0.5472132010047873,0.4005807644405161,0.5847451327340517,-0.6992878522808338,0.5903104135948772,0.4151041164511245,0.5295838641604463
4206.299805,0.4760681136051989,-0.630798155295387,0.14863131229408166,0.2584526032526499,-0.6721381949081087,0.37303819242343,0.2543074690545676,0.524180753659777
4211.299805,0.2961925603064443,-0.7143831095859865,-0.10331813985235283,-0.06783992622875186,-0.6449885375353837,0.15576597125198283,0.09351082165801064,0.5187776431591079
4216.299805,0.11631700700768985,-0.7979680638765861,-0.3552675919987873,-0.39413245571015365,-0.6178388801626588,-0.061506249919464386,-0.06728582573854629,0.5133745326584386
4221.299805,-0.06355854629106461,-0.8815530181671857,-0.6072170441452218,-0.7204249851915554,-0.5906892227899336,-0.2787784710909116,-0.22808247313510321,0.5079714221577694
4226.299805,-0.06355854629106461,-0.8815530181671857,-0.6072170441452218,-0.7204249851915554,-0.5906892227899336,-0.2787784710909116,-0.22808247313510321,0.5079714221577694
4231.299805,-0.06355854629106461,-0.8815530181671857,-0.6072170441452218,-0.7204249851915554,-0.5906892227899336,-0.2787784710909116,-0.22808247313510321,0.5079714221577694
4236.299805,-0.06355854629106461,-0.8815530181671857,-0.6072170441452218,-0.7204249851915554,-0.5906892227899336,-0.2787784710909116,-0.22808247313510321,0.5079714221577694
4241.299805,-0.06355854629106461,-0.8815530181671857,-0.6072170441452218,-0.7204249851915554,-0.5906892227899336,-0.2787784710909116,-0.22808247313510321,0.5079714221577694
4246.299805,0.015259801506572667,-0.6247815294701228,-0.6230927771232914,-0.560167443670928,-0.6449278435396091,-0.27030385576369037,-0.008945148631680767,0.3292569926395947
4251.299805,0.09407814930420995,-0.36801004077305965,-0.6389685101013608,-0.39990990215030053,-0.6991664642892843,-0.26182924043646916,0.2101921758717417,0.15054256312142003
4256.299805,0.17289649710184724,-0.11123855207599669,-0.6548442430794303,-0.23965236062967316,-0.7534050850389598,-0.2533546251092479,0.42932950037516415,-0.02817186639675464
4261.299805,0.2517148448994845,0.14553293662106634,-0.6707199760575,-0.07939481910904575,-0.8076437057886352,-0.24488000978202668,0.6484668248785865,-0.2068862959149293
4266.299805,0.3305331926971218,0.4023044253181293,-0.6865957090355694,0.08086272241158166,-0.8618823265383104,-0.23640539445480546,0.867604149382009,-0.385600725433104
4271.299805,0.3305331926971218,0.4023044253181293,-0.6865957090355694,0.08086272241158166,-0.8618823265383104,-0.23640539445480546,0.867604149382009,-0.385600725433104
4276.299805,0.3305331926971218,0.4023044253181293,-0.6865957090355694,0.08086272241158166,-0.8618823265383104,-0.23640539445480546,0.867604149382009,-0.385600725433104
4281.299805,0.3305331926971218,0.4023044253181293,-0.6865957090355694,0.08086272241158166,-0.8618823265383104,-0.23640539445480546,0.867604149382009,-0.385600725433104
4286.299805,0.4323043364530796,0.38862729591015965,-0.6550743024836942,0.20824835070857345,-0.5296553090455506,-0.08313620402299371,0.6877093033270436,-0.5039696064856409
4291.299805,0.5340754802090374,0.37495016650219,-0.623552895931819,0.33563397900556524,-0.19742829155279065,0.07013298640881804,0.5078144572720783,-0.6223384875381779
4296.299805,0.6358466239649953,0.36127303709422026,-0.5920314893799435,0.4630196073025571,0.13479872593996917,0.2234021768406298,0.3279196112171129,-0.7407073685907148
4301.299805,0.737617767720953,0.3475959076862506,-0.5605100828280684,0.5904052355995489,0.467025743432729,0.37667136727244155,0.14802476516214752,-0.8590762496432518
4306.299805,0.839388911476911,0.33391877827828087,-0.5289886762761931,0.7177908638965407,0.7992527609254889,0.5299405577042533,-0.03187008089281784,-0.9774451306957888
4311.299805,0.839388911476911,0.33391877827828087,-0.5289886762761931,0.7177908638965407,0.7992527609254889,0.5299405577042533,-0.03187008089281784,-0.9774451306957888
4316.299805,0.839388911476911,0.33391877827828087,-0.5289886762761931,0.7177908638965407,0.7992527609254889,0.5299405577042533,-0.03187008089281784,-0.9774451306957888
4321.299805,0.839388911476911,0.33391877827828087,-0.5289886762761931,0.7177908638965407,0.7992527609254889,0.5299405577042533,-0.03187008089281784,-0.9774451306957888
4326.299805,0.7986209758256043,0.13949151083804284,-0.4319722603179853,0.6726696562333027,0.7603320641761772,0.44570836380425993,0.038846650345331926,-0.9253775278695372
4331.299805,0.7578530401742978,-0.054935756602195206,-0.33495584435977765,0.6275484485700646,0.7214113674268654,0.3614761699042665,0.1095633815834817,-0.8733099250432856
4336.299805,0.7170851045229913,-0.24936302404243324,-0.23793942840156998,0.5824272409068267,0.6824906706775538,0.27724397600427314,0.18028011282163145,-0.821242322217034
4341.299805,0.6763171688716848,-0.44379029148267135,-0.1409230124433623,0.5373060332435887,0.643569973928242,0.19301178210427974,0.25099684405978123,-0.7691747193907826
4346.299805,0.6355492332203783,-0.6382175589229093,-0.0439065964851546,0.4921848255803507,0.6046492771789302,0.10877958820428635,0.321713575297931,-0.7171071165645311
4351.299805,0.7022633967055064,-0.596631238404037,-0.12512359151627,0.23273334381955943,0.45193058064400127,0.2701878335877443,0.11784517647094575,-0.6284932300422795
4356.299805,0.7689775601906346,-0.5550449178851645,-0.20634058654738544,-0.026718137941231835,0.2992118841090722,0.4315960789712022,-0.0860232223560395,-0.5398793435200281
4361.299805,0.8356917236757628,-0.5134585973662921,-0.28755758157850086,-0.2861696197020231,0.14649318757414317,0.5930043243546602,-0.28989162118302475,-0.4512654569977766
4366.299805,0.9024058871608911,-0.47187227684741967,-0.36877457660961627,-0.5456211014628144,-0.006225508960785842,0.7544125697381181,-0.49376002001000996,-0.36265157047552515
4371.299805,0.9691200506460194,-0.4302859563285473,-0.4499915716407317,-0.8050725832236056,-0.15894420549571486,0.915820815121576,-0.6976284188369952,-0.27403768395327366
4376.299805,0.9691200506460194,-0.4302859563285473,-0.4499915716407317,-0.8050725832236056,-0.15894420549571486,0.915820815121576,-0.6976284188369952,-0.27403768395327366
4381.299805,0.9691200506460194,-0.4302859563285473,-0.4499915716407317,-0.8050725832236056,-0.15894420549571486,0.915820815121576,-0.6976284188369952,-0.27403768395327366
4386.299805,0.9691200506460194,-0.4302859563285473,-0.4499915716407317,-0.8050725832236056,-0.15894420549571486,0.915820815121576,-0.6976284188369952,-0.27403768395327366
4391.299805,0.7517029680016414,-0.4894695463326208,-0.16936620758627963,-0.5904497044510363,-0.1145719497542709,0.5863033201492887,-0.7270361663093281,-0.2799454787030636
4396.299805,0.5342858853572634,-0.5486531363366943,0.11125915646817242,-0.3758268256784669,-0.07019969401282693,0.2567858251770013,-0.756443913781661,-0.2858532734528535
4401.299805,0.3168688027128854,-0.6078367263407678,0.39188452052262446,-0.1612039469058975,-0.025827438271382962,-0.07273166979528609,-0.7858516612539939,-0.29176106820264336
4406.299805,0.09945172006850744,-0.6670203163448413,0.6725098845770765,0.05341893186667188,0.018544817470061002,-0.4022491647675735,-0.815259408726327,-0.2976688629524333
4411.299805,-0.11796536257587054,-0.7262039063489147,0.9531352486315285,0.26804181063924126,0.06291707321150497,-0.7317666597398609,-0.8446671561986598,-0.3035766577022232
4416.299805,-0.2912752653839447,-0.412335827800991,0.6707030814045662,0.2715594320791923,-0.04794836522487285,-0.47210958327988184,-0.6164093694734756,-0.3270467200923234
4421.299805,-0.4645851681920189,-0.09846774925306709,0.38827091417760395,0.27507705351914336,-0.15881380366125067,-0.21245250681990271,-0.3881515827482914,-0.35051678248242363
4426.299805,-0.637895071000093,0.21540032929485667,0.10583874695064152,0.2785946749590944,-0.2696792420976285,0.047204569640076376,-0.15989379602310705,-0.3739868448725238
4431.299805,-0.6078152352878172,0.2038752412062635,-0.12208229648943587,0.2464143644915536,-0.4078592840230108,0.029293639933581563,0.03576161721987137,-0.3920831303206972
4436.299805,-0.5777353995755414,0.19235015311767034,-0.35000333992951327,0.2142340540240128,-0.5460393259483931,0.011382710227086746,0.23141703046284978,-0.4101794157688706
4441.299805,-0.3743456610551913,-0.13304301351884668,-0.29549221614262833,0.17853612211652098,-0.5733539294373975,-0.26618529593938717,0.19881465698064393,-0.40480563882694376
4446.299805,-0.1709559225348412,-0.4584361801553637,-0.2409810923557434,0.14283819020902913,-0.600668532926402,-0.5437533021058611,0.16621228349843808,-0.39943186188501695
4451.299805,0.032433815985508874,-0.7838293467918807,-0.18646996856885845,0.10714025830153728,-0.6279831364154065,-0.821321308272335,0.13360991001623224,-0.39405808494309014
4456.299805,-0.12683760016108642,-0.4740500775998882,-0.2906430748695247,0.18707364531741297,-0.623308579277945,-0.6287479198256823,0.2509428355218019,-0.20462040262270004
4461.299805,-0.2861090163076817,-0.16427080840789587,-0.39481618117019085,0.26700703233328865,-0.6186340221404836,-0.4361745313790298,0.3682757610273716,-0.01518272030230996
4466.299805,-0.44538043245427705,0.14550846078409657,-0.4989892874708571,0.34694041934916436,-0.6139594650030222,-0.2436011429323773,0.4856086865329413,0.17425496201808013
4471.299805,-0.6046518486008724,0.455287729976089,-0.6031623937715234,0.42687380636504,-0.6092849078655608,-0.05102775448572476,0.602941612038511,0.3636926443384702
4476.299805,-0.7639232647474676,0.7650669991680814,-0.7073355000721895,0.5068071933809157,-0.6046103507280993,0.14154563396092779,0.7202745375440807,0.5531303266588603
4481.299805,-0.7631370072590957,0.6285791728539458,-0.5582813416970168,0.4856156479002566,-0.5238897082321927,-0.04628283593556004,0.3892709353276217,0.4166748098863916
4486.299805,-0.7623507497707239,0.4920913465398101,-0.4092271833218442,0.4644241024195974,-0.44316906573628606,-0.23411130583204787,0.058267333111162764,0.28021929311392296
4491.299805,-0.761564492282352,0.3556035202256744,-0.26017302494667155,0.44323255693893826,-0.3624484232403795,-0.4219397757285357,-0.2727362691052962,0.14376377634145426
4496.299805,-0.7607782347939803,0.2191156939115387,-0.11111886657149891,0.42204101145827905,-0.2817277807444729,-0.6097682456250235,-0.6037398713217551,0.0073082595689855975
4501.299805,-0.7599919773056085,0.08262786759740304,0.03793529180367372,0.4008494659776199,-0.2010071382485663,-0.7975967155215113,-0.9347434735382141,-0.12914725720348308
4506.299805,-0.7599919773056085,0.08262786759740304,0.03793529180367372,0.4008494659776199,-0.2010071382485663,-0.7975967155215113,-0.9347434735382141,-0.12914725720348308
4511.299805,-0.7599919773056085,0.08262786759740304,0.03793529180367372,0.4008494659776199,-0.2010071382485663,-0.7975967155215113,-0.9347434735382141,-0.12914725720348308
4516.299805,-0.6797648061182918,0.13152417761443008,0.04114285575040984,0.5131766848503683,-0.24838040582927445,-0.4932701409440745,-0.6847552612188836,-0.2185324724214027
4521.299805,-0.5995376349309751,0.1804204876314571,0.04435041969714595,0.6255039037231166,-0.2957536734099826,-0.18894356636663767,-0.4347670488995533,-0.3079176876393223
4526.299805,-0.5193104637436583,0.22931679764848414,0.047557983643882064,0.7378311225958649,-0.34312694099069074,0.11538300821079917,-0.18477883658022276,-0.39730290285724196
4531.299805,-0.4390832925563416,0.27821310766551116,0.050765547590618174,0.8501583414686132,-0.3905002085713989,0.419709582788236,0.06520937573910768,-0.48668811807516155
4536.299805,-0.3588561213690249,0.3271094176825382,0.05397311153735429,0.9624855603413616,-0.437873476152107,0.7240361573656728,0.3151975880584381,-0.5760733332930812
4541.299805,-0.3588561213690249,0.3271094176825382,0.05397311153735429,0.9624855603413616,-0.437873476152107,0.7240361573656728,0.3151975880584381,-0.5760733332930812
4546.299805,-0.3588561213690249,0.3271094176825382,0.05397311153735429,0.9624855603413616,-0.437873476152107,0.7240361573656728,0.3151975880584381,-0.5760733332930812
4551.299805,-0.3588561213690249,0.3271094176825382,0.05397311153735429,0.9624855603413616,-0.437873476152107,0.7240361573656728,0.3151975880584381,-0.5760733332930812
4556.299805,-0.3588561213690249,0.3271094176825382,0.05397311153735429,0.9624855603413616,-0.437873476152107,0.7240361573656728,0.3151975880584381,-0.5760733332930812
4561.299805,-0.1776992449402702,0.18762532833889844,0.12197900499811834,0.8242147196244604,-0.1636209122443773,0.41574903159419885,0.2514289063314543,-0.6173638241289334
4566.299805,0.0034576314884844804,0.048141238995258684,0.1899848984588824,0.6859438789075591,0.11063165166335245,0.10746190582272482,0.18766022460447052,-0.6586543149647858
4571.299805,0.18461450791723916,-0.09134285034838108,0.2579907919196464,0.547673038190658,0.3848842155710822,-0.2008252199487492,0.12389154287748672,-0.699944805800638
4576.299805,0.3657713843459939,-0.23082693969202084,0.3259966853804105,0.40940219747375683,0.659136779478812,-0.5091123457202232,0.060122861150502915,-0.7412352966364903
4581.299805,0.5469282607747485,-0.3703110290356606,0.3940025788411745,0.2711313567568556,0.9333893433865417,-0.8173994714916972,-0.003645820576480885,-0.7825257874723426
4586.299805,0.5469282607747485,-0.3703110290356606,0.3940025788411745,0.2711313567568556,0.9333893433865417,-0.8173994714916972,-0.003645820576480885,-0.7825257874723426
4591.299805,0.5469282607747485,-0.3703110290356606,0.3940025788411745,0.2711313567568556,0.9333893433865417,-0.8173994714916972,-0.003645820576480885,-0.7825257874723426
4596.299805,0.5480362452603066,-0.31719690120185423,0.44817939365333537,0.2919553429338978,0.9313216483917859,-0.5313385618706246,-0.03298296050492646,-0.7438723265234427
4601.299805,0.5491442297458647,-0.26408277336804786,0.5023562084654962,0.3127793291109399,0.9292539533970302,-0.2452776522495518,-0.062320100433372036,-0.7052188655745428
4606.299805,0.5502522142314227,-0.21096864553424152,0.5565330232776571,0.3336033152879821,0.9271862584022745,0.04078325737152091,-0.09165724036181762,-0.6665654046256428
4611.299805,0.5513601987169808,-0.15785451770043518,0.6107098380898179,0.3544273014650242,0.9251185634075189,0.3268441669925936,-0.12099438029026319,-0.627911943676743
4616.299805,0.5524681832025389,-0.10474038986662881,0.6648866529019788,0.3752512876420664,0.9230508684127632,0.6129050766136663,-0.15033152021870877,-0.5892584827278431
4621.299805,0.5524681832025389,-0.10474038986662881,0.6648866529019788,0.3752512876420664,0.9230508684127632,0.6129050766136663,-0.15033152021870877,-0.5892584827278431
4626.299805,0.5524681832025389,-0.10474038986662881,0.6648866529019788,0.3752512876420664,0.9230508684127632,0.6129050766136663,-0.15033152021870877,-0.5892584827278431
4631.299805,0.5524681832025389,-0.10474038986662881,0.6648866529019788,0.3752512876420664,0.9230508684127632,0.6129050766136663,-0.15033152021870877,-0.5892584827278431
4636.299805,0.5524681832025389,-0.10474038986662881,0.6648866529019788,0.3752512876420664,0.9230508684127632,0.6129050766136663,-0.15033152021870877,-0.5892584827278431
4641.299805,0.34717753271804735,-0.27350001347720576,0.5114998227249773,0.45309866390875075,0.7339148986768625,0.521561967025125,-0.01365275660867371,-0.46962949709438107
4646.299805,0.1418868822335558,-0.44225963708778265,0.35811299254797585,0.5309460401754352,0.544778928940962,0.4302188574365838,0.12302600700136135,-0.35000051146091904
4651.299805,-0.06340376825093572,-0.6110192606983595,0.20472616237097435,0.6087934164421196,0.3556429592050615,0.3388757478480424,0.2597047706113964,-0.230371525827457
4656.299805,-0.26869441873542727,-0.7797788843089366,0.05133933219397289,0.686640792708804,0.16650698946916093,0.24753263825950111,0.39638353422143147,-0.11074254019399499
4661.299805,-0.47398506921991873,-0.9485385079195134,-0.10204749798302859,0.7644881689754883,-0.02262898026673965,0.1561895286709598,0.5330622978314665,0.008886445439467039
4666.299805,-0.47398506921991873,-0.9485385079195134,-0.10204749798302859,0.7644881689754883,-0.02262898026673965,0.1561895286709598,0.5330622978314665,0.008886445439467039
4671.299805,-0.47398506921991873,-0.9485385079195134,-0.10204749798302859,0.7644881689754883,-0.02262898026673965,0.1561895286709598,0.5330622978314665,0.008886445439467039
4676.299805,-0.47398506921991873,-0.9485385079195134,-0.10204749798302859,0.7644881689754883,-0.02262898026673965,0.1561895286709598,0.5330622978314665,0.008886445439467039
4681.299805,-0.47398506921991873,-0.9485385079195134,-0.10204749798302859,0.7644881689754883,-0.02262898026673965,0.1561895286709598,0.5330622978314665,0.008886445439467039
4686.299805,-0.47398506921991873,-0.9485385079195134,-0.10204749798302859,0.7644881689754883,-0.02262898026673965,0.1561895286709598,0.5330622978314665,0.008886445439467039
4691.299805,-0.3261665583274928,-0.7919395206903272,0.065113059487284,0.6161609521955312,-0.0016022872442679414,0.32402657089459236,0.32360302137577224,0.03591451082084394
4696.299805,-0.17834804743506685,-0.6353405334611409,0.2322736169575966,0.4678337354155741,0.019424405778203768,0.4918636131182249,0.11414374492007799,0.06294257620222084
4701.299805,-0.03052953654264088,-0.47874154623195475,0.3994341744279092,0.319506518635617,0.040451098800675475,0.6597006553418575,-0.09531553153561627,0.08997064158359773
4706.299805,0.1172889743497851,-0.3221425590027685,0.5665947318982218,0.1711793018556599,0.061477791823147186,0.82753769756549,-0.3047748079913105,0.11699870696497464
4711.299805,0.26510748524221106,-0.16554357177358225,0.7337552893685344,0.0228520850757028,0.0825044848456189,0.9953747397891226,-0.5142340844470048,0.14402677234635153
4716.299805,0.26510748524221106,-0.16554357177358225,0.7337552893685344,0.0228520850757028,0.0825044848456189,0.9953747397891226,-0.5142340844470048,0.14402677234635153
4721.299805,0.03955336965580751,-0.208184806393849,0.6021303581217327,0.06396017255504893,0.06847881522192308,0.7616909797676894,-0.2569074533620742,0.29965504690841976
4726.299805,-0.18600074593059604,-0.25082604101411576,0.4705054268749308,0.10506826003439507,0.05445314559822725,0.5280072197462562,0.00041917772285633427,0.455283321470488
4731.299805,-0.41155486151699955,-0.29346727563438246,0.33888049562812894,0.1461763475137412,0.040427475974531425,0.294323459724823,0.2577458088077869,0.6109115960325562
4736.299805,-0.6371089771034031,-0.3361085102546492,0.20725556438132714,0.18728443499308733,0.0264018063508356,0.06063969970338978,0.5150724398927174,0.7665398705946245
4741.299805,-0.8626630926898067,-0.378749744874916,0.07563063313452534,0.22839252247243347,0.012376136727139775,-0.17304406031804342,0.772399070977648,0.9221681451566928
4746.299805,-0.571032063121097,-0.43438173345666176,-0.10747871237674209,0.2035368681034675,-0.0796555662846663,-0.2286891541190736,0.5230679363616131,0.8520755341584507
4751.299805,-0.2794010335523874,-0.49001372203840754,-0.2905880578880095,0.17868121373450152,-0.17168726929647238,-0.28433424792010376,0.2737368017455782,0.7819829231602089
4756.299805,0.012229996016322353,-0.5456457106201533,-0.47369740339927696,0.15382555936553555,-0.26371897230827845,-0.339979341721134,0.024405667129543174,0.7118903121619671
4761.299805,0.30386102558503203,-0.6012776992018991,-0.6568067489105445,0.12896990499656957,-0.35575067532008453,-0.39562443552216414,-0.22492546748649178,0.6417977011637251
4766.299805,0.5954920551537417,-0.6569096877836449,-0.8399160944218117,0.1041142506276036,-0.44778237833189055,-0.45126952932319425,-0.4742566021025267,0.5717050901654832
4771.299805,0.5954920551537417,-0.6569096877836449,-0.8399160944218117,0.1041142506276036,-0.44778237833189055,-0.45126952932319425,-0.4742566021025267,0.5717050901654832
4776.299805,0.4534679236538583,-0.5831593072906923,-0.6220720073914446,-0.07336602047516658,-0.4628557062670368,-0.3276906229616171,-0.44310806300791067,0.4417717510796592
4781.299805,0.311443792153975,-0.5094089267977397,-0.40422792036107735,-0.25084629157793675,-0.4779290342021831,-0.20411171660003996,-0.41195952391329466,0.31183841199383533
4786.299805,0.16941966065409164,-0.43565854630478695,-0.1863838333307101,-0.42832656268070696,-0.4930023621373293,-0.08053281023846277,-0.3808109848186787,0.1819050729080114
4791.299805,0.027395529154208287,-0.3619081658118343,0.031460253699657145,-0.6058068337834771,-0.5080756900724755,0.043046096123114407,-0.3496624457240627,0.05197173382218745
4796.299805,-0.11462860234567507,-0.2881577853188817,0.2493043407300244,-0.7832871048862473,-0.5231490180076217,0.1666250024846916,-0.3185139066294467,-0.07796160526363649
4801.299805,-0.11462860234567507,-0.2881577853188817,0.2493043407300244,-0.7832871048862473,-0.5231490180076217,0.1666250024846916,-0.3185139066294467,-0.07796160526363649
4806.299805,-0.11462860234567507,-0.2881577853188817,0.2493043407300244,-0.7832871048862473,-0.5231490180076217,0.1666250024846916,-0.3185139066294467,-0.07796160526363649
4811.299805,-0.11462860234567507,-0.2881577853188817,0.2493043407300244,-0.7832871048862473,-0.5231490180076217,0.1666250024846916,-0.3185139066294467,-0.07796160526363649
4816.299805,-0.11462860234567507,-0.2881577853188817,0.2493043407300244,-0.7832871048862473,-0.5231490180076217,0.1666250024846916,-0.3185139066294467,-0.07796160526363649
4821.299805,-0.11462860234567507,-0.2881577853188817,0.2493043407300244,-0.7832871048862473,-0.5231490180076217,0.1666250024846916,-0.3185139066294467,-0.07796160526363649
4826.299805,-0.12725003839822163,-0.3211498686958963,0.3969763057020329,-0.6598880685583891,-0.34974367938900347,0.15960243084916828,-0.32377627734633974,-0.2142540799487763
4831.299805,-0.13987147445076817,-0.3541419520729109,0.5446482706740413,-0.5364890322305309,-0.1763383407703852,0.15257985921364497,-0.3290386480632328,-0.3505465546339161
4836.299805,-0.15249291050331473,-0.3871340354499254,0.6923202356460498,-0.41308999590267276,-0.0029330021517669723,0.14555728757812164,-0.33430101878012586,-0.486839029319056
4841.299805,-0.16511434655586127,-0.42012611882694006,0.8399922006180583,-0.2896909595748146,0.17047233646685128,0.13853471594259834,-0.3395633894970189,-0.6231315040041958
4846.299805,-0.17773578260840783,-0.45311820220395466,0.9876641655900669,-0.1662919232469564,0.3438776750854695,0.13151214430707503,-0.344825760213912,-0.7594239786893355
4851.299805,-0.17773578260840783,-0.45311820220395466,0.9876641655900669,-0.1662919232469564,0.3438776750854695,0.13151214430707503,-0.344825760213912,-0.7594239786893355
4856.299805,-0.17773578260840783,-0.45311820220395466,0.9876641655900669,-0.1662919232469564,0.3438776750854695,0.13151214430707503,-0.344825760213912,-0.7594239786893355
4861.299805,-0.17773578260840783,-0.45311820220395466,0.9876641655900669,-0.1662919232469564,0.3438776750854695,0.13151214430707503,-0.344825760213912,-0.7594239786893355
4866.299805,-0.17773578260840783,-0.45311820220395466,0.9876641655900669,-0.1662919232469564,0.3438776750854695,0.13151214430707503,-0.344825760213912,-0.7594239786893355
4871.299805,-0.3040055260530767,-0.19137626462680402,0.6445435023605727,-0.16560993858389902,0.34575144112022416,0.1724981428094121,-0.14204613329603233,-0.6110931928192848
4876.299805,-0.4302752694977455,0.07036567295034657,0.30142283913107853,-0.16492795392084164,0.34762520715497885,0.2134841413117492,0.06073349362184732,-0.462762406949234
4881.299805,-0.5565450129424144,0.33210761052749715,-0.041697824098415784,-0.16424596925778429,0.3494989731897335,0.2544701398140863,0.263513120539727,-0.31443162107918343
4886.299805,-0.6828147563870832,0.5938495481046477,-0.38481848732791,-0.1635639845947269,0.3513727392244882,0.29545613831642337,0.4662927474576066,-0.1661008352091327
4891.299805,-0.8090844998317521,0.8555914856817983,-0.7279391505574042,-0.16288199993166952,0.35324650525924284,0.33644213681876045,0.6690723743754863,-0.017770049339081995
4896.299805,-0.8090844998317521,0.8555914856817983,-0.7279391505574042,-0.16288199993166952,0.35324650525924284,0.33644213681876045,0.6690723743754863,-0.017770049339081995
4901.299805,-0.8090844998317521,0.8555914856817983,-0.7279391505574042,-0.16288199993166952,0.35324650525924284,0.33644213681876045,0.6690723743754863,-0.017770049339081995
4906.299805,-0.8090844998317521,0.8555914856817983,-0.7279391505574042,-0.16288199993166952,0.35324650525924284,0.33644213681876045,0.6690723743754863,-0.017770049339081995
4911.299805,-0.8090844998317521,0.8555914856817983,-0.7279391505574042,-0.16288199993166952,0.35324650525924284,0.33644213681876045,0.6690723743754863,-0.017770049339081995
4916.299805,-0.8090844998317521,0.8555914856817983,-0.7279391505574042,-0.16288199993166952,0.35324650525924284,0.33644213681876045,0.6690723743754863,-0.017770049339081995
4921.299805,-0.6057679669824069,0.8065311374293838,-0.4664579996684174,-0.2697438225333897,0.23598549951230402,0.11563468762747867,0.5974347497476586,0.1066293674528834
4926.299805,-0.4024514341330615,0.7574707891769694,-0.20497684877943065,-0.37660564513510986,0.11872449376536523,-0.10517276156380313,0.525797125119831,0.2310287842448488
4931.299805,-0.19913490128371641,0.7084104409245551,0.05650430210955619,-0.48346746773682997,0.0014634880184264177,-0.32598021075508493,0.45415950049200327,0.3554282010368142
4936.299805,0.004181631565628808,0.6593500926721406,0.317985452998543,-0.5903292903385502,-0.11579751772851239,-0.5467876599463667,0.3825218758641756,0.47982761782877964
4941.299805,0.20749816441497404,0.6102897444197262,0.5794666038875298,-0.6971911129402704,-0.2330585234754512,-0.7675951091376485,0.3108842512363479,0.604227034620745
4946.299805,0.2491388153126127,0.6515565120513103,0.41668573464306835,-0.4396575745351422,-0.07671727806369275,-0.48329414398077103,0.2078170287678161,0.3707409640969826
4951.299805,0.29077946621025136,0.6928232796828945,0.2539048653986068,-0.18212403613001404,0.07962396734806569,-0.19899317882389359,0.10474980629928429,0.13725489357322015
4956.299805,0.33242011710789005,0.7340900473144786,0.09112399615414532,0.07540950227511405,0.23596521275982413,0.08530778633298394,0.0016825838307525042,-0.09623117695054226
4961.299805,0.3740607680055287,0.7753568149460628,-0.07165687309031617,0.33294304068024216,0.3923064581715826,0.36960875148986144,-0.10138463863777929,-0.3297172474743047
4966.299805,0.4157014189031674,0.8166235825776468,-0.23443774233477765,0.5904765790853703,0.548647703583341,0.6539097166467389,-0.20445186110631108,-0.5632033179980671
4971.299805,0.4157014189031674,0.8166235825776468,-0.23443774233477765,0.5904765790853703,0.548647703583341,0.6539097166467389,-0.20445186110631108,-0.5632033179980671
4976.299805,0.4157014189031674,0.8166235825776468,-0.23443774233477765,0.5904765790853703,0.548647703583341,0.6539097166467389,-0.20445186110631108,-0.5632033179980671
4981.299805,0.4157014189031674,0.8166235825776468,-0.23443774233477765,0.5904765790853703,0.548647703583341,0.6539097166467389,-0.20445186110631108,-0.5632033179980671
4986.299805,0.3644817583518908,0.5217161729822968,-0.017058347334291214,0.28872412292816974,0.6195050505739422,0.6289990490262402,-0.1800964166662009,-0.5651379945854085
4991.299805,0.31326209780061426,0.22680876338694658,0.20032104766619524,-0.013028333229030808,0.6903623975645434,0.6040883814057414,-0.15574097222609073,-0.5670726711727497
4996.299805,0.2620424372493377,-0.06809864620840358,0.41770044266668166,-0.3147807893862314,0.7612197445551446,0.5791777137852427,-0.13138552778598056,-0.5690073477600911
5001.299805,0.26427654588427396,-0.3382472876378313,0.3721939082603462,-0.598405073651112,0.577987574969228,0.35483758423394507,0.02213823764113556,-0.5822817231612738
5006.299805,0.26651065451921024,-0.608395929067259,0.3266873738540107,-0.8820293579159925,0.39475540538331144,0.13049745468264745,0.1756620030682517,-0.5955560985624565
5011.299805,0.31996442370542305,-0.5836371609013365,0.06380144444718874,-0.8639011860236725,0.14066588880679348,-0.06893200724815145,0.3048303240552576,-0.6068957973762978
5016.299805,0.3734181928916359,-0.5588783927354142,-0.1990844849596332,-0.8457730141313526,-0.1134236277697244,-0.2683614691789503,0.4339986450422636,-0.6182354961901394
5021.299805,0.4268719620778487,-0.5341196245694917,-0.4619704143664551,-0.8276448422390326,-0.36751314434624227,-0.46779093110974923,0.5631669660292695,-0.6295751950039807
5026.299805,0.4268719620778487,-0.5341196245694917,-0.4619704143664551,-0.8276448422390326,-0.36751314434624227,-0.46779093110974923,0.5631669660292695,-0.6295751950039807
5031.299805,0.4268719620778487,-0.5341196245694917,-0.4619704143664551,-0.8276448422390326,-0.36751314434624227,-0.46779093110974923,0.5631669660292695,-0.6295751950039807
5036.299805,0.4268719620778487,-0.5341196245694917,-0.4619704143664551,-0.8276448422390326,-0.36751314434624227,-0.46779093110974923,0.5631669660292695,-0.6295751950039807
5041.299805,0.4268719620778487,-0.5341196245694917,-0.4619704143664551,-0.8276448422390326,-0.36751314434624227,-0.46779093110974923,0.5631669660292695,-0.6295751950039807
5046.299805,0.14302955248173627,-0.22746857751699934,-0.36003328403640544,-0.5956056224909305,-0.3530972487539084,-0.17568339497326285,0.4772918854015864,-0.40365818232145034
5051.299805,-0.14081285711437622,0.07918246953549302,-0.2580961537063557,-0.3635664027428286,-0.33868135316157455,0.11642414116322355,0.3914168047739033,-0.17774116963892
5056.299805,-0.42465526671048864,0.38583351658798537,-0.156159023376306,-0.1315271829947267,-0.32426545756924063,0.40853167729970996,0.30554172414622016,0.048175843043610375
5061.299805,-0.7084976763066011,0.6924845636404777,-0.05422189304625626,0.10051203675337525,-0.3098495619769068,0.7006392134361963,0.21966664351853704,0.2740928557261407
5066.299805,-0.7708366872666281,0.8652481486754404,-0.07555107557008242,0.12152335246474096,-0.12072684117859023,0.8768922824002509,-0.036126470748345386,0.41353854338274176
5071.299805,-0.5493332886305426,0.7313606866579109,-0.1988173884239583,-0.0895045515719953,0.05397998402739246,0.7610378152278192,-0.20604450438754468,0.32706721835681246
5076.299805,-0.32782988999445717,0.5974732246403812,-0.3220837012778342,-0.30053245560873154,0.22868680923337514,0.6451833480553875,-0.375962538026744,0.2405958933308831
5081.299805,-0.10632649135837169,0.46358576262285156,-0.44535001413171005,-0.5115603596454678,0.40339363443935783,0.5293288808829557,-0.5458805716659432,0.15412456830495377
5086.299805,0.11517690727771379,0.329698300605322,-0.568616326985586,-0.7225882636822041,0.5781004596453405,0.41347441371052396,-0.7157986053051426,0.06765324327902444
5091.299805,0.11517690727771379,0.329698300605322,-0.568616326985586,-0.7225882636822041,0.5781004596453405,0.41347441371052396,-0.7157986053051426,0.06765324327902444
5096.299805,0.11517690727771379,0.329698300605322,-0.568616326985586,-0.7225882636822041,0.5781004596453405,0.41347441371052396,-0.7157986053051426,0.06765324327902444
5101.299805,0.11517690727771379,0.329698300605322,-0.568616326985586,-0.7225882636822041,0.5781004596453405,0.41347441371052396,-0.7157986053051426,0.06765324327902444
5106.299805,0.11517690727771379,0.329698300605322,-0.568616326985586,-0.7225882636822041,0.5781004596453405,0.41347441371052396,-0.7157986053051426,0.06765324327902444
5111.299805,0.1702346499568434,0.34683843621325927,-0.41669415489248607,-0.49143135100713853,0.5076595051459218,0.42824103089532917,-0.5020383437865326,-0.03133898152953378
5116.299805,0.22529239263597303,0.36397857182119653,-0.2647719827993861,-0.2602744383320729,0.4372185506465033,0.4430076480801343,-0.2882780822679226,-0.130331206338092
5121.299805,0.28035013531510267,0.3811187074291338,-0.11284981070628616,-0.02911752565700736,0.3667775961470846,0.4577742652649395,-0.0745178207493126,-0.22932343114665024
5126.299805,0.3354078779942323,0.39825884303707104,0.03907236138681376,0.2020393870180582,0.296336641647666,0.4725408824497447,0.13924244076929743,-0.32831565595520845
5131.299805,0.3904656206733619,0.4153989786450083,0.1909945334799137,0.4331962996931238,0.22589568714824737,0.48730749963454995,0.3530027022879074,-0.4273078807637667
5136.299805,0.38147133487260526,0.2437522536117437,0.2821967948165903,0.40047486721004866,0.005898334184446563,0.27443807199909437,0.4076148098736028,-0.49135571944980416
5141.299805,0.37247704907184864,0.07210552857847911,0.373399056153267,0.3677534347269735,-0.21409901877935425,0.06156864436363887,0.4622269174592982,-0.5554035581358416
5146.299805,0.3634827632710921,-0.09954119645478547,0.4646013174899437,0.3350320022438984,-0.4340963717431551,-0.15130078327181665,0.5168390250449936,-0.6194513968218793
5151.299805,0.4841890896572784,-0.18958760232220576,0.5453197466033138,0.051085157778712455,-0.4788699295570499,-0.22801006695134934,0.6323270712498162,-0.7221109730777899
5156.299805,0.6048954160434648,-0.279634008189626,0.6260381757166842,-0.2328616866864735,-0.5236434873709447,-0.30471935063088207,0.7478151174546388,-0.8247705493337005
5161.299805,0.7345960282304078,-0.1980336890237817,0.6155543434933778,-0.4840870986685843,-0.3484196922210389,-0.16855920667495927,0.8086910560737662,-0.8633822869035737
5166.299805,0.8641626132618363,-0.18771408589223357,0.5927324988238674,-0.6116642856838514,-0.19789356443348588,0.11871658978384288,0.8257566849265399,-0.5418375517933411
5171.299805,0.9937291982932648,-0.17739448276068542,0.5699106541543569,-0.7392414726991186,-0.04736743664593281,0.405992386242645,0.8428223137793133,-0.22029281668310877
5176.299805,0.9935951711377504,-0.24867519879498162,0.557572641708153,-0.615593247732275,-0.07206510400828567,0.5571080387455243,0.7990120040129597,0.13986365599699688
5181.299805,0.9934611439822358,-0.31995591482927777,0.5452346292619492,-0.4919450227654313,-0.09676277137063853,0.7082236912484037,0.7552016942466061,0.5000201286771025
5186.299805,0.9933271168267213,-0.39123663086357396,0.5328966168157452,-0.3682967977985876,-0.1214604387329914,0.8593393437512831,0.7113913844802524,0.8601766013572082
5191.299805,0.9933271168267213,-0.39123663086357396,0.5328966168157452,-0.3682967977985876,-0.1214604387329914,0.8593393437512831,0.7113913844802524,0.8601766013572082
5196.299805,0.9933271168267213,-0.39123663086357396,0.5328966168157452,-0.3682967977985876,-0.1214604387329914,0.8593393437512831,0.7113913844802524,0.8601766013572082
5201.299805,0.9933271168267213,-0.39123663086357396,0.5328966168157452,-0.3682967977985876,-0.1214604387329914,0.8593393437512831,0.7113913844802524,0.8601766013572082
5206.299805,0.7033897768394166,-0.4940712747049393,0.5893824613385285,-0.42904254246986023,-0.11608442580800142,0.6251570834889797,0.42500575883369096,0.8782452302050798
5211.299805,0.41345243685211186,-0.5969059185463046,0.6458683058613117,-0.489788287141133,-0.11070841288301145,0.3909748232266765,0.13862013318712957,0.8963138590529514
5216.299805,0.12351509686480706,-0.6997405623876698,0.7023541503840948,-0.5505340318124057,-0.10533239995802149,0.15679256296437322,-0.14776549245943188,0.9143824879008232
5221.299805,-0.16642224312249768,-0.8025752062290351,0.758839994906878,-0.6112797764836783,-0.09995638703303152,-0.07738969729793008,-0.4341511181059933,0.932451116748695
5226.299805,-0.45635958310980235,-0.9054098500704004,0.8153258394296612,-0.6720255211549511,-0.09458037410804154,-0.31157195756023337,-0.7205367437525547,0.9505197455965666
5231.299805,-0.45635958310980235,-0.9054098500704004,0.8153258394296612,-0.6720255211549511,-0.09458037410804154,-0.31157195756023337,-0.7205367437525547,0.9505197455965666
5236.299805,-0.45635958310980235,-0.9054098500704004,0.8153258394296612,-0.6720255211549511,-0.09458037410804154,-0.31157195756023337,-0.7205367437525547,0.9505197455965666
5241.299805,-0.45635958310980235,-0.9054098500704004,0.8153258394296612,-0.6720255211549511,-0.09458037410804154,-0.31157195756023337,-0.7205367437525547,0.9505197455965666
5246.299805,-0.3702436644401824,-0.7297397110103448,0.818198855158251,-0.47816344071132083,-0.11614870653495615,-0.19995106221113995,-0.5246329564967857,0.5833043875590189
5251.299805,-0.2841277457705625,-0.5540695719502893,0.8210718708868407,-0.28430136026769065,-0.13771703896187076,-0.08833016686204656,-0.32872916924101664,0.21608902952147133
5256.299805,-0.1980118271009425,-0.37839943289023376,0.8239448866154305,-0.09043927982406039,-0.15928537138878535,0.02329072848704685,-0.13282538198524757,-0.1511263285160763
5261.299805,-0.11189590843132255,-0.2027292938301782,0.8268179023440203,0.10342280061956984,-0.18085370381569996,0.13491162383614025,0.06307840527052147,-0.5183416865536239
5266.299805,0.04864215834039785,0.16592504571988337,0.46382919283882645,0.0839867182592351,-0.25800627943783533,0.16537955042167712,0.23858108929255556,-0.5139676317829455
5271.299805,0.12306430644249829,0.3589092462098894,0.09796746760504282,-0.12931144454472987,-0.3135905226330561,0.08422658165812055,0.21817998605882058,-0.1423782189747195
5276.299805,0.19748645454459873,0.5518934466998954,-0.2678942576287407,-0.34260960734869483,-0.3691747658282768,0.003073612894564004,0.19777888282508563,0.22921119383350655
5281.299805,0.27190860264669914,0.7448776471899015,-0.6337559828625242,-0.5559077701526598,-0.42475900902349756,-0.07807935586899255,0.17737777959135065,0.6008006066417326
5286.299805,0.3463307507487996,0.9378618476799074,-0.9996177080963078,-0.7692059329566248,-0.4803432522187183,-0.1592323246325491,0.1569766763576157,0.9723900194499586
5291.299805,0.13765034825137543,0.8553201186712924,-0.6773919886131272,-0.45804108418138495,-0.5794800810495768,-0.03933052419477416,0.006537273506859087,0.5839570225253112
5296.299805,-0.07103005424604873,0.7727783896626773,-0.35516626912994675,-0.14687623540614503,-0.6786169098804354,0.08057127624300078,-0.1439021293438975,0.1955240256006638
5301.299805,-0.2797104567434729,0.6902366606540623,-0.03294054964676607,0.16428861336909484,-0.7777537387112938,0.2004730766807757,-0.29434153219465414,-0.19290897132398355
5306.299805,-0.4883908592408971,0.6076949316454471,0.2892851698364145,0.4754534621443347,-0.8768905675421523,0.32037487711855067,-0.4447809350454108,-0.5813419682486309
5311.299805,-0.6970712617383212,0.525153202636832,0.6115108893195951,0.7866183109195746,-0.9760273963730108,0.4402766775563256,-0.5952203378961674,-0.9697749651732783
5316.299805,-0.6970712617383212,0.525153202636832,0.6115108893195951,0.7866183109195746,-0.9760273963730108,0.4402766775563256,-0.5952203378961674,-0.9697749651732783
5321.299805,-0.6970712617383212,0.525153202636832,0.6115108893195951,0.7866183109195746,-0.9760273963730108,0.4402766775563256,-0.5952203378961674,-0.9697749651732783
5326.299805,-0.6970712617383212,0.525153202636832,0.6115108893195951,0.7866183109195746,-0.9760273963730108,0.4402766775563256,-0.5952203378961674,-0.9697749651732783
5331.299805,-0.6970712617383212,0.525153202636832,0.6115108893195951,0.7866183109195746,-0.9760273963730108,0.4402766775563256,-0.5952203378961674,-0.9697749651732783
5336.299805,-0.6970712617383212,0.525153202636832,0.6115108893195951,0.7866183109195746,-0.9760273963730108,0.4402766775563256,-0.5952203378961674,-0.9697749651732783
5341.299805,-0.5221813813418624,0.49595733062344277,0.5854162962947799,0.7942923257529175,-0.6095233551172496,0.4549443067073106,-0.41212659134008256,-0.75564726619106
5346.299805,-0.3472915009454035,0.4667614586100536,0.5593217032699647,0.8019663405862605,-0.2430193138614884,0.4696119358582956,-0.2290328447839977,-0.5415195672088418
5351.299805,-0.17240162054894462,0.43756558659666445,0.5332271102451495,0.8096403554196033,0.12348472739427274,0.4842795650092805,-0.04593909822791291,-0.3273918682266235
5356.299805,0.0024882598475142624,0.4083697145832753,0.5071325172203343,0.8173143702529464,0.4899887686500339,0.49894719416026556,0.1371546483281719,-0.11326416924440519
5361.299805,0.17737814024397314,0.37917384256988607,0.4810379241955191,0.8249883850862894,0.8564928099057951,0.5136148233112505,0.3202483948842567,0.1008635297378131
5366.299805,0.17737814024397314,0.37917384256988607,0.4810379241955191,0.8249883850862894,0.8564928099057951,0.5136148233112505,0.3202483948842567,0.1008635297378131
5371.299805,0.17737814024397314,0.37917384256988607,0.4810379241955191,0.8249883850862894,0.8564928099057951,0.5136148233112505,0.3202483948842567,0.1008635297378131
5376.299805,0.17737814024397314,0.37917384256988607,0.4810379241955191,0.8249883850862894,0.8564928099057951,0.5136148233112505,0.3202483948842567,0.1008635297378131
5381.299805,0.1515990189354394,0.49710936384411203,0.220280647414466,0.6032584030673777,0.7692112192614895,0.3831601969641588,0.253264063743227,0.22179580889512945
5386.299805,0.12581989762690565,0.615044885118338,-0.040476629366587115,0.38152842104846596,0.681929628617184,0.25270557061706705,0.18627973260219735,0.3427280880524458
5391.299805,0.1000407763183719,0.7329804063925639,-0.30123390614764023,0.15979843902955432,0.5946480379728784,0.12225094426997533,0.11929540146116765,0.4636603672097622
5396.299805,0.07426165500983814,0.8509159276667898,-0.5619911829286934,-0.061931542989357345,0.5073664473285728,-0.008203682077116392,0.05231107032013797,0.5845926463670785
5401.299805,0.0484825337013044,0.9688514489410158,-0.8227484597097465,-0.283661525008269,0.4200848566842672,-0.13865830842420812,-0.01467326082089171,0.7055249255243949
5406.299805,0.0484825337013044,0.9688514489410158,-0.8227484597097465,-0.283661525008269,0.4200848566842672,-0.13865830842420812,-0.01467326082089171,0.7055249255243949
5411.299805,0.0484825337013044,0.9688514489410158,-0.8227484597097465,-0.283661525008269,0.4200848566842672,-0.13865830842420812,-0.01467326082089171,0.7055249255243949
5416.299805,0.0484825337013044,0.9688514489410158,-0.8227484597097465,-0.283661525008269,0.4200848566842672,-0.13865830842420812,-0.01467326082089171,0.7055249255243949
5421.299805,0.05838601043245948,0.7690611697416777,-0.7534460366603598,-0.20565226554609067,0.5201551168860824,-0.28608843733812195,0.14112988044372649,0.688087184003803
5426.299805,0.06828948716361456,0.5692708905423396,-0.6841436136109731,-0.1276430060839123,0.6202253770878976,-0.4335185662520358,0.2969330217083447,0.6706494424832109
5431.299805,0.07819296389476964,0.3694806113430017,-0.6148411905615865,-0.04963374662173394,0.7202956372897129,-0.5809486951659496,0.4527361629729628,0.6532117009626189
5436.299805,0.08809644062592473,0.16969033214366364,-0.5455387675121995,0.028375512840444417,0.8203658974915282,-0.7283788240798634,0.6085393042375811,0.6357739594420269
5441.299805,0.0979999173570798,-0.030099947055674425,-0.4762363444628129,0.10638477230262278,0.9204361576933433,-0.8758089529937771,0.7643424455021992,0.6183362179214349
5446.299805,-0.02343426587963604,0.13917449928325523,-0.18193764828053097,0.0794023854758918,0.7389692990858975,-0.7157352802801982,0.7726264547369219,0.6491450984784087
5451.299805,-0.14486844911635188,0.3084489456221849,0.1123610479017509,0.052419998649160825,0.5575024404784517,-0.5556616075666192,0.7809104639716447,0.6799539790353826
5456.299805,-0.2663026323530677,0.4777233919611145,0.40665974408403277,0.025437611822429852,0.3760355818710058,-0.3955879348530402,0.7891944732063673,0.7107628595923565
5461.299805,-0.24477673535617264,0.41544710433607773,0.5525977393906115,0.02537845956509579,0.20621645514616943,-0.1914564196117013,0.7070118401337592,0.7586415326607323
5466.299805,-0.22325083835927756,0.35317081671104084,0.6985357346971901,0.02531930730776173,0.03639732842133307,0.012675095629637667,0.6248292070611511,0.8065202057291083
5471.299805,-0.08029075812566662,0.12162008274707432,0.550175033821487,0.05224254187715864,0.04804506030394258,0.05673293815739764,0.53436256475382,0.8235899982405106
5476.299805,0.06266932210794432,-0.10993065121689219,0.40181433294578384,0.07916577644655556,0.05969279218655208,0.10079078068515761,0.443895922446489,0.8406597907519128
5481.299805,0.20562940234155525,-0.3414813851808587,0.25345363207008065,0.10608901101595247,0.07134052406916158,0.14484862321291758,0.3534292801391581,0.8577295832633152
5486.299805,0.20562940234155525,-0.3414813851808587,0.25345363207008065,0.10608901101595247,0.07134052406916158,0.14484862321291758,0.3534292801391581,0.8577295832633152
5491.299805,0.20562940234155525,-0.3414813851808587,0.25345363207008065,0.10608901101595247,0.07134052406916158,0.14484862321291758,0.3534292801391581,0.8577295832633152
5496.299805,0.20562940234155525,-0.3414813851808587,0.25345363207008065,0.10608901101595247,0.07134052406916158,0.14484862321291758,0.3534292801391581,0.8577295832633152
5501.299805,0.1722484817437278,-0.4424573419537074,0.3853268246877325,0.27424824904024236,-0.11542960229664553,0.08676896225698086,0.37148554406398826,0.5727806593131247
5506.299805,0.13886756114590035,-0.5434332987265562,0.5172000173053843,0.4424074870645322,-0.30219972866245265,0.028689301301044124,0.3895418079888184,0.2878317353629344
5511.299805,0.10548664054807291,-0.644409255499405,0.6490732099230361,0.610566725088822,-0.48896985502825974,-0.029390359654892607,0.4075980719136485,0.002882811412743891
5516.299805,0.07210571995024546,-0.7453852122722537,0.7809464025406879,0.7787259631131119,-0.6757399813940669,-0.08747002061082934,0.4256543358384787,-0.2820661125374465
5521.299805,0.038724799352418016,-0.8463611690451025,0.9128195951583397,0.9468852011374018,-0.862510107759874,-0.14554968156676606,0.4437105997633088,-0.567015036487637
5526.299805,0.038724799352418016,-0.8463611690451025,0.9128195951583397,0.9468852011374018,-0.862510107759874,-0.14554968156676606,0.4437105997633088,-0.567015036487637
5531.299805,-0.14166242491688533,-0.4916117262257019,0.6465071154851415,0.7059122903899414,-0.6818001259256077,-0.057031233869119055,0.4782733047091039,-0.6408997112263219
5536.299805,-0.32204964918618867,-0.13686228340630127,0.3801946358119433,0.46493937964248105,-0.5010901440913413,0.03148721382852795,0.512836009654899,-0.7147843859650069
5541.299805,-0.502436873455492,0.2178871594130994,0.11388215613874504,0.22396646889502064,-0.3203801622570749,0.12000566152617495,0.5473987146006941,-0.7886690607036919
5546.299805,-0.6828240977247952,0.5726366022325001,-0.1524303235344532,-0.017006441852439734,-0.1396701804228085,0.20852410922382197,0.5819614195464892,-0.862553735442377
5551.299805,-0.8632113219940987,0.9273860450519006,-0.41874280320765145,-0.2579793525999001,0.04103980141145791,0.29704255692146897,0.6165241244922843,-0.9364384101810618
5556.299805,-0.8632113219940987,0.9273860450519006,-0.41874280320765145,-0.2579793525999001,0.04103980141145791,0.29704255692146897,0.6165241244922843,-0.9364384101810618
5561.299805,-0.8632113219940987,0.9273860450519006,-0.41874280320765145,-0.2579793525999001,0.04103980141145791,0.29704255692146897,0.6165241244922843,-0.9364384101810618
5566.299805,-0.5177139877732889,0.7736938319153308,-0.2093430689069508,-0.14720037084616258,0.00265348913307637,0.29704495279825494,0.5773853551166475,-0.5977324544493031
5571.299805,-0.17221665355247923,0.6200016187787609,5.666539374979962e-5,-0.036421389092425024,-0.03573282314530517,0.29704734867504096,0.5382465857410105,-0.25902649871754424
5576.299805,0.17328068066833052,0.46630940564219114,0.20945639969445043,0.07435759266131252,-0.07411913542368671,0.2970497445518269,0.4991078163653736,0.07967945701421449
5581.299805,0.5187780148891402,0.31261719250562114,0.41885613399515104,0.18513657441505008,-0.11250544770206825,0.29705214042861294,0.4599690469897366,0.4183854127459733
5586.299805,0.86427534910995,0.15892497936905126,0.6282558682958517,0.2959155561687876,-0.1508917599804498,0.2970545363053989,0.42083027761409975,0.7570913684777321
5591.299805,0.86427534910995,0.15892497936905126,0.6282558682958517,0.2959155561687876,-0.1508917599804498,0.2970545363053989,0.42083027761409975,0.7570913684777321
5596.299805,0.86427534910995,0.15892497936905126,0.6282558682958517,0.2959155561687876,-0.1508917599804498,0.2970545363053989,0.42083027761409975,0.7570913684777321
5601.299805,0.660545961107904,0.19726077875902495,0.5731723323360663,0.06723015850547168,-0.04873212937468816,0.09520665248952116,0.5339390261124862,0.7382121363552977
5606.299805,0.45681657310585794,0.23559657814899865,0.5180887963762808,-0.16145523915784427,0.05342750123107347,-0.10664123132635658,0.6470477746108727,0.7193329042328633
5611.299805,0.2530871851038118,0.2739323775389723,0.46300526041649553,-0.39014063682116024,0.1555871318368351,-0.3084891151422343,0.7601565231092591,0.7004536721104289
5616.299805,0.04935779710176576,0.31226817692894604,0.40792172445671004,-0.6188260344844763,0.25774676244259676,-0.5103369989581121,0.8732652716076454,0.6815744399879945
5621.299805,-0.1543715909002803,0.3506039763189197,0.3528381884969247,-0.8475114321477921,0.35990639304835836,-0.7121848827739898,0.986374020106032,0.6626952078655601
5626.299805,-0.15458862258223807,0.3305442919687038,0.35947434533856587,-0.6551051970159787,0.3036212875392598,-0.7565602389614433,0.789311606904706,0.5065390825033671
5631.299805,-0.15480565426419585,0.31048460761848784,0.366110502180207,-0.46269896188416515,0.2473361820301613,-0.8009355951488969,0.59224919370338,0.3503829571411739
5636.299805,-0.1550226859461536,0.29042492326827196,0.3727466590218481,-0.27029272675235183,0.19105107652106276,-0.8453109513363504,0.39518678050205397,0.19422683177898076
5641.299805,-0.15523971762811137,0.27036523891805603,0.37938281586348926,-0.0778864916205384,0.13476597101196425,-0.8896863075238037,0.19812436730072794,0.03807070641678765
5646.299805,-0.15545674931006914,0.2503055545678401,0.3860189727051304,0.11451974351127503,0.0784808655028657,-0.9340616637112573,0.0010619540994019072,-0.11808541894540547
5651.299805,-0.10053996198447686,0.09497575293823216,0.41093535745195064,-0.00866631576486423,0.11410009917552717,-0.6728982525277387,0.04458705568256538,-0.23650564090902373
5656.299805,-0.04562317465888457,-0.0603540486913758,0.43585174219877076,-0.1318523750410035,0.14971933284818864,-0.4117348413442201,0.08811215726572885,-0.354925862872642
5661.299805,0.009293612666707718,-0.21568385032098375,0.46076812694559094,-0.25503843431714274,0.1853385665208501,-0.1505714301607015,0.13163725884889232,-0.47334608483626023
5666.299805,0.06421039999230001,-0.37101365195059166,0.4856845116924111,-0.37822449359328203,0.22095780019351158,0.11059198102281709,0.1751623604320558,-0.5917663067998785
5671.299805,0.11912718731789229,-0.5263434535801996,0.5106008964392312,-0.5014105528694213,0.25657703386617303,0.3717553922063357,0.21868746201521927,-0.7101865287634967
5676.299805,0.11912718731789229,-0.5263434535801996,0.5106008964392312,-0.5014105528694213,0.25657703386617303,0.3717553922063357,0.21868746201521927,-0.7101865287634967
5681.299805,0.11912718731789229,-0.5263434535801996,0.5106008964392312,-0.5014105528694213,0.25657703386617303,0.3717553922063357,0.21868746201521927,-0.7101865287634967
5686.299805,-0.012276140481547283,-0.5870952362183534,0.3358153675322054,-0.3442823812410892,0.21415177160335874,0.2423725362961635,0.294038810650871,-0.592760809546905
5691.299805,-0.14367946828098685,-0.6478470188565073,0.16102983862517956,-0.18715420961275706,0.17172650934054445,0.11298968038599133,0.3693901592865228,-0.47533509033031346
5696.299805,-0.2750827960804264,-0.7085988014946609,-0.013755690281846266,-0.030026037984424957,0.12930124707773016,-0.016393175524180847,0.4447415079221745,-0.35790937111372184
5701.299805,-0.40648612387986593,-0.7693505841328147,-0.1885412191888721,0.12710213364390716,0.08687598481491587,-0.14577603143435303,0.5200928565578262,-0.2404836518971302
5706.299805,-0.5378894516793056,-0.8301023667709686,-0.36332674809589793,0.28423030527223925,0.044450722552101585,-0.2751588873445252,0.5954442051934781,-0.12305793268053855
5711.299805,-0.5378894516793056,-0.8301023667709686,-0.36332674809589793,0.28423030527223925,0.044450722552101585,-0.2751588873445252,0.5954442051934781,-0.12305793268053855
5716.299805,-0.5430274005235658,-0.5265839802948517,-0.32634769715176754,0.40556407900158736,0.08069787718190749,-0.12518664647953365,0.6741794114799319,0.05041355022874181
5721.299805,-0.548165349367826,-0.22306559381873461,-0.28936864620763714,0.5268978527309354,0.11694503181171338,0.02478559438545789,0.7529146177663856,0.22388503313802216
5726.299805,-0.5533032982120863,0.08045279265738245,-0.2523895952635068,0.6482316264602834,0.15319218644151927,0.17475783525044944,0.8316498240528395,0.39735651604730254
5731.299805,-0.5584412470563466,0.3839711791334995,-0.2154105443193764,0.7695654001896315,0.18943934107132518,0.32473007611544097,0.9103850303392933,0.570827998956583
5736.299805,-0.5635791959006069,0.6874895656096165,-0.178431493375246,0.8908991739189795,0.22568649570113108,0.4747023169804326,0.989120236625747,0.7442994818658633
5741.299805,-0.5635791959006069,0.6874895656096165,-0.178431493375246,0.8908991739189795,0.22568649570113108,0.4747023169804326,0.989120236625747,0.7442994818658633
5746.299805,-0.5635791959006069,0.6874895656096165,-0.178431493375246,0.8908991739189795,0.22568649570113108,0.4747023169804326,0.989120236625747,0.7442994818658633
5751.299805,-0.5635791959006069,0.6874895656096165,-0.178431493375246,0.8908991739189795,0.22568649570113108,0.4747023169804326,0.989120236625747,0.7442994818658633
5756.299805,-0.5635791959006069,0.6874895656096165,-0.178431493375246,0.8908991739189795,0.22568649570113108,0.4747023169804326,0.989120236625747,0.7442994818658633
5761.299805,-0.3223562553236316,0.5805580009919621,-0.03947652854447399,0.8613667764322009,0.33036549955286215,0.1840996530668253,0.8958072013611069,0.6607830614309911
5766.299805,-0.08113331474665633,0.4736264363743077,0.09947843628629802,0.8318343789454223,0.4350445034045933,-0.10650301084678193,0.8024941660964668,0.5772666409961189
5771.299805,0.16008962583031897,0.3666948717566532,0.23843340111707004,0.8023019814586437,0.5397235072563242,-0.39710567476038916,0.7091811308318269,0.49375022056124684
5776.299805,0.4013125664072943,0.25976330713899876,0.37738836594784203,0.7727695839718651,0.6444025111080555,-0.6877083386739964,0.6158680955671867,0.4102338001263748
5781.299805,0.6425355069842695,0.15283174252134435,0.516343330778614,0.7432371864850864,0.7490815149597865,-0.9783110025876036,0.5225550603025468,0.3267173796915026
5786.299805,0.6425355069842695,0.15283174252134435,0.516343330778614,0.7432371864850864,0.7490815149597865,-0.9783110025876036,0.5225550603025468,0.3267173796915026
5791.299805,0.47094768616423466,0.26979103614362804,0.2681857190383817,0.5579639989233145,0.5235270482425544,-0.7438394062141063,0.37208938209685083,0.18745477726166007
5796.299805,0.2993598653441997,0.3867503297659117,0.02002810729814928,0.3726908113615425,0.29797258152532236,-0.5093678098406089,0.22162370389115477,0.04819217483181752
5801.299805,0.12777204452416485,0.5037096233881954,-0.2281295044420831,0.18741762379977053,0.0724181148080902,-0.27489621346711157,0.07115802568545875,-0.09107042759802501
5806.299805,-0.04381577629587006,0.6206689170104791,-0.47628711618231545,0.0021444362379985813,-0.1531363519091419,-0.040424617093614224,-0.07930765252023728,-0.23033303002786756
5811.299805,-0.01940538798134237,0.7446148554851566,-0.5118013661450715,-0.2441200068419147,-0.1042756469999337,0.1440822544790031,-0.008728205180324933,-0.1598141334579115
5816.299805,0.17659282115322023,0.7516015003375506,-0.2991580043675953,-0.30511126236005603,0.17013952462650658,0.0941175296781231,0.21231692036528343,0.04996736554188708
5821.299805,0.3725910302877828,0.7585881451899444,-0.08651464259011914,-0.36610251787819736,0.44455469625294686,0.04415280487724309,0.4333620459108918,0.25974886454168566
5826.299805,0.5685892394223453,0.7655747900423385,0.1261287191873571,-0.4270937733963387,0.7189698678793872,-0.005811919923636921,0.6544071714565002,0.46953036354148425
5831.299805,0.764587448556908,0.7725614348947325,0.33877208096483336,-0.48808502891448,0.9933850395058276,-0.05577664472451693,0.8754522970021086,0.6793118625412828
5836.299805,0.7194408032518101,0.7315356050858398,0.27845679276255864,-0.38006839154842476,0.9327788255366418,0.03412760360397025,0.6143895767351337,0.4216609462008509
5841.299805,0.6742941579467123,0.6905097752769471,0.21814150456028386,-0.27205175418236943,0.8721726115674564,0.12403185193245743,0.35332685646815876,0.16401002986041888
5846.299805,0.6291475126416144,0.6494839454680543,0.15782621635800914,-0.16403511681631416,0.8115663975982705,0.21393610026094462,0.09226413620118375,-0.09364088648001304
5851.299805,0.5840008673365163,0.6084581156591614,0.0975109281557344,-0.05601847945025886,0.7509601836290851,0.30384034858943176,-0.1687985840657912,-0.351291802820445
5856.299805,0.5388542220314185,0.5674322858502687,0.03719563995345965,0.05199815791579643,0.6903539696598995,0.39374459691791897,-0.4298613043327661,-0.6089427191608769
5861.299805,0.5388542220314185,0.5674322858502687,0.03719563995345965,0.05199815791579643,0.6903539696598995,0.39374459691791897,-0.4298613043327661,-0.6089427191608769
5866.299805,0.5388542220314185,0.5674322858502687,0.03719563995345965,0.05199815791579643,0.6903539696598995,0.39374459691791897,-0.4298613043327661,-0.6089427191608769
5871.299805,0.5388542220314185,0.5674322858502687,0.03719563995345965,0.05199815791579643,0.6903539696598995,0.39374459691791897,-0.4298613043327661,-0.6089427191608769
5876.299805,0.381956711783486,0.45394207333875086,0.21215840552011223,0.14261978928129843,0.6404370995370702,0.2975669864389985,-0.36807741822000023,-0.4873944174639121
5881.299805,0.22505920153555342,0.3404518608272331,0.3871211710867648,0.2332414206468004,0.5905202294142409,0.201389375960078,-0.3062935321072343,-0.3658461157669472
5886.299805,0.06816169128762088,0.2269616483157153,0.5620839366534174,0.32386305201230237,0.5406033592914117,0.10521176548115752,-0.24450964599446837,-0.24429781406998236
5891.299805,-0.08873581896031166,0.1134714358041975,0.73704670222007,0.4144846833778043,0.49068648916858226,0.009034155002237032,-0.18272575988170242,-0.12274951237301748
5896.299805,-0.2456333292082442,-1.877670732031156e-5,0.9120094677867225,0.5051063147433064,0.440769619045753,-0.08714345547668345,-0.1209418737689365,-0.001201210676052611
5901.299805,-0.1794236362902406,-0.19924729300522742,0.8645108962265752,0.29011612034340956,0.43192961316857337,-0.022502998755038382,-0.11162704112278746,0.1343154813947632
5906.299805,-0.113213943372237,-0.39847580930313453,0.8170123246664278,0.07512592594351272,0.42308960729139355,0.04213745796660669,-0.1023122084766384,0.26983217346557903
5911.299805,-0.0470042504542334,-0.5977043256010417,0.7695137531062806,-0.13986426845638408,0.41424960141421396,0.10677791468825175,-0.09299737583048935,0.4053488655363949
5916.299805,0.019205442463770206,-0.7969328418989488,0.722015181546133,-0.3548544628562809,0.40540959553703415,0.17141837140989682,-0.08368254318434029,0.5408655576072107
5921.299805,0.08541513538177381,-0.9961613581968558,0.6745166099859856,-0.5698446572561777,0.39656958965985445,0.2360588281315419,-0.07436771053819125,0.6763822496780265
5926.299805,0.08541513538177381,-0.9961613581968558,0.6745166099859856,-0.5698446572561777,0.39656958965985445,0.2360588281315419,-0.07436771053819125,0.6763822496780265
5931.299805,0.08541513538177381,-0.9961613581968558,0.6745166099859856,-0.5698446572561777,0.39656958965985445,0.2360588281315419,-0.07436771053819125,0.6763822496780265
5936.299805,-0.005450860765697651,-0.6725000980779002,0.5778530983881974,-0.5786583600499077,0.20202017076927237,0.32355042604886386,-0.11217498762515418,0.3517650576178578
5941.299805,-0.09631685691316912,-0.3488388379589446,0.48118958679040913,-0.5874720628436375,0.007470751878690285,0.4110420239661858,-0.14998226471211712,0.027147865557689065
5946.299805,-0.18718285306064059,-0.02517757783998902,0.384526075192621,-0.5962857656373673,-0.1870786670118918,0.49853362188350775,-0.18778954179908008,-0.29746932650247965
5951.299805,-0.278048849208112,0.2984836822789666,0.28786256359483275,-0.6050994684310973,-0.3816280859024739,0.5860252198008297,-0.22559681888604302,-0.6220865185626483
5956.299805,-0.3689148453555835,0.6221449423979222,0.19119905199704457,-0.6139131712248271,-0.576177504793056,0.6735168177181516,-0.26340409597300596,-0.9467037106228171
5961.299805,-0.1165407679631909,0.3987895643695245,0.13987934883291028,-0.6640168434304238,-0.3832189841037187,0.533723028704323,-0.20125818861017972,-0.6090582645524542
5966.299805,0.1358333094292017,0.17543418634112684,0.08855964566877601,-0.7141205156360204,-0.19026046341438146,0.39392923969049437,-0.13911228124735348,-0.2714128184820913
5971.299805,0.3882073868215943,-0.047921191687270825,0.03723994250464173,-0.764224187841617,0.0026980572749558005,0.2541354506766657,-0.07696637388452725,0.06623262758827168
5976.299805,0.6405814642139869,-0.2712765697156685,-0.014079760659492546,-0.8143278600472137,0.19565657796429306,0.11434166166283707,-0.014820466521701015,0.40387807365863465
5981.299805,0.8929555416063796,-0.4946319477440662,-0.06539946382362682,-0.8644315322528102,0.3886150986536303,-0.02545212735099156,0.04732544084112522,0.7415235197289975
5986.299805,0.8929555416063796,-0.4946319477440662,-0.06539946382362682,-0.8644315322528102,0.3886150986536303,-0.02545212735099156,0.04732544084112522,0.7415235197289975
5991.299805,0.8929555416063796,-0.4946319477440662,-0.06539946382362682,-0.8644315322528102,0.3886150986536303,-0.02545212735099156,0.04732544084112522,0.7415235197289975
5996.299805,0.8324840339885824,-0.4841828572272783,0.07027703684723771,-0.8620884653452376,0.11270370105166232,-0.12141202311118557,0.20695402233600468,0.7903362090386296
6001.299805,0.7720125263707853,-0.4737337667104903,0.20595353751810225,-0.8597453984376651,-0.16320769655030568,-0.21737191887137958,0.36658260383088415,0.8391488983482616
6006.299805,0.7115410187529884,-0.46328467619370245,0.3416300381889668,-0.8574023315300927,-0.4391190941522737,-0.3133318146315736,0.5262111853257636,0.8879615876578935
6011.299805,0.6510695111351913,-0.45283558567691456,0.4773065388598313,-0.8550592646225201,-0.7150304917542416,-0.4092917103917676,0.6858397668206431,0.9367742769675255
6016.299805,0.5905980035173941,-0.4423864951601266,0.6129830395306959,-0.8527161977149476,-0.9909418893562096,-0.5052516061519616,0.8454683483155225,0.9855869662771575
6021.299805,0.5905980035173941,-0.4423864951601266,0.6129830395306959,-0.8527161977149476,-0.9909418893562096,-0.5052516061519616,0.8454683483155225,0.9855869662771575
6026.299805,0.5905980035173941,-0.4423864951601266,0.6129830395306959,-0.8527161977149476,-0.9909418893562096,-0.5052516061519616,0.8454683483155225,0.9855869662771575
6031.299805,0.5905980035173941,-0.4423864951601266,0.6129830395306959,-0.8527161977149476,-0.9909418893562096,-0.5052516061519616,0.8454683483155225,0.9855869662771575
6036.299805,0.5905980035173941,-0.4423864951601266,0.6129830395306959,-0.8527161977149476,-0.9909418893562096,-0.5052516061519616,0.8454683483155225,0.9855869662771575
6041.299805,0.5905980035173941,-0.4423864951601266,0.6129830395306959,-0.8527161977149476,-0.9909418893562096,-0.5052516061519616,0.8454683483155225,0.9855869662771575
6046.299805,0.4882462035007862,-0.3589488420670257,0.676699986672783,-0.6699893932339357,-0.7105045240233051,-0.2222839778372428,0.8497587788901428,0.9498807919505824
6051.299805,0.38589440348417825,-0.2755111889739248,0.7404169338148702,-0.4872625887529239,-0.4300671586904006,0.06068365047747606,0.8540492094647633,0.9141746176240073
6056.299805,0.2835426034675703,-0.19207353588082388,0.8041338809569574,-0.3045357842719119,-0.149629793357496,0.3436512787921949,0.8583396400393836,0.8784684432974321
6061.299805,0.09065500276407286,-0.1888261876369332,0.8573482673682488,-0.02457592076116697,-0.06431272770729941,0.5259114853568401,0.7872034746765355,0.818308486266346
6066.299805,-0.1022325979394246,-0.18557883939304257,0.9105626537795404,0.255383942749578,0.021004337942897154,0.7081716919214852,0.7160673093136876,0.75814852923526
6071.299805,-0.19276839862631415,-0.26576914424225284,0.9000600930487449,0.352617001779311,-0.17411596173981084,0.6074642701714115,0.6406407133762191,0.7336947465307492
6076.299805,-0.28330419931320366,-0.3459594490914631,0.8895575323179493,0.449850060809044,-0.3692362614225188,0.5067568484213378,0.5652141174387507,0.7092409638262384
6081.299805,-0.3738400000000932,-0.4261497539406733,0.8790549715871536,0.5470831198387771,-0.5643565611052268,0.40604942667126415,0.48978752150128235,0.6847871811217274
6086.299805,-0.3738400000000932,-0.4261497539406733,0.8790549715871536,0.5470831198387771,-0.5643565611052268,0.40604942667126415,0.48978752150128235,0.6847871811217274
6091.299805,-0.3738400000000932,-0.4261497539406733,0.8790549715871536,0.5470831198387771,-0.5643565611052268,0.40604942667126415,0.48978752150128235,0.6847871811217274
6096.299805,-0.3738400000000932,-0.4261497539406733,0.8790549715871536,0.5470831198387771,-0.5643565611052268,0.40604942667126415,0.48978752150128235,0.6847871811217274
6101.299805,-0.21550229344136168,-0.1538313247793624,0.7353427378980364,0.4804809171709355,-0.3882931558192543,0.14231175618287323,0.5514618291715147,0.5521771857959408
6106.299805,-0.057164586882630174,0.11848710438194857,0.591630504208919,0.4138787145030939,-0.2122297505332817,-0.12142591430551772,0.6131361368417471,0.4195671904701541
6111.299805,0.10117311967610135,0.39080553354325953,0.4479182705198018,0.3472765118352522,-0.03616634524730915,-0.38516358479390866,0.6748104445119795,0.28695719514436735
6116.299805,0.25951082623483285,0.6631239627045705,0.30420603683068453,0.2806743091674106,0.1398970600386634,-0.6489012552822997,0.7364847521822118,0.15434719981858064
6121.299805,0.4178485327935643,0.9354423918658814,0.16049380314156725,0.21407210649956898,0.31596046532463595,-0.9126389257706906,0.7981590598524442,0.021737204492793927
6126.299805,0.4178485327935643,0.9354423918658814,0.16049380314156725,0.21407210649956898,0.31596046532463595,-0.9126389257706906,0.7981590598524442,0.021737204492793927
6131.299805,0.4178485327935643,0.9354423918658814,0.16049380314156725,0.21407210649956898,0.31596046532463595,-0.9126389257706906,0.7981590598524442,0.021737204492793927
6136.299805,0.20218779512854562,0.749012117637953,0.001861876338622137,0.10275041930202237,0.38944150868782207,-0.7450926535041684,0.6494808018785925,-0.06379611822627833
6141.299805,-0.013472942536473154,0.5625818434100246,-0.15677005046432296,-0.008571267895524226,0.46292255205100813,-0.5775463812376463,0.5008025439047408,-0.14932944094535058
6146.299805,-0.2291336802014919,0.37615156918209613,-0.3154019772672681,-0.11989295509307082,0.5364035954141942,-0.4100001089711244,0.35212428593088907,-0.23486276366442285
6151.299805,-0.44479441786651075,0.18972129495416773,-0.4740339040702132,-0.23121464229061744,0.6098846387773804,-0.24245383670460222,0.20344602795703737,-0.3203960863834951
6156.299805,-0.6604551555315294,0.0032910207262393243,-0.6326658308731583,-0.34253632948816404,0.6833656821405665,-0.07490756443808011,0.054767769983185666,-0.40592940910256736
6161.299805,-0.6604551555315294,0.0032910207262393243,-0.6326658308731583,-0.34253632948816404,0.6833656821405665,-0.07490756443808011,0.054767769983185666,-0.40592940910256736
6166.299805,-0.6604551555315294,0.0032910207262393243,-0.6326658308731583,-0.34253632948816404,0.6833656821405665,-0.07490756443808011,0.054767769983185666,-0.40592940910256736
6171.299805,-0.6604551555315294,0.0032910207262393243,-0.6326658308731583,-0.34253632948816404,0.6833656821405665,-0.07490756443808011,0.054767769983185666,-0.40592940910256736
6176.299805,-0.6604551555315294,0.0032910207262393243,-0.6326658308731583,-0.34253632948816404,0.6833656821405665,-0.07490756443808011,0.054767769983185666,-0.40592940910256736
6181.299805,-0.6604551555315294,0.0032910207262393243,-0.6326658308731583,-0.34253632948816404,0.6833656821405665,-0.07490756443808011,0.054767769983185666,-0.40592940910256736
6186.299805,-0.6828131544773666,-0.015585460767255999,-0.4118044491652932,-0.24317684745879314,0.5842997120988109,-0.1718876724271324,0.21994571391078344,-0.1853720936190435
6191.299805,-0.7051711534232036,-0.03446194226075132,-0.1909430674574281,-0.14381736542942228,0.4852337420570553,-0.2688677804161847,0.3851236578383812,0.035185221864480365
6196.299805,-0.7275291523690406,-0.05333842375424665,0.029918314250437027,-0.04445788340005139,0.3861677720152997,-0.365847888405237,0.550301601765979,0.25574253734800423
6201.299805,-0.7498871513148776,-0.07221490524774196,0.25077969595830213,0.054901598629319495,0.2871018019735441,-0.4628279963942893,0.7154795456935767,0.4762998528315281
6206.299805,-0.7722451502607146,-0.09109138674123729,0.47164107766616725,0.15426108065869037,0.18803583193178852,-0.5598081043833416,0.8806574896211746,0.696857168315052
6211.299805,-0.6576571155567889,-0.13711103274167913,0.2926712083951613,0.2610181082706243,0.15575196250242382,-0.39285766118466436,0.5784723144349366,0.7209016264132682
6216.299805,-0.5430690808528631,-0.18313067874212097,0.11370133912415534,0.3677751358825582,0.12346809307305913,-0.22590721798598712,0.2762871392486988,0.7449460845114844
6221.299805,-0.4284810461489374,-0.2291503247425628,-0.0652685301468506,0.47453216349449223,0.09118422364369443,-0.058956774787309874,-0.025898035937539143,0.7689905426097008
6226.299805,-0.4700379691352482,-0.3689437460389139,-0.28701862082206275,0.5504577628112465,0.012788723687219995,0.18392655513001815,-0.2617830048733863,0.6437729413764803
6231.299805,-0.511594892121559,-0.508737167335265,-0.508768711497275,0.6263833621280007,-0.06560677626925444,0.42680988504734624,-0.49766797380923344,0.51855534014326
6236.299805,-0.6677398498117955,-0.6025109426311742,-0.5515489329014811,0.595551933832821,-0.11171840679636418,0.502742771765997,-0.43136776755884265,0.36929328081182317
6241.299805,-0.823884807502032,-0.6962847179270832,-0.5943291543056873,0.5647205055376412,-0.15783003732347392,0.5786756584846479,-0.3650675613084519,0.22003122148038642
6246.299805,-0.9800297651922685,-0.7900584932229926,-0.6371093757098936,0.5338890772424616,-0.20394166785058365,0.6546085452032986,-0.2987673550580612,0.07076916214894968
6251.299805,-0.9512687127402026,-0.7783793309024233,-0.4140064384738105,0.285201069995214,-0.24273746362635845,0.6000717946832032,-0.2942683463914927,-0.028397881618482355
6256.299805,-0.9225076602881368,-0.7667001685818541,-0.19090350123772737,0.03651306274796644,-0.28153325940213325,0.5455350441631077,-0.28976933772492414,-0.1275649253859144
6261.299805,-0.8937466078360711,-0.7550210062612848,0.03219943599835573,-0.21217494449928115,-0.320329055177908,0.49099829364301223,-0.28527032905835564,-0.22673196915334642
6266.299805,-0.8649855553840051,-0.7433418439407156,0.25530237323443883,-0.4608629517465287,-0.3591248509536828,0.43646154312291674,-0.2807713203917871,-0.3258990129207785
6271.299805,-0.8362245029319393,-0.7316626816201464,0.47840531047052187,-0.7095509589937763,-0.3979206467294576,0.3819247926028213,-0.2762723117252186,-0.42506605668821057
6276.299805,-0.8362245029319393,-0.7316626816201464,0.47840531047052187,-0.7095509589937763,-0.3979206467294576,0.3819247926028213,-0.2762723117252186,-0.42506605668821057
6281.299805,-0.8362245029319393,-0.7316626816201464,0.47840531047052187,-0.7095509589937763,-0.3979206467294576,0.3819247926028213,-0.2762723117252186,-0.42506605668821057
6286.299805,-0.6772227798726832,-0.41178929444159407,0.4194271832822839,-0.6923163614409559,-0.12199866279795243,0.14791584876896752,-0.027541222139338205,-0.4477974488851789
6291.299805,-0.5182210568134271,-0.09191590726304186,0.36044905609404576,-0.6750817638881355,0.15392332113355273,-0.08609309506488624,0.22118986744654218,-0.4705288410821472
6296.299805,-0.3592193337541711,0.22795747991551046,0.3014709289058076,-0.6578471663353149,0.4298453050650579,-0.32010203889874,0.4699209570324226,-0.49326023327911556
6301.299805,-0.3116286237266289,0.5413411656728255,0.37367720528614934,-0.5939165231007904,0.4197575648348691,-0.37931448935624773,0.45449379569004034,-0.4109726378764817
6306.299805,-0.2640379136990868,0.8547248514301407,0.44588348166649094,-0.5299858798662659,0.40966982460468027,-0.4385269398137554,0.4390666343476582,-0.3286850424738479
6311.299805,-0.37544892673080066,0.8482351500089036,0.5770678852350708,-0.48328983418456184,0.12366010044298621,-0.26373044643740934,0.17490838341939557,-0.22366605487424573
6316.299805,-0.48685993976251457,0.8417454485876664,0.7082522888036504,-0.4365937885028579,-0.1623496237187078,-0.08893395306106325,-0.08924986750886701,-0.11864706727464358
6321.299805,-0.32370140345154536,0.7255808521731106,0.6449790952616951,-0.1309802799195745,-0.5470162057356637,0.2103651649465998,-0.44002022487316195,0.016020435378913157
6326.299805,-0.04913185410886221,0.6159059571797918,0.45052149815115977,0.12793718298200485,-0.6456730635909256,0.33486778957791674,-0.5266323313091943,0.04566895043286774
6331.299805,0.22543769523382093,0.5062310621864728,0.25606390104062454,0.3868546458835842,-0.7443299214461877,0.4593704142092337,-0.6132444377452266,0.07531746548682232
6336.299805,0.500007244576504,0.39655616719315395,0.06160630393008928,0.6457721087851634,-0.8429867793014496,0.5838730388405506,-0.699856544181259,0.10496598054077691
6341.299805,0.6312670722273014,0.043234913022483744,-0.2382371623206485,0.7690257502994572,-0.8970105799251897,0.6033263034090086,-0.7183650698935828,0.27511728092776805
6346.299805,0.48795735053541556,-0.20041144615486756,-0.34362303146085105,0.6333619289121716,-0.8523775226936678,0.4982769433461495,-0.6502614891698745,0.4156200662608046
6351.299805,0.3446476288435298,-0.4440578053322189,-0.44900890060105353,0.4976981075248858,-0.807744465462146,0.39322758328329055,-0.5821579084461659,0.5561228515938412
6356.299805,0.20133790715164399,-0.6877041645095702,-0.5543947697412561,0.36203428613760014,-0.7631114082306241,0.2881782232204315,-0.5140543277224575,0.6966256369268777
6361.299805,0.058028185459758186,-0.9313505236869215,-0.6597806388814587,0.22637046475031442,-0.7184783509991022,0.18312886315757249,-0.4459507469987491,0.8371284222599142
6366.299805,-0.08728017300957118,-0.8795237599149086,-0.3757983286357688,0.26954971560592,-0.6273998431514992,0.1681200966063908,-0.36646201219774965,0.7488830522917036
6371.299805,-0.23258853147890055,-0.8276969961428955,-0.09181601839007887,0.31272896646152554,-0.5363213353038964,0.1531113300552091,-0.2869732773967501,0.660637682323493
6376.299805,-0.3778968899482299,-0.7758702323708826,0.19216629185561102,0.3559082173171311,-0.44524282745629334,0.13810256350402744,-0.2074845425957506,0.5723923123552822
6381.299805,-0.5232052484175593,-0.7240434685988696,0.47614860210130094,0.39908746817273666,-0.35416431960869044,0.12309379695284575,-0.1279958077947511,0.48414694238707146
6386.299805,-0.6685136068868887,-0.6722167048268566,0.7601309123469908,0.44226671902834225,-0.2630858117610875,0.10808503040166406,-0.048507072993751565,0.3959015724188608
6391.299805,-0.6685136068868887,-0.6722167048268566,0.7601309123469908,0.44226671902834225,-0.2630858117610875,0.10808503040166406,-0.048507072993751565,0.3959015724188608
6396.299805,-0.6685136068868887,-0.6722167048268566,0.7601309123469908,0.44226671902834225,-0.2630858117610875,0.10808503040166406,-0.048507072993751565,0.3959015724188608
6401.299805,-0.6685136068868887,-0.6722167048268566,0.7601309123469908,0.44226671902834225,-0.2630858117610875,0.10808503040166406,-0.048507072993751565,0.3959015724188608
6406.299805,-0.6685136068868887,-0.6722167048268566,0.7601309123469908,0.44226671902834225,-0.2630858117610875,0.10808503040166406,-0.048507072993751565,0.3959015724188608
6411.299805,-0.6685136068868887,-0.6722167048268566,0.7601309123469908,0.44226671902834225,-0.2630858117610875,0.10808503040166406,-0.048507072993751565,0.3959015724188608
6416.299805,-0.5570788061753603,-0.5474011606553273,0.5233577678054034,0.5378560689792711,-0.26809435175132035,0.12451294281572026,-0.05688048212386363,0.4363544769855885
6421.299805,-0.4456440054638321,-0.42258561648379783,0.2865846232638162,0.6334454189301998,-0.2731028917415532,0.14094085522977645,-0.0652538912539757,0.4768073815523161
6426.299805,-0.33420920475230387,-0.29777007231226843,0.04981147872222889,0.7290347688811286,-0.2781114317317861,0.15736876764383262,-0.07362730038408775,0.5172602861190438
6431.299805,-0.2227744040407756,-0.17295452814073906,-0.1869616658193584,0.8246241188320574,-0.28311997172201897,0.1737966800578888,-0.08200070951419983,0.5577131906857715
6436.299805,0.03930675434119015,0.1495496721747299,-0.48557449548609866,0.7734818253408087,-0.3992392329738629,0.04056098807364439,0.053354631688936706,0.6264538725634166
6441.299805,0.18995311201162762,0.34723832831866946,-0.5474141806112515,0.6267501818986311,-0.510349954235474,-0.10910261632465623,0.19708338202218528,0.654741649874334
6446.299805,0.34059946968206506,0.5449269844626091,-0.6092538657364044,0.4800185384564536,-0.6214606754970851,-0.25876622072295685,0.3408121323554339,0.6830294271852516
6451.299805,0.49124582735250255,0.7426156406065486,-0.6710935508615574,0.33328689501427605,-0.7325713967586961,-0.4084298251212575,0.48454088268868245,0.711317204496169
6456.299805,0.64189218502294,0.9403042967504882,-0.7329332359867102,0.1865552515720985,-0.8436821180203072,-0.5580934295195581,0.6282696330219311,0.7396049818070864
6461.299805,0.64189218502294,0.9403042967504882,-0.7329332359867102,0.1865552515720985,-0.8436821180203072,-0.5580934295195581,0.6282696330219311,0.7396049818070864
6466.299805,0.64189218502294,0.9403042967504882,-0.7329332359867102,0.1865552515720985,-0.8436821180203072,-0.5580934295195581,0.6282696330219311,0.7396049818070864
6471.299805,0.64189218502294,0.9403042967504882,-0.7329332359867102,0.1865552515720985,-0.8436821180203072,-0.5580934295195581,0.6282696330219311,0.7396049818070864
6476.299805,0.41778412671541487,0.5731610693676525,-0.4862321756676707,0.2699251962499062,-0.5427996673123424,-0.48733343223118447,0.5781021897265366,0.6409273386327259
6481.299805,0.1936760684078897,0.206017841984817,-0.2395311153486311,0.3532951409277139,-0.24191721660437765,-0.41657343494281074,0.5279347464311421,0.5422496954583653
6486.299805,-0.030431989899635425,-0.16112538539801852,0.007169944970408437,0.4366650856055216,0.058965234103587075,-0.34581343765443706,0.47776730313574767,0.44357205228400476
6491.299805,-0.2545400482071606,-0.528268612780854,0.253871005289448,0.5200350302833293,0.3598476848115518,-0.2750534403660634,0.42759985984035326,0.3448944091096442
6496.299805,-0.4786481065146857,-0.8954118401636897,0.5005720656084875,0.603404974961137,0.6607301355195165,-0.2042934430776897,0.37743241654495874,0.24621676593528363
6501.299805,-0.4786481065146857,-0.8954118401636897,0.5005720656084875,0.603404974961137,0.6607301355195165,-0.2042934430776897,0.37743241654495874,0.24621676593528363
6506.299805,-0.4786481065146857,-0.8954118401636897,0.5005720656084875,0.603404974961137,0.6607301355195165,-0.2042934430776897,0.37743241654495874,0.24621676593528363
6511.299805,-0.4786481065146857,-0.8954118401636897,0.5005720656084875,0.603404974961137,0.6607301355195165,-0.2042934430776897,0.37743241654495874,0.24621676593528363
6516.299805,-0.23934146413088458,-0.7031511034522988,0.23151457528003383,0.629275714583293,0.47984057856783363,-0.10426083532592512,0.1434503557764125,0.18654199528144808
6521.299805,-3.482174708349106e-5,-0.5108903667409079,-0.03754291504841989,0.6551464542054489,0.2989510216161507,-0.004228227574160526,-0.09053170499213374,0.12686722462761252
6526.299805,0.23927182063671762,-0.31862963002951705,-0.3066004053768736,0.6810171938276051,0.11806146466446785,0.09580438017760406,-0.32451376576068,0.06719245397377697
6531.299805,0.4785784630205187,-0.12636889331812617,-0.5756578957053273,0.7068879334497611,-0.06282809228721505,0.19583698792936866,-0.5584958265292262,0.0075176833199414265
6536.299805,0.7178851054043198,0.0658918433932647,-0.844715386033781,0.7327586730719171,-0.24371764923889794,0.29586959568113325,-0.7924778872977725,-0.052157087333894125
6541.299805,0.7178851054043198,0.0658918433932647,-0.844715386033781,0.7327586730719171,-0.24371764923889794,0.29586959568113325,-0.7924778872977725,-0.052157087333894125
6546.299805,0.7178851054043198,0.0658918433932647,-0.844715386033781,0.7327586730719171,-0.24371764923889794,0.29586959568113325,-0.7924778872977725,-0.052157087333894125
6551.299805,0.7178851054043198,0.0658918433932647,-0.844715386033781,0.7327586730719171,-0.24371764923889794,0.29586959568113325,-0.7924778872977725,-0.052157087333894125
6556.299805,0.7178851054043198,0.0658918433932647,-0.844715386033781,0.7327586730719171,-0.24371764923889794,0.29586959568113325,-0.7924778872977725,-0.052157087333894125
6561.299805,0.6902111574742056,0.12006373952119467,-0.5861791187548786,0.47023121758193087,-0.1968457273858067,0.23395498642287835,-0.5915638509317998,0.06269257925028038
6566.299805,0.6625372095440915,0.17423563564912464,-0.32764285147597627,0.20770376209194455,-0.14997380553271542,0.17204037716462345,-0.3906498145658269,0.17754224583445488
6571.299805,0.6348632616139772,0.22840753177705458,-0.06910658419707386,-0.05482369339804181,-0.10310188367962417,0.11012576790636856,-0.18973577819985418,0.2923919124186294
6576.299805,0.3702510014655701,0.3243181087946276,0.2882477041622985,-0.08326595782894959,-0.0444055663980691,0.1014417461649392,0.01913204101720063,0.43540373299445917
6581.299805,0.10563874131716315,0.42022868581220063,0.6456019925216708,-0.11170822225985737,0.01429075088348597,0.09275772442350982,0.22799986023425545,0.578415553570289
6586.299805,-0.1312995709011296,0.4619673667018436,0.7444200136021408,0.12237696879922115,0.026115146311949777,0.14598831194033535,0.2359536430853375,0.6065777075619442
6591.299805,-0.3682378831194223,0.5037060475914867,0.8432380346826106,0.35646215985829965,0.037939541740413585,0.19921889945716087,0.24390742593641956,0.6347398615535995
6596.299805,-0.605176195337715,0.5454447284811297,0.9420560557630806,0.5905473509173782,0.04976393716887739,0.2524494869739864,0.2518612087875016,0.6629020155452547
6601.299805,-0.4067367170754956,0.3803568676446053,0.8029712017984861,0.590279569494116,-0.10340354041265831,0.015964373135912167,0.22205537763804145,0.6687513073147313
6606.299805,-0.20829723881327614,0.21526900680808098,0.6638863478338918,0.5900117880708539,-0.256571017994194,-0.22052074070216204,0.19224954648858125,0.6746005990842079
6611.299805,-0.009857760551056671,0.05018114597155661,0.5248014938692973,0.5897440066475917,-0.4097384955757297,-0.4570058545402363,0.16244371533912108,0.6804498908536845
6616.299805,0.18858171771116278,-0.11490671486496776,0.38571663990470284,0.5894762252243295,-0.5629059731572654,-0.6934909683783105,0.13263788418966088,0.6862991826231613
6621.299805,0.38702119597338225,-0.2799945757014921,0.24663178594010837,0.5892084438010674,-0.7160734507388011,-0.9299760822163847,0.10283205304020071,0.6921484743926378
6626.299805,0.38702119597338225,-0.2799945757014921,0.24663178594010837,0.5892084438010674,-0.7160734507388011,-0.9299760822163847,0.10283205304020071,0.6921484743926378
6631.299805,0.16805634359646002,-0.2629818345827963,0.226254309850974,0.27407092131007194,-0.7333108079995184,-0.9413576327413942,-0.06899383530436384,0.7120966078649363
6636.299805,-0.0509085087804622,-0.24596909346410048,0.2058768337618396,-0.041066601180923576,-0.7505481652602357,-0.9527391832664035,-0.2408197236489284,0.732044741337235
6641.299805,-0.2698733611573844,-0.22895635234540465,0.18549935767270523,-0.35620412367191906,-0.7677855225209529,-0.9641207337914128,-0.412645611993493,0.7519928748095334
6646.299805,-0.39877772469139183,-0.16382489520762827,0.017335664121110116,-0.5979283426341467,-0.6300934468823776,-0.6246336286824056,-0.6246892376845621,0.6305209236888284
6651.299805,-0.5276820882253992,-0.09869343806985187,-0.15082802943048498,-0.8396525615963745,-0.49240137124380234,-0.2851465235733982,-0.8367328633756312,0.5090489725681232
6656.299805,-0.4376215993824843,-0.05057472205077129,-0.2986142468929457,-0.7662392580676067,-0.33747193834450984,0.06572213206061846,-0.8769506007221357,0.3676288879751198
6661.299805,-0.3475611105395695,-0.002456006031690716,-0.4464004643554064,-0.6928259545388389,-0.18254250544521727,0.4165907876946352,-0.9171683380686402,0.22620880338211627
6666.299805,-0.25750062169665466,0.04566270998738986,-0.5941866818178672,-0.619412651010071,-0.02761307254592471,0.7674594433286519,-0.9573860754151446,0.08478871878911276
6671.299805,-0.25750062169665466,0.04566270998738986,-0.5941866818178672,-0.619412651010071,-0.02761307254592471,0.7674594433286519,-0.9573860754151446,0.08478871878911276
6676.299805,-0.25750062169665466,0.04566270998738986,-0.5941866818178672,-0.619412651010071,-0.02761307254592471,0.7674594433286519,-0.9573860754151446,0.08478871878911276
6681.299805,-0.25750062169665466,0.04566270998738986,-0.5941866818178672,-0.619412651010071,-0.02761307254592471,0.7674594433286519,-0.9573860754151446,0.08478871878911276
6686.299805,-0.25750062169665466,0.04566270998738986,-0.5941866818178672,-0.619412651010071,-0.02761307254592471,0.7674594433286519,-0.9573860754151446,0.08478871878911276
6691.299805,-0.25750062169665466,0.04566270998738986,-0.5941866818178672,-0.619412651010071,-0.02761307254592471,0.7674594433286519,-0.9573860754151446,0.08478871878911276
6696.299805,-0.16109066444333048,-0.0783227412174707,-0.594176033886999,-0.3646571441736063,-0.19507049201234378,0.7670074833888652,-0.6207646258883404,-0.0036593811920809572
6701.299805,-0.06468070719000632,-0.20230819242233125,-0.5941653859561308,-0.10990163733714149,-0.36252791147876284,0.7665555234490785,-0.2841431763615362,-0.09210748117327468
6706.299805,0.03172925006331786,-0.3262936436271918,-0.5941547380252625,0.14485386949932327,-0.529985330945182,0.7661035635092918,0.052478273165267944,-0.1805555811544684
6711.299805,0.12813920731664202,-0.45027909483205236,-0.5941440900943945,0.3996093763357881,-0.6974427504116011,0.765651603569505,0.38909972269207216,-0.2690036811356621
6716.299805,0.2245491645699662,-0.5742645460369129,-0.5941334421635263,0.6543648831722528,-0.86490016987802,0.7651996436297184,0.7257211722188763,-0.3574517811168558
6721.299805,0.18375674786985816,-0.6451949968044474,-0.3447263605184825,0.4690172415093519,-0.5560869457267342,0.48759529780370736,0.6526602920535465,-0.1259164776661891
6726.299805,0.1429643311697501,-0.7161254475719818,-0.09531927887343872,0.2836695998464509,-0.2472737215754483,0.2099909519776962,0.5795994118882166,0.10561882578447764
6731.299805,0.10217191446964206,-0.7870558983395164,0.15408780277160505,0.09832195818354994,0.06153950257583758,-0.06761339384831486,0.506538531722887,0.3371541292351444
6736.299805,0.06137949776953402,-0.8579863491070506,0.40349488441664877,-0.08702568347935102,0.3703527267271235,-0.34521773967432595,0.4334776515575573,0.5686894326858111
6741.299805,0.020587081069425972,-0.9289167998745851,0.6529019660616926,-0.272373325142252,0.6791659508784094,-0.622822085500337,0.3604167713922275,0.8002247361364778
6746.299805,0.020587081069425972,-0.9289167998745851,0.6529019660616926,-0.272373325142252,0.6791659508784094,-0.622822085500337,0.3604167713922275,0.8002247361364778
6751.299805,0.020587081069425972,-0.9289167998745851,0.6529019660616926,-0.272373325142252,0.6791659508784094,-0.622822085500337,0.3604167713922275,0.8002247361364778
6756.299805,0.18491425934832545,-0.6975827501445447,0.40899629559319894,-0.35843855078512343,0.4662176569957211,-0.37049883228951985,0.40346768028995594,0.47890422644316166
6761.299805,0.3492414376272249,-0.4662487004145044,0.1650906251247053,-0.4445037764279949,0.25326936311303283,-0.11817557907870264,0.44651858918768444,0.15758371674984534
6766.299805,0.5135686159061243,-0.23491465068446424,-0.07881504534378836,-0.5305690020708663,0.04032106923034453,0.13414767413211454,0.48956949808541295,-0.16373679294347085
6771.299805,0.6778957941850239,-0.0035806009544239624,-0.322720715812282,-0.6166342277137378,-0.17262722465234376,0.38647092734293176,0.5326204069831414,-0.48505730263678704
6776.299805,0.8422229724639234,0.22775344877561632,-0.5666263862807757,-0.7026994533566093,-0.385575518535032,0.6387941805537489,0.57567131588087,-0.8063778123301033
6781.299805,0.8422229724639234,0.22775344877561632,-0.5666263862807757,-0.7026994533566093,-0.385575518535032,0.6387941805537489,0.57567131588087,-0.8063778123301033
6786.299805,0.8422229724639234,0.22775344877561632,-0.5666263862807757,-0.7026994533566093,-0.385575518535032,0.6387941805537489,0.57567131588087,-0.8063778123301033
6791.299805,0.8422229724639234,0.22775344877561632,-0.5666263862807757,-0.7026994533566093,-0.385575518535032,0.6387941805537489,0.57567131588087,-0.8063778123301033
6796.299805,0.7971743927216421,0.3174554274419074,-0.44332441013647517,-0.40916490163180885,-0.2852375639994981,0.41159024925108484,0.3846284099547929,-0.48019967105555317
6801.299805,0.7521258129793609,0.40715740610819856,-0.3200224339921747,-0.11563034990700852,-0.18489960946396425,0.18438631794842064,0.1935855040287159,-0.15402152978100297
6806.299805,0.7070772332370794,0.49685938477448965,-0.19672045784787423,0.17790420181779196,-0.08456165492843035,-0.0428176133542435,0.0025425981026388823,0.17215661149354725
6811.299805,0.6620286534947981,0.5865613634407808,-0.07341848170357376,0.47143875354259246,0.015776299607103538,-0.27002154465690764,-0.18850030782343813,0.49833475276809747
6816.299805,0.6169800737525166,0.6762633421070718,0.049883494440726706,0.7649733052673928,0.11611425414263743,-0.4972254759595717,-0.37954321374951516,0.8245128940426476
6821.299805,0.6169800737525166,0.6762633421070718,0.049883494440726706,0.7649733052673928,0.11611425414263743,-0.4972254759595717,-0.37954321374951516,0.8245128940426476
6826.299805,0.6169800737525166,0.6762633421070718,0.049883494440726706,0.7649733052673928,0.11611425414263743,-0.4972254759595717,-0.37954321374951516,0.8245128940426476
6831.299805,0.6169800737525166,0.6762633421070718,0.049883494440726706,0.7649733052673928,0.11611425414263743,-0.4972254759595717,-0.37954321374951516,0.8245128940426476
6836.299805,0.5815289320162729,0.5620133288828648,-0.1276598038154128,0.6206851981468058,-0.09434854632818639,-0.2033877282590232,-0.41697112527806973,0.5125389216668521
6841.299805,0.5460777902800292,0.44776331565865773,-0.3052031020715523,0.47639709102621863,-0.30481134679901023,0.09045001944152538,-0.45439903680662413,0.20056494929105656
6846.299805,0.5106266485437855,0.33351330243445076,-0.4827464003276919,0.3321089839056317,-0.515274147269834,0.38428776714207397,-0.49182694833517876,-0.11140902308473902
6851.299805,0.47517550680754184,0.21926328921024374,-0.6602896985838314,0.18782087678504467,-0.7257369477406579,0.6781255148426226,-0.5292548598637332,-0.4233829954605346
6856.299805,0.4397243650712981,0.10501327598603671,-0.8378329968399709,0.04353276966445763,-0.9361997482114817,0.9719632625431711,-0.5666827713922877,-0.7353569678363301
6861.299805,0.4397243650712981,0.10501327598603671,-0.8378329968399709,0.04353276966445763,-0.9361997482114817,0.9719632625431711,-0.5666827713922877,-0.7353569678363301
6866.299805,0.4397243650712981,0.10501327598603671,-0.8378329968399709,0.04353276966445763,-0.9361997482114817,0.9719632625431711,-0.5666827713922877,-0.7353569678363301
6871.299805,0.21199834114719054,0.24764820358308476,-0.760136381852405,-0.09582718645089842,-0.5651876596022254,0.8326125847135206,-0.46971583252842725,-0.6058745890375554
6876.299805,-0.015727682776917006,0.3902831311801328,-0.682439766864839,-0.23518714256625448,-0.19417557099296898,0.6932619068838701,-0.37274889366456665,-0.47639221023878087
6881.299805,-0.24345370670102456,0.5329180587771808,-0.604743151877273,-0.3745470986816105,0.17683651761628744,0.5539112290542194,-0.2757819548007061,-0.3469098314400062
6886.299805,-0.4711797306251321,0.6755529863742289,-0.527046536889707,-0.5139070547969666,0.5478486062255439,0.41456055122456875,-0.17881501593684557,-0.2174274526412316
6891.299805,-0.6989057545492396,0.818187913971277,-0.44934992190214107,-0.6532670109123226,0.9188606948348002,0.2752098733949182,-0.08184807707298503,-0.08794507384245698
6896.299805,-0.4041470922050034,0.5950426411747962,-0.2022144185917051,-0.718609118329832,0.7382531434553646,0.3085749333007144,-0.16194791385179358,-0.05641762867096371
6901.299805,-0.1093884298607671,0.37189736837831555,0.044921084718730867,-0.7839512257473412,0.5576455920759292,0.3419399932065106,-0.24204775063060216,-0.024890183499470454
6906.299805,0.1853702324834691,0.1487520955818349,0.29205658802916684,-0.8492933331648507,0.37703804069649355,0.3753050531123068,-0.32214758740941074,0.006637261672022809
6911.299805,0.48012889482770527,-0.07439317721464578,0.5391920913396028,-0.9146354405823599,0.196430489317058,0.408670113018103,-0.40224742418821935,0.03816470684351607
6916.299805,0.7748875571719416,-0.29753845001112644,0.7863275946500388,-0.9799775479998691,0.01582293793762246,0.4420351729238991,-0.48234726096702785,0.06969215201500933
6921.299805,0.7748875571719416,-0.29753845001112644,0.7863275946500388,-0.9799775479998691,0.01582293793762246,0.4420351729238991,-0.48234726096702785,0.06969215201500933
6926.299805,0.7748875571719416,-0.29753845001112644,0.7863275946500388,-0.9799775479998691,0.01582293793762246,0.4420351729238991,-0.48234726096702785,0.06969215201500933
6931.299805,0.7748875571719416,-0.29753845001112644,0.7863275946500388,-0.9799775479998691,0.01582293793762246,0.4420351729238991,-0.48234726096702785,0.06969215201500933
6936.299805,0.7748875571719416,-0.29753845001112644,0.7863275946500388,-0.9799775479998691,0.01582293793762246,0.4420351729238991,-0.48234726096702785,0.06969215201500933
6941.299805,0.6187412075127459,-0.13979965522403073,0.7224550062240173,-0.85337635795566,-0.008901606494501424,0.35856240172459763,-0.40856779049125597,-0.1349362507795417
6946.299805,0.46259485785355003,0.017939139563064987,0.6585824177979959,-0.7267751679114509,-0.03362615092662531,0.2750896305252961,-0.334788320015484,-0.3395646535740927
6951.299805,0.3064485081943543,0.1756779343501607,0.5947098293719744,-0.6001739778672419,-0.05835069535874919,0.1916168593259946,-0.26100884953971204,-0.5441930563686437
6956.299805,0.15030215853515855,0.3334167291372564,0.530837240945953,-0.473572787823033,-0.08307523979087308,0.10814408812669307,-0.1872293790639401,-0.7488214591631948
6961.299805,-0.0058441911240372235,0.4911555239243521,0.4669646525199315,-0.3469715977788239,-0.10779978422299696,0.02467131692739155,-0.11344990858816817,-0.9534498619577458
6966.299805,-0.0058441911240372235,0.4911555239243521,0.4669646525199315,-0.3469715977788239,-0.10779978422299696,0.02467131692739155,-0.11344990858816817,-0.9534498619577458
6971.299805,-0.0058441911240372235,0.4911555239243521,0.4669646525199315,-0.3469715977788239,-0.10779978422299696,0.02467131692739155,-0.11344990858816817,-0.9534498619577458
6976.299805,0.18817693433182986,0.4689789711132179,0.41078002867520114,-0.2685324315555829,-0.20041265420593063,-0.10426964384758963,0.05122027763216015,-0.8736850043012344
6981.299805,0.38219805978769694,0.4468024183020837,0.35459540483047064,-0.1900932653323418,-0.2930255241888643,-0.23321060462257082,0.21589046385248847,-0.793920146644723
6986.299805,0.576219185243564,0.4246258654909495,0.2984107809857402,-0.11165409910910076,-0.3856383941717979,-0.362151565397552,0.3805606500728168,-0.7141552889882116
6991.299805,0.7702403106994311,0.4024493126798152,0.24222615714100973,-0.03321493288585971,-0.4782512641547315,-0.4910925261725332,0.5452308362931451,-0.6343904313317001
6996.299805,0.9642614361552981,0.38027275986868103,0.18604153329627926,0.04522423333738135,-0.5708641341376652,-0.6200334869475144,0.7099010225134734,-0.5546255736751886
7001.299805,0.8923179932411497,0.40353959921080607,0.23591051968124507,0.07864329293999686,-0.5420833475776146,-0.467361919792647,0.42524821931403256,-0.5252364909022915
7006.299805,0.8203745503270014,0.42680643855293104,0.2857795060662109,0.11206235254261236,-0.513302561017564,-0.31469035263777967,0.14059541611459184,-0.4958474081293945
7011.299805,0.748431107412853,0.450073277895056,0.3356484924511767,0.14548141214522786,-0.4845217744575134,-0.16201878548291235,-0.14405738708484903,-0.4664583253564974
7016.299805,0.6764876644987046,0.47334011723718106,0.3855174788361425,0.17890047174784338,-0.4557409878974627,-0.009347218328045016,-0.4287101902842899,-0.4370692425836003
7021.299805,0.6045442215845562,0.49660695657930615,0.4353864652211083,0.2123195313504589,-0.426960201337412,0.14332434882682232,-0.7133629934837307,-0.4076801598107032
7026.299805,0.6045442215845562,0.49660695657930615,0.4353864652211083,0.2123195313504589,-0.426960201337412,0.14332434882682232,-0.7133629934837307,-0.4076801598107032
7031.299805,0.6045442215845562,0.49660695657930615,0.4353864652211083,0.2123195313504589,-0.426960201337412,0.14332434882682232,-0.7133629934837307,-0.4076801598107032
7036.299805,0.6045442215845562,0.49660695657930615,0.4353864652211083,0.2123195313504589,-0.426960201337412,0.14332434882682232,-0.7133629934837307,-0.4076801598107032
7041.299805,0.36403874897161176,0.2336655639989748,0.3797080188901917,0.33763293513321335,-0.4655842625203895,0.19127154859211992,-0.7561079932207205,-0.42179992580989156
7046.299805,0.12353327635866726,-0.029275828581356446,0.32402957255927506,0.4629463389159678,-0.5042083237033669,0.23921874835741752,-0.7988529929577103,-0.43591969180907986
7051.299805,-0.11697219625427721,-0.2922172211616877,0.2683511262283584,0.5882597426987223,-0.5428323848863442,0.2871659481227151,-0.8415979926947001,-0.4500394578082682
7056.299805,-0.3574776688672217,-0.5551586137420189,0.21267267989744174,0.7135731464814767,-0.5814564460693217,0.3351131478880127,-0.8843429924316899,-0.46415922380745656
7061.299805,-0.5979831414801662,-0.8181000063223502,0.1569942335665251,0.8388865502642313,-0.620080507252299,0.3830603476533103,-0.9270879921686797,-0.4782789898066449
7066.299805,-0.5979831414801662,-0.8181000063223502,0.1569942335665251,0.8388865502642313,-0.620080507252299,0.3830603476533103,-0.9270879921686797,-0.4782789898066449
7071.299805,-0.5979831414801662,-0.8181000063223502,0.1569942335665251,0.8388865502642313,-0.620080507252299,0.3830603476533103,-0.9270879921686797,-0.4782789898066449
7076.299805,-0.5979831414801662,-0.8181000063223502,0.1569942335665251,0.8388865502642313,-0.620080507252299,0.3830603476533103,-0.9270879921686797,-0.4782789898066449
7081.299805,-0.5979831414801662,-0.8181000063223502,0.1569942335665251,0.8388865502642313,-0.620080507252299,0.3830603476533103,-0.9270879921686797,-0.4782789898066449
7086.299805,-0.5979831414801662,-0.8181000063223502,0.1569942335665251,0.8388865502642313,-0.620080507252299,0.3830603476533103,-0.9270879921686797,-0.4782789898066449
7091.299805,-0.28303420995188877,-0.7713636806642634,0.1015289984768506,0.8580019227577701,-0.3359004340648156,0.39759108474729976,-0.7477670554896145,-0.5825041458256599
7096.299805,0.03191472157638864,-0.7246273550061766,0.046063763387176104,0.8771172952513089,-0.051720360877332186,0.4121218218412892,-0.5684461188105494,-0.686729301844675
7101.299805,0.34686365310466605,-0.6778910293480896,-0.009401471702498387,0.8962326677448477,0.23245971231015122,0.42665255893527865,-0.3891251821314844,-0.79095445786369
7106.299805,0.6618125846329435,-0.6311547036900028,-0.06486670679217288,0.9153480402383863,0.5166397854976347,0.44118329602926815,-0.20980424545241932,-0.8951796138827051
7111.299805,0.6764765669703956,-0.5276837403406484,-0.2520364605997314,0.6883334256421183,0.45560889384682,0.37632548106140123,-0.09161698073879379,-0.9387548891483372
7116.299805,0.3761916177795703,-0.47094910264938095,-0.3837409793176154,0.44220343855231137,0.11039792900852197,0.2969369289995448,-0.15275065270423333,-0.8781050083949541
7121.299805,0.07590666858874506,-0.41421446495811354,-0.5154454980354994,0.19607345146250452,-0.23481303582977603,0.2175483769376884,-0.21388432466967283,-0.8174551276415712
7126.299805,-0.2243782806020802,-0.3574798272668461,-0.6471500167533835,-0.05005653562730235,-0.580024000668074,0.13815982487583195,-0.2750179966351124,-0.7568052468881883
7131.299805,-0.5246632297929055,-0.3007451895755786,-0.7788545354712675,-0.2961865227171092,-0.9252349655063721,0.05877127281397554,-0.3361516686005519,-0.6961553661348054
7136.299805,-0.5246632297929055,-0.3007451895755786,-0.7788545354712675,-0.2961865227171092,-0.9252349655063721,0.05877127281397554,-0.3361516686005519,-0.6961553661348054
7141.299805,-0.5246632297929055,-0.3007451895755786,-0.7788545354712675,-0.2961865227171092,-0.9252349655063721,0.05877127281397554,-0.3361516686005519,-0.6961553661348054
7146.299805,-0.5246632297929055,-0.3007451895755786,-0.7788545354712675,-0.2961865227171092,-0.9252349655063721,0.05877127281397554,-0.3361516686005519,-0.6961553661348054
7151.299805,-0.5246632297929055,-0.3007451895755786,-0.7788545354712675,-0.2961865227171092,-0.9252349655063721,0.05877127281397554,-0.3361516686005519,-0.6961553661348054
7156.299805,-0.5246632297929055,-0.3007451895755786,-0.7788545354712675,-0.2961865227171092,-0.9252349655063721,0.05877127281397554,-0.3361516686005519,-0.6961553661348054
7161.299805,-0.31795308333628614,-0.21457468112992123,-0.6452771283732004,-0.06557101348031158,-0.7215559123864489,0.030014524301152968,-0.1633006329995824,-0.3901041071700691
7166.299805,-0.11124293687966676,-0.12840417268426382,-0.5116997212751334,0.16504449575648605,-0.5178768592665257,0.0012577757883303954,0.00955040260138711,-0.08405284820533279
7171.299805,0.09546720957695261,-0.04223366423860644,-0.3781223141770663,0.3956600049932837,-0.3141978061466025,-0.027498972724492178,0.1824014382023566,0.2219984107594036
7176.299805,0.302177356033572,0.04393684420705095,-0.24454490707899929,0.6262755142300813,-0.11051875302667927,-0.056255721237314746,0.35525247380332614,0.52804966972414
7181.299805,0.5088875024901913,0.13010735265270834,-0.11096749998093225,0.856891023466879,0.09316030009324394,-0.08501246975013732,0.5281035094042956,0.8341009286888763
7186.299805,0.5088875024901913,0.13010735265270834,-0.11096749998093225,0.856891023466879,0.09316030009324394,-0.08501246975013732,0.5281035094042956,0.8341009286888763
7191.299805,0.5088875024901913,0.13010735265270834,-0.11096749998093225,0.856891023466879,0.09316030009324394,-0.08501246975013732,0.5281035094042956,0.8341009286888763
7196.299805,0.5088875024901913,0.13010735265270834,-0.11096749998093225,0.856891023466879,0.09316030009324394,-0.08501246975013732,0.5281035094042956,0.8341009286888763
7201.299805,0.5088875024901913,0.13010735265270834,-0.11096749998093225,0.856891023466879,0.09316030009324394,-0.08501246975013732,0.5281035094042956,0.8341009286888763
7206.299805,0.5088875024901913,0.13010735265270834,-0.11096749998093225,0.856891023466879,0.09316030009324394,-0.08501246975013732,0.5281035094042956,0.8341009286888763
7211.299805,0.34415351581774856,0.291661746610921,-0.14842822599027922,0.8696221232100555,0.23648265085658476,-0.18732896796757612,0.3309149881123013,0.7086286594433115
7216.299805,0.17941952914530573,0.4532161405691337,-0.18588895199962616,0.882353222953232,0.3798050016199256,-0.2896454661850149,0.13372646682030695,0.5831563901977468
7221.299805,0.014685542472862956,0.6147705345273463,-0.22334967800897312,0.8950843226964087,0.5231273523832665,-0.39196196440245373,-0.06346205447168737,0.4576841209521822
7226.299805,-0.15004844419957983,0.776324928485559,-0.26081040401832006,0.9078154224395852,0.6664497031466071,-0.4942784626198925,-0.2606505757636817,0.33221185170661743
7231.299805,-0.3147824308720226,0.9378793224437716,-0.29827113002766703,0.920546522182762,0.809772053909948,-0.5965949608373313,-0.4578390970556761,0.20673958246105273
7236.299805,-0.3147824308720226,0.9378793224437716,-0.29827113002766703,0.920546522182762,0.809772053909948,-0.5965949608373313,-0.4578390970556761,0.20673958246105273
7241.299805,-0.3147824308720226,0.9378793224437716,-0.29827113002766703,0.920546522182762,0.809772053909948,-0.5965949608373313,-0.4578390970556761,0.20673958246105273
7246.299805,-0.3147824308720226,0.9378793224437716,-0.29827113002766703,0.920546522182762,0.809772053909948,-0.5965949608373313,-0.4578390970556761,0.20673958246105273
7251.299805,-0.3147824308720226,0.9378793224437716,-0.29827113002766703,0.920546522182762,0.809772053909948,-0.5965949608373313,-0.4578390970556761,0.20673958246105273
7256.299805,-0.15424132885692116,0.6991242647115742,-0.20481280608100336,0.6652451073170762,0.6173790611893113,-0.6431944321432672,-0.4182050484332813,0.3439195453676449
7261.299805,0.006299773158180333,0.4603692069793768,-0.1113544821343397,0.40994369245139045,0.42498606846867465,-0.689793903449203,-0.3785709998108866,0.48109950827423714
7266.299805,0.1668408751732818,0.22161414924717943,-0.017896158187676026,0.1546422775857046,0.23259307574803803,-0.7363933747551389,-0.3389369511884919,0.6182794711808293
7271.299805,0.3273819771883833,-0.017140908485017946,0.07556216575898764,-0.10065913727998121,0.04020008302740137,-0.7829928460610749,-0.29930290256609715,0.7554594340874214
7276.299805,0.4879230792034848,-0.25589596621721533,0.1690204897056513,-0.355960552145667,-0.1521929096932353,-0.8295923173670106,-0.2596688539437024,0.8926393969940136
7281.299805,0.4879230792034848,-0.25589596621721533,0.1690204897056513,-0.355960552145667,-0.1521929096932353,-0.8295923173670106,-0.2596688539437024,0.8926393969940136
7286.299805,0.4879230792034848,-0.25589596621721533,0.1690204897056513,-0.355960552145667,-0.1521929096932353,-0.8295923173670106,-0.2596688539437024,0.8926393969940136
7291.299805,0.5766543458595514,-0.32762008812770743,0.010256599531034727,-0.2759278011544467,-0.013515287614455617,-0.5407074191352713,-0.061635351485412035,0.8721219435697701
7296.299805,0.6653856125156182,-0.39934421003819953,-0.14850729064358187,-0.19589505016322645,0.12516233446432407,-0.2518225209035319,0.13639815097287836,0.8516044901455266
7301.299805,0.7541168791716849,-0.47106833194869163,-0.30727118081819843,-0.11586229917200615,0.2638399565431037,0.037062377328207365,0.33443165343116876,0.8310870367212833
7306.299805,0.6836539410275208,-0.3589859340698768,-0.1613040325979624,-0.007948840918266597,0.21343668945643568,0.3477865172276479,0.362515825327777,0.7400016639080477
7311.299805,0.6131910028833566,-0.24690353619106192,-0.015336884377726356,0.09996461733547295,0.16303342236976764,0.6585106571270885,0.39059999722438526,0.6489162910948123
7316.299805,0.4539967980831257,-0.06309701640175498,0.28939415401712626,0.1278453245979922,-0.026047466795680086,0.6803498987947897,0.22065066666270305,0.5783483717058204
7321.299805,0.2948025932828949,0.12070950338755196,0.594125192411979,0.15572603186051145,-0.2151283559611278,0.7021891404624909,0.0507013361010209,0.5077804523168286
7326.299805,0.135608388482664,0.3045160231768589,0.8988562308068315,0.18360673912303072,-0.4042092451265756,0.7240283821301923,-0.11924799446066126,0.4372125329278367
7331.299805,0.3022209611443812,0.1399626158652934,0.6797381215590016,0.10260708518370328,-0.4976440644195426,0.5158468682113165,-0.20191318452050733,0.28880763027388334
7336.299805,0.4688335338060984,-0.024590791446272096,0.46062001231117156,0.02160743124437583,-0.5910788837125098,0.3076653542924407,-0.2845783745803534,0.14040272761993
7341.299805,0.6354461064678155,-0.18914419875783758,0.24150190306334168,-0.05939222269495161,-0.6845137030054769,0.09948384037356486,-0.36724356464019947,-0.00800217503402334
7346.299805,0.8020586791295325,-0.3536976060694031,0.02238379381551172,-0.14039187663427904,-0.7779485222984439,-0.10869767354531094,-0.4499087547000455,-0.15640707768797668
7351.299805,0.9686712517912499,-0.5182510133809686,-0.19673431543231823,-0.2213915305736065,-0.8713833415914112,-0.31687918746418675,-0.5325739447598916,-0.30481198034193
7356.299805,0.9686712517912499,-0.5182510133809686,-0.19673431543231823,-0.2213915305736065,-0.8713833415914112,-0.31687918746418675,-0.5325739447598916,-0.30481198034193
7361.299805,0.9686712517912499,-0.5182510133809686,-0.19673431543231823,-0.2213915305736065,-0.8713833415914112,-0.31687918746418675,-0.5325739447598916,-0.30481198034193
7366.299805,0.9686712517912499,-0.5182510133809686,-0.19673431543231823,-0.2213915305736065,-0.8713833415914112,-0.31687918746418675,-0.5325739447598916,-0.30481198034193
7371.299805,0.9686712517912499,-0.5182510133809686,-0.19673431543231823,-0.2213915305736065,-0.8713833415914112,-0.31687918746418675,-0.5325739447598916,-0.30481198034193
7376.299805,0.9035573607926581,-0.379991045008946,-0.3526308777915917,-0.10920600351270386,-0.8764187136601436,-0.12231176219750602,-0.2586505543841638,-0.2627157256548079
7381.299805,0.8384434697940664,-0.24173107663692334,-0.5085274401508652,0.00297952354819877,-0.8814540857288758,0.07225566306917472,0.01527283599156406,-0.22061947096768572
7386.299805,0.7733295787954747,-0.10347110826490073,-0.6644240025101386,0.1151650506091014,-0.8864894577976081,0.26682308833585544,0.2891962263672919,-0.17852321628056358
7391.299805,0.7082156877968829,0.03478886010712188,-0.820320564869412,0.22735057767000405,-0.8915248298663403,0.46139051360253625,0.5631196167430197,-0.13642696159344142
7396.299805,0.6431017967982913,0.1730488284791445,-0.9762171272286855,0.3395361047309067,-0.8965602019350726,0.6559579388692169,0.8370430071187476,-0.09433070690631928
7401.299805,0.6431017967982913,0.1730488284791445,-0.9762171272286855,0.3395361047309067,-0.8965602019350726,0.6559579388692169,0.8370430071187476,-0.09433070690631928
7406.299805,0.6431017967982913,0.1730488284791445,-0.9762171272286855,0.3395361047309067,-0.8965602019350726,0.6559579388692169,0.8370430071187476,-0.09433070690631928
7411.299805,0.6431017967982913,0.1730488284791445,-0.9762171272286855,0.3395361047309067,-0.8965602019350726,0.6559579388692169,0.8370430071187476,-0.09433070690631928
7416.299805,0.6431017967982913,0.1730488284791445,-0.9762171272286855,0.3395361047309067,-0.8965602019350726,0.6559579388692169,0.8370430071187476,-0.09433070690631928
7421.299805,0.6431017967982913,0.1730488284791445,-0.9762171272286855,0.3395361047309067,-0.8965602019350726,0.6559579388692169,0.8370430071187476,-0.09433070690631928
7426.299805,0.4917256448554851,0.004939933279081021,-0.5838562313425469,0.272340254970923,-0.5283277284314756,0.4820613875901298,0.471872314127695,0.048946068889874
7431.299805,0.34034949291267896,-0.16316896192098246,-0.19149533545640834,0.20514440521093938,-0.16009525492787846,0.30816483631104274,0.10670162113664236,0.1922228446860673
7436.299805,0.18897334096987278,-0.3312778571210459,0.2008655604297302,0.13794855545095572,0.20813721857571865,0.13426828503195565,-0.25846907185441015,0.33549962048226056
7441.299805,0.03759718902706664,-0.4993867523211094,0.5932264563158688,0.07075270569097207,0.5763696920793158,-0.03962826624713145,-0.6236397648454627,0.4787763962784538
7446.299805,-0.11377896291573952,-0.6674956475211729,0.9855873522020072,0.003556855930988423,0.9446021655829128,-0.21352481752621855,-0.9888104578365153,0.6220531720746472
7451.299805,-0.11377896291573952,-0.6674956475211729,0.9855873522020072,0.003556855930988423,0.9446021655829128,-0.21352481752621855,-0.9888104578365153,0.6220531720746472
7456.299805,-0.11377896291573952,-0.6674956475211729,0.9855873522020072,0.003556855930988423,0.9446021655829128,-0.21352481752621855,-0.9888104578365153,0.6220531720746472
7461.299805,-0.11377896291573952,-0.6674956475211729,0.9855873522020072,0.003556855930988423,0.9446021655829128,-0.21352481752621855,-0.9888104578365153,0.6220531720746472
7466.299805,-0.11377896291573952,-0.6674956475211729,0.9855873522020072,0.003556855930988423,0.9446021655829128,-0.21352481752621855,-0.9888104578365153,0.6220531720746472
7471.299805,0.031436157895263016,-0.6606568734598246,0.6772394755001546,0.10452832478814197,0.923009762566193,-0.11911780065870134,-0.8666822425441305,0.5872811499306453
7476.299805,0.17665127870626557,-0.6538180993984766,0.36889159879830175,0.20549979364529553,0.9014173595494732,-0.024710783791184143,-0.7445540272517457,0.5525091277866434
7481.299805,0.3218663995172681,-0.6469793253371284,0.060543722096449,0.3064712625024491,0.8798249565327533,0.06969623307633306,-0.6224258119593609,0.5177371056426413
7486.299805,0.46708152032827066,-0.6401405512757801,-0.24780415460540378,0.40744273135960263,0.8582325535160333,0.16410324994385025,-0.500297596666976,0.48296508349863937
7491.299805,0.5728335046558822,-0.5732035029899402,-0.5972573263162185,0.27104799208604946,0.48336938336275254,0.202618449683971,-0.4776965716353544,0.5234879877413054
7496.299805,0.5333703681724911,-0.5131052287654482,-0.6383626213251804,0.03368178395534267,0.1300986162261916,0.14672663255657453,-0.5772237618961176,0.5987829141279735
7501.299805,0.49390723168910017,-0.4530069545409564,-0.6794679163341424,-0.2036844241753641,-0.22317215091036938,0.09083481542917808,-0.6767509521568806,0.6740778405146415
7506.299805,0.45444409520570905,-0.3929086803164644,-0.7205732113431044,-0.4410506323060709,-0.5764429180469304,0.03494299830178162,-0.7762781424176438,0.7493727669013095
7511.299805,0.41498095872231816,-0.33281040609197254,-0.7616785063520664,-0.6784168404367776,-0.9297136851834914,-0.020948818825614834,-0.875805332678407,0.8246676932879776
7516.299805,0.41498095872231816,-0.33281040609197254,-0.7616785063520664,-0.6784168404367776,-0.9297136851834914,-0.020948818825614834,-0.875805332678407,0.8246676932879776
7521.299805,0.41498095872231816,-0.33281040609197254,-0.7616785063520664,-0.6784168404367776,-0.9297136851834914,-0.020948818825614834,-0.875805332678407,0.8246676932879776
7526.299805,0.41498095872231816,-0.33281040609197254,-0.7616785063520664,-0.6784168404367776,-0.9297136851834914,-0.020948818825614834,-0.875805332678407,0.8246676932879776
7531.299805,0.41498095872231816,-0.33281040609197254,-0.7616785063520664,-0.6784168404367776,-0.9297136851834914,-0.020948818825614834,-0.875805332678407,0.8246676932879776
7536.299805,0.2649418242599631,-0.2795917397591813,-0.7850070773718227,-0.7075562279000781,-0.8778537372679868,-0.1335729503768191,-0.5696940391724749,0.8229052417320893
7541.299805,0.11490268979760807,-0.22637307342639007,-0.8083356483915791,-0.7366956153633787,-0.8259937893524825,-0.24619708192802334,-0.2635827456665427,0.8211427901762015
7546.299805,-0.03513644466474695,-0.1731544070935988,-0.8316642194113356,-0.7658350028266792,-0.7741338414369779,-0.3588212134792276,0.04252854783938935,0.8193803386203132
7551.299805,-0.18517557912710197,-0.11993574076080757,-0.854992790431092,-0.7949743902899795,-0.7222738935214734,-0.4714453450304319,0.34863984134532144,0.8176178870644254
7556.299805,-0.4020600255002892,-0.12068013269275432,-0.8448196600398721,-0.6783018604412188,-0.3582034604497647,-0.3489836837638597,0.5755790071312996,0.6437632982593049
7561.299805,-0.46890533741112134,-0.1746431909574923,-0.8113179586288958,-0.5324899431291575,-0.04599297529356043,-0.11389789094608323,0.49640687941134576,0.47167116101007267
7566.299805,-0.5357506493219535,-0.22860624922223033,-0.7778162572179196,-0.3866780258170962,0.26621750986264386,0.12118790187169322,0.4172347516913918,0.29957902376084034
7571.299805,-0.6025959612327857,-0.2825693074869683,-0.7443145558069434,-0.24086610850503493,0.5784279950188482,0.3562736946894697,0.3380626239714379,0.12748688651160806
7576.299805,-0.6694412731436179,-0.3365323657517063,-0.7108128543959671,-0.09505419119297365,0.8906384801750524,0.5913594875072461,0.25889049625148397,-0.044605250737624225
7581.299805,-0.6694412731436179,-0.3365323657517063,-0.7108128543959671,-0.09505419119297365,0.8906384801750524,0.5913594875072461,0.25889049625148397,-0.044605250737624225
7586.299805,-0.6694412731436179,-0.3365323657517063,-0.7108128543959671,-0.09505419119297365,0.8906384801750524,0.5913594875072461,0.25889049625148397,-0.044605250737624225
7591.299805,-0.6694412731436179,-0.3365323657517063,-0.7108128543959671,-0.09505419119297365,0.8906384801750524,0.5913594875072461,0.25889049625148397,-0.044605250737624225
7596.299805,-0.6694412731436179,-0.3365323657517063,-0.7108128543959671,-0.09505419119297365,0.8906384801750524,0.5913594875072461,0.25889049625148397,-0.044605250737624225
7601.299805,-0.44411886797542827,-0.4222614410401091,-0.5441046388487221,-0.10283112970714661,0.5860635137593968,0.523434192983952,0.15719241192837158,-0.04390614489962723
7606.299805,-0.2187964628072386,-0.507990516328512,-0.37739642330147716,-0.11060806822131956,0.28148854734374124,0.4555088984606579,0.05549432760525921,-0.04320703906163024
7611.299805,0.006525942360951031,-0.5937195916169149,-0.21068820775423217,-0.11838500673549253,-0.02308641907191431,0.38758360393736385,-0.04620375671785317,-0.04250793322363324
7616.299805,0.23184834752914069,-0.6794486669053177,-0.04397999220698719,-0.12616194524966548,-0.3276613854875699,0.3196583094140698,-0.14790184104096554,-0.04180882738563625
7621.299805,0.4571707526973303,-0.7651777421937205,0.12272822334025779,-0.13393888376383845,-0.6322363519032255,0.2517330148907757,-0.24959992536407793,-0.041109721547639255
7626.299805,0.4571707526973303,-0.7651777421937205,0.12272822334025779,-0.13393888376383845,-0.6322363519032255,0.2517330148907757,-0.24959992536407793,-0.041109721547639255
7631.299805,0.4571707526973303,-0.7651777421937205,0.12272822334025779,-0.13393888376383845,-0.6322363519032255,0.2517330148907757,-0.24959992536407793,-0.041109721547639255
7636.299805,0.20977237569331394,-0.6201165044949178,0.24378111285661844,-0.2863954542474622,-0.5122318973531352,0.3311337963039048,-0.11000297402391453,-0.1228252665139046
7641.299805,-0.037626001310702414,-0.4750552667961152,0.3648340023729791,-0.438852024731086,-0.392227442803045,0.41053457771703383,0.02959397731624889,-0.20454081148016995
7646.299805,-0.2850243783147188,-0.3299940290973126,0.4858868918893397,-0.5913085952147098,-0.27222298825295477,0.48993535913016295,0.1691909286564123,-0.28625635644643527
7651.299805,-0.5324227553187352,-0.18493279139851002,0.6069397814057004,-0.7437651656983335,-0.15221853370286453,0.5693361405432921,0.3087878799965757,-0.36797190141270064
7656.299805,-0.7798211323227515,-0.03987155369970741,0.727992670922061,-0.8962217361819572,-0.0322140791527743,0.6487369219564212,0.44838483133673906,-0.4496874463789659
7661.299805,-0.7798211323227515,-0.03987155369970741,0.727992670922061,-0.8962217361819572,-0.0322140791527743,0.6487369219564212,0.44838483133673906,-0.4496874463789659
7666.299805,-0.7798211323227515,-0.03987155369970741,0.727992670922061,-0.8962217361819572,-0.0322140791527743,0.6487369219564212,0.44838483133673906,-0.4496874463789659
7671.299805,-0.7798211323227515,-0.03987155369970741,0.727992670922061,-0.8962217361819572,-0.0322140791527743,0.6487369219564212,0.44838483133673906,-0.4496874463789659
7676.299805,-0.7798211323227515,-0.03987155369970741,0.727992670922061,-0.8962217361819572,-0.0322140791527743,0.6487369219564212,0.44838483133673906,-0.4496874463789659
7681.299805,-0.7798211323227515,-0.03987155369970741,0.727992670922061,-0.8962217361819572,-0.0322140791527743,0.6487369219564212,0.44838483133673906,-0.4496874463789659
7686.299805,-0.6277048555322406,-0.03397068843664108,0.7161829166658171,-0.8701087952572653,-0.12856316186290767,0.5949313991877713,0.2987514948038363,-0.24215805630515072
7691.299805,-0.4755885787417298,-0.02806982317357476,0.7043731624095734,-0.8439958543325732,-0.22491224457304107,0.5411258764191214,0.14911815827093347,-0.034628666231335495
7696.299805,-0.3234723019512189,-0.022168957910508436,0.6925634081533295,-0.8178829134078812,-0.32126132728317447,0.4873203536504714,-0.0005151782619693624,0.17290072384247973
7701.299805,-0.17135602516070803,-0.01626809264744211,0.6807536538970858,-0.7917699724831891,-0.41761040999330784,0.4335148308818214,-0.15014851479487218,0.380430113916295
7706.299805,0.03496020538166187,-0.08895098001979385,0.6454169725179053,-0.8093022397297178,-0.5779007925282545,0.2082158236885613,-0.3614950204139335,0.5855998862942774
7711.299805,0.08916015913352089,-0.1675347326552119,0.6218900453949688,-0.8529474479009386,-0.6418420923530679,0.03672233926395112,-0.42320818950009204,0.5832402685984446
7716.299805,0.14336011288537992,-0.24611848529062996,0.5983631182720324,-0.8965926560721595,-0.7057833921778813,-0.13477114516065908,-0.4849213585862505,0.5808806509026117
7721.299805,0.19756006663723893,-0.324702237926048,0.5748361911490957,-0.9402378642433803,-0.7697246920026947,-0.30626462958526923,-0.5466345276724089,0.5785210332067788
7726.299805,0.25176002038909795,-0.4032859905614661,0.5513092640261592,-0.9838830724146013,-0.833665991827508,-0.47775811400987944,-0.6083476967585675,0.576161415510946
7731.299805,0.25176002038909795,-0.4032859905614661,0.5513092640261592,-0.9838830724146013,-0.833665991827508,-0.47775811400987944,-0.6083476967585675,0.576161415510946
7736.299805,0.21805549097867655,-0.3830161434766849,0.3512226720315343,-0.6848447595511891,-0.589169802101458,-0.47473858339960184,-0.5998686237012419,0.570422134485414
7741.299805,0.18435096156825512,-0.36274629639190376,0.1511360800369094,-0.3858064466877769,-0.34467361237540806,-0.47171905278932436,-0.5913895506439164,0.5646828534598821
7746.299805,0.15064643215783372,-0.34247644930712257,-0.04895051195771551,-0.08676813382436466,-0.10017742264935818,-0.4686995221790468,-0.5829104775865911,0.5589435724343502
7751.299805,0.1169419027474123,-0.32220660222234143,-0.2490371039523404,0.21227017903904755,0.14431876707669175,-0.4656799915687692,-0.5744314045292656,0.5532042914088182
7756.299805,0.08323737333699088,-0.30193675513756024,-0.4491236959469653,0.5113084919024597,0.3888149568027417,-0.4626604609584916,-0.5659523314719401,0.5474650103832863
7761.299805,0.08323737333699088,-0.30193675513756024,-0.4491236959469653,0.5113084919024597,0.3888149568027417,-0.4626604609584916,-0.5659523314719401,0.5474650103832863
7766.299805,0.08323737333699088,-0.30193675513756024,-0.4491236959469653,0.5113084919024597,0.3888149568027417,-0.4626604609584916,-0.5659523314719401,0.5474650103832863
7771.299805,0.08323737333699088,-0.30193675513756024,-0.4491236959469653,0.5113084919024597,0.3888149568027417,-0.4626604609584916,-0.5659523314719401,0.5474650103832863
7776.299805,0.19824583662429948,-0.1492228095349856,-0.2272209022113167,0.49251934765969185,0.49181531496540315,-0.18233550854230227,-0.3843860721956204,0.39177153217074473
7781.299805,0.3132542999116081,0.0034911360675890625,-0.005318108475668071,0.47373020341692396,0.5948156731280646,0.09798944387388712,-0.20281981291930068,0.2360780539582031
7786.299805,0.42826276319891665,0.15620508167016373,0.21658468525998056,0.45494105917415606,0.6978160312907261,0.3783143962900765,-0.021253553642980937,0.08038457574566152
7791.299805,0.5432712264862254,0.30891902727273834,0.43848747899562923,0.43615191493138816,0.8008163894533876,0.658639348706266,0.1603127056333388,-0.07530890246688009
7796.299805,0.6582796897735339,0.461632972875313,0.6603902727312778,0.41736277068862027,0.903816747616049,0.9389643011224553,0.3418789649096585,-0.2310023806794217
7801.299805,0.6582796897735339,0.461632972875313,0.6603902727312778,0.41736277068862027,0.903816747616049,0.9389643011224553,0.3418789649096585,-0.2310023806794217
7806.299805,0.6582796897735339,0.461632972875313,0.6603902727312778,0.41736277068862027,0.903816747616049,0.9389643011224553,0.3418789649096585,-0.2310023806794217
7811.299805,0.6582796897735339,0.461632972875313,0.6603902727312778,0.41736277068862027,0.903816747616049,0.9389643011224553,0.3418789649096585,-0.2310023806794217
7816.299805,0.6582796897735339,0.461632972875313,0.6603902727312778,0.41736277068862027,0.903816747616049,0.9389643011224553,0.3418789649096585,-0.2310023806794217
7821.299805,0.5351631545148461,0.25691074457129126,0.4629000756888436,0.3764778561539286,0.5482357967682205,0.806170817581009,0.22451055956498092,-0.03483897800152129
7826.299805,0.41204661925615815,0.0521885162672695,0.26540987864640947,0.3355929416192369,0.19265484592039198,0.6733773340395626,0.1071421542203033,0.1613244246763791
7831.299805,0.28893008399747033,-0.15253371203675226,0.06791968160397528,0.29470802708454524,-0.16292610492743656,0.5405838504981162,-0.010226251124374298,0.35748782735427953
7836.299805,0.16581354873878246,-0.357255940340774,-0.1295705154384589,0.25382311254985357,-0.5185070557752651,0.40779036695666965,-0.1275946564690519,0.55365123003218
7841.299805,0.04269701348009458,-0.5619781686447958,-0.3270607124808931,0.2129381980151619,-0.8740880066230936,0.2749968834152232,-0.2449630618137295,0.7498146327100803
7846.299805,0.04269701348009458,-0.5619781686447958,-0.3270607124808931,0.2129381980151619,-0.8740880066230936,0.2749968834152232,-0.2449630618137295,0.7498146327100803
7851.299805,0.04269701348009458,-0.5619781686447958,-0.3270607124808931,0.2129381980151619,-0.8740880066230936,0.2749968834152232,-0.2449630618137295,0.7498146327100803
7856.299805,0.04269701348009458,-0.5619781686447958,-0.3270607124808931,0.2129381980151619,-0.8740880066230936,0.2749968834152232,-0.2449630618137295,0.7498146327100803
7861.299805,0.04269701348009458,-0.5619781686447958,-0.3270607124808931,0.2129381980151619,-0.8740880066230936,0.2749968834152232,-0.2449630618137295,0.7498146327100803
7866.299805,-0.10939844700505112,-0.480847260686171,-0.13581375416189853,0.11130417669810928,-0.809302794841674,0.22568824544688929,-0.3330645405066726,0.43811107636678026
7871.299805,-0.26149390749019685,-0.3997163527275463,0.055433204157096,0.009670155381056667,-0.7445175830602542,0.17637960747855536,-0.4211660191996157,0.12640752002348013
7876.299805,-0.4135893679753425,-0.31858544476892153,0.24668016247609054,-0.09196386593599595,-0.6797323712788346,0.1270709695102214,-0.5092674978925589,-0.1852960363198199
7881.299805,-0.5656848284604882,-0.2374545368102968,0.43792712079508506,-0.19359788725304855,-0.6149471594974149,0.07776233154188747,-0.5973689765855019,-0.49699959266311994
7886.299805,-0.717780288945634,-0.15632362885167206,0.6291740791140796,-0.2952319085701012,-0.5501619477159951,0.02845369357355354,-0.685470455278445,-0.80870314900642
7891.299805,-0.717780288945634,-0.15632362885167206,0.6291740791140796,-0.2952319085701012,-0.5501619477159951,0.02845369357355354,-0.685470455278445,-0.80870314900642
7896.299805,-0.717780288945634,-0.15632362885167206,0.6291740791140796,-0.2952319085701012,-0.5501619477159951,0.02845369357355354,-0.685470455278445,-0.80870314900642
7901.299805,-0.717780288945634,-0.15632362885167206,0.6291740791140796,-0.2952319085701012,-0.5501619477159951,0.02845369357355354,-0.685470455278445,-0.80870314900642
7906.299805,-0.717780288945634,-0.15632362885167206,0.6291740791140796,-0.2952319085701012,-0.5501619477159951,0.02845369357355354,-0.685470455278445,-0.80870314900642
7911.299805,-0.5494369033078659,-0.14966587412551569,0.49047408608108,-0.38268853825021376,-0.3613372877106334,-0.0720358073639809,-0.7286843781362883,-0.7429337933910922
7916.299805,-0.38109351767009775,-0.1430081193993593,0.3517740930480803,-0.4701451679303264,-0.17251262770527162,-0.17252530830151533,-0.7718983009941317,-0.6771644377757644
7921.299805,-0.2127501320323296,-0.13635036467320294,0.2130741000150807,-0.557601797610439,0.01631203230009013,-0.27301480923904975,-0.8151122238519749,-0.6113950821604366
7926.299805,-0.04440674639456148,-0.12969260994704657,0.07437410698208105,-0.6450584272905516,0.2051366923054519,-0.3735043101765842,-0.8583261467098182,-0.545625726545109
7931.299805,0.12393663924320664,-0.1230348552208902,-0.0643258860509186,-0.7325150569706642,0.39396135231081364,-0.47399381111411865,-0.9015400695676614,-0.4798563709297811
7936.299805,0.12393663924320664,-0.1230348552208902,-0.0643258860509186,-0.7325150569706642,0.39396135231081364,-0.47399381111411865,-0.9015400695676614,-0.4798563709297811
7941.299805,0.12393663924320664,-0.1230348552208902,-0.0643258860509186,-0.7325150569706642,0.39396135231081364,-0.47399381111411865,-0.9015400695676614,-0.4798563709297811
7946.299805,0.27030137911904506,-0.14259170725427345,0.06989615427513293,-0.6330916599318097,0.4911921849526971,-0.47687294439980954,-0.6035171268122612,-0.22460100410835473
7951.299805,0.4166661189948835,-0.16214855928765673,0.20411819460118447,-0.5336682628929553,0.5884230175945806,-0.4797520776855004,-0.305494184056861,0.030654362713071714
7956.299805,0.5630308588707218,-0.18170541132103998,0.338340234927236,-0.43424486585410077,0.6856538502364641,-0.4826312109711912,-0.007471241301460952,0.28590972953449817
7961.299805,0.7093955987465602,-0.20126226335442327,0.47256227525328753,-0.3348214688152462,0.7828846828783476,-0.4855103442568821,0.2905517014539392,0.5411650963559247
7966.299805,0.8318200452973545,-0.34992886094151,0.5665211322095516,-0.05737311306514274,0.7433012428977623,-0.24430116013438793,0.4012484170530559,0.6470222207671458
7971.299805,0.8078797519723105,-0.4790386064952135,0.5262579488397641,0.12065184564610623,0.6064869702752935,-0.0002128427262028776,0.21392218989677247,0.49762397835694044
7976.299805,0.7839394586472664,-0.608148352048917,0.48599476546997655,0.2986768043573552,0.4696726976528246,0.24387547468198217,0.026595962740489032,0.34822573594673517
7981.299805,0.7599991653222222,-0.7372580976026205,0.445731582100189,0.4767017630686041,0.33285842503035573,0.4879637920901672,-0.1607302644157944,0.19882749353652987
7986.299805,0.7360588719971781,-0.866367843156324,0.4054683987304015,0.6547267217798531,0.19604415240788686,0.7320521094983523,-0.34805649157207785,0.04942925112632457
7991.299805,0.43701911141879635,-0.6486178460588521,0.1727105036809792,0.4134672091337476,0.07537252880786807,0.44334716321075157,-0.19913640262909654,0.05129244118808098
7996.299805,0.1379793508404145,-0.43086784896138025,-0.06004739136844313,0.17220769648764223,-0.04529909479215073,0.15464221692315086,-0.05021631368611521,0.053155631249837396
8001.299805,-0.16106040973796726,-0.21311785186390844,-0.29280528641786546,-0.06905181615846323,-0.16597071839216954,-0.13406272936444993,0.0987037752568661,0.055018821311593816
8006.299805,-0.46010017031634903,0.0046321452335634115,-0.5255631814672878,-0.3103113288045687,-0.2866423419921883,-0.42276767565205076,0.24762386419984744,0.05688201137335023
8011.299805,-0.7591399308947309,0.22238214233103526,-0.7583210765167101,-0.5515708414506741,-0.40731396559220717,-0.7114726219396514,0.39654395314282875,0.05874520143510664
8016.299805,-0.7591399308947309,0.22238214233103526,-0.7583210765167101,-0.5515708414506741,-0.40731396559220717,-0.7114726219396514,0.39654395314282875,0.05874520143510664
8021.299805,-0.7591399308947309,0.22238214233103526,-0.7583210765167101,-0.5515708414506741,-0.40731396559220717,-0.7114726219396514,0.39654395314282875,0.05874520143510664
8026.299805,-0.6999983854912039,0.2638768026781347,-0.6073874585626419,-0.3499152980758441,-0.25373402978788323,-0.690632545570289,0.4766864271726131,-0.02340960864766677
8031.299805,-0.6408568400876767,0.3053714630252341,-0.45645384060857364,-0.148259754701014,-0.10015409398355932,-0.6697924692009265,0.5568289012023975,-0.10556441873044017
8036.299805,-0.5817152946841496,0.34686612337233347,-0.30552022265450546,0.05339578867381607,0.053425841820764576,-0.6489523928315639,0.6369713752321818,-0.1877192288132136
8041.299805,-0.5225737492806226,0.3883607837194329,-0.15458660470043725,0.25505133204864616,0.20700577762508848,-0.6281123164622017,0.7171138492619662,-0.269874038895987
8046.299805,-0.46343220387709555,0.4298554440665323,-0.003652986746369047,0.45670687542347627,0.36058571342941237,-0.6072722400928392,0.7972563232917504,-0.3520288489787604
8051.299805,-0.46343220387709555,0.4298554440665323,-0.003652986746369047,0.45670687542347627,0.36058571342941237,-0.6072722400928392,0.7972563232917504,-0.3520288489787604
8056.299805,-0.46343220387709555,0.4298554440665323,-0.003652986746369047,0.45670687542347627,0.36058571342941237,-0.6072722400928392,0.7972563232917504,-0.3520288489787604
8061.299805,-0.46343220387709555,0.4298554440665323,-0.003652986746369047,0.45670687542347627,0.36058571342941237,-0.6072722400928392,0.7972563232917504,-0.3520288489787604
8066.299805,-0.46343220387709555,0.4298554440665323,-0.003652986746369047,0.45670687542347627,0.36058571342941237,-0.6072722400928392,0.7972563232917504,-0.3520288489787604
8071.299805,-0.46343220387709555,0.4298554440665323,-0.003652986746369047,0.45670687542347627,0.36058571342941237,-0.6072722400928392,0.7972563232917504,-0.3520288489787604
8076.299805,-0.4019483306351036,0.23577044746221437,0.12776141981464337,0.5141264493391475,0.3189681204026371,-0.6810828131611959,0.4963239535365013,-0.38345693340840964
8081.299805,-0.34046445739311165,0.041685450857896454,0.2591758263756558,0.5715460232548187,0.27735052737586186,-0.7548933862295527,0.19539158378125218,-0.41488501783805887
8086.299805,-0.27898058415111976,-0.15239954574642148,0.3905902329366682,0.62896559717049,0.2357329343490866,-0.8287039592979095,-0.10554078597399688,-0.44631310226770815
8091.299805,-0.03493406104420247,-0.3084843870094881,0.534032218896118,0.41012100835074844,0.15526775779466276,-0.7675285593569832,-0.08084935274801101,-0.41806039814796153
8096.299805,0.2091124620627148,-0.4645692282725548,0.6774742048555679,0.19127641953100677,0.0748025812402389,-0.7063531594160569,-0.05615791952202516,-0.389807694028215
8101.299805,0.39167511192764015,-0.42656907293130353,0.6895017842540051,-0.08498774320440612,0.03595499771259032,-0.5713671864067736,0.2694658834592098,-0.3301269054788193
8106.299805,0.4712140666972441,-0.279406671198986,0.7468026642977552,-0.28291489637742234,-0.05937876696789037,-0.4331974596707543,0.3201369309930547,-0.37825388307903
8111.299805,0.5507530214668479,-0.13224426946666848,0.8041035443415054,-0.4808420495504386,-0.15471253164837107,-0.2950277329347349,0.3708079785268995,-0.42638086067924075
8116.299805,0.44772932637152635,-0.023082023075602233,0.8493768449868181,-0.4025050399880419,-0.21119871280120317,-0.2918439792079987,0.09585522307950942,-0.5341886268288473
8121.299805,0.3447056312762048,0.08608022331546401,0.894650145632131,-0.32416803042564524,-0.2676848939540353,-0.2886602254812626,-0.17909753236788067,-0.6419963929784538
8126.299805,0.2416819361808833,0.19524246970653025,0.9399234462774435,-0.2458310208632486,-0.3241710751068674,-0.2854764717545264,-0.4540502878152708,-0.7498041591280604
8131.299805,0.2416819361808833,0.19524246970653025,0.9399234462774435,-0.2458310208632486,-0.3241710751068674,-0.2854764717545264,-0.4540502878152708,-0.7498041591280604
8136.299805,0.2416819361808833,0.19524246970653025,0.9399234462774435,-0.2458310208632486,-0.3241710751068674,-0.2854764717545264,-0.4540502878152708,-0.7498041591280604
8141.299805,0.2416819361808833,0.19524246970653025,0.9399234462774435,-0.2458310208632486,-0.3241710751068674,-0.2854764717545264,-0.4540502878152708,-0.7498041591280604
8146.299805,0.352362056956337,0.1880556414178999,0.6893683850829698,-0.2582322728695149,-0.21523591770331665,-0.3432244966000418,-0.5533430866997552,-0.6286183443049106
8151.299805,0.4630421777317907,0.18086881312926956,0.43881332388849614,-0.27063352487578113,-0.10630076029976591,-0.4009725214455571,-0.6526358855842396,-0.5074325294817609
8156.299805,0.5737222985072444,0.17368198484063918,0.18825826269402252,-0.2830347768820474,0.0026343971037848133,-0.45872054629107256,-0.7519286844687239,-0.3862467146586109
8161.299805,0.6844024192826981,0.16649515655200883,-0.06229679850045113,-0.29543602888831366,0.11156955450733555,-0.5164685711365878,-0.8512214833532082,-0.265060899835461
8166.299805,0.7950825400581518,0.15930832826337848,-0.3128518596949248,-0.30783728089457996,0.22050471191088628,-0.5742165959821033,-0.9505142822376926,-0.14387508501231117
8171.299805,0.7950825400581518,0.15930832826337848,-0.3128518596949248,-0.30783728089457996,0.22050471191088628,-0.5742165959821033,-0.9505142822376926,-0.14387508501231117
8176.299805,0.7950825400581518,0.15930832826337848,-0.3128518596949248,-0.30783728089457996,0.22050471191088628,-0.5742165959821033,-0.9505142822376926,-0.14387508501231117
8181.299805,0.7950825400581518,0.15930832826337848,-0.3128518596949248,-0.30783728089457996,0.22050471191088628,-0.5742165959821033,-0.9505142822376926,-0.14387508501231117
8186.299805,0.7950825400581518,0.15930832826337848,-0.3128518596949248,-0.30783728089457996,0.22050471191088628,-0.5742165959821033,-0.9505142822376926,-0.14387508501231117
8191.299805,0.6419198102953556,0.23379768454081465,-0.13920123140086288,-0.07891887599085234,0.1928760867756441,-0.31230434445065236,-0.8553416060076857,-0.2440653858604292
8196.299805,0.4887570805325595,0.3082870408182508,0.03444939689319906,0.14999952891287527,0.1652474616404019,-0.05039209291920144,-0.7601689297776788,-0.3442556867085472
8201.299805,0.3355943507697632,0.38277639709568695,0.20810002518726098,0.3789179338166029,0.13761883650515974,0.2115201586122495,-0.6649962535476719,-0.4444459875566652
8206.299805,0.18243162100696697,0.45726575337312314,0.3817506534813229,0.6078363387203305,0.10999021136991756,0.47343241014370036,-0.569823577317665,-0.5446362884047832
8211.299805,0.02926889124417076,0.5317551096505593,0.5554012817753848,0.8367547436240581,0.08236158623467538,0.7353446616751513,-0.4746509010876581,-0.6448265892529013
8216.299805,0.02926889124417076,0.5317551096505593,0.5554012817753848,0.8367547436240581,0.08236158623467538,0.7353446616751513,-0.4746509010876581,-0.6448265892529013
8221.299805,-0.07588919174606024,0.5761942823188819,0.6205002759449373,0.8222550594355628,0.06075115282714698,0.7692074209103943,-0.39884054315171513,-0.42644613546921273
8226.299805,-0.18104727473629123,0.6206334549872047,0.6855992701144897,0.8077553752470674,0.03914071941961859,0.8030701801456372,-0.32303018521577226,-0.20806568168552406
8231.299805,-0.2862053577265222,0.6650726276555275,0.7506982642840422,0.7932556910585722,0.01753028601209019,0.8369329393808801,-0.24721982727982933,0.010314772098164537
8236.299805,-0.3913634407167532,0.7095118003238502,0.8157972584535946,0.7787560068700768,-0.004080147395438205,0.870795698616123,-0.17140946934388643,0.22869522588185315
8241.299805,-0.49652152370698416,0.753950972992173,0.880896252623147,0.7642563226815817,-0.0256905808029666,0.9046584578513659,-0.09559911140794353,0.4470756796655417
8246.299805,-0.427701566690593,0.572365210687145,0.7779911542051365,0.6500918943861518,0.1672779449784274,0.7054993025722809,0.04898345786007021,0.4656962116563779
8251.299805,-0.3588816096742018,0.3907794483821171,0.6750860557871261,0.535927466090722,0.3602464707598214,0.5063401472931959,0.19356602712808396,0.48431674364721394
8256.299805,-0.2900616526578106,0.20919368607708919,0.5721809573691159,0.421763037795292,0.5532149965412154,0.307180992014111,0.3381485963960977,0.5029372756380501
8261.299805,-0.22124169564141938,0.027607923772061272,0.46927585895110563,0.3075986094998621,0.7461835223226094,0.10802183673502604,0.48273116566411145,0.5215578076288863
8266.299805,-0.15242173862502817,-0.15397783853296665,0.36637076053309525,0.19343418120443223,0.9391520481040034,-0.09113731854405893,0.6273137349321252,0.5401783396197224
8271.299805,-0.15242173862502817,-0.15397783853296665,0.36637076053309525,0.19343418120443223,0.9391520481040034,-0.09113731854405893,0.6273137349321252,0.5401783396197224
8276.299805,-0.22933330459998774,-0.030447444192240925,0.3148080953559883,0.19561747856515913,0.6768387078848503,0.06300212497860405,0.4557816756603607,0.5777078329865887
8281.299805,-0.3062448705749473,0.0930829501484848,0.2632454301788814,0.19780077592588602,0.41452536766569725,0.21714156850126703,0.28424961638859636,0.615237326353455
8286.299805,-0.38315643654990683,0.21661334448921052,0.21168276500177446,0.19998407328661288,0.1522120274465443,0.37128101202393,0.11271755711683196,0.6527668197203214
8291.299805,-0.4600680025248664,0.34014373882993626,0.16012009982466754,0.20216737064733978,-0.11010131277260875,0.525420455546593,-0.058814502154932446,0.6902963130871876
8296.299805,-0.536979568499826,0.46367413317066203,0.10855743464756062,0.20435066800806667,-0.3724146529917618,0.679559899069256,-0.23034656142669685,0.7278258064540539
8301.299805,-0.536979568499826,0.46367413317066203,0.10855743464756062,0.20435066800806667,-0.3724146529917618,0.679559899069256,-0.23034656142669685,0.7278258064540539
8306.299805,-0.536979568499826,0.46367413317066203,0.10855743464756062,0.20435066800806667,-0.3724146529917618,0.679559899069256,-0.23034656142669685,0.7278258064540539
8311.299805,-0.536979568499826,0.46367413317066203,0.10855743464756062,0.20435066800806667,-0.3724146529917618,0.679559899069256,-0.23034656142669685,0.7278258064540539
8316.299805,-0.536979568499826,0.46367413317066203,0.10855743464756062,0.20435066800806667,-0.3724146529917618,0.679559899069256,-0.23034656142669685,0.7278258064540539
8321.299805,-0.603239749370248,0.3577272592649131,0.2492135123469606,0.1667795623112151,-0.3626200746851245,0.42386278687666934,-0.3615676626375218,0.7714492099422284
8326.299805,-0.6694999302406701,0.2517803853591642,0.38986959004636057,0.12920845661436356,-0.35282549637848726,0.16816567468408267,-0.4927887638483469,0.8150726134304029
8331.299805,-0.7357601111110921,0.14583351145341533,0.5305256677457605,0.09163735091751199,-0.34303091807184993,-0.08753143750850403,-0.6240098650591719,0.8586960169185776
8336.299805,-0.802020291981514,0.039886637547666436,0.6711817454451605,0.05406624522066043,-0.33323633976521266,-0.3432285497010907,-0.7552309662699969,0.9023194204067521
8341.299805,-0.8682804728519361,-0.06606023635808245,0.8118378231445604,0.016495139523808877,-0.3234417614585754,-0.5989256618936774,-0.8864520674808218,0.9459428238949265
8346.299805,-0.8682804728519361,-0.06606023635808245,0.8118378231445604,0.016495139523808877,-0.3234417614585754,-0.5989256618936774,-0.8864520674808218,0.9459428238949265
8351.299805,-0.8682804728519361,-0.06606023635808245,0.8118378231445604,0.016495139523808877,-0.3234417614585754,-0.5989256618936774,-0.8864520674808218,0.9459428238949265
8356.299805,-0.8682804728519361,-0.06606023635808245,0.8118378231445604,0.016495139523808877,-0.3234417614585754,-0.5989256618936774,-0.8864520674808218,0.9459428238949265
8361.299805,-0.8682804728519361,-0.06606023635808245,0.8118378231445604,0.016495139523808877,-0.3234417614585754,-0.5989256618936774,-0.8864520674808218,0.9459428238949265
8366.299805,-0.8682804728519361,-0.06606023635808245,0.8118378231445604,0.016495139523808877,-0.3234417614585754,-0.5989256618936774,-0.8864520674808218,0.9459428238949265
8371.299805,-0.5556669357635045,0.06495880383230186,0.5369435888636691,-0.059940410173359514,-0.06951963020492276,-0.285992379164104,-0.7411466841482875,0.6256134265901403
8376.299805,-0.24305339867507278,0.19597784402268617,0.26204935458277784,-0.13637595987052792,0.18440250104872988,0.026940903565469253,-0.5958413008157531,0.305284029285354
8381.299805,0.06956013841335892,0.3269968842130705,-0.012844879698113543,-0.2128115095676963,0.4383246323023825,0.33987418629504257,-0.4505359174832189,-0.015045368019432237
8386.299805,0.38217367550179066,0.45801592440345473,-0.28773911397900487,-0.2892470592648647,0.6922467635560352,0.652807469024616,-0.3052305341506846,-0.3353747653242185
8391.299805,0.6947872125902224,0.5890349645938391,-0.5626333482598962,-0.3656826089620331,0.9461688948096878,0.9657407517541892,-0.15992515081815029,-0.6557041626290048
