Time,u1,u2,u3,u4,u5,u6,u7,u8
5.005,-0.46653220044500604,-0.5592787147931843,0.03670410579433412,0.9747448005871476,-0.6731573332986505,-0.21903060434991017,0.9124243297627321,0.7925463354234328
10.01,-0.4664788513285325,-0.7466617297590672,0.007469050199181648,0.9879840121927701,-0.8811350085939254,-0.04008357318701039,0.9790954725416586,0.7490066081302114
15.015,-0.4664788513285325,-0.7466617297590672,0.007469050199181648,0.9879840121927701,-0.8811350085939254,-0.04008357318701039,0.9790954725416586,0.7490066081302114
20.014999,-0.4664788513285325,-0.7466617297590672,0.007469050199181648,0.9879840121927701,-0.8811350085939254,-0.04008357318701039,0.9790954725416586,0.7490066081302114
25.014999,-0.4664788513285325,-0.7466617297590672,0.007469050199181648,0.9879840121927701,-0.8811350085939254,-0.04008357318701039,0.9790954725416586,0.7490066081302114
30.014999,-0.4664788513285325,-0.7466617297590672,0.007469050199181648,0.9879840121927701,-0.8811350085939254,-0.04008357318701039,0.9790954725416586,0.7490066081302114
35.014999,-0.4664788513285325,-0.7466617297590672,0.007469050199181648,0.9879840121927701,-0.8811350085939254,-0.04008357318701039,0.9790954725416586,0.7490066081302114
40.014999,-0.4664788513285325,-0.7466617297590672,0.007469050199181648,0.9879840121927701,-0.8811350085939254,-0.04008357318701039,0.9790954725416586,0.7490066081302114
45.014999,-0.4664788513285325,-0.7466617297590672,0.007469050199181648,0.9879840121927701,-0.8811350085939254,-0.04008357318701039,0.9790954725416586,0.7490066081302114
50.014999,-0.4664788513285325,-0.7466617297590672,0.007469050199181648,0.9879840121927701,-0.8811350085939254,-0.04008357318701039,0.9790954725416586,0.7490066081302114
55.014999,-0.4664788513285325,-0.7466617297590672,0.007469050199181648,0.9879840121927701,-0.8811350085939254,-0.04008357318701039,0.9790954725416586,0.7490066081302114
60.014999,-0.4664788513285325,-0.7466617297590672,0.007469050199181648,0.9879840121927701,-0.8811350085939254,-0.04008357318701039,0.9790954725416586,0.7490066081302114
65.014999,-0.4664788513285325,-0.7466617297590672,0.007469050199181648,0.9879840121927701,-0.8811350085939254,-0.04008357318701039,0.9790954725416586,0.7490066081302114
70.014999,-0.4664788513285325,-0.7466617297590672,0.007469050199181648,0.9879840121927701,-0.8811350085939254,-0.04008357318701039,0.9790954725416586,0.7490066081302114
75.014999,-0.4664788513285325,-0.7466617297590672,0.007469050199181648,0.9879840121927701,-0.8811350085939254,-0.04008357318701039,0.9790954725416586,0.7490066081302114
80.014999,-0.4664788513285325,-0.7466617297590672,0.007469050199181648,0.9879840121927701,-0.8811350085939254,-0.04008357318701039,0.9790954725416586,0.7490066081302114
85.014999,-0.4664788513285325,-0.7466617297590672,0.007469050199181648,0.9879840121927701,-0.8811350085939254,-0.04008357318701039,0.9790954725416586,0.7490066081302114
90.014999,-0.4664788513285325,-0.7466617297590672,0.007469050199181648,0.9879840121927701,-0.8811350085939254,-0.04008357318701039,0.9790954725416586,0.7490066081302114
95.014999,-0.4664788513285325,-0.7466617297590672,0.007469050199181648,0.9879840121927701,-0.8811350085939254,-0.04008357318701039,0.9790954725416586,0.7490066081302114
100.014999,-0.4664788513285325,-0.7466617297590672,0.007469050199181648,0.9879840121927701,-0.8811350085939254,-0.04008357318701039,0.9790954725416586,0.7490066081302114
105.014999,-0.4664788513285325,-0.7466617297590672,0.007469050199181648,0.9879840121927701,-0.8811350085939254,-0.04008357318701039,0.9790954725416586,0.7490066081302114
110.014999,-0.4664788513285325,-0.7466617297590672,0.007469050199181648,0.9879840121927701,-0.8811350085939254,-0.04008357318701039,0.9790954725416586,0.7490066081302114
115.014999,-0.4664788513285325,-0.7466617297590672,0.007469050199181648,0.9879840121927701,-0.8811350085939254,-0.04008357318701039,0.9790954725416586,0.7490066081302114
120.014999,-0.4664788513285325,-0.7466617297590672,0.007469050199181648,0.9879840121927701,-0.8811350085939254,-0.04008357318701039,0.9790954725416586,0.7490066081302114
125.014999,-0.4664788513285325,-0.7466617297590672,0.007469050199181648,0.9879840121927701,-0.8811350085939254,-0.04008357318701039,0.9790954725416586,0.7490066081302114
130.014999,-0.4664788513285325,-0.7466617297590672,0.007469050199181648,0.9879840121927701,-0.8811350085939254,-0.04008357318701039,0.9790954725416586,0.7490066081302114
135.014999,-0.4664788513285325,-0.7466617297590672,0.007469050199181648,0.9879840121927701,-0.8811350085939254,-0.04008357318701039,0.9790954725416586,0.7490066081302114
140.014999,-0.4664788513285325,-0.7466617297590672,0.007469050199181648,0.9879840121927701,-0.8811350085939254,-0.04008357318701039,0.9790954725416586,0.7490066081302114
145.014999,-0.4664788513285325,-0.7466617297590672,0.007469050199181648,0.9879840121927701,-0.8811350085939254,-0.04008357318701039,0.9790954725416586,0.7490066081302114
150.014999,-0.4664788513285325,-0.7466617297590672,0.007469050199181648,0.9879840121927701,-0.8811350085939254,-0.04008357318701039,0.9790954725416586,0.7490066081302114
155.014999,-0.4664788513285325,-0.7466617297590672,0.007469050199181648,0.9879840121927701,-0.8811350085939254,-0.04008357318701039,0.9790954725416586,0.7490066081302114
160.014999,-0.4664788513285325,-0.7466617297590672,0.007469050199181648,0.9879840121927701,-0.8811350085939254,-0.04008357318701039,0.9790954725416586,0.7490066081302114
165.014999,-0.4664788513285325,-0.7466617297590672,0.007469050199181648,0.9879840121927701,-0.8811350085939254,-0.04008357318701039,0.9790954725416586,0.7490066081302114
170.014999,-0.4664788513285325,-0.7466617297590672,0.007469050199181648,0.9879840121927701,-0.8811350085939254,-0.04008357318701039,0.9790954725416586,0.7490066081302114
175.014999,-0.4664788513285325,-0.7466617297590672,0.007469050199181648,0.9879840121927701,-0.8811350085939254,-0.04008357318701039,0.9790954725416586,0.7490066081302114
180.014999,-0.4664788513285325,-0.7466617297590672,0.007469050199181648,0.9879840121927701,-0.8811350085939254,-0.04008357318701039,0.9790954725416586,0.7490066081302114
185.014999,-0.4664788513285325,-0.7466617297590672,0.007469050199181648,0.9879840121927701,-0.8811350085939254,-0.04008357318701039,0.9790954725416586,0.7490066081302114
190.014999,-0.4664788513285325,-0.7466617297590672,0.007469050199181648,0.9879840121927701,-0.8811350085939254,-0.04008357318701039,0.9790954725416586,0.7490066081302114
195.014999,-0.4664788513285325,-0.7466617297590672,0.007469050199181648,0.9879840121927701,-0.8811350085939254,-0.04008357318701039,0.9790954725416586,0.7490066081302114
200.014999,-0.4664788513285325,-0.7466617297590672,0.007469050199181648,0.9879840121927701,-0.8811350085939254,-0.04008357318701039,0.9790954725416586,0.7490066081302114
205.014999,-0.4664788513285325,-0.7466617297590672,0.007469050199181648,0.9879840121927701,-0.8811350085939254,-0.04008357318701039,0.9790954725416586,0.7490066081302114
210.014999,-0.4664788513285325,-0.7466617297590672,0.007469050199181648,0.9879840121927701,-0.8811350085939254,-0.04008357318701039,0.9790954725416586,0.7490066081302114
215.014999,-0.4664788513285325,-0.7466617297590672,0.007469050199181648,0.9879840121927701,-0.8811350085939254,-0.04008357318701039,0.9790954725416586,0.7490066081302114
220.014999,-0.4664788513285325,-0.7466617297590672,0.007469050199181648,0.9879840121927701,-0.8811350085939254,-0.04008357318701039,0.9790954725416586,0.7490066081302114
225.014999,-0.4664788513285325,-0.7466617297590672,0.007469050199181648,0.9879840121927701,-0.8811350085939254,-0.04008357318701039,0.9790954725416586,0.7490066081302114
230.014999,-0.4664788513285325,-0.7466617297590672,0.007469050199181648,0.9879840121927701,-0.8811350085939254,-0.04008357318701039,0.9790954725416586,0.7490066081302114
235.014999,-0.4664788513285325,-0.7466617297590672,0.007469050199181648,0.9879840121927701,-0.8811350085939254,-0.04008357318701039,0.9790954725416586,0.7490066081302114
240.014999,-0.4664788513285325,-0.7466617297590672,0.007469050199181648,0.9879840121927701,-0.8811350085939254,-0.04008357318701039,0.9790954725416586,0.7490066081302114
245.014999,-0.4664788513285325,-0.7466617297590672,0.007469050199181648,0.9879840121927701,-0.8811350085939254,-0.04008357318701039,0.9790954725416586,0.7490066081302114
250.014999,-0.4664788513285325,-0.7466617297590672,0.007469050199181648,0.9879840121927701,-0.8811350085939254,-0.04008357318701039,0.9790954725416586,0.7490066081302114
255.014999,-0.4664788513285325,-0.7466617297590672,0.007469050199181648,0.9879840121927701,-0.8811350085939254,-0.04008357318701039,0.9790954725416586,0.7490066081302114
260.019989,-0.4664788513285325,-0.7466617297590672,0.007469050199181648,0.9879840121927701,-0.8811350085939254,-0.04008357318701039,0.9790954725416586,0.7490066081302114
265.019989,-0.4664788513285325,-0.7466617297590672,0.007469050199181648,0.9879840121927701,-0.8811350085939254,-0.04008357318701039,0.9790954725416586,0.7490066081302114
270.019989,-0.4664788513285325,-0.7466617297590672,0.007469050199181648,0.9879840121927701,-0.8811350085939254,-0.04008357318701039,0.9790954725416586,0.7490066081302114
275.019989,-0.4664788513285325,-0.7466617297590672,0.007469050199181648,0.9879840121927701,-0.8811350085939254,-0.04008357318701039,0.9790954725416586,0.7490066081302114
280.019989,-0.4664788513285325,-0.7466617297590672,0.007469050199181648,0.9879840121927701,-0.8811350085939254,-0.04008357318701039,0.9790954725416586,0.7490066081302114
285.019989,-0.4664788513285325,-0.7466617297590672,0.007469050199181648,0.9879840121927701,-0.8811350085939254,-0.04008357318701039,0.9790954725416586,0.7490066081302114
290.019989,-0.4664788513285325,-0.7466617297590672,0.007469050199181648,0.9879840121927701,-0.8811350085939254,-0.04008357318701039,0.9790954725416586,0.7490066081302114
295.019989,-0.4664788513285325,-0.7466617297590672,0.007469050199181648,0.9879840121927701,-0.8811350085939254,-0.04008357318701039,0.9790954725416586,0.7490066081302114
300.019989,-0.4664788513285325,-0.7466617297590672,0.007469050199181648,0.9879840121927701,-0.8811350085939254,-0.04008357318701039,0.9790954725416586,0.7490066081302114
305.019989,-0.4664788513285325,-0.7466617297590672,0.007469050199181648,0.9879840121927701,-0.8811350085939254,-0.04008357318701039,0.9790954725416586,0.7490066081302114
310.019989,-0.4664788513285325,-0.7466617297590672,0.007469050199181648,0.9879840121927701,-0.8811350085939254,-0.04008357318701039,0.9790954725416586,0.7490066081302114
315.019989,-0.4664788513285325,-0.7466617297590672,0.007469050199181648,0.9879840121927701,-0.8811350085939254,-0.04008357318701039,0.9790954725416586,0.7490066081302114
320.019989,-0.4664788513285325,-0.7466617297590672,0.007469050199181648,0.9879840121927701,-0.8811350085939254,-0.04008357318701039,0.9790954725416586,0.7490066081302114
325.019989,-0.4664788513285325,-0.7466617297590672,0.007469050199181648,0.9879840121927701,-0.8811350085939254,-0.04008357318701039,0.9790954725416586,0.7490066081302114
330.019989,-0.4664788513285325,-0.7466617297590672,0.007469050199181648,0.9879840121927701,-0.8811350085939254,-0.04008357318701039,0.9790954725416586,0.7490066081302114
335.019989,-0.4664788513285325,-0.7466617297590672,0.007469050199181648,0.9879840121927701,-0.8811350085939254,-0.04008357318701039,0.9790954725416586,0.7490066081302114
340.019989,-0.4664788513285325,-0.7466617297590672,0.007469050199181648,0.9879840121927701,-0.8811350085939254,-0.04008357318701039,0.9790954725416586,0.7490066081302114
345.019989,-0.4664788513285325,-0.7466617297590672,0.007469050199181648,0.9879840121927701,-0.8811350085939254,-0.04008357318701039,0.9790954725416586,0.7490066081302114
350.019989,-0.4664788513285325,-0.7466617297590672,0.007469050199181648,0.9879840121927701,-0.8811350085939254,-0.04008357318701039,0.9790954725416586,0.7490066081302114
355.019989,-0.4664788513285325,-0.7466617297590672,0.007469050199181648,0.9879840121927701,-0.8811350085939254,-0.04008357318701039,0.9790954725416586,0.7490066081302114
360.019989,-0.4664788513285325,-0.7466617297590672,0.007469050199181648,0.9879840121927701,-0.8811350085939254,-0.04008357318701039,0.9790954725416586,0.7490066081302114
365.019989,-0.4664788513285325,-0.7466617297590672,0.007469050199181648,0.9879840121927701,-0.8811350085939254,-0.04008357318701039,0.9790954725416586,0.7490066081302114
370.019989,-0.4664788513285325,-0.7466617297590672,0.007469050199181648,0.9879840121927701,-0.8811350085939254,-0.04008357318701039,0.9790954725416586,0.7490066081302114
375.019989,-0.4664788513285325,-0.7466617297590672,0.007469050199181648,0.9879840121927701,-0.8811350085939254,-0.04008357318701039,0.9790954725416586,0.7490066081302114
380.019989,-0.4664788513285325,-0.7466617297590672,0.007469050199181648,0.9879840121927701,-0.8811350085939254,-0.04008357318701039,0.9790954725416586,0.7490066081302114
385.019989,-0.4664788513285325,-0.7466617297590672,0.007469050199181648,0.9879840121927701,-0.8811350085939254,-0.04008357318701039,0.9790954725416586,0.7490066081302114
390.019989,-0.4664788513285325,-0.7466617297590672,0.007469050199181648,0.9879840121927701,-0.8811350085939254,-0.04008357318701039,0.9790954725416586,0.7490066081302114
395.019989,-0.4664788513285325,-0.7466617297590672,0.007469050199181648,0.9879840121927701,-0.8811350085939254,-0.04008357318701039,0.9790954725416586,0.7490066081302114
400.019989,-0.4664788513285325,-0.7466617297590672,0.007469050199181648,0.9879840121927701,-0.8811350085939254,-0.04008357318701039,0.9790954725416586,0.7490066081302114
405.019989,-0.4664788513285325,-0.7466617297590672,0.007469050199181648,0.9879840121927701,-0.8811350085939254,-0.04008357318701039,0.9790954725416586,0.7490066081302114
410.019989,-0.4664788513285325,-0.7466617297590672,0.007469050199181648,0.9879840121927701,-0.8811350085939254,-0.04008357318701039,0.9790954725416586,0.7490066081302114
415.019989,-0.4664788513285325,-0.7466617297590672,0.007469050199181648,0.9879840121927701,-0.8811350085939254,-0.04008357318701039,0.9790954725416586,0.7490066081302114
420.019989,-0.4664788513285325,-0.7466617297590672,0.007469050199181648,0.9879840121927701,-0.8811350085939254,-0.04008357318701039,0.9790954725416586,0.7490066081302114
425.019989,-0.4664788513285325,-0.7466617297590672,0.007469050199181648,0.9879840121927701,-0.8811350085939254,-0.04008357318701039,0.9790954725416586,0.7490066081302114
430.019989,-0.4664788513285325,-0.7466617297590672,0.007469050199181648,0.9879840121927701,-0.8811350085939254,-0.04008357318701039,0.9790954725416586,0.7490066081302114
435.019989,-0.4664788513285325,-0.7466617297590672,0.007469050199181648,0.9879840121927701,-0.8811350085939254,-0.04008357318701039,0.9790954725416586,0.7490066081302114
440.019989,-0.4664788513285325,-0.7466617297590672,0.007469050199181648,0.9879840121927701,-0.8811350085939254,-0.04008357318701039,0.9790954725416586,0.7490066081302114
445.019989,-0.4664788513285325,-0.7466617297590672,0.007469050199181648,0.9879840121927701,-0.8811350085939254,-0.04008357318701039,0.9790954725416586,0.7490066081302114
450.019989,-0.4664788513285325,-0.7466617297590672,0.007469050199181648,0.9879840121927701,-0.8811350085939254,-0.04008357318701039,0.9790954725416586,0.7490066081302114
455.019989,-0.4664788513285325,-0.7466617297590672,0.007469050199181648,0.9879840121927701,-0.8811350085939254,-0.04008357318701039,0.9790954725416586,0.7490066081302114
460.019989,-0.4664788513285325,-0.7466617297590672,0.007469050199181648,0.9879840121927701,-0.8811350085939254,-0.04008357318701039,0.9790954725416586,0.7490066081302114
465.019989,-0.4664788513285325,-0.7466617297590672,0.007469050199181648,0.9879840121927701,-0.8811350085939254,-0.04008357318701039,0.9790954725416586,0.7490066081302114
470.019989,-0.4664788513285325,-0.7466617297590672,0.007469050199181648,0.9879840121927701,-0.8811350085939254,-0.04008357318701039,0.9790954725416586,0.7490066081302114
475.019989,-0.4664788513285325,-0.7466617297590672,0.007469050199181648,0.9879840121927701,-0.8811350085939254,-0.04008357318701039,0.9790954725416586,0.7490066081302114
480.019989,-0.4664788513285325,-0.7466617297590672,0.007469050199181648,0.9879840121927701,-0.8811350085939254,-0.04008357318701039,0.9790954725416586,0.7490066081302114
485.019989,-0.4664788513285325,-0.7466617297590672,0.007469050199181648,0.9879840121927701,-0.8811350085939254,-0.04008357318701039,0.9790954725416586,0.7490066081302114
490.019989,-0.4664788513285325,-0.7466617297590672,0.007469050199181648,0.9879840121927701,-0.8811350085939254,-0.04008357318701039,0.9790954725416586,0.7490066081302114
495.019989,-0.4664788513285325,-0.7466617297590672,0.007469050199181648,0.9879840121927701,-0.8811350085939254,-0.04008357318701039,0.9790954725416586,0.7490066081302114
500.019989,-0.4664788513285325,-0.7466617297590672,0.007469050199181648,0.9879840121927701,-0.8811350085939254,-0.04008357318701039,0.9790954725416586,0.7490066081302114
505.019989,-0.4664788513285325,-0.7466617297590672,0.007469050199181648,0.9879840121927701,-0.8811350085939254,-0.04008357318701039,0.9790954725416586,0.7490066081302114
510.019989,-0.4664788513285325,-0.7466617297590672,0.007469050199181648,0.9879840121927701,-0.8811350085939254,-0.04008357318701039,0.9790954725416586,0.7490066081302114
515.025024,-0.4664788513285325,-0.7466617297590672,0.007469050199181648,0.9879840121927701,-0.8811350085939254,-0.04008357318701039,0.9790954725416586,0.7490066081302114
520.030029,-0.4664788513285325,-0.7466617297590672,0.007469050199181648,0.9879840121927701,-0.8811350085939254,-0.04008357318701039,0.9790954725416586,0.7490066081302114
525.034973,-0.4664788513285325,-0.7466617297590672,0.007469050199181648,0.9879840121927701,-0.8811350085939254,-0.04008357318701039,0.9790954725416586,0.7490066081302114
530.034973,-0.4664788513285325,-0.7466617297590672,0.007469050199181648,0.9879840121927701,-0.8811350085939254,-0.04008357318701039,0.9790954725416586,0.7490066081302114
535.034973,-0.4664788513285325,-0.7466617297590672,0.007469050199181648,0.9879840121927701,-0.8811350085939254,-0.04008357318701039,0.9790954725416586,0.7490066081302114
540.034973,-0.4664788513285325,-0.7466617297590672,0.007469050199181648,0.9879840121927701,-0.8811350085939254,-0.04008357318701039,0.9790954725416586,0.7490066081302114
545.034973,-0.4664788513285325,-0.7466617297590672,0.007469050199181648,0.9879840121927701,-0.8811350085939254,-0.04008357318701039,0.9790954725416586,0.7490066081302114
550.034973,-0.4664788513285325,-0.7466617297590672,0.007469050199181648,0.9879840121927701,-0.8811350085939254,-0.04008357318701039,0.9790954725416586,0.7490066081302114
555.034973,-0.4664788513285325,-0.7466617297590672,0.007469050199181648,0.9879840121927701,-0.8811350085939254,-0.04008357318701039,0.9790954725416586,0.7490066081302114
560.034973,-0.4664788513285325,-0.7466617297590672,0.007469050199181648,0.9879840121927701,-0.8811350085939254,-0.04008357318701039,0.9790954725416586,0.7490066081302114
565.034973,-0.4664788513285325,-0.7466617297590672,0.007469050199181648,0.9879840121927701,-0.8811350085939254,-0.04008357318701039,0.9790954725416586,0.7490066081302114
570.034973,-0.4664788513285325,-0.7466617297590672,0.007469050199181648,0.9879840121927701,-0.8811350085939254,-0.04008357318701039,0.9790954725416586,0.7490066081302114
575.034973,-0.4664788513285325,-0.7466617297590672,0.007469050199181648,0.9879840121927701,-0.8811350085939254,-0.04008357318701039,0.9790954725416586,0.7490066081302114
580.034973,-0.4664788513285325,-0.7466617297590672,0.007469050199181648,0.9879840121927701,-0.8811350085939254,-0.04008357318701039,0.9790954725416586,0.7490066081302114
585.034973,-0.4664788513285325,-0.7466617297590672,0.007469050199181648,0.9879840121927701,-0.8811350085939254,-0.04008357318701039,0.9790954725416586,0.7490066081302114
590.034973,-0.4664788513285325,-0.7466617297590672,0.007469050199181648,0.9879840121927701,-0.8811350085939254,-0.04008357318701039,0.9790954725416586,0.7490066081302114
595.034973,-0.4664788513285325,-0.7466617297590672,0.007469050199181648,0.9879840121927701,-0.8811350085939254,-0.04008357318701039,0.9790954725416586,0.7490066081302114
600.034973,-0.4664788513285325,-0.7466617297590672,0.007469050199181648,0.9879840121927701,-0.8811350085939254,-0.04008357318701039,0.9790954725416586,0.7490066081302114
605.034973,-0.4664788513285325,-0.7466617297590672,0.007469050199181648,0.9879840121927701,-0.8811350085939254,-0.04008357318701039,0.9790954725416586,0.7490066081302114
610.034973,-0.4664788513285325,-0.7466617297590672,0.007469050199181648,0.9879840121927701,-0.8811350085939254,-0.04008357318701039,0.9790954725416586,0.7490066081302114
615.034973,-0.4664788513285325,-0.7466617297590672,0.007469050199181648,0.9879840121927701,-0.8811350085939254,-0.04008357318701039,0.9790954725416586,0.7490066081302114
620.034973,-0.4664788513285325,-0.7466617297590672,0.007469050199181648,0.9879840121927701,-0.8811350085939254,-0.04008357318701039,0.9790954725416586,0.7490066081302114
625.034973,-0.4664788513285325,-0.7466617297590672,0.007469050199181648,0.9879840121927701,-0.8811350085939254,-0.04008357318701039,0.9790954725416586,0.7490066081302114
630.034973,-0.4664788513285325,-0.7466617297590672,0.007469050199181648,0.9879840121927701,-0.8811350085939254,-0.04008357318701039,0.9790954725416586,0.7490066081302114
635.034973,-0.4664788513285325,-0.7466617297590672,0.007469050199181648,0.9879840121927701,-0.8811350085939254,-0.04008357318701039,0.9790954725416586,0.7490066081302114
640.034973,-0.4664788513285325,-0.7466617297590672,0.007469050199181648,0.9879840121927701,-0.8811350085939254,-0.04008357318701039,0.9790954725416586,0.7490066081302114
645.034973,-0.4664788513285325,-0.7466617297590672,0.007469050199181648,0.9879840121927701,-0.8811350085939254,-0.04008357318701039,0.9790954725416586,0.7490066081302114
650.034973,-0.4664788513285325,-0.7466617297590672,0.007469050199181648,0.9879840121927701,-0.8811350085939254,-0.04008357318701039,0.9790954725416586,0.7490066081302114
655.034973,-0.4664788513285325,-0.7466617297590672,0.007469050199181648,0.9879840121927701,-0.8811350085939254,-0.04008357318701039,0.9790954725416586,0.7490066081302114
660.034973,-0.4664788513285325,-0.7466617297590672,0.007469050199181648,0.9879840121927701,-0.8811350085939254,-0.04008357318701039,0.9790954725416586,0.7490066081302114
665.034973,-0.4664788513285325,-0.7466617297590672,0.007469050199181648,0.9879840121927701,-0.8811350085939254,-0.04008357318701039,0.9790954725416586,0.7490066081302114
670.034973,-0.4664788513285325,-0.7466617297590672,0.007469050199181648,0.9879840121927701,-0.8811350085939254,-0.04008357318701039,0.9790954725416586,0.7490066081302114
675.034973,-0.4664788513285325,-0.7466617297590672,0.007469050199181648,0.9879840121927701,-0.8811350085939254,-0.04008357318701039,0.9790954725416586,0.7490066081302114
680.034973,-0.4664788513285325,-0.7466617297590672,0.007469050199181648,0.9879840121927701,-0.8811350085939254,-0.04008357318701039,0.9790954725416586,0.7490066081302114
685.034973,-0.4664788513285325,-0.7466617297590672,0.007469050199181648,0.9879840121927701,-0.8811350085939254,-0.04008357318701039,0.9790954725416586,0.7490066081302114
690.034973,-0.4664788513285325,-0.7466617297590672,0.007469050199181648,0.9879840121927701,-0.8811350085939254,-0.04008357318701039,0.9790954725416586,0.7490066081302114
695.034973,-0.4664788513285325,-0.7466617297590672,0.007469050199181648,0.9879840121927701,-0.8811350085939254,-0.04008357318701039,0.9790954725416586,0.7490066081302114
700.034973,-0.4664788513285325,-0.7466617297590672,0.007469050199181648,0.9879840121927701,-0.8811350085939254,-0.04008357318701039,0.9790954725416586,0.7490066081302114
705.034973,-0.4664788513285325,-0.7466617297590672,0.007469050199181648,0.9879840121927701,-0.8811350085939254,-0.04008357318701039,0.9790954725416586,0.7490066081302114
710.034973,-0.4664788513285325,-0.7466617297590672,0.007469050199181648,0.9879840121927701,-0.8811350085939254,-0.04008357318701039,0.9790954725416586,0.7490066081302114
715.034973,-0.4664788513285325,-0.7466617297590672,0.007469050199181648,0.9879840121927701,-0.8811350085939254,-0.04008357318701039,0.9790954725416586,0.7490066081302114
720.034973,-0.4664788513285325,-0.7466617297590672,0.007469050199181648,0.9879840121927701,-0.8811350085939254,-0.04008357318701039,0.9790954725416586,0.7490066081302114
725.034973,-0.4664788513285325,-0.7466617297590672,0.007469050199181648,0.9879840121927701,-0.8811350085939254,-0.04008357318701039,0.9790954725416586,0.7490066081302114
730.034973,-0.4664788513285325,-0.7466617297590672,0.007469050199181648,0.9879840121927701,-0.8811350085939254,-0.04008357318701039,0.9790954725416586,0.7490066081302114
735.034973,-0.4664788513285325,-0.7466617297590672,0.007469050199181648,0.9879840121927701,-0.8811350085939254,-0.04008357318701039,0.9790954725416586,0.7490066081302114
740.034973,-0.4664788513285325,-0.7466617297590672,0.007469050199181648,0.9879840121927701,-0.8811350085939254,-0.04008357318701039,0.9790954725416586,0.7490066081302114
745.034973,-0.4664788513285325,-0.7466617297590672,0.007469050199181648,0.9879840121927701,-0.8811350085939254,-0.04008357318701039,0.9790954725416586,0.7490066081302114
750.034973,-0.4664788513285325,-0.7466617297590672,0.007469050199181648,0.9879840121927701,-0.8811350085939254,-0.04008357318701039,0.9790954725416586,0.7490066081302114
755.034973,-0.4664788513285325,-0.7466617297590672,0.007469050199181648,0.9879840121927701,-0.8811350085939254,-0.04008357318701039,0.9790954725416586,0.7490066081302114
760.034973,-0.4664788513285325,-0.7466617297590672,0.007469050199181648,0.9879840121927701,-0.8811350085939254,-0.04008357318701039,0.9790954725416586,0.7490066081302114
765.034973,-0.4664788513285325,-0.7466617297590672,0.007469050199181648,0.9879840121927701,-0.8811350085939254,-0.04008357318701039,0.9790954725416586,0.7490066081302114
770.034973,-0.4664788513285325,-0.7466617297590672,0.007469050199181648,0.9879840121927701,-0.8811350085939254,-0.04008357318701039,0.9790954725416586,0.7490066081302114
775.034973,-0.4664788513285325,-0.7466617297590672,0.007469050199181648,0.9879840121927701,-0.8811350085939254,-0.04008357318701039,0.9790954725416586,0.7490066081302114
780.034973,-0.4664788513285325,-0.7466617297590672,0.007469050199181648,0.9879840121927701,-0.8811350085939254,-0.04008357318701039,0.9790954725416586,0.7490066081302114
785.034973,-0.4664788513285325,-0.7466617297590672,0.007469050199181648,0.9879840121927701,-0.8811350085939254,-0.04008357318701039,0.9790954725416586,0.7490066081302114
790.034973,-0.4664788513285325,-0.7466617297590672,0.007469050199181648,0.9879840121927701,-0.8811350085939254,-0.04008357318701039,0.9790954725416586,0.7490066081302114
795.034973,-0.4664788513285325,-0.7466617297590672,0.007469050199181648,0.9879840121927701,-0.8811350085939254,-0.04008357318701039,0.9790954725416586,0.7490066081302114
800.034973,-0.4664788513285325,-0.7466617297590672,0.007469050199181648,0.9879840121927701,-0.8811350085939254,-0.04008357318701039,0.9790954725416586,0.7490066081302114
805.034973,-0.4664788513285325,-0.7466617297590672,0.007469050199181648,0.9879840121927701,-0.8811350085939254,-0.04008357318701039,0.9790954725416586,0.7490066081302114
810.034973,-0.4664788513285325,-0.7466617297590672,0.007469050199181648,0.9879840121927701,-0.8811350085939254,-0.04008357318701039,0.9790954725416586,0.7490066081302114
815.034973,-0.4664788513285325,-0.7466617297590672,0.007469050199181648,0.9879840121927701,-0.8811350085939254,-0.04008357318701039,0.9790954725416586,0.7490066081302114
820.034973,-0.4664788513285325,-0.7466617297590672,0.007469050199181648,0.9879840121927701,-0.8811350085939254,-0.04008357318701039,0.9790954725416586,0.7490066081302114
825.034973,-0.4664788513285325,-0.7466617297590672,0.007469050199181648,0.9879840121927701,-0.8811350085939254,-0.04008357318701039,0.9790954725416586,0.7490066081302114
830.034973,-0.4664788513285325,-0.7466617297590672,0.007469050199181648,0.9879840121927701,-0.8811350085939254,-0.04008357318701039,0.9790954725416586,0.7490066081302114
835.034973,-0.4664788513285325,-0.7466617297590672,0.007469050199181648,0.9879840121927701,-0.8811350085939254,-0.04008357318701039,0.9790954725416586,0.7490066081302114
840.034973,-0.4664788513285325,-0.7466617297590672,0.007469050199181648,0.9879840121927701,-0.8811350085939254,-0.04008357318701039,0.9790954725416586,0.7490066081302114
845.034973,-0.4664788513285325,-0.7466617297590672,0.007469050199181648,0.9879840121927701,-0.8811350085939254,-0.04008357318701039,0.9790954725416586,0.7490066081302114
850.034973,-0.4664788513285325,-0.7466617297590672,0.007469050199181648,0.9879840121927701,-0.8811350085939254,-0.04008357318701039,0.9790954725416586,0.7490066081302114
855.034973,-0.4664788513285325,-0.7466617297590672,0.007469050199181648,0.9879840121927701,-0.8811350085939254,-0.04008357318701039,0.9790954725416586,0.7490066081302114
860.034973,-0.4664788513285325,-0.7466617297590672,0.007469050199181648,0.9879840121927701,-0.8811350085939254,-0.04008357318701039,0.9790954725416586,0.7490066081302114
865.034973,-0.4664788513285325,-0.7466617297590672,0.007469050199181648,0.9879840121927701,-0.8811350085939254,-0.04008357318701039,0.9790954725416586,0.7490066081302114
870.034973,-0.4664788513285325,-0.7466617297590672,0.007469050199181648,0.9879840121927701,-0.8811350085939254,-0.04008357318701039,0.9790954725416586,0.7490066081302114
875.034973,-0.4664788513285325,-0.7466617297590672,0.007469050199181648,0.9879840121927701,-0.8811350085939254,-0.04008357318701039,0.9790954725416586,0.7490066081302114
880.034973,-0.4664788513285325,-0.7466617297590672,0.007469050199181648,0.9879840121927701,-0.8811350085939254,-0.04008357318701039,0.9790954725416586,0.7490066081302114
885.034973,-0.4664788513285325,-0.7466617297590672,0.007469050199181648,0.9879840121927701,-0.8811350085939254,-0.04008357318701039,0.9790954725416586,0.7490066081302114
890.034973,-0.4664788513285325,-0.7466617297590672,0.007469050199181648,0.9879840121927701,-0.8811350085939254,-0.04008357318701039,0.9790954725416586,0.7490066081302114
895.034973,-0.4664788513285325,-0.7466617297590672,0.007469050199181648,0.9879840121927701,-0.8811350085939254,-0.04008357318701039,0.9790954725416586,0.7490066081302114
900.034973,-0.4664788513285325,-0.7466617297590672,0.007469050199181648,0.9879840121927701,-0.8811350085939254,-0.04008357318701039,0.9790954725416586,0.7490066081302114
905.034973,-0.4664788513285325,-0.7466617297590672,0.007469050199181648,0.9879840121927701,-0.8811350085939254,-0.04008357318701039,0.9790954725416586,0.7490066081302114
910.034973,-0.4664788513285325,-0.7466617297590672,0.007469050199181648,0.9879840121927701,-0.8811350085939254,-0.04008357318701039,0.9790954725416586,0.7490066081302114
915.034973,-0.4664788513285325,-0.7466617297590672,0.007469050199181648,0.9879840121927701,-0.8811350085939254,-0.04008357318701039,0.9790954725416586,0.7490066081302114
920.034973,-0.4664788513285325,-0.7466617297590672,0.007469050199181648,0.9879840121927701,-0.8811350085939254,-0.04008357318701039,0.9790954725416586,0.7490066081302114
925.034973,-0.4664788513285325,-0.7466617297590672,0.007469050199181648,0.9879840121927701,-0.8811350085939254,-0.04008357318701039,0.9790954725416586,0.7490066081302114
930.034973,-0.4664788513285325,-0.7466617297590672,0.007469050199181648,0.9879840121927701,-0.8811350085939254,-0.04008357318701039,0.9790954725416586,0.7490066081302114
935.034973,-0.4664788513285325,-0.7466617297590672,0.007469050199181648,0.9879840121927701,-0.8811350085939254,-0.04008357318701039,0.9790954725416586,0.7490066081302114
940.034973,-0.4664788513285325,-0.7466617297590672,0.007469050199181648,0.9879840121927701,-0.8811350085939254,-0.04008357318701039,0.9790954725416586,0.7490066081302114
945.034973,-0.4664788513285325,-0.7466617297590672,0.007469050199181648,0.9879840121927701,-0.8811350085939254,-0.04008357318701039,0.9790954725416586,0.7490066081302114
950.034973,-0.4664788513285325,-0.7466617297590672,0.007469050199181648,0.9879840121927701,-0.8811350085939254,-0.04008357318701039,0.9790954725416586,0.7490066081302114
955.034973,-0.4664788513285325,-0.7466617297590672,0.007469050199181648,0.9879840121927701,-0.8811350085939254,-0.04008357318701039,0.9790954725416586,0.7490066081302114
960.034973,-0.4664788513285325,-0.7466617297590672,0.007469050199181648,0.9879840121927701,-0.8811350085939254,-0.04008357318701039,0.9790954725416586,0.7490066081302114
965.034973,-0.4664788513285325,-0.7466617297590672,0.007469050199181648,0.9879840121927701,-0.8811350085939254,-0.04008357318701039,0.9790954725416586,0.7490066081302114
970.034973,-0.4664788513285325,-0.7466617297590672,0.007469050199181648,0.9879840121927701,-0.8811350085939254,-0.04008357318701039,0.9790954725416586,0.7490066081302114
975.034973,-0.4664788513285325,-0.7466617297590672,0.007469050199181648,0.9879840121927701,-0.8811350085939254,-0.04008357318701039,0.9790954725416586,0.7490066081302114
980.034973,-0.4664788513285325,-0.7466617297590672,0.007469050199181648,0.9879840121927701,-0.8811350085939254,-0.04008357318701039,0.9790954725416586,0.7490066081302114
985.034973,-0.4664788513285325,-0.7466617297590672,0.007469050199181648,0.9879840121927701,-0.8811350085939254,-0.04008357318701039,0.9790954725416586,0.7490066081302114
990.034973,-0.4664788513285325,-0.7466617297590672,0.007469050199181648,0.9879840121927701,-0.8811350085939254,-0.04008357318701039,0.9790954725416586,0.7490066081302114
995.034973,-0.4664788513285325,-0.7466617297590672,0.007469050199181648,0.9879840121927701,-0.8811350085939254,-0.04008357318701039,0.9790954725416586,0.7490066081302114
1000.034973,-0.4664788513285325,-0.7466617297590672,0.007469050199181648,0.9879840121927701,-0.8811350085939254,-0.04008357318701039,0.9790954725416586,0.7490066081302114
1005.034973,-0.4664788513285325,-0.7466617297590672,0.007469050199181648,0.9879840121927701,-0.8811350085939254,-0.04008357318701039,0.9790954725416586,0.7490066081302114
1010.034973,-0.4664788513285325,-0.7466617297590672,0.007469050199181648,0.9879840121927701,-0.8811350085939254,-0.04008357318701039,0.9790954725416586,0.7490066081302114
1015.034973,-0.4664788513285325,-0.7466617297590672,0.007469050199181648,0.9879840121927701,-0.8811350085939254,-0.04008357318701039,0.9790954725416586,0.7490066081302114
1020.034973,-0.4664788513285325,-0.7466617297590672,0.007469050199181648,0.9879840121927701,-0.8811350085939254,-0.04008357318701039,0.9790954725416586,0.7490066081302114
1025.035034,-0.4664788513285325,-0.7466617297590672,0.007469050199181648,0.9879840121927701,-0.8811350085939254,-0.04008357318701039,0.9790954725416586,0.7490066081302114
1030.040039,-0.4664788513285325,-0.7466617297590672,0.007469050199181648,0.9879840121927701,-0.8811350085939254,-0.04008357318701039,0.9790954725416586,0.7490066081302114
1035.045044,-0.4664788513285325,-0.7466617297590672,0.007469050199181648,0.9879840121927701,-0.8811350085939254,-0.04008357318701039,0.9790954725416586,0.7490066081302114
1040.050049,-0.4664788513285325,-0.7466617297590672,0.007469050199181648,0.9879840121927701,-0.8811350085939254,-0.04008357318701039,0.9790954725416586,0.7490066081302114
1045.055054,-0.4664788513285325,-0.7466617297590672,0.007469050199181648,0.9879840121927701,-0.8811350085939254,-0.04008357318701039,0.9790954725416586,0.7490066081302114
1050.060059,-0.4664788513285325,-0.7466617297590672,0.007469050199181648,0.9879840121927701,-0.8811350085939254,-0.04008357318701039,0.9790954725416586,0.7490066081302114
1055.064941,-0.4664788513285325,-0.7466617297590672,0.007469050199181648,0.9879840121927701,-0.8811350085939254,-0.04008357318701039,0.9790954725416586,0.7490066081302114
1060.064941,-0.4664788513285325,-0.7466617297590672,0.007469050199181648,0.9879840121927701,-0.8811350085939254,-0.04008357318701039,0.9790954725416586,0.7490066081302114
1065.064941,-0.4664788513285325,-0.7466617297590672,0.007469050199181648,0.9879840121927701,-0.8811350085939254,-0.04008357318701039,0.9790954725416586,0.7490066081302114
1070.064941,-0.4664788513285325,-0.7466617297590672,0.007469050199181648,0.9879840121927701,-0.8811350085939254,-0.04008357318701039,0.9790954725416586,0.7490066081302114
1075.064941,-0.4664788513285325,-0.7466617297590672,0.007469050199181648,0.9879840121927701,-0.8811350085939254,-0.04008357318701039,0.9790954725416586,0.7490066081302114
1080.064941,-0.4664788513285325,-0.7466617297590672,0.007469050199181648,0.9879840121927701,-0.8811350085939254,-0.04008357318701039,0.9790954725416586,0.7490066081302114
1085.064941,-0.4664788513285325,-0.7466617297590672,0.007469050199181648,0.9879840121927701,-0.8811350085939254,-0.04008357318701039,0.9790954725416586,0.7490066081302114
1090.064941,-0.4664788513285325,-0.7466617297590672,0.007469050199181648,0.9879840121927701,-0.8811350085939254,-0.04008357318701039,0.9790954725416586,0.7490066081302114
1095.064941,-0.4664788513285325,-0.7466617297590672,0.007469050199181648,0.9879840121927701,-0.8811350085939254,-0.04008357318701039,0.9790954725416586,0.7490066081302114
1100.064941,-0.4664788513285325,-0.7466617297590672,0.007469050199181648,0.9879840121927701,-0.8811350085939254,-0.04008357318701039,0.9790954725416586,0.7490066081302114
1105.064941,-0.4664788513285325,-0.7466617297590672,0.007469050199181648,0.9879840121927701,-0.8811350085939254,-0.04008357318701039,0.9790954725416586,0.7490066081302114
1110.064941,-0.4664788513285325,-0.7466617297590672,0.007469050199181648,0.9879840121927701,-0.8811350085939254,-0.04008357318701039,0.9790954725416586,0.7490066081302114
1115.064941,-0.4664788513285325,-0.7466617297590672,0.007469050199181648,0.9879840121927701,-0.8811350085939254,-0.04008357318701039,0.9790954725416586,0.7490066081302114
1120.064941,-0.4664788513285325,-0.7466617297590672,0.007469050199181648,0.9879840121927701,-0.8811350085939254,-0.04008357318701039,0.9790954725416586,0.7490066081302114
1125.064941,-0.4664788513285325,-0.7466617297590672,0.007469050199181648,0.9879840121927701,-0.8811350085939254,-0.04008357318701039,0.9790954725416586,0.7490066081302114
1130.064941,-0.4664788513285325,-0.7466617297590672,0.007469050199181648,0.9879840121927701,-0.8811350085939254,-0.04008357318701039,0.9790954725416586,0.7490066081302114
1135.064941,-0.4664788513285325,-0.7466617297590672,0.007469050199181648,0.9879840121927701,-0.8811350085939254,-0.04008357318701039,0.9790954725416586,0.7490066081302114
1140.064941,-0.4664788513285325,-0.7466617297590672,0.007469050199181648,0.9879840121927701,-0.8811350085939254,-0.04008357318701039,0.9790954725416586,0.7490066081302114
1145.064941,-0.4664788513285325,-0.7466617297590672,0.007469050199181648,0.9879840121927701,-0.8811350085939254,-0.04008357318701039,0.9790954725416586,0.7490066081302114
1150.064941,-0.4664788513285325,-0.7466617297590672,0.007469050199181648,0.9879840121927701,-0.8811350085939254,-0.04008357318701039,0.9790954725416586,0.7490066081302114
1155.064941,-0.4664788513285325,-0.7466617297590672,0.007469050199181648,0.9879840121927701,-0.8811350085939254,-0.04008357318701039,0.9790954725416586,0.7490066081302114
1160.064941,-0.4664788513285325,-0.7466617297590672,0.007469050199181648,0.9879840121927701,-0.8811350085939254,-0.04008357318701039,0.9790954725416586,0.7490066081302114
1165.064941,-0.4664788513285325,-0.7466617297590672,0.007469050199181648,0.9879840121927701,-0.8811350085939254,-0.04008357318701039,0.9790954725416586,0.7490066081302114
1170.064941,-0.4664788513285325,-0.7466617297590672,0.007469050199181648,0.9879840121927701,-0.8811350085939254,-0.04008357318701039,0.9790954725416586,0.7490066081302114
1175.064941,-0.4664788513285325,-0.7466617297590672,0.007469050199181648,0.9879840121927701,-0.8811350085939254,-0.04008357318701039,0.9790954725416586,0.7490066081302114
1180.064941,-0.4664788513285325,-0.7466617297590672,0.007469050199181648,0.9879840121927701,-0.8811350085939254,-0.04008357318701039,0.9790954725416586,0.7490066081302114
1185.064941,-0.4664788513285325,-0.7466617297590672,0.007469050199181648,0.9879840121927701,-0.8811350085939254,-0.04008357318701039,0.9790954725416586,0.7490066081302114
1190.064941,-0.4664788513285325,-0.7466617297590672,0.007469050199181648,0.9879840121927701,-0.8811350085939254,-0.04008357318701039,0.9790954725416586,0.7490066081302114
1195.064941,-0.4664788513285325,-0.7466617297590672,0.007469050199181648,0.9879840121927701,-0.8811350085939254,-0.04008357318701039,0.9790954725416586,0.7490066081302114
1200.064941,-0.4664788513285325,-0.7466617297590672,0.007469050199181648,0.9879840121927701,-0.8811350085939254,-0.04008357318701039,0.9790954725416586,0.7490066081302114
1205.064941,-0.4664788513285325,-0.7466617297590672,0.007469050199181648,0.9879840121927701,-0.8811350085939254,-0.04008357318701039,0.9790954725416586,0.7490066081302114
1210.064941,-0.4664788513285325,-0.7466617297590672,0.007469050199181648,0.9879840121927701,-0.8811350085939254,-0.04008357318701039,0.9790954725416586,0.7490066081302114
1215.064941,-0.4664788513285325,-0.7466617297590672,0.007469050199181648,0.9879840121927701,-0.8811350085939254,-0.04008357318701039,0.9790954725416586,0.7490066081302114
1220.064941,-0.4664788513285325,-0.7466617297590672,0.007469050199181648,0.9879840121927701,-0.8811350085939254,-0.04008357318701039,0.9790954725416586,0.7490066081302114
1225.064941,-0.4664788513285325,-0.7466617297590672,0.007469050199181648,0.9879840121927701,-0.8811350085939254,-0.04008357318701039,0.9790954725416586,0.7490066081302114
1230.064941,-0.4664788513285325,-0.7466617297590672,0.007469050199181648,0.9879840121927701,-0.8811350085939254,-0.04008357318701039,0.9790954725416586,0.7490066081302114
1235.064941,-0.4664788513285325,-0.7466617297590672,0.007469050199181648,0.9879840121927701,-0.8811350085939254,-0.04008357318701039,0.9790954725416586,0.7490066081302114
1240.064941,-0.4664788513285325,-0.7466617297590672,0.007469050199181648,0.9879840121927701,-0.8811350085939254,-0.04008357318701039,0.9790954725416586,0.7490066081302114
1245.064941,-0.4664788513285325,-0.7466617297590672,0.007469050199181648,0.9879840121927701,-0.8811350085939254,-0.04008357318701039,0.9790954725416586,0.7490066081302114
1250.064941,-0.4664788513285325,-0.7466617297590672,0.007469050199181648,0.9879840121927701,-0.8811350085939254,-0.04008357318701039,0.9790954725416586,0.7490066081302114
1255.064941,-0.4664788513285325,-0.7466617297590672,0.007469050199181648,0.9879840121927701,-0.8811350085939254,-0.04008357318701039,0.9790954725416586,0.7490066081302114
1260.064941,-0.4664788513285325,-0.7466617297590672,0.007469050199181648,0.9879840121927701,-0.8811350085939254,-0.04008357318701039,0.9790954725416586,0.7490066081302114
1265.064941,-0.4664788513285325,-0.7466617297590672,0.007469050199181648,0.9879840121927701,-0.8811350085939254,-0.04008357318701039,0.9790954725416586,0.7490066081302114
1270.064941,-0.4664788513285325,-0.7466617297590672,0.007469050199181648,0.9879840121927701,-0.8811350085939254,-0.04008357318701039,0.9790954725416586,0.7490066081302114
1275.064941,-0.4664788513285325,-0.7466617297590672,0.007469050199181648,0.9879840121927701,-0.8811350085939254,-0.04008357318701039,0.9790954725416586,0.7490066081302114
1280.064941,-0.4664788513285325,-0.7466617297590672,0.007469050199181648,0.9879840121927701,-0.8811350085939254,-0.04008357318701039,0.9790954725416586,0.7490066081302114
1285.064941,-0.4664788513285325,-0.7466617297590672,0.007469050199181648,0.9879840121927701,-0.8811350085939254,-0.04008357318701039,0.9790954725416586,0.7490066081302114
1290.064941,-0.4664788513285325,-0.7466617297590672,0.007469050199181648,0.9879840121927701,-0.8811350085939254,-0.04008357318701039,0.9790954725416586,0.7490066081302114
1295.064941,-0.4664788513285325,-0.7466617297590672,0.007469050199181648,0.9879840121927701,-0.8811350085939254,-0.04008357318701039,0.9790954725416586,0.7490066081302114
1300.064941,-0.4664788513285325,-0.7466617297590672,0.007469050199181648,0.9879840121927701,-0.8811350085939254,-0.04008357318701039,0.9790954725416586,0.7490066081302114
1305.064941,-0.4664788513285325,-0.7466617297590672,0.007469050199181648,0.9879840121927701,-0.8811350085939254,-0.04008357318701039,0.9790954725416586,0.7490066081302114
1310.064941,-0.4664788513285325,-0.7466617297590672,0.007469050199181648,0.9879840121927701,-0.8811350085939254,-0.04008357318701039,0.9790954725416586,0.7490066081302114
1315.064941,-0.4664788513285325,-0.7466617297590672,0.007469050199181648,0.9879840121927701,-0.8811350085939254,-0.04008357318701039,0.9790954725416586,0.7490066081302114
1320.064941,-0.4664788513285325,-0.7466617297590672,0.007469050199181648,0.9879840121927701,-0.8811350085939254,-0.04008357318701039,0.9790954725416586,0.7490066081302114
1325.064941,-0.4664788513285325,-0.7466617297590672,0.007469050199181648,0.9879840121927701,-0.8811350085939254,-0.04008357318701039,0.9790954725416586,0.7490066081302114
1330.064941,-0.4664788513285325,-0.7466617297590672,0.007469050199181648,0.9879840121927701,-0.8811350085939254,-0.04008357318701039,0.9790954725416586,0.7490066081302114
1335.064941,-0.4664788513285325,-0.7466617297590672,0.007469050199181648,0.9879840121927701,-0.8811350085939254,-0.04008357318701039,0.9790954725416586,0.7490066081302114
1340.064941,-0.4664788513285325,-0.7466617297590672,0.007469050199181648,0.9879840121927701,-0.8811350085939254,-0.04008357318701039,0.9790954725416586,0.7490066081302114
1345.064941,-0.4664788513285325,-0.7466617297590672,0.007469050199181648,0.9879840121927701,-0.8811350085939254,-0.04008357318701039,0.9790954725416586,0.7490066081302114
1350.064941,-0.4664788513285325,-0.7466617297590672,0.007469050199181648,0.9879840121927701,-0.8811350085939254,-0.04008357318701039,0.9790954725416586,0.7490066081302114
1355.064941,-0.4664788513285325,-0.7466617297590672,0.007469050199181648,0.9879840121927701,-0.8811350085939254,-0.04008357318701039,0.9790954725416586,0.7490066081302114
1360.064941,-0.4664788513285325,-0.7466617297590672,0.007469050199181648,0.9879840121927701,-0.8811350085939254,-0.04008357318701039,0.9790954725416586,0.7490066081302114
1365.064941,-0.4664788513285325,-0.7466617297590672,0.007469050199181648,0.9879840121927701,-0.8811350085939254,-0.04008357318701039,0.9790954725416586,0.7490066081302114
1370.064941,-0.4664788513285325,-0.7466617297590672,0.007469050199181648,0.9879840121927701,-0.8811350085939254,-0.04008357318701039,0.9790954725416586,0.7490066081302114
1375.064941,-0.4664788513285325,-0.7466617297590672,0.007469050199181648,0.9879840121927701,-0.8811350085939254,-0.04008357318701039,0.9790954725416586,0.7490066081302114
1380.064941,-0.4664788513285325,-0.7466617297590672,0.007469050199181648,0.9879840121927701,-0.8811350085939254,-0.04008357318701039,0.9790954725416586,0.7490066081302114
1385.064941,-0.4664788513285325,-0.7466617297590672,0.007469050199181648,0.9879840121927701,-0.8811350085939254,-0.04008357318701039,0.9790954725416586,0.7490066081302114
1390.064941,-0.4664788513285325,-0.7466617297590672,0.007469050199181648,0.9879840121927701,-0.8811350085939254,-0.04008357318701039,0.9790954725416586,0.7490066081302114
1395.064941,-0.4664788513285325,-0.7466617297590672,0.007469050199181648,0.9879840121927701,-0.8811350085939254,-0.04008357318701039,0.9790954725416586,0.7490066081302114
1400.064941,-0.4664788513285325,-0.7466617297590672,0.007469050199181648,0.9879840121927701,-0.8811350085939254,-0.04008357318701039,0.9790954725416586,0.7490066081302114
1405.064941,-0.4664788513285325,-0.7466617297590672,0.007469050199181648,0.9879840121927701,-0.8811350085939254,-0.04008357318701039,0.9790954725416586,0.7490066081302114
1410.064941,-0.4664788513285325,-0.7466617297590672,0.007469050199181648,0.9879840121927701,-0.8811350085939254,-0.04008357318701039,0.9790954725416586,0.7490066081302114
1415.064941,-0.4664788513285325,-0.7466617297590672,0.007469050199181648,0.9879840121927701,-0.8811350085939254,-0.04008357318701039,0.9790954725416586,0.7490066081302114
1420.064941,-0.4664788513285325,-0.7466617297590672,0.007469050199181648,0.9879840121927701,-0.8811350085939254,-0.04008357318701039,0.9790954725416586,0.7490066081302114
1425.064941,-0.4664788513285325,-0.7466617297590672,0.007469050199181648,0.9879840121927701,-0.8811350085939254,-0.04008357318701039,0.9790954725416586,0.7490066081302114
1430.064941,-0.4664788513285325,-0.7466617297590672,0.007469050199181648,0.9879840121927701,-0.8811350085939254,-0.04008357318701039,0.9790954725416586,0.7490066081302114
1435.064941,-0.4664788513285325,-0.7466617297590672,0.007469050199181648,0.9879840121927701,-0.8811350085939254,-0.04008357318701039,0.9790954725416586,0.7490066081302114
1440.064941,-0.4664788513285325,-0.7466617297590672,0.007469050199181648,0.9879840121927701,-0.8811350085939254,-0.04008357318701039,0.9790954725416586,0.7490066081302114
1445.064941,-0.4664788513285325,-0.7466617297590672,0.007469050199181648,0.9879840121927701,-0.8811350085939254,-0.04008357318701039,0.9790954725416586,0.7490066081302114
1450.064941,-0.4664788513285325,-0.7466617297590672,0.007469050199181648,0.9879840121927701,-0.8811350085939254,-0.04008357318701039,0.9790954725416586,0.7490066081302114
1455.064941,-0.4664788513285325,-0.7466617297590672,0.007469050199181648,0.9879840121927701,-0.8811350085939254,-0.04008357318701039,0.9790954725416586,0.7490066081302114
1460.064941,-0.4664788513285325,-0.7466617297590672,0.007469050199181648,0.9879840121927701,-0.8811350085939254,-0.04008357318701039,0.9790954725416586,0.7490066081302114
1465.064941,-0.4664788513285325,-0.7466617297590672,0.007469050199181648,0.9879840121927701,-0.8811350085939254,-0.04008357318701039,0.9790954725416586,0.7490066081302114
1470.064941,-0.4664788513285325,-0.7466617297590672,0.007469050199181648,0.9879840121927701,-0.8811350085939254,-0.04008357318701039,0.9790954725416586,0.7490066081302114
1475.064941,-0.4664788513285325,-0.7466617297590672,0.007469050199181648,0.9879840121927701,-0.8811350085939254,-0.04008357318701039,0.9790954725416586,0.7490066081302114
1480.064941,-0.4664788513285325,-0.7466617297590672,0.007469050199181648,0.9879840121927701,-0.8811350085939254,-0.04008357318701039,0.9790954725416586,0.7490066081302114
1485.064941,-0.4664788513285325,-0.7466617297590672,0.007469050199181648,0.9879840121927701,-0.8811350085939254,-0.04008357318701039,0.9790954725416586,0.7490066081302114
1490.064941,-0.4664788513285325,-0.7466617297590672,0.007469050199181648,0.9879840121927701,-0.8811350085939254,-0.04008357318701039,0.9790954725416586,0.7490066081302114
1495.064941,-0.4664788513285325,-0.7466617297590672,0.007469050199181648,0.9879840121927701,-0.8811350085939254,-0.04008357318701039,0.9790954725416586,0.7490066081302114
1500.064941,-0.4664788513285325,-0.7466617297590672,0.007469050199181648,0.9879840121927701,-0.8811350085939254,-0.04008357318701039,0.9790954725416586,0.7490066081302114
1505.064941,-0.4664788513285325,-0.7466617297590672,0.007469050199181648,0.9879840121927701,-0.8811350085939254,-0.04008357318701039,0.9790954725416586,0.7490066081302114
1510.064941,-0.4664788513285325,-0.7466617297590672,0.007469050199181648,0.9879840121927701,-0.8811350085939254,-0.04008357318701039,0.9790954725416586,0.7490066081302114
1515.064941,-0.4664788513285325,-0.7466617297590672,0.007469050199181648,0.9879840121927701,-0.8811350085939254,-0.04008357318701039,0.9790954725416586,0.7490066081302114
1520.064941,-0.4664788513285325,-0.7466617297590672,0.007469050199181648,0.9879840121927701,-0.8811350085939254,-0.04008357318701039,0.9790954725416586,0.7490066081302114
1525.064941,-0.4664788513285325,-0.7466617297590672,0.007469050199181648,0.9879840121927701,-0.8811350085939254,-0.04008357318701039,0.9790954725416586,0.7490066081302114
1530.064941,-0.4664788513285325,-0.7466617297590672,0.007469050199181648,0.9879840121927701,-0.8811350085939254,-0.04008357318701039,0.9790954725416586,0.7490066081302114
1535.064941,-0.4664788513285325,-0.7466617297590672,0.007469050199181648,0.9879840121927701,-0.8811350085939254,-0.04008357318701039,0.9790954725416586,0.7490066081302114
1540.064941,-0.4664788513285325,-0.7466617297590672,0.007469050199181648,0.9879840121927701,-0.8811350085939254,-0.04008357318701039,0.9790954725416586,0.7490066081302114
1545.064941,-0.4664788513285325,-0.7466617297590672,0.007469050199181648,0.9879840121927701,-0.8811350085939254,-0.04008357318701039,0.9790954725416586,0.7490066081302114
1550.064941,-0.4664788513285325,-0.7466617297590672,0.007469050199181648,0.9879840121927701,-0.8811350085939254,-0.04008357318701039,0.9790954725416586,0.7490066081302114
1555.064941,-0.4664788513285325,-0.7466617297590672,0.007469050199181648,0.9879840121927701,-0.8811350085939254,-0.04008357318701039,0.9790954725416586,0.7490066081302114
1560.064941,-0.4664788513285325,-0.7466617297590672,0.007469050199181648,0.9879840121927701,-0.8811350085939254,-0.04008357318701039,0.9790954725416586,0.7490066081302114
1565.064941,-0.4664788513285325,-0.7466617297590672,0.007469050199181648,0.9879840121927701,-0.8811350085939254,-0.04008357318701039,0.9790954725416586,0.7490066081302114
1570.064941,-0.4664788513285325,-0.7466617297590672,0.007469050199181648,0.9879840121927701,-0.8811350085939254,-0.04008357318701039,0.9790954725416586,0.7490066081302114
1575.064941,-0.4664788513285325,-0.7466617297590672,0.007469050199181648,0.9879840121927701,-0.8811350085939254,-0.04008357318701039,0.9790954725416586,0.7490066081302114
1580.064941,-0.4664788513285325,-0.7466617297590672,0.007469050199181648,0.9879840121927701,-0.8811350085939254,-0.04008357318701039,0.9790954725416586,0.7490066081302114
1585.064941,-0.4664788513285325,-0.7466617297590672,0.007469050199181648,0.9879840121927701,-0.8811350085939254,-0.04008357318701039,0.9790954725416586,0.7490066081302114
1590.064941,-0.4664788513285325,-0.7466617297590672,0.007469050199181648,0.9879840121927701,-0.8811350085939254,-0.04008357318701039,0.9790954725416586,0.7490066081302114
1595.064941,-0.4664788513285325,-0.7466617297590672,0.007469050199181648,0.9879840121927701,-0.8811350085939254,-0.04008357318701039,0.9790954725416586,0.7490066081302114
1600.064941,-0.4664788513285325,-0.7466617297590672,0.007469050199181648,0.9879840121927701,-0.8811350085939254,-0.04008357318701039,0.9790954725416586,0.7490066081302114
1605.064941,-0.4664788513285325,-0.7466617297590672,0.007469050199181648,0.9879840121927701,-0.8811350085939254,-0.04008357318701039,0.9790954725416586,0.7490066081302114
1610.064941,-0.4664788513285325,-0.7466617297590672,0.007469050199181648,0.9879840121927701,-0.8811350085939254,-0.04008357318701039,0.9790954725416586,0.7490066081302114
1615.064941,-0.4664788513285325,-0.7466617297590672,0.007469050199181648,0.9879840121927701,-0.8811350085939254,-0.04008357318701039,0.9790954725416586,0.7490066081302114
1620.064941,-0.4664788513285325,-0.7466617297590672,0.007469050199181648,0.9879840121927701,-0.8811350085939254,-0.04008357318701039,0.9790954725416586,0.7490066081302114
1625.064941,-0.4664788513285325,-0.7466617297590672,0.007469050199181648,0.9879840121927701,-0.8811350085939254,-0.04008357318701039,0.9790954725416586,0.7490066081302114
1630.064941,-0.4664788513285325,-0.7466617297590672,0.007469050199181648,0.9879840121927701,-0.8811350085939254,-0.04008357318701039,0.9790954725416586,0.7490066081302114
1635.064941,-0.4664788513285325,-0.7466617297590672,0.007469050199181648,0.9879840121927701,-0.8811350085939254,-0.04008357318701039,0.9790954725416586,0.7490066081302114
1640.064941,-0.4664788513285325,-0.7466617297590672,0.007469050199181648,0.9879840121927701,-0.8811350085939254,-0.04008357318701039,0.9790954725416586,0.7490066081302114
1645.064941,-0.4664788513285325,-0.7466617297590672,0.007469050199181648,0.9879840121927701,-0.8811350085939254,-0.04008357318701039,0.9790954725416586,0.7490066081302114
1650.064941,-0.4664788513285325,-0.7466617297590672,0.007469050199181648,0.9879840121927701,-0.8811350085939254,-0.04008357318701039,0.9790954725416586,0.7490066081302114
1655.064941,-0.4664788513285325,-0.7466617297590672,0.007469050199181648,0.9879840121927701,-0.8811350085939254,-0.04008357318701039,0.9790954725416586,0.7490066081302114
1660.064941,-0.4664788513285325,-0.7466617297590672,0.007469050199181648,0.9879840121927701,-0.8811350085939254,-0.04008357318701039,0.9790954725416586,0.7490066081302114
1665.064941,-0.4664788513285325,-0.7466617297590672,0.007469050199181648,0.9879840121927701,-0.8811350085939254,-0.04008357318701039,0.9790954725416586,0.7490066081302114
1670.064941,-0.4664788513285325,-0.7466617297590672,0.007469050199181648,0.9879840121927701,-0.8811350085939254,-0.04008357318701039,0.9790954725416586,0.7490066081302114
1675.064941,-0.4664788513285325,-0.7466617297590672,0.007469050199181648,0.9879840121927701,-0.8811350085939254,-0.04008357318701039,0.9790954725416586,0.7490066081302114
1680.064941,-0.4664788513285325,-0.7466617297590672,0.007469050199181648,0.9879840121927701,-0.8811350085939254,-0.04008357318701039,0.9790954725416586,0.7490066081302114
1685.064941,-0.4664788513285325,-0.7466617297590672,0.007469050199181648,0.9879840121927701,-0.8811350085939254,-0.04008357318701039,0.9790954725416586,0.7490066081302114
1690.064941,-0.4664788513285325,-0.7466617297590672,0.007469050199181648,0.9879840121927701,-0.8811350085939254,-0.04008357318701039,0.9790954725416586,0.7490066081302114
1695.064941,-0.4664788513285325,-0.7466617297590672,0.007469050199181648,0.9879840121927701,-0.8811350085939254,-0.04008357318701039,0.9790954725416586,0.7490066081302114
1700.064941,-0.4664788513285325,-0.7466617297590672,0.007469050199181648,0.9879840121927701,-0.8811350085939254,-0.04008357318701039,0.9790954725416586,0.7490066081302114
1705.064941,-0.4664788513285325,-0.7466617297590672,0.007469050199181648,0.9879840121927701,-0.8811350085939254,-0.04008357318701039,0.9790954725416586,0.7490066081302114
1710.064941,-0.4664788513285325,-0.7466617297590672,0.007469050199181648,0.9879840121927701,-0.8811350085939254,-0.04008357318701039,0.9790954725416586,0.7490066081302114
1715.064941,-0.4664788513285325,-0.7466617297590672,0.007469050199181648,0.9879840121927701,-0.8811350085939254,-0.04008357318701039,0.9790954725416586,0.7490066081302114
1720.064941,-0.4664788513285325,-0.7466617297590672,0.007469050199181648,0.9879840121927701,-0.8811350085939254,-0.04008357318701039,0.9790954725416586,0.7490066081302114
1725.064941,-0.4664788513285325,-0.7466617297590672,0.007469050199181648,0.9879840121927701,-0.8811350085939254,-0.04008357318701039,0.9790954725416586,0.7490066081302114
1730.064941,-0.4664788513285325,-0.7466617297590672,0.007469050199181648,0.9879840121927701,-0.8811350085939254,-0.04008357318701039,0.9790954725416586,0.7490066081302114
1735.064941,-0.4664788513285325,-0.7466617297590672,0.007469050199181648,0.9879840121927701,-0.8811350085939254,-0.04008357318701039,0.9790954725416586,0.7490066081302114
1740.064941,-0.4664788513285325,-0.7466617297590672,0.007469050199181648,0.9879840121927701,-0.8811350085939254,-0.04008357318701039,0.9790954725416586,0.7490066081302114
1745.064941,-0.4664788513285325,-0.7466617297590672,0.007469050199181648,0.9879840121927701,-0.8811350085939254,-0.04008357318701039,0.9790954725416586,0.7490066081302114
1750.064941,-0.4664788513285325,-0.7466617297590672,0.007469050199181648,0.9879840121927701,-0.8811350085939254,-0.04008357318701039,0.9790954725416586,0.7490066081302114
1755.064941,-0.4664788513285325,-0.7466617297590672,0.007469050199181648,0.9879840121927701,-0.8811350085939254,-0.04008357318701039,0.9790954725416586,0.7490066081302114
1760.064941,-0.4664788513285325,-0.7466617297590672,0.007469050199181648,0.9879840121927701,-0.8811350085939254,-0.04008357318701039,0.9790954725416586,0.7490066081302114
1765.064941,-0.4664788513285325,-0.7466617297590672,0.007469050199181648,0.9879840121927701,-0.8811350085939254,-0.04008357318701039,0.9790954725416586,0.7490066081302114
1770.064941,-0.4664788513285325,-0.7466617297590672,0.007469050199181648,0.9879840121927701,-0.8811350085939254,-0.04008357318701039,0.9790954725416586,0.7490066081302114
1775.064941,-0.4664788513285325,-0.7466617297590672,0.007469050199181648,0.9879840121927701,-0.8811350085939254,-0.04008357318701039,0.9790954725416586,0.7490066081302114
1780.064941,-0.4664788513285325,-0.7466617297590672,0.007469050199181648,0.9879840121927701,-0.8811350085939254,-0.04008357318701039,0.9790954725416586,0.7490066081302114
1785.064941,-0.4664788513285325,-0.7466617297590672,0.007469050199181648,0.9879840121927701,-0.8811350085939254,-0.04008357318701039,0.9790954725416586,0.7490066081302114
1790.064941,-0.4664788513285325,-0.7466617297590672,0.007469050199181648,0.9879840121927701,-0.8811350085939254,-0.04008357318701039,0.9790954725416586,0.7490066081302114
1795.064941,-0.4664788513285325,-0.7466617297590672,0.007469050199181648,0.9879840121927701,-0.8811350085939254,-0.04008357318701039,0.9790954725416586,0.7490066081302114
1800.064941,-0.4664788513285325,-0.7466617297590672,0.007469050199181648,0.9879840121927701,-0.8811350085939254,-0.04008357318701039,0.9790954725416586,0.7490066081302114
1805.064941,-0.4664788513285325,-0.7466617297590672,0.007469050199181648,0.9879840121927701,-0.8811350085939254,-0.04008357318701039,0.9790954725416586,0.7490066081302114
1810.064941,-0.4664788513285325,-0.7466617297590672,0.007469050199181648,0.9879840121927701,-0.8811350085939254,-0.04008357318701039,0.9790954725416586,0.7490066081302114
1815.064941,-0.4664788513285325,-0.7466617297590672,0.007469050199181648,0.9879840121927701,-0.8811350085939254,-0.04008357318701039,0.9790954725416586,0.7490066081302114
1820.064941,-0.4664788513285325,-0.7466617297590672,0.007469050199181648,0.9879840121927701,-0.8811350085939254,-0.04008357318701039,0.9790954725416586,0.7490066081302114
1825.064941,-0.4664788513285325,-0.7466617297590672,0.007469050199181648,0.9879840121927701,-0.8811350085939254,-0.04008357318701039,0.9790954725416586,0.7490066081302114
1830.064941,-0.4664788513285325,-0.7466617297590672,0.007469050199181648,0.9879840121927701,-0.8811350085939254,-0.04008357318701039,0.9790954725416586,0.7490066081302114
1835.064941,-0.4664788513285325,-0.7466617297590672,0.007469050199181648,0.9879840121927701,-0.8811350085939254,-0.04008357318701039,0.9790954725416586,0.7490066081302114
1840.064941,-0.4664788513285325,-0.7466617297590672,0.007469050199181648,0.9879840121927701,-0.8811350085939254,-0.04008357318701039,0.9790954725416586,0.7490066081302114
1845.064941,-0.4664788513285325,-0.7466617297590672,0.007469050199181648,0.9879840121927701,-0.8811350085939254,-0.04008357318701039,0.9790954725416586,0.7490066081302114
1850.064941,-0.4664788513285325,-0.7466617297590672,0.007469050199181648,0.9879840121927701,-0.8811350085939254,-0.04008357318701039,0.9790954725416586,0.7490066081302114
1855.064941,-0.4664788513285325,-0.7466617297590672,0.007469050199181648,0.9879840121927701,-0.8811350085939254,-0.04008357318701039,0.9790954725416586,0.7490066081302114
1860.064941,-0.4664788513285325,-0.7466617297590672,0.007469050199181648,0.9879840121927701,-0.8811350085939254,-0.04008357318701039,0.9790954725416586,0.7490066081302114
1865.064941,-0.4664788513285325,-0.7466617297590672,0.007469050199181648,0.9879840121927701,-0.8811350085939254,-0.04008357318701039,0.9790954725416586,0.7490066081302114
1870.064941,-0.4664788513285325,-0.7466617297590672,0.007469050199181648,0.9879840121927701,-0.8811350085939254,-0.04008357318701039,0.9790954725416586,0.7490066081302114
1875.064941,-0.4664788513285325,-0.7466617297590672,0.007469050199181648,0.9879840121927701,-0.8811350085939254,-0.04008357318701039,0.9790954725416586,0.7490066081302114
1880.064941,-0.4664788513285325,-0.7466617297590672,0.007469050199181648,0.9879840121927701,-0.8811350085939254,-0.04008357318701039,0.9790954725416586,0.7490066081302114
1885.064941,-0.4664788513285325,-0.7466617297590672,0.007469050199181648,0.9879840121927701,-0.8811350085939254,-0.04008357318701039,0.9790954725416586,0.7490066081302114
1890.064941,-0.4664788513285325,-0.7466617297590672,0.007469050199181648,0.9879840121927701,-0.8811350085939254,-0.04008357318701039,0.9790954725416586,0.7490066081302114
1895.064941,-0.4664788513285325,-0.7466617297590672,0.007469050199181648,0.9879840121927701,-0.8811350085939254,-0.04008357318701039,0.9790954725416586,0.7490066081302114
1900.064941,-0.4664788513285325,-0.7466617297590672,0.007469050199181648,0.9879840121927701,-0.8811350085939254,-0.04008357318701039,0.9790954725416586,0.7490066081302114
1905.064941,-0.4664788513285325,-0.7466617297590672,0.007469050199181648,0.9879840121927701,-0.8811350085939254,-0.04008357318701039,0.9790954725416586,0.7490066081302114
1910.064941,-0.4664788513285325,-0.7466617297590672,0.007469050199181648,0.9879840121927701,-0.8811350085939254,-0.04008357318701039,0.9790954725416586,0.7490066081302114
1915.064941,-0.4664788513285325,-0.7466617297590672,0.007469050199181648,0.9879840121927701,-0.8811350085939254,-0.04008357318701039,0.9790954725416586,0.7490066081302114
1920.064941,-0.4664788513285325,-0.7466617297590672,0.007469050199181648,0.9879840121927701,-0.8811350085939254,-0.04008357318701039,0.9790954725416586,0.7490066081302114
1925.064941,-0.4664788513285325,-0.7466617297590672,0.007469050199181648,0.9879840121927701,-0.8811350085939254,-0.04008357318701039,0.9790954725416586,0.7490066081302114
1930.064941,-0.4664788513285325,-0.7466617297590672,0.007469050199181648,0.9879840121927701,-0.8811350085939254,-0.04008357318701039,0.9790954725416586,0.7490066081302114
1935.064941,-0.4664788513285325,-0.7466617297590672,0.007469050199181648,0.9879840121927701,-0.8811350085939254,-0.04008357318701039,0.9790954725416586,0.7490066081302114
1940.064941,-0.4664788513285325,-0.7466617297590672,0.007469050199181648,0.9879840121927701,-0.8811350085939254,-0.04008357318701039,0.9790954725416586,0.7490066081302114
1945.064941,-0.4664788513285325,-0.7466617297590672,0.007469050199181648,0.9879840121927701,-0.8811350085939254,-0.04008357318701039,0.9790954725416586,0.7490066081302114
1950.064941,-0.4664788513285325,-0.7466617297590672,0.007469050199181648,0.9879840121927701,-0.8811350085939254,-0.04008357318701039,0.9790954725416586,0.7490066081302114
1955.064941,-0.4664788513285325,-0.7466617297590672,0.007469050199181648,0.9879840121927701,-0.8811350085939254,-0.04008357318701039,0.9790954725416586,0.7490066081302114
1960.064941,-0.4664788513285325,-0.7466617297590672,0.007469050199181648,0.9879840121927701,-0.8811350085939254,-0.04008357318701039,0.9790954725416586,0.7490066081302114
1965.064941,-0.4664788513285325,-0.7466617297590672,0.007469050199181648,0.9879840121927701,-0.8811350085939254,-0.04008357318701039,0.9790954725416586,0.7490066081302114
1970.064941,-0.4664788513285325,-0.7466617297590672,0.007469050199181648,0.9879840121927701,-0.8811350085939254,-0.04008357318701039,0.9790954725416586,0.7490066081302114
1975.064941,-0.4664788513285325,-0.7466617297590672,0.007469050199181648,0.9879840121927701,-0.8811350085939254,-0.04008357318701039,0.9790954725416586,0.7490066081302114
1980.064941,-0.4664788513285325,-0.7466617297590672,0.007469050199181648,0.9879840121927701,-0.8811350085939254,-0.04008357318701039,0.9790954725416586,0.7490066081302114
1985.064941,-0.4664788513285325,-0.7466617297590672,0.007469050199181648,0.9879840121927701,-0.8811350085939254,-0.04008357318701039,0.9790954725416586,0.7490066081302114
1990.064941,-0.4664788513285325,-0.7466617297590672,0.007469050199181648,0.9879840121927701,-0.8811350085939254,-0.04008357318701039,0.9790954725416586,0.7490066081302114
1995.064941,-0.4664788513285325,-0.7466617297590672,0.007469050199181648,0.9879840121927701,-0.8811350085939254,-0.04008357318701039,0.9790954725416586,0.7490066081302114
2000.064941,-0.4664788513285325,-0.7466617297590672,0.007469050199181648,0.9879840121927701,-0.8811350085939254,-0.04008357318701039,0.9790954725416586,0.7490066081302114
2005.064941,-0.4664788513285325,-0.7466617297590672,0.007469050199181648,0.9879840121927701,-0.8811350085939254,-0.04008357318701039,0.9790954725416586,0.7490066081302114
2010.064941,-0.4664788513285325,-0.7466617297590672,0.007469050199181648,0.9879840121927701,-0.8811350085939254,-0.04008357318701039,0.9790954725416586,0.7490066081302114
2015.064941,-0.4664788513285325,-0.7466617297590672,0.007469050199181648,0.9879840121927701,-0.8811350085939254,-0.04008357318701039,0.9790954725416586,0.7490066081302114
2020.064941,-0.4664788513285325,-0.7466617297590672,0.007469050199181648,0.9879840121927701,-0.8811350085939254,-0.04008357318701039,0.9790954725416586,0.7490066081302114
2025.064941,-0.4664788513285325,-0.7466617297590672,0.007469050199181648,0.9879840121927701,-0.8811350085939254,-0.04008357318701039,0.9790954725416586,0.7490066081302114
2030.064941,-0.4664788513285325,-0.7466617297590672,0.007469050199181648,0.9879840121927701,-0.8811350085939254,-0.04008357318701039,0.9790954725416586,0.7490066081302114
2035.064941,-0.4664788513285325,-0.7466617297590672,0.007469050199181648,0.9879840121927701,-0.8811350085939254,-0.04008357318701039,0.9790954725416586,0.7490066081302114
2040.064941,-0.4664788513285325,-0.7466617297590672,0.007469050199181648,0.9879840121927701,-0.8811350085939254,-0.04008357318701039,0.9790954725416586,0.7490066081302114
2045.064941,-0.4664788513285325,-0.7466617297590672,0.007469050199181648,0.9879840121927701,-0.8811350085939254,-0.04008357318701039,0.9790954725416586,0.7490066081302114
2050.064941,-0.4664788513285325,-0.7466617297590672,0.007469050199181648,0.9879840121927701,-0.8811350085939254,-0.04008357318701039,0.9790954725416586,0.7490066081302114
2055.064941,-0.4664788513285325,-0.7466617297590672,0.007469050199181648,0.9879840121927701,-0.8811350085939254,-0.04008357318701039,0.9790954725416586,0.7490066081302114
2060.064941,-0.4664788513285325,-0.7466617297590672,0.007469050199181648,0.9879840121927701,-0.8811350085939254,-0.04008357318701039,0.9790954725416586,0.7490066081302114
2065.064941,-0.4664788513285325,-0.7466617297590672,0.007469050199181648,0.9879840121927701,-0.8811350085939254,-0.04008357318701039,0.9790954725416586,0.7490066081302114
2070.064941,-0.4664788513285325,-0.7466617297590672,0.007469050199181648,0.9879840121927701,-0.8811350085939254,-0.04008357318701039,0.9790954725416586,0.7490066081302114
2075.064941,-0.4664788513285325,-0.7466617297590672,0.007469050199181648,0.9879840121927701,-0.8811350085939254,-0.04008357318701039,0.9790954725416586,0.7490066081302114
2080.064941,-0.4664788513285325,-0.7466617297590672,0.007469050199181648,0.9879840121927701,-0.8811350085939254,-0.04008357318701039,0.9790954725416586,0.7490066081302114
2085.064941,-0.4664788513285325,-0.7466617297590672,0.007469050199181648,0.9879840121927701,-0.8811350085939254,-0.04008357318701039,0.9790954725416586,0.7490066081302114
2090.064941,-0.4664788513285325,-0.7466617297590672,0.007469050199181648,0.9879840121927701,-0.8811350085939254,-0.04008357318701039,0.9790954725416586,0.7490066081302114
2095.064941,-0.4664788513285325,-0.7466617297590672,0.007469050199181648,0.9879840121927701,-0.8811350085939254,-0.04008357318701039,0.9790954725416586,0.7490066081302114
2100.064941,-0.4664788513285325,-0.7466617297590672,0.007469050199181648,0.9879840121927701,-0.8811350085939254,-0.04008357318701039,0.9790954725416586,0.7490066081302114
2105.064941,-0.4664788513285325,-0.7466617297590672,0.007469050199181648,0.9879840121927701,-0.8811350085939254,-0.04008357318701039,0.9790954725416586,0.7490066081302114
2110.064941,-0.4664788513285325,-0.7466617297590672,0.007469050199181648,0.9879840121927701,-0.8811350085939254,-0.04008357318701039,0.9790954725416586,0.7490066081302114
2115.064941,-0.4664788513285325,-0.7466617297590672,0.007469050199181648,0.9879840121927701,-0.8811350085939254,-0.04008357318701039,0.9790954725416586,0.7490066081302114
2120.064941,-0.4664788513285325,-0.7466617297590672,0.007469050199181648,0.9879840121927701,-0.8811350085939254,-0.04008357318701039,0.9790954725416586,0.7490066081302114
2125.064941,-0.4664788513285325,-0.7466617297590672,0.007469050199181648,0.9879840121927701,-0.8811350085939254,-0.04008357318701039,0.9790954725416586,0.7490066081302114
2130.064941,-0.4664788513285325,-0.7466617297590672,0.007469050199181648,0.9879840121927701,-0.8811350085939254,-0.04008357318701039,0.9790954725416586,0.7490066081302114
2135.064941,-0.4664788513285325,-0.7466617297590672,0.007469050199181648,0.9879840121927701,-0.8811350085939254,-0.04008357318701039,0.9790954725416586,0.7490066081302114
2140.064941,-0.4664788513285325,-0.7466617297590672,0.007469050199181648,0.9879840121927701,-0.8811350085939254,-0.04008357318701039,0.9790954725416586,0.7490066081302114
2145.064941,-0.4664788513285325,-0.7466617297590672,0.007469050199181648,0.9879840121927701,-0.8811350085939254,-0.04008357318701039,0.9790954725416586,0.7490066081302114
2150.064941,-0.4664788513285325,-0.7466617297590672,0.007469050199181648,0.9879840121927701,-0.8811350085939254,-0.04008357318701039,0.9790954725416586,0.7490066081302114
2155.064941,-0.4664788513285325,-0.7466617297590672,0.007469050199181648,0.9879840121927701,-0.8811350085939254,-0.04008357318701039,0.9790954725416586,0.7490066081302114
2160.064941,-0.4664788513285325,-0.7466617297590672,0.007469050199181648,0.9879840121927701,-0.8811350085939254,-0.04008357318701039,0.9790954725416586,0.7490066081302114
2165.064941,-0.4664788513285325,-0.7466617297590672,0.007469050199181648,0.9879840121927701,-0.8811350085939254,-0.04008357318701039,0.9790954725416586,0.7490066081302114
2170.064941,-0.4664788513285325,-0.7466617297590672,0.007469050199181648,0.9879840121927701,-0.8811350085939254,-0.04008357318701039,0.9790954725416586,0.7490066081302114
2175.064941,-0.4664788513285325,-0.7466617297590672,0.007469050199181648,0.9879840121927701,-0.8811350085939254,-0.04008357318701039,0.9790954725416586,0.7490066081302114
2180.064941,-0.4664788513285325,-0.7466617297590672,0.007469050199181648,0.9879840121927701,-0.8811350085939254,-0.04008357318701039,0.9790954725416586,0.7490066081302114
2185.064941,-0.4664788513285325,-0.7466617297590672,0.007469050199181648,0.9879840121927701,-0.8811350085939254,-0.04008357318701039,0.9790954725416586,0.7490066081302114
2190.064941,-0.4664788513285325,-0.7466617297590672,0.007469050199181648,0.9879840121927701,-0.8811350085939254,-0.04008357318701039,0.9790954725416586,0.7490066081302114
2195.064941,-0.4664788513285325,-0.7466617297590672,0.007469050199181648,0.9879840121927701,-0.8811350085939254,-0.04008357318701039,0.9790954725416586,0.7490066081302114
2200.064941,-0.4664788513285325,-0.7466617297590672,0.007469050199181648,0.9879840121927701,-0.8811350085939254,-0.04008357318701039,0.9790954725416586,0.7490066081302114
2205.064941,-0.4664788513285325,-0.7466617297590672,0.007469050199181648,0.9879840121927701,-0.8811350085939254,-0.04008357318701039,0.9790954725416586,0.7490066081302114
2210.064941,-0.4664788513285325,-0.7466617297590672,0.007469050199181648,0.9879840121927701,-0.8811350085939254,-0.04008357318701039,0.9790954725416586,0.7490066081302114
2215.064941,-0.4664788513285325,-0.7466617297590672,0.007469050199181648,0.9879840121927701,-0.8811350085939254,-0.04008357318701039,0.9790954725416586,0.7490066081302114
2220.064941,-0.4664788513285325,-0.7466617297590672,0.007469050199181648,0.9879840121927701,-0.8811350085939254,-0.04008357318701039,0.9790954725416586,0.7490066081302114
2225.064941,-0.4664788513285325,-0.7466617297590672,0.007469050199181648,0.9879840121927701,-0.8811350085939254,-0.04008357318701039,0.9790954725416586,0.7490066081302114
2230.064941,-0.4664788513285325,-0.7466617297590672,0.007469050199181648,0.9879840121927701,-0.8811350085939254,-0.04008357318701039,0.9790954725416586,0.7490066081302114
2235.064941,-0.4664788513285325,-0.7466617297590672,0.007469050199181648,0.9879840121927701,-0.8811350085939254,-0.04008357318701039,0.9790954725416586,0.7490066081302114
2240.064941,-0.4664788513285325,-0.7466617297590672,0.007469050199181648,0.9879840121927701,-0.8811350085939254,-0.04008357318701039,0.9790954725416586,0.7490066081302114
2245.064941,-0.4664788513285325,-0.7466617297590672,0.007469050199181648,0.9879840121927701,-0.8811350085939254,-0.04008357318701039,0.9790954725416586,0.7490066081302114
2250.064941,-0.4664788513285325,-0.7466617297590672,0.007469050199181648,0.9879840121927701,-0.8811350085939254,-0.04008357318701039,0.9790954725416586,0.7490066081302114
2255.064941,-0.4664788513285325,-0.7466617297590672,0.007469050199181648,0.9879840121927701,-0.8811350085939254,-0.04008357318701039,0.9790954725416586,0.7490066081302114
2260.064941,-0.4664788513285325,-0.7466617297590672,0.007469050199181648,0.9879840121927701,-0.8811350085939254,-0.04008357318701039,0.9790954725416586,0.7490066081302114
2265.064941,-0.4664788513285325,-0.7466617297590672,0.007469050199181648,0.9879840121927701,-0.8811350085939254,-0.04008357318701039,0.9790954725416586,0.7490066081302114
2270.064941,-0.4664788513285325,-0.7466617297590672,0.007469050199181648,0.9879840121927701,-0.8811350085939254,-0.04008357318701039,0.9790954725416586,0.7490066081302114
2275.064941,-0.4664788513285325,-0.7466617297590672,0.007469050199181648,0.9879840121927701,-0.8811350085939254,-0.04008357318701039,0.9790954725416586,0.7490066081302114
2280.064941,-0.4664788513285325,-0.7466617297590672,0.007469050199181648,0.9879840121927701,-0.8811350085939254,-0.04008357318701039,0.9790954725416586,0.7490066081302114
2285.064941,-0.4664788513285325,-0.7466617297590672,0.007469050199181648,0.9879840121927701,-0.8811350085939254,-0.04008357318701039,0.9790954725416586,0.7490066081302114
2290.064941,-0.4664788513285325,-0.7466617297590672,0.007469050199181648,0.9879840121927701,-0.8811350085939254,-0.04008357318701039,0.9790954725416586,0.7490066081302114
2295.064941,-0.4664788513285325,-0.7466617297590672,0.007469050199181648,0.9879840121927701,-0.8811350085939254,-0.04008357318701039,0.9790954725416586,0.7490066081302114
2300.064941,-0.4664788513285325,-0.7466617297590672,0.007469050199181648,0.9879840121927701,-0.8811350085939254,-0.04008357318701039,0.9790954725416586,0.7490066081302114
2305.064941,-0.4664788513285325,-0.7466617297590672,0.007469050199181648,0.9879840121927701,-0.8811350085939254,-0.04008357318701039,0.9790954725416586,0.7490066081302114
2310.064941,-0.4664788513285325,-0.7466617297590672,0.007469050199181648,0.9879840121927701,-0.8811350085939254,-0.04008357318701039,0.9790954725416586,0.7490066081302114
2315.064941,-0.4664788513285325,-0.7466617297590672,0.007469050199181648,0.9879840121927701,-0.8811350085939254,-0.04008357318701039,0.9790954725416586,0.7490066081302114
2320.064941,-0.4664788513285325,-0.7466617297590672,0.007469050199181648,0.9879840121927701,-0.8811350085939254,-0.04008357318701039,0.9790954725416586,0.7490066081302114
2325.064941,-0.4664788513285325,-0.7466617297590672,0.007469050199181648,0.9879840121927701,-0.8811350085939254,-0.04008357318701039,0.9790954725416586,0.7490066081302114
2330.064941,-0.4664788513285325,-0.7466617297590672,0.007469050199181648,0.9879840121927701,-0.8811350085939254,-0.04008357318701039,0.9790954725416586,0.7490066081302114
2335.064941,-0.4664788513285325,-0.7466617297590672,0.007469050199181648,0.9879840121927701,-0.8811350085939254,-0.04008357318701039,0.9790954725416586,0.7490066081302114
2340.064941,-0.4664788513285325,-0.7466617297590672,0.007469050199181648,0.9879840121927701,-0.8811350085939254,-0.04008357318701039,0.9790954725416586,0.7490066081302114
2345.064941,-0.4664788513285325,-0.7466617297590672,0.007469050199181648,0.9879840121927701,-0.8811350085939254,-0.04008357318701039,0.9790954725416586,0.7490066081302114
2350.064941,-0.4664788513285325,-0.7466617297590672,0.007469050199181648,0.9879840121927701,-0.8811350085939254,-0.04008357318701039,0.9790954725416586,0.7490066081302114
2355.064941,-0.4664788513285325,-0.7466617297590672,0.007469050199181648,0.9879840121927701,-0.8811350085939254,-0.04008357318701039,0.9790954725416586,0.7490066081302114
2360.064941,-0.4664788513285325,-0.7466617297590672,0.007469050199181648,0.9879840121927701,-0.8811350085939254,-0.04008357318701039,0.9790954725416586,0.7490066081302114
2365.064941,-0.4664788513285325,-0.7466617297590672,0.007469050199181648,0.9879840121927701,-0.8811350085939254,-0.04008357318701039,0.9790954725416586,0.7490066081302114
2370.064941,-0.4664788513285325,-0.7466617297590672,0.007469050199181648,0.9879840121927701,-0.8811350085939254,-0.04008357318701039,0.9790954725416586,0.7490066081302114
2375.064941,-0.4664788513285325,-0.7466617297590672,0.007469050199181648,0.9879840121927701,-0.8811350085939254,-0.04008357318701039,0.9790954725416586,0.7490066081302114
2380.064941,-0.4664788513285325,-0.7466617297590672,0.007469050199181648,0.9879840121927701,-0.8811350085939254,-0.04008357318701039,0.9790954725416586,0.7490066081302114
2385.064941,-0.4664788513285325,-0.7466617297590672,0.007469050199181648,0.9879840121927701,-0.8811350085939254,-0.04008357318701039,0.9790954725416586,0.7490066081302114
2390.064941,-0.4664788513285325,-0.7466617297590672,0.007469050199181648,0.9879840121927701,-0.8811350085939254,-0.04008357318701039,0.9790954725416586,0.7490066081302114
2395.064941,-0.4664788513285325,-0.7466617297590672,0.007469050199181648,0.9879840121927701,-0.8811350085939254,-0.04008357318701039,0.9790954725416586,0.7490066081302114
2400.064941,-0.4664788513285325,-0.7466617297590672,0.007469050199181648,0.9879840121927701,-0.8811350085939254,-0.04008357318701039,0.9790954725416586,0.7490066081302114
2405.064941,-0.4664788513285325,-0.7466617297590672,0.007469050199181648,0.9879840121927701,-0.8811350085939254,-0.04008357318701039,0.9790954725416586,0.7490066081302114
2410.064941,-0.4664788513285325,-0.7466617297590672,0.007469050199181648,0.9879840121927701,-0.8811350085939254,-0.04008357318701039,0.9790954725416586,0.7490066081302114
2415.064941,-0.4664788513285325,-0.7466617297590672,0.007469050199181648,0.9879840121927701,-0.8811350085939254,-0.04008357318701039,0.9790954725416586,0.7490066081302114
2420.064941,-0.4664788513285325,-0.7466617297590672,0.007469050199181648,0.9879840121927701,-0.8811350085939254,-0.04008357318701039,0.9790954725416586,0.7490066081302114
2425.064941,-0.4664788513285325,-0.7466617297590672,0.007469050199181648,0.9879840121927701,-0.8811350085939254,-0.04008357318701039,0.9790954725416586,0.7490066081302114
2430.064941,-0.4664788513285325,-0.7466617297590672,0.007469050199181648,0.9879840121927701,-0.8811350085939254,-0.04008357318701039,0.9790954725416586,0.7490066081302114
2435.064941,-0.4664788513285325,-0.7466617297590672,0.007469050199181648,0.9879840121927701,-0.8811350085939254,-0.04008357318701039,0.9790954725416586,0.7490066081302114
2440.064941,-0.4664788513285325,-0.7466617297590672,0.007469050199181648,0.9879840121927701,-0.8811350085939254,-0.04008357318701039,0.9790954725416586,0.7490066081302114
2445.064941,-0.4664788513285325,-0.7466617297590672,0.007469050199181648,0.9879840121927701,-0.8811350085939254,-0.04008357318701039,0.9790954725416586,0.7490066081302114
2450.064941,-0.4664788513285325,-0.7466617297590672,0.007469050199181648,0.9879840121927701,-0.8811350085939254,-0.04008357318701039,0.9790954725416586,0.7490066081302114
2455.064941,-0.4664788513285325,-0.7466617297590672,0.007469050199181648,0.9879840121927701,-0.8811350085939254,-0.04008357318701039,0.9790954725416586,0.7490066081302114
2460.064941,-0.4664788513285325,-0.7466617297590672,0.007469050199181648,0.9879840121927701,-0.8811350085939254,-0.04008357318701039,0.9790954725416586,0.7490066081302114
2465.064941,-0.4664788513285325,-0.7466617297590672,0.007469050199181648,0.9879840121927701,-0.8811350085939254,-0.04008357318701039,0.9790954725416586,0.7490066081302114
2470.064941,-0.4664788513285325,-0.7466617297590672,0.007469050199181648,0.9879840121927701,-0.8811350085939254,-0.04008357318701039,0.9790954725416586,0.7490066081302114
2475.064941,-0.4664788513285325,-0.7466617297590672,0.007469050199181648,0.9879840121927701,-0.8811350085939254,-0.04008357318701039,0.9790954725416586,0.7490066081302114
2480.064941,-0.4664788513285325,-0.7466617297590672,0.007469050199181648,0.9879840121927701,-0.8811350085939254,-0.04008357318701039,0.9790954725416586,0.7490066081302114
2485.064941,-0.4664788513285325,-0.7466617297590672,0.007469050199181648,0.9879840121927701,-0.8811350085939254,-0.04008357318701039,0.9790954725416586,0.7490066081302114
2490.064941,-0.4664788513285325,-0.7466617297590672,0.007469050199181648,0.9879840121927701,-0.8811350085939254,-0.04008357318701039,0.9790954725416586,0.7490066081302114
2495.064941,-0.4664788513285325,-0.7466617297590672,0.007469050199181648,0.9879840121927701,-0.8811350085939254,-0.04008357318701039,0.9790954725416586,0.7490066081302114
2500.064941,-0.4664788513285325,-0.7466617297590672,0.007469050199181648,0.9879840121927701,-0.8811350085939254,-0.04008357318701039,0.9790954725416586,0.7490066081302114
2505.064941,-0.4664788513285325,-0.7466617297590672,0.007469050199181648,0.9879840121927701,-0.8811350085939254,-0.04008357318701039,0.9790954725416586,0.7490066081302114
2510.064941,-0.4664788513285325,-0.7466617297590672,0.007469050199181648,0.9879840121927701,-0.8811350085939254,-0.04008357318701039,0.9790954725416586,0.7490066081302114
2515.064941,-0.4664788513285325,-0.7466617297590672,0.007469050199181648,0.9879840121927701,-0.8811350085939254,-0.04008357318701039,0.9790954725416586,0.7490066081302114
2520.064941,-0.4664788513285325,-0.7466617297590672,0.007469050199181648,0.9879840121927701,-0.8811350085939254,-0.04008357318701039,0.9790954725416586,0.7490066081302114
2525.064941,-0.4664788513285325,-0.7466617297590672,0.007469050199181648,0.9879840121927701,-0.8811350085939254,-0.04008357318701039,0.9790954725416586,0.7490066081302114
2530.064941,-0.4664788513285325,-0.7466617297590672,0.007469050199181648,0.9879840121927701,-0.8811350085939254,-0.04008357318701039,0.9790954725416586,0.7490066081302114
2535.064941,-0.4664788513285325,-0.7466617297590672,0.007469050199181648,0.9879840121927701,-0.8811350085939254,-0.04008357318701039,0.9790954725416586,0.7490066081302114
2540.064941,-0.4664788513285325,-0.7466617297590672,0.007469050199181648,0.9879840121927701,-0.8811350085939254,-0.04008357318701039,0.9790954725416586,0.7490066081302114
2545.064941,-0.4664788513285325,-0.7466617297590672,0.007469050199181648,0.9879840121927701,-0.8811350085939254,-0.04008357318701039,0.9790954725416586,0.7490066081302114
2550.064941,-0.4664788513285325,-0.7466617297590672,0.007469050199181648,0.9879840121927701,-0.8811350085939254,-0.04008357318701039,0.9790954725416586,0.7490066081302114
2555.064941,-0.4664788513285325,-0.7466617297590672,0.007469050199181648,0.9879840121927701,-0.8811350085939254,-0.04008357318701039,0.9790954725416586,0.7490066081302114
2560.064941,-0.4664788513285325,-0.7466617297590672,0.007469050199181648,0.9879840121927701,-0.8811350085939254,-0.04008357318701039,0.9790954725416586,0.7490066081302114
2565.064941,-0.4664788513285325,-0.7466617297590672,0.007469050199181648,0.9879840121927701,-0.8811350085939254,-0.04008357318701039,0.9790954725416586,0.7490066081302114
2570.064941,-0.4664788513285325,-0.7466617297590672,0.007469050199181648,0.9879840121927701,-0.8811350085939254,-0.04008357318701039,0.9790954725416586,0.7490066081302114
2575.064941,-0.4664788513285325,-0.7466617297590672,0.007469050199181648,0.9879840121927701,-0.8811350085939254,-0.04008357318701039,0.9790954725416586,0.7490066081302114
2580.064941,-0.4664788513285325,-0.7466617297590672,0.007469050199181648,0.9879840121927701,-0.8811350085939254,-0.04008357318701039,0.9790954725416586,0.7490066081302114
2585.064941,-0.4664788513285325,-0.7466617297590672,0.007469050199181648,0.9879840121927701,-0.8811350085939254,-0.04008357318701039,0.9790954725416586,0.7490066081302114
2590.064941,-0.4664788513285325,-0.7466617297590672,0.007469050199181648,0.9879840121927701,-0.8811350085939254,-0.04008357318701039,0.9790954725416586,0.7490066081302114
2595.064941,-0.4664788513285325,-0.7466617297590672,0.007469050199181648,0.9879840121927701,-0.8811350085939254,-0.04008357318701039,0.9790954725416586,0.7490066081302114
2600.064941,-0.4664788513285325,-0.7466617297590672,0.007469050199181648,0.9879840121927701,-0.8811350085939254,-0.04008357318701039,0.9790954725416586,0.7490066081302114
2605.064941,-0.4664788513285325,-0.7466617297590672,0.007469050199181648,0.9879840121927701,-0.8811350085939254,-0.04008357318701039,0.9790954725416586,0.7490066081302114
2610.064941,-0.4664788513285325,-0.7466617297590672,0.007469050199181648,0.9879840121927701,-0.8811350085939254,-0.04008357318701039,0.9790954725416586,0.7490066081302114
2615.064941,-0.4664788513285325,-0.7466617297590672,0.007469050199181648,0.9879840121927701,-0.8811350085939254,-0.04008357318701039,0.9790954725416586,0.7490066081302114
2620.064941,-0.4664788513285325,-0.7466617297590672,0.007469050199181648,0.9879840121927701,-0.8811350085939254,-0.04008357318701039,0.9790954725416586,0.7490066081302114
2625.064941,-0.4664788513285325,-0.7466617297590672,0.007469050199181648,0.9879840121927701,-0.8811350085939254,-0.04008357318701039,0.9790954725416586,0.7490066081302114
2630.064941,-0.4664788513285325,-0.7466617297590672,0.007469050199181648,0.9879840121927701,-0.8811350085939254,-0.04008357318701039,0.9790954725416586,0.7490066081302114
2635.064941,-0.4664788513285325,-0.7466617297590672,0.007469050199181648,0.9879840121927701,-0.8811350085939254,-0.04008357318701039,0.9790954725416586,0.7490066081302114
2640.064941,-0.4664788513285325,-0.7466617297590672,0.007469050199181648,0.9879840121927701,-0.8811350085939254,-0.04008357318701039,0.9790954725416586,0.7490066081302114
2645.064941,-0.4664788513285325,-0.7466617297590672,0.007469050199181648,0.9879840121927701,-0.8811350085939254,-0.04008357318701039,0.9790954725416586,0.7490066081302114
2650.064941,-0.4664788513285325,-0.7466617297590672,0.007469050199181648,0.9879840121927701,-0.8811350085939254,-0.04008357318701039,0.9790954725416586,0.7490066081302114
2655.064941,-0.4664788513285325,-0.7466617297590672,0.007469050199181648,0.9879840121927701,-0.8811350085939254,-0.04008357318701039,0.9790954725416586,0.7490066081302114
2660.064941,-0.4664788513285325,-0.7466617297590672,0.007469050199181648,0.9879840121927701,-0.8811350085939254,-0.04008357318701039,0.9790954725416586,0.7490066081302114
2665.064941,-0.4664788513285325,-0.7466617297590672,0.007469050199181648,0.9879840121927701,-0.8811350085939254,-0.04008357318701039,0.9790954725416586,0.7490066081302114
2670.064941,-0.4664788513285325,-0.7466617297590672,0.007469050199181648,0.9879840121927701,-0.8811350085939254,-0.04008357318701039,0.9790954725416586,0.7490066081302114
2675.064941,-0.4664788513285325,-0.7466617297590672,0.007469050199181648,0.9879840121927701,-0.8811350085939254,-0.04008357318701039,0.9790954725416586,0.7490066081302114
2680.064941,-0.4664788513285325,-0.7466617297590672,0.007469050199181648,0.9879840121927701,-0.8811350085939254,-0.04008357318701039,0.9790954725416586,0.7490066081302114
2685.064941,-0.4664788513285325,-0.7466617297590672,0.007469050199181648,0.9879840121927701,-0.8811350085939254,-0.04008357318701039,0.9790954725416586,0.7490066081302114
2690.064941,-0.4664788513285325,-0.7466617297590672,0.007469050199181648,0.9879840121927701,-0.8811350085939254,-0.04008357318701039,0.9790954725416586,0.7490066081302114
2695.064941,-0.4664788513285325,-0.7466617297590672,0.007469050199181648,0.9879840121927701,-0.8811350085939254,-0.04008357318701039,0.9790954725416586,0.7490066081302114
2700.064941,-0.4664788513285325,-0.7466617297590672,0.007469050199181648,0.9879840121927701,-0.8811350085939254,-0.04008357318701039,0.9790954725416586,0.7490066081302114
2705.064941,-0.4664788513285325,-0.7466617297590672,0.007469050199181648,0.9879840121927701,-0.8811350085939254,-0.04008357318701039,0.9790954725416586,0.7490066081302114
2710.064941,-0.4664788513285325,-0.7466617297590672,0.007469050199181648,0.9879840121927701,-0.8811350085939254,-0.04008357318701039,0.9790954725416586,0.7490066081302114
2715.064941,-0.4664788513285325,-0.7466617297590672,0.007469050199181648,0.9879840121927701,-0.8811350085939254,-0.04008357318701039,0.9790954725416586,0.7490066081302114
2720.064941,-0.4664788513285325,-0.7466617297590672,0.007469050199181648,0.9879840121927701,-0.8811350085939254,-0.04008357318701039,0.9790954725416586,0.7490066081302114
2725.064941,-0.4664788513285325,-0.7466617297590672,0.007469050199181648,0.9879840121927701,-0.8811350085939254,-0.04008357318701039,0.9790954725416586,0.7490066081302114
2730.064941,-0.4664788513285325,-0.7466617297590672,0.007469050199181648,0.9879840121927701,-0.8811350085939254,-0.04008357318701039,0.9790954725416586,0.7490066081302114
2735.064941,-0.4664788513285325,-0.7466617297590672,0.007469050199181648,0.9879840121927701,-0.8811350085939254,-0.04008357318701039,0.9790954725416586,0.7490066081302114
2740.064941,-0.4664788513285325,-0.7466617297590672,0.007469050199181648,0.9879840121927701,-0.8811350085939254,-0.04008357318701039,0.9790954725416586,0.7490066081302114
2745.064941,-0.4664788513285325,-0.7466617297590672,0.007469050199181648,0.9879840121927701,-0.8811350085939254,-0.04008357318701039,0.9790954725416586,0.7490066081302114
2750.064941,-0.4664788513285325,-0.7466617297590672,0.007469050199181648,0.9879840121927701,-0.8811350085939254,-0.04008357318701039,0.9790954725416586,0.7490066081302114
2755.064941,-0.4664788513285325,-0.7466617297590672,0.007469050199181648,0.9879840121927701,-0.8811350085939254,-0.04008357318701039,0.9790954725416586,0.7490066081302114
2760.064941,-0.4664788513285325,-0.7466617297590672,0.007469050199181648,0.9879840121927701,-0.8811350085939254,-0.04008357318701039,0.9790954725416586,0.7490066081302114
2765.064941,-0.4664788513285325,-0.7466617297590672,0.007469050199181648,0.9879840121927701,-0.8811350085939254,-0.04008357318701039,0.9790954725416586,0.7490066081302114
2770.064941,-0.4664788513285325,-0.7466617297590672,0.007469050199181648,0.9879840121927701,-0.8811350085939254,-0.04008357318701039,0.9790954725416586,0.7490066081302114
2775.064941,-0.4664788513285325,-0.7466617297590672,0.007469050199181648,0.9879840121927701,-0.8811350085939254,-0.04008357318701039,0.9790954725416586,0.7490066081302114
2780.064941,-0.4664788513285325,-0.7466617297590672,0.007469050199181648,0.9879840121927701,-0.8811350085939254,-0.04008357318701039,0.9790954725416586,0.7490066081302114
2785.064941,-0.4664788513285325,-0.7466617297590672,0.007469050199181648,0.9879840121927701,-0.8811350085939254,-0.04008357318701039,0.9790954725416586,0.7490066081302114
2790.064941,-0.4664788513285325,-0.7466617297590672,0.007469050199181648,0.9879840121927701,-0.8811350085939254,-0.04008357318701039,0.9790954725416586,0.7490066081302114
2795.064941,-0.4664788513285325,-0.7466617297590672,0.007469050199181648,0.9879840121927701,-0.8811350085939254,-0.04008357318701039,0.9790954725416586,0.7490066081302114
2800.064941,-0.4664788513285325,-0.7466617297590672,0.007469050199181648,0.9879840121927701,-0.8811350085939254,-0.04008357318701039,0.9790954725416586,0.7490066081302114
2805.064941,-0.4664788513285325,-0.7466617297590672,0.007469050199181648,0.9879840121927701,-0.8811350085939254,-0.04008357318701039,0.9790954725416586,0.7490066081302114
2810.064941,-0.4664788513285325,-0.7466617297590672,0.007469050199181648,0.9879840121927701,-0.8811350085939254,-0.04008357318701039,0.9790954725416586,0.7490066081302114
2815.064941,-0.4664788513285325,-0.7466617297590672,0.007469050199181648,0.9879840121927701,-0.8811350085939254,-0.04008357318701039,0.9790954725416586,0.7490066081302114
2820.064941,-0.4664788513285325,-0.7466617297590672,0.007469050199181648,0.9879840121927701,-0.8811350085939254,-0.04008357318701039,0.9790954725416586,0.7490066081302114
2825.064941,-0.4664788513285325,-0.7466617297590672,0.007469050199181648,0.9879840121927701,-0.8811350085939254,-0.04008357318701039,0.9790954725416586,0.7490066081302114
2830.064941,-0.4664788513285325,-0.7466617297590672,0.007469050199181648,0.9879840121927701,-0.8811350085939254,-0.04008357318701039,0.9790954725416586,0.7490066081302114
2835.064941,-0.4664788513285325,-0.7466617297590672,0.007469050199181648,0.9879840121927701,-0.8811350085939254,-0.04008357318701039,0.9790954725416586,0.7490066081302114
2840.064941,-0.4664788513285325,-0.7466617297590672,0.007469050199181648,0.9879840121927701,-0.8811350085939254,-0.04008357318701039,0.9790954725416586,0.7490066081302114
2845.064941,-0.4664788513285325,-0.7466617297590672,0.007469050199181648,0.9879840121927701,-0.8811350085939254,-0.04008357318701039,0.9790954725416586,0.7490066081302114
2850.064941,-0.4664788513285325,-0.7466617297590672,0.007469050199181648,0.9879840121927701,-0.8811350085939254,-0.04008357318701039,0.9790954725416586,0.7490066081302114
2855.064941,-0.4664788513285325,-0.7466617297590672,0.007469050199181648,0.9879840121927701,-0.8811350085939254,-0.04008357318701039,0.9790954725416586,0.7490066081302114
2860.064941,-0.4664788513285325,-0.7466617297590672,0.007469050199181648,0.9879840121927701,-0.8811350085939254,-0.04008357318701039,0.9790954725416586,0.7490066081302114
2865.064941,-0.4664788513285325,-0.7466617297590672,0.007469050199181648,0.9879840121927701,-0.8811350085939254,-0.04008357318701039,0.9790954725416586,0.7490066081302114
2870.064941,-0.4664788513285325,-0.7466617297590672,0.007469050199181648,0.9879840121927701,-0.8811350085939254,-0.04008357318701039,0.9790954725416586,0.7490066081302114
2875.064941,-0.4664788513285325,-0.7466617297590672,0.007469050199181648,0.9879840121927701,-0.8811350085939254,-0.04008357318701039,0.9790954725416586,0.7490066081302114
2880.064941,-0.4664788513285325,-0.7466617297590672,0.007469050199181648,0.9879840121927701,-0.8811350085939254,-0.04008357318701039,0.9790954725416586,0.7490066081302114
2885.064941,-0.4664788513285325,-0.7466617297590672,0.007469050199181648,0.9879840121927701,-0.8811350085939254,-0.04008357318701039,0.9790954725416586,0.7490066081302114
2890.064941,-0.4664788513285325,-0.7466617297590672,0.007469050199181648,0.9879840121927701,-0.8811350085939254,-0.04008357318701039,0.9790954725416586,0.7490066081302114
2895.064941,-0.4664788513285325,-0.7466617297590672,0.007469050199181648,0.9879840121927701,-0.8811350085939254,-0.04008357318701039,0.9790954725416586,0.7490066081302114
2900.064941,-0.4664788513285325,-0.7466617297590672,0.007469050199181648,0.9879840121927701,-0.8811350085939254,-0.04008357318701039,0.9790954725416586,0.7490066081302114
2905.064941,-0.4664788513285325,-0.7466617297590672,0.007469050199181648,0.9879840121927701,-0.8811350085939254,-0.04008357318701039,0.9790954725416586,0.7490066081302114
2910.064941,-0.4664788513285325,-0.7466617297590672,0.007469050199181648,0.9879840121927701,-0.8811350085939254,-0.04008357318701039,0.9790954725416586,0.7490066081302114
2915.064941,-0.4664788513285325,-0.7466617297590672,0.007469050199181648,0.9879840121927701,-0.8811350085939254,-0.04008357318701039,0.9790954725416586,0.7490066081302114
2920.064941,-0.4664788513285325,-0.7466617297590672,0.007469050199181648,0.9879840121927701,-0.8811350085939254,-0.04008357318701039,0.9790954725416586,0.7490066081302114
2925.064941,-0.4664788513285325,-0.7466617297590672,0.007469050199181648,0.9879840121927701,-0.8811350085939254,-0.04008357318701039,0.9790954725416586,0.7490066081302114
2930.064941,-0.4664788513285325,-0.7466617297590672,0.007469050199181648,0.9879840121927701,-0.8811350085939254,-0.04008357318701039,0.9790954725416586,0.7490066081302114
2935.064941,-0.4664788513285325,-0.7466617297590672,0.007469050199181648,0.9879840121927701,-0.8811350085939254,-0.04008357318701039,0.9790954725416586,0.7490066081302114
2940.064941,-0.4664788513285325,-0.7466617297590672,0.007469050199181648,0.9879840121927701,-0.8811350085939254,-0.04008357318701039,0.9790954725416586,0.7490066081302114
2945.064941,-0.4664788513285325,-0.7466617297590672,0.007469050199181648,0.9879840121927701,-0.8811350085939254,-0.04008357318701039,0.9790954725416586,0.7490066081302114
2950.064941,-0.4664788513285325,-0.7466617297590672,0.007469050199181648,0.9879840121927701,-0.8811350085939254,-0.04008357318701039,0.9790954725416586,0.7490066081302114
2955.064941,-0.4664788513285325,-0.7466617297590672,0.007469050199181648,0.9879840121927701,-0.8811350085939254,-0.04008357318701039,0.9790954725416586,0.7490066081302114
2960.064941,-0.4664788513285325,-0.7466617297590672,0.007469050199181648,0.9879840121927701,-0.8811350085939254,-0.04008357318701039,0.9790954725416586,0.7490066081302114
2965.064941,-0.4664788513285325,-0.7466617297590672,0.007469050199181648,0.9879840121927701,-0.8811350085939254,-0.04008357318701039,0.9790954725416586,0.7490066081302114
2970.064941,-0.4664788513285325,-0.7466617297590672,0.007469050199181648,0.9879840121927701,-0.8811350085939254,-0.04008357318701039,0.9790954725416586,0.7490066081302114
2975.064941,-0.4664788513285325,-0.7466617297590672,0.007469050199181648,0.9879840121927701,-0.8811350085939254,-0.04008357318701039,0.9790954725416586,0.7490066081302114
2980.064941,-0.4664788513285325,-0.7466617297590672,0.007469050199181648,0.9879840121927701,-0.8811350085939254,-0.04008357318701039,0.9790954725416586,0.7490066081302114
2985.064941,-0.4664788513285325,-0.7466617297590672,0.007469050199181648,0.9879840121927701,-0.8811350085939254,-0.04008357318701039,0.9790954725416586,0.7490066081302114
2990.064941,-0.4664788513285325,-0.7466617297590672,0.007469050199181648,0.9879840121927701,-0.8811350085939254,-0.04008357318701039,0.9790954725416586,0.7490066081302114
2995.064941,-0.4664788513285325,-0.7466617297590672,0.007469050199181648,0.9879840121927701,-0.8811350085939254,-0.04008357318701039,0.9790954725416586,0.7490066081302114
3000.064941,-0.4664788513285325,-0.7466617297590672,0.007469050199181648,0.9879840121927701,-0.8811350085939254,-0.04008357318701039,0.9790954725416586,0.7490066081302114
3005.064941,-0.4664788513285325,-0.7466617297590672,0.007469050199181648,0.9879840121927701,-0.8811350085939254,-0.04008357318701039,0.9790954725416586,0.7490066081302114
3010.064941,-0.4664788513285325,-0.7466617297590672,0.007469050199181648,0.9879840121927701,-0.8811350085939254,-0.04008357318701039,0.9790954725416586,0.7490066081302114
3015.064941,-0.4664788513285325,-0.7466617297590672,0.007469050199181648,0.9879840121927701,-0.8811350085939254,-0.04008357318701039,0.9790954725416586,0.7490066081302114
3020.064941,-0.4664788513285325,-0.7466617297590672,0.007469050199181648,0.9879840121927701,-0.8811350085939254,-0.04008357318701039,0.9790954725416586,0.7490066081302114
3025.064941,-0.4664788513285325,-0.7466617297590672,0.007469050199181648,0.9879840121927701,-0.8811350085939254,-0.04008357318701039,0.9790954725416586,0.7490066081302114
3030.064941,-0.4664788513285325,-0.7466617297590672,0.007469050199181648,0.9879840121927701,-0.8811350085939254,-0.04008357318701039,0.9790954725416586,0.7490066081302114
3035.064941,-0.4664788513285325,-0.7466617297590672,0.007469050199181648,0.9879840121927701,-0.8811350085939254,-0.04008357318701039,0.9790954725416586,0.7490066081302114
3040.064941,-0.4664788513285325,-0.7466617297590672,0.007469050199181648,0.9879840121927701,-0.8811350085939254,-0.04008357318701039,0.9790954725416586,0.7490066081302114
3045.064941,-0.4664788513285325,-0.7466617297590672,0.007469050199181648,0.9879840121927701,-0.8811350085939254,-0.04008357318701039,0.9790954725416586,0.7490066081302114
3050.064941,-0.4664788513285325,-0.7466617297590672,0.007469050199181648,0.9879840121927701,-0.8811350085939254,-0.04008357318701039,0.9790954725416586,0.7490066081302114
3055.064941,-0.4664788513285325,-0.7466617297590672,0.007469050199181648,0.9879840121927701,-0.8811350085939254,-0.04008357318701039,0.9790954725416586,0.7490066081302114
3060.064941,-0.4664788513285325,-0.7466617297590672,0.007469050199181648,0.9879840121927701,-0.8811350085939254,-0.04008357318701039,0.9790954725416586,0.7490066081302114
3065.064941,-0.4664788513285325,-0.7466617297590672,0.007469050199181648,0.9879840121927701,-0.8811350085939254,-0.04008357318701039,0.9790954725416586,0.7490066081302114
3070.064941,-0.4664788513285325,-0.7466617297590672,0.007469050199181648,0.9879840121927701,-0.8811350085939254,-0.04008357318701039,0.9790954725416586,0.7490066081302114
3075.064941,-0.4664788513285325,-0.7466617297590672,0.007469050199181648,0.9879840121927701,-0.8811350085939254,-0.04008357318701039,0.9790954725416586,0.7490066081302114
3080.064941,-0.4664788513285325,-0.7466617297590672,0.007469050199181648,0.9879840121927701,-0.8811350085939254,-0.04008357318701039,0.9790954725416586,0.7490066081302114
3085.064941,-0.4664788513285325,-0.7466617297590672,0.007469050199181648,0.9879840121927701,-0.8811350085939254,-0.04008357318701039,0.9790954725416586,0.7490066081302114
3090.064941,-0.4664788513285325,-0.7466617297590672,0.007469050199181648,0.9879840121927701,-0.8811350085939254,-0.04008357318701039,0.9790954725416586,0.7490066081302114
3095.064941,-0.4664788513285325,-0.7466617297590672,0.007469050199181648,0.9879840121927701,-0.8811350085939254,-0.04008357318701039,0.9790954725416586,0.7490066081302114
3100.064941,-0.4664788513285325,-0.7466617297590672,0.007469050199181648,0.9879840121927701,-0.8811350085939254,-0.04008357318701039,0.9790954725416586,0.7490066081302114
3105.064941,-0.4664788513285325,-0.7466617297590672,0.007469050199181648,0.9879840121927701,-0.8811350085939254,-0.04008357318701039,0.9790954725416586,0.7490066081302114
3110.064941,-0.4664788513285325,-0.7466617297590672,0.007469050199181648,0.9879840121927701,-0.8811350085939254,-0.04008357318701039,0.9790954725416586,0.7490066081302114
3115.064941,-0.4664788513285325,-0.7466617297590672,0.007469050199181648,0.9879840121927701,-0.8811350085939254,-0.04008357318701039,0.9790954725416586,0.7490066081302114
3120.064941,-0.4664788513285325,-0.7466617297590672,0.007469050199181648,0.9879840121927701,-0.8811350085939254,-0.04008357318701039,0.9790954725416586,0.7490066081302114
3125.064941,-0.4664788513285325,-0.7466617297590672,0.007469050199181648,0.9879840121927701,-0.8811350085939254,-0.04008357318701039,0.9790954725416586,0.7490066081302114
3130.064941,-0.4664788513285325,-0.7466617297590672,0.007469050199181648,0.9879840121927701,-0.8811350085939254,-0.04008357318701039,0.9790954725416586,0.7490066081302114
3135.064941,-0.4664788513285325,-0.7466617297590672,0.007469050199181648,0.9879840121927701,-0.8811350085939254,-0.04008357318701039,0.9790954725416586,0.7490066081302114
3140.064941,-0.4664788513285325,-0.7466617297590672,0.007469050199181648,0.9879840121927701,-0.8811350085939254,-0.04008357318701039,0.9790954725416586,0.7490066081302114
3145.064941,-0.4664788513285325,-0.7466617297590672,0.007469050199181648,0.9879840121927701,-0.8811350085939254,-0.04008357318701039,0.9790954725416586,0.7490066081302114
3150.064941,-0.4664788513285325,-0.7466617297590672,0.007469050199181648,0.9879840121927701,-0.8811350085939254,-0.04008357318701039,0.9790954725416586,0.7490066081302114
3155.064941,-0.4664788513285325,-0.7466617297590672,0.007469050199181648,0.9879840121927701,-0.8811350085939254,-0.04008357318701039,0.9790954725416586,0.7490066081302114
3160.064941,-0.4664788513285325,-0.7466617297590672,0.007469050199181648,0.9879840121927701,-0.8811350085939254,-0.04008357318701039,0.9790954725416586,0.7490066081302114
3165.064941,-0.4664788513285325,-0.7466617297590672,0.007469050199181648,0.9879840121927701,-0.8811350085939254,-0.04008357318701039,0.9790954725416586,0.7490066081302114
3170.064941,-0.4664788513285325,-0.7466617297590672,0.007469050199181648,0.9879840121927701,-0.8811350085939254,-0.04008357318701039,0.9790954725416586,0.7490066081302114
3175.064941,-0.4664788513285325,-0.7466617297590672,0.007469050199181648,0.9879840121927701,-0.8811350085939254,-0.04008357318701039,0.9790954725416586,0.7490066081302114
3180.064941,-0.4664788513285325,-0.7466617297590672,0.007469050199181648,0.9879840121927701,-0.8811350085939254,-0.04008357318701039,0.9790954725416586,0.7490066081302114
3185.064941,-0.4664788513285325,-0.7466617297590672,0.007469050199181648,0.9879840121927701,-0.8811350085939254,-0.04008357318701039,0.9790954725416586,0.7490066081302114
3190.064941,-0.4664788513285325,-0.7466617297590672,0.007469050199181648,0.9879840121927701,-0.8811350085939254,-0.04008357318701039,0.9790954725416586,0.7490066081302114
3195.064941,-0.4664788513285325,-0.7466617297590672,0.007469050199181648,0.9879840121927701,-0.8811350085939254,-0.04008357318701039,0.9790954725416586,0.7490066081302114
3200.064941,-0.4664788513285325,-0.7466617297590672,0.007469050199181648,0.9879840121927701,-0.8811350085939254,-0.04008357318701039,0.9790954725416586,0.7490066081302114
3205.064941,-0.4664788513285325,-0.7466617297590672,0.007469050199181648,0.9879840121927701,-0.8811350085939254,-0.04008357318701039,0.9790954725416586,0.7490066081302114
3210.064941,-0.4664788513285325,-0.7466617297590672,0.007469050199181648,0.9879840121927701,-0.8811350085939254,-0.04008357318701039,0.9790954725416586,0.7490066081302114
3215.064941,-0.4664788513285325,-0.7466617297590672,0.007469050199181648,0.9879840121927701,-0.8811350085939254,-0.04008357318701039,0.9790954725416586,0.7490066081302114
3220.064941,-0.4664788513285325,-0.7466617297590672,0.007469050199181648,0.9879840121927701,-0.8811350085939254,-0.04008357318701039,0.9790954725416586,0.7490066081302114
3225.064941,-0.4664788513285325,-0.7466617297590672,0.007469050199181648,0.9879840121927701,-0.8811350085939254,-0.04008357318701039,0.9790954725416586,0.7490066081302114
3230.064941,-0.4664788513285325,-0.7466617297590672,0.007469050199181648,0.9879840121927701,-0.8811350085939254,-0.04008357318701039,0.9790954725416586,0.7490066081302114
3235.064941,-0.4664788513285325,-0.7466617297590672,0.007469050199181648,0.9879840121927701,-0.8811350085939254,-0.04008357318701039,0.9790954725416586,0.7490066081302114
3240.064941,-0.4664788513285325,-0.7466617297590672,0.007469050199181648,0.9879840121927701,-0.8811350085939254,-0.04008357318701039,0.9790954725416586,0.7490066081302114
3245.064941,-0.4664788513285325,-0.7466617297590672,0.007469050199181648,0.9879840121927701,-0.8811350085939254,-0.04008357318701039,0.9790954725416586,0.7490066081302114
3250.064941,-0.4664788513285325,-0.7466617297590672,0.007469050199181648,0.9879840121927701,-0.8811350085939254,-0.04008357318701039,0.9790954725416586,0.7490066081302114
3255.064941,-0.4664788513285325,-0.7466617297590672,0.007469050199181648,0.9879840121927701,-0.8811350085939254,-0.04008357318701039,0.9790954725416586,0.7490066081302114
3260.064941,-0.4664788513285325,-0.7466617297590672,0.007469050199181648,0.9879840121927701,-0.8811350085939254,-0.04008357318701039,0.9790954725416586,0.7490066081302114
3265.064941,-0.4664788513285325,-0.7466617297590672,0.007469050199181648,0.9879840121927701,-0.8811350085939254,-0.04008357318701039,0.9790954725416586,0.7490066081302114
3270.064941,-0.4664788513285325,-0.7466617297590672,0.007469050199181648,0.9879840121927701,-0.8811350085939254,-0.04008357318701039,0.9790954725416586,0.7490066081302114
3275.064941,-0.4664788513285325,-0.7466617297590672,0.007469050199181648,0.9879840121927701,-0.8811350085939254,-0.04008357318701039,0.9790954725416586,0.7490066081302114
3280.064941,-0.4664788513285325,-0.7466617297590672,0.007469050199181648,0.9879840121927701,-0.8811350085939254,-0.04008357318701039,0.9790954725416586,0.7490066081302114
3285.064941,-0.4664788513285325,-0.7466617297590672,0.007469050199181648,0.9879840121927701,-0.8811350085939254,-0.04008357318701039,0.9790954725416586,0.7490066081302114
3290.064941,-0.4664788513285325,-0.7466617297590672,0.007469050199181648,0.9879840121927701,-0.8811350085939254,-0.04008357318701039,0.9790954725416586,0.7490066081302114
3295.064941,-0.4664788513285325,-0.7466617297590672,0.007469050199181648,0.9879840121927701,-0.8811350085939254,-0.04008357318701039,0.9790954725416586,0.7490066081302114
3300.064941,-0.4664788513285325,-0.7466617297590672,0.007469050199181648,0.9879840121927701,-0.8811350085939254,-0.04008357318701039,0.9790954725416586,0.7490066081302114
3305.064941,-0.4664788513285325,-0.7466617297590672,0.007469050199181648,0.9879840121927701,-0.8811350085939254,-0.04008357318701039,0.9790954725416586,0.7490066081302114
3310.064941,-0.4664788513285325,-0.7466617297590672,0.007469050199181648,0.9879840121927701,-0.8811350085939254,-0.04008357318701039,0.9790954725416586,0.7490066081302114
3315.064941,-0.4664788513285325,-0.7466617297590672,0.007469050199181648,0.9879840121927701,-0.8811350085939254,-0.04008357318701039,0.9790954725416586,0.7490066081302114
3320.064941,-0.4664788513285325,-0.7466617297590672,0.007469050199181648,0.9879840121927701,-0.8811350085939254,-0.04008357318701039,0.9790954725416586,0.7490066081302114
3325.064941,-0.4664788513285325,-0.7466617297590672,0.007469050199181648,0.9879840121927701,-0.8811350085939254,-0.04008357318701039,0.9790954725416586,0.7490066081302114
3330.064941,-0.4664788513285325,-0.7466617297590672,0.007469050199181648,0.9879840121927701,-0.8811350085939254,-0.04008357318701039,0.9790954725416586,0.7490066081302114
3335.064941,-0.4664788513285325,-0.7466617297590672,0.007469050199181648,0.9879840121927701,-0.8811350085939254,-0.04008357318701039,0.9790954725416586,0.7490066081302114
3340.064941,-0.4664788513285325,-0.7466617297590672,0.007469050199181648,0.9879840121927701,-0.8811350085939254,-0.04008357318701039,0.9790954725416586,0.7490066081302114
3345.064941,-0.4664788513285325,-0.7466617297590672,0.007469050199181648,0.9879840121927701,-0.8811350085939254,-0.04008357318701039,0.9790954725416586,0.7490066081302114
3350.064941,-0.4664788513285325,-0.7466617297590672,0.007469050199181648,0.9879840121927701,-0.8811350085939254,-0.04008357318701039,0.9790954725416586,0.7490066081302114
3355.064941,-0.4664788513285325,-0.7466617297590672,0.007469050199181648,0.9879840121927701,-0.8811350085939254,-0.04008357318701039,0.9790954725416586,0.7490066081302114
3360.064941,-0.4664788513285325,-0.7466617297590672,0.007469050199181648,0.9879840121927701,-0.8811350085939254,-0.04008357318701039,0.9790954725416586,0.7490066081302114
3365.064941,-0.4664788513285325,-0.7466617297590672,0.007469050199181648,0.9879840121927701,-0.8811350085939254,-0.04008357318701039,0.9790954725416586,0.7490066081302114
3370.064941,-0.4664788513285325,-0.7466617297590672,0.007469050199181648,0.9879840121927701,-0.8811350085939254,-0.04008357318701039,0.9790954725416586,0.7490066081302114
3375.064941,-0.4664788513285325,-0.7466617297590672,0.007469050199181648,0.9879840121927701,-0.8811350085939254,-0.04008357318701039,0.9790954725416586,0.7490066081302114
3380.064941,-0.4664788513285325,-0.7466617297590672,0.007469050199181648,0.9879840121927701,-0.8811350085939254,-0.04008357318701039,0.9790954725416586,0.7490066081302114
3385.064941,-0.21230323911534943,-0.466141485967265,-0.0007436183522210981,0.8213771637287499,-0.6781215107768681,0.14959467857962855,0.8381563845945583,0.7044641152320581
3390.064941,0.04187237309783365,-0.18562124217546297,-0.008956286903623845,0.6547703152647296,-0.4751080129598108,0.3392729303462675,0.6972172966474579,0.6599216223339048
3395.064941,0.2960479853110167,0.09489900161633921,-0.017168955455026592,0.4881634668007095,-0.2720945151427535,0.5289511821129065,0.5562782087003576,0.6153791294357517
3400.064941,0.5502235975241998,0.37541924540814137,-0.025381624006429338,0.32155661833668936,-0.0690810173256962,0.7186294338795453,0.4153391207532571,0.5708366365375985
3405.064941,0.8043992097373829,0.6559394891999435,-0.033594292557832084,0.15494976987266917,0.13393248049136108,0.9083076856461842,0.27440003280615666,0.5262941436394453
3410.064941,0.6813428479864762,0.7027244470644841,-0.19734384205702793,0.17367660137682167,0.24974481664810727,0.8028084177539284,0.1187261687955787,0.4470767056140649
3415.064941,0.5582864862355693,0.7495094049290247,-0.3610933915562238,0.19240343288097414,0.36555715280485346,0.6973091498616728,-0.03694769521499928,0.36785926758868454
3420.064941,0.4352301244846627,0.7962943627935652,-0.5248429410554196,0.21113026438512664,0.4813694889615997,0.5918098819694171,-0.19262155922557725,0.28864182956330414
3425.064941,0.24751373537278276,0.8136160885508967,-0.6625870995710533,0.3655400072495367,0.32481427586866657,0.3843582675720484,-0.05804268757974982,0.14563870076416427
3430.064941,0.05979734626090276,0.8309378143082281,-0.800331258086687,0.5199497501139468,0.16825906277573344,0.17690665317467955,0.07653618406607761,0.002635571965024397
3435.064941,-0.0048626811000705315,0.8014745822010187,-0.7743258671031248,0.6556326614742044,-0.10410848647394588,0.07495430666956651,0.366788919722483,-0.06115011880873511
3440.064941,-0.06952270846104383,0.7720113500938095,-0.7483204761195626,0.791315572834462,-0.3764760357236252,-0.02699803983554654,0.6570416553788884,-0.12493580958249462
3445.064941,-0.13418273582201712,0.7425481179866003,-0.7223150851360003,0.9269984841947195,-0.6488435849733045,-0.12895038634065958,0.9472943910352939,-0.18872150035625412
3450.064941,-0.13418273582201712,0.7425481179866003,-0.7223150851360003,0.9269984841947195,-0.6488435849733045,-0.12895038634065958,0.9472943910352939,-0.18872150035625412
3455.064941,-0.13418273582201712,0.7425481179866003,-0.7223150851360003,0.9269984841947195,-0.6488435849733045,-0.12895038634065958,0.9472943910352939,-0.18872150035625412
3460.064941,0.07161612357963901,0.6747553519071762,-0.7322331808617196,0.7569937442767485,-0.5443177297072258,-0.2543694045517457,0.6288416703959546,-0.20487816643678053
3465.064941,0.27741498298129513,0.6069625858277521,-0.742151276587439,0.5869890043587773,-0.4397918744411471,-0.37978842276283187,0.31038894975661563,-0.2210348325173069
3470.064941,0.48321384238295123,0.5391698197483279,-0.7520693723131584,0.4169842644408062,-0.3352660191750683,-0.505207440973918,-0.008063770882723498,-0.2371914985978333
3475.064941,0.6890127017846074,0.4713770536689038,-0.7619874680388777,0.246979524522835,-0.23074016390898958,-0.6306264591850042,-0.3265164915220626,-0.2533481646783597
3480.064941,0.8948115611862635,0.40358428758947973,-0.7719055637645971,0.07697478460486384,-0.12621430864291083,-0.7560454773960903,-0.6449692121614017,-0.2695048307588861
3485.064941,0.8948115611862635,0.40358428758947973,-0.7719055637645971,0.07697478460486384,-0.12621430864291083,-0.7560454773960903,-0.6449692121614017,-0.2695048307588861
3490.064941,0.8948115611862635,0.40358428758947973,-0.7719055637645971,0.07697478460486384,-0.12621430864291083,-0.7560454773960903,-0.6449692121614017,-0.2695048307588861
3495.064941,0.8948115611862635,0.40358428758947973,-0.7719055637645971,0.07697478460486384,-0.12621430864291083,-0.7560454773960903,-0.6449692121614017,-0.2695048307588861
3500.064941,0.8948115611862635,0.40358428758947973,-0.7719055637645971,0.07697478460486384,-0.12621430864291083,-0.7560454773960903,-0.6449692121614017,-0.2695048307588861
3505.064941,0.8948115611862635,0.40358428758947973,-0.7719055637645971,0.07697478460486384,-0.12621430864291083,-0.7560454773960903,-0.6449692121614017,-0.2695048307588861
3510.064941,0.6118905445191742,0.4277808976039655,-0.4537490015666007,0.164671047150213,-0.19279908669331433,-0.6440551384090388,-0.4397119783865072,-0.27953429331400287
3515.064941,0.3289695278520851,0.4519775076184513,-0.13559243936860438,0.25236730969556215,-0.25938386474371783,-0.5320647994219874,-0.2344547446116127,-0.28956375586911964
3520.064941,0.04604851118499589,0.47617411763293715,0.182564122829392,0.34006357224091127,-0.32596864279412135,-0.42007446043493585,-0.029197510836718222,-0.29959321842423636
3525.064941,-0.23687250548209332,0.5003707276474229,0.5007206850273883,0.4277598347862604,-0.3925534208445248,-0.30808412144788433,0.17605972293817626,-0.30962268097935314
3530.064941,-0.5197935221491825,0.5245673376619087,0.8188772472253847,0.5154560973316096,-0.45913819889492835,-0.19609378246083287,0.38131695671307075,-0.3196521435344699
3535.064941,-0.5197935221491825,0.5245673376619087,0.8188772472253847,0.5154560973316096,-0.45913819889492835,-0.19609378246083287,0.38131695671307075,-0.3196521435344699
3540.064941,-0.5197935221491825,0.5245673376619087,0.8188772472253847,0.5154560973316096,-0.45913819889492835,-0.19609378246083287,0.38131695671307075,-0.3196521435344699
3545.064941,-0.33989641757339717,0.3483814245650602,0.48953499152443836,0.3774056416071895,-0.2117856994988713,-0.3299752364889564,0.27586195132436825,-0.14443320260956413
3550.064941,-0.15999931299761183,0.1721955114682118,0.16019273582349208,0.23935518588276933,0.035566799897185766,-0.4638566905170799,0.17040694593566577,0.030785738315341638
3555.064941,0.019897791578173507,-0.003990401628636642,-0.16914951987745425,0.10130473015834922,0.28291929929324283,-0.5977381445452034,0.06495194054696327,0.2060046792402474
3560.064941,0.19979489615395885,-0.18017631472548506,-0.4984917755784005,-0.0367457255660709,0.5302717986892999,-0.7316195985733269,-0.040503064841739225,0.3812236201651532
3565.064941,0.3796920007297442,-0.3563622278223335,-0.8278340312793467,-0.17479618129049102,0.7776242980853569,-0.8655010526014504,-0.14595807023044172,0.556442561090059
3570.064941,0.3796920007297442,-0.3563622278223335,-0.8278340312793467,-0.17479618129049102,0.7776242980853569,-0.8655010526014504,-0.14595807023044172,0.556442561090059
3575.064941,0.41023409321499626,-0.22097221795373292,-0.8155971891263031,-0.07650649052295347,0.6286557915371508,-0.7525377482959604,-0.16494331278055557,0.40047308958362304
3580.064941,0.44077618570024824,-0.08558220808513232,-0.8033603469732592,0.021783200244584088,0.47968728498894464,-0.6395744439904705,-0.1839285553306694,0.24450361807718704
3585.064941,0.4713182781855002,0.04980780178346826,-0.7911235048202154,0.12007289101212164,0.33071877844073844,-0.5266111396849806,-0.20291379788078326,0.08853414657075107
3590.064941,0.5018603706707523,0.18519781165206886,-0.7788866626671715,0.2183625817796592,0.18175027189253226,-0.4136478353794907,-0.2218990404308971,-0.0674353249356849
3595.064941,0.5324024631560043,0.32058782152066945,-0.7666498205141277,0.31665227254719674,0.032781765344326086,-0.3006845310740007,-0.24088428298101094,-0.22340479644212086
3600.064941,0.5324024631560043,0.32058782152066945,-0.7666498205141277,0.31665227254719674,0.032781765344326086,-0.3006845310740007,-0.24088428298101094,-0.22340479644212086
3605.064941,0.5324024631560043,0.32058782152066945,-0.7666498205141277,0.31665227254719674,0.032781765344326086,-0.3006845310740007,-0.24088428298101094,-0.22340479644212086
3610.064941,0.5324024631560043,0.32058782152066945,-0.7666498205141277,0.31665227254719674,0.032781765344326086,-0.3006845310740007,-0.24088428298101094,-0.22340479644212086
3615.064941,0.5324024631560043,0.32058782152066945,-0.7666498205141277,0.31665227254719674,0.032781765344326086,-0.3006845310740007,-0.24088428298101094,-0.22340479644212086
3620.064941,0.5324024631560043,0.32058782152066945,-0.7666498205141277,0.31665227254719674,0.032781765344326086,-0.3006845310740007,-0.24088428298101094,-0.22340479644212086
3625.064941,0.4215007168254095,0.30482383160619564,-0.639532471144445,0.053826296959953134,0.193903062267082,-0.43574885865258695,-0.04923851531035943,-0.275456170200635
3630.064941,0.31059897049481466,0.2890598416917218,-0.5124151217747623,-0.20899967862729046,0.35502435918983793,-0.5708131862311733,0.14240725236029209,-0.32750754395914916
3635.064941,0.19969722416421987,0.27329585177724797,-0.3852977724050797,-0.47182565421453404,0.5161456561125938,-0.7058775138097596,0.3340530200309436,-0.37955891771766337
3640.064941,0.08879547783362507,0.2575318618627741,-0.258180423035397,-0.7346516298017777,0.6772669530353499,-0.8409418413883458,0.5256987877015951,-0.43161029147617747
3645.064941,-0.022106268496969728,0.2417678719483003,-0.13106307366571435,-0.9974776053890213,0.8383882499581057,-0.9760061689669322,0.7173445553722466,-0.48366166523469173
3650.064941,-0.022106268496969728,0.2417678719483003,-0.13106307366571435,-0.9974776053890213,0.8383882499581057,-0.9760061689669322,0.7173445553722466,-0.48366166523469173
3655.064941,-0.022106268496969728,0.2417678719483003,-0.13106307366571435,-0.9974776053890213,0.8383882499581057,-0.9760061689669322,0.7173445553722466,-0.48366166523469173
3660.064941,-0.022106268496969728,0.2417678719483003,-0.13106307366571435,-0.9974776053890213,0.8383882499581057,-0.9760061689669322,0.7173445553722466,-0.48366166523469173
3665.064941,-0.022106268496969728,0.2417678719483003,-0.13106307366571435,-0.9974776053890213,0.8383882499581057,-0.9760061689669322,0.7173445553722466,-0.48366166523469173
3670.064941,0.05114518193304329,0.18659779256444442,0.00765868658902571,-0.963660218179983,0.7708687515087251,-0.737105292977809,0.6972315794665616,-0.25407032028358933
3675.064941,0.12439663236305631,0.13142771318058855,0.14638044684376578,-0.9298428309709447,0.7033492530593446,-0.498204416988686,0.6771186035608764,-0.02447897533248695
3680.064941,0.19764808279306934,0.07625763379673267,0.2851022070985058,-0.8960254437619064,0.635829754609964,-0.2593035409995629,0.6570056276551913,0.2051123696186154
3685.064941,0.27089953322308236,0.021087554412876797,0.42382396735324585,-0.8622080565528683,0.5683102561605835,-0.020402665010439813,0.636892651749506,0.43470371456971774
3690.064941,0.3441509836530954,-0.03408252497097908,0.5625457276079859,-0.8283906693438299,0.500790757711203,0.21849821097868327,0.6167796758438209,0.6642950595208201
3695.064941,0.3441509836530954,-0.03408252497097908,0.5625457276079859,-0.8283906693438299,0.500790757711203,0.21849821097868327,0.6167796758438209,0.6642950595208201
3700.064941,0.3441509836530954,-0.03408252497097908,0.5625457276079859,-0.8283906693438299,0.500790757711203,0.21849821097868327,0.6167796758438209,0.6642950595208201
3705.064941,0.3441509836530954,-0.03408252497097908,0.5625457276079859,-0.8283906693438299,0.500790757711203,0.21849821097868327,0.6167796758438209,0.6642950595208201
3710.064941,0.3441509836530954,-0.03408252497097908,0.5625457276079859,-0.8283906693438299,0.500790757711203,0.21849821097868327,0.6167796758438209,0.6642950595208201
3715.064941,0.3441509836530954,-0.03408252497097908,0.5625457276079859,-0.8283906693438299,0.500790757711203,0.21849821097868327,0.6167796758438209,0.6642950595208201
3720.064941,0.15920609081032353,0.008634706904598444,0.6427281212918509,-0.47195283996236137,0.5196622504576363,0.21570709739592958,0.5361084018394722,0.6489834554081175
3725.064941,-0.025738802032448316,0.051351938780175965,0.7229105149757158,-0.11551501058089286,0.5385337432040697,0.21291598381317592,0.4554371278351235,0.6336718512954149
3730.064941,-0.21068369487522015,0.09406917065575349,0.8030929086595806,0.24092281880057564,0.5574052359505031,0.21012487023042223,0.37476585383077476,0.6183602471827124
3735.064941,-0.39562858771799203,0.136786402531331,0.8832753023434456,0.5973606481820442,0.5762767286969362,0.20733375664766857,0.29409457982642606,0.6030486430700099
3740.064941,-0.5714932823960958,0.07235885112269629,0.6711007415344691,0.9035342573582497,0.5323930829866113,0.27615467883245604,0.05044355693589044,0.38971892103919864
3745.064941,-0.5624130842314277,-0.03478593216151595,0.37874378704162764,0.8532700371529867,0.4696379445298529,0.3477667145999972,-0.11253619195029647,0.19170080312108997
3750.064941,-0.5533328860667597,-0.1419307154457282,0.08638683254878625,0.8030058169477238,0.40688280607309457,0.41937875036753836,-0.2755159408364834,-0.006317314797018714
3755.064941,-0.5442526879020916,-0.24907549872994045,-0.20597012194405515,0.7527415967424609,0.34412766761633623,0.49099078613507957,-0.4384956897226703,-0.20433543271512739
3760.064941,-0.5351724897374235,-0.3562202820141527,-0.49832707643689655,0.7024773765371979,0.2813725291595779,0.5626028219026207,-0.6014754386088572,-0.4023535506332361
3765.064941,-0.5351724897374235,-0.3562202820141527,-0.49832707643689655,0.7024773765371979,0.2813725291595779,0.5626028219026207,-0.6014754386088572,-0.4023535506332361
3770.064941,-0.5351724897374235,-0.3562202820141527,-0.49832707643689655,0.7024773765371979,0.2813725291595779,0.5626028219026207,-0.6014754386088572,-0.4023535506332361
3775.064941,-0.5351724897374235,-0.3562202820141527,-0.49832707643689655,0.7024773765371979,0.2813725291595779,0.5626028219026207,-0.6014754386088572,-0.4023535506332361
3780.064941,-0.3470584162121233,-0.3373392366899681,-0.5971704462782211,0.7527863293526126,0.17659672732551024,0.2566360143276819,-0.3584780964288173,-0.3482457790520802
3785.064941,-0.15894434268682311,-0.31845819136578357,-0.6960138161195457,0.8030952821680273,0.07182092549144259,-0.049330793247256824,-0.11548075424877732,-0.2941380074709243
3790.064941,0.02916973083847707,-0.299577146041599,-0.7948571859608704,0.8534042349834421,-0.03295487634262506,-0.3552976008221956,0.1275165879312626,-0.2400302358897684
3795.064941,0.21728380436377726,-0.28069610071741447,-0.893700555802195,0.9037131877988569,-0.1377306781766927,-0.6612644083971343,0.37051393011130257,-0.1859224643086125
3800.064941,0.4053978778890775,-0.2618150553932299,-0.9925439256435196,0.9540221406142717,-0.24250648001076036,-0.9672312159720731,0.6135112722913425,-0.1318146927274566
3805.064941,0.4053978778890775,-0.2618150553932299,-0.9925439256435196,0.9540221406142717,-0.24250648001076036,-0.9672312159720731,0.6135112722913425,-0.1318146927274566
3810.064941,0.4053978778890775,-0.2618150553932299,-0.9925439256435196,0.9540221406142717,-0.24250648001076036,-0.9672312159720731,0.6135112722913425,-0.1318146927274566
3815.064941,0.4053978778890775,-0.2618150553932299,-0.9925439256435196,0.9540221406142717,-0.24250648001076036,-0.9672312159720731,0.6135112722913425,-0.1318146927274566
3820.064941,0.4053978778890775,-0.2618150553932299,-0.9925439256435196,0.9540221406142717,-0.24250648001076036,-0.9672312159720731,0.6135112722913425,-0.1318146927274566
3825.064941,0.4053978778890775,-0.2618150553932299,-0.9925439256435196,0.9540221406142717,-0.24250648001076036,-0.9672312159720731,0.6135112722913425,-0.1318146927274566
3830.064941,0.24038905420896603,-0.28777808391664467,-0.7856754484758591,0.861781405296443,-0.2652103622495936,-0.885320655186324,0.6304838352815467,-0.20226426001721337
3835.064941,0.07538023052885463,-0.3137411124400594,-0.5788069713081987,0.7695406699786144,-0.28791424448842684,-0.8034100944005749,0.647456398271751,-0.27271382730697014
3840.064941,-0.08962859315125678,-0.3397041409634741,-0.37193849414053803,0.6772999346607855,-0.3106181267272601,-0.7214995336148258,0.6644289612619553,-0.34316339459672685
3845.064941,-0.2212304987118887,-0.44058960716103446,-0.34202702374819344,0.5596064182005781,-0.15591662493865419,-0.657877671234026,0.5552884557784203,-0.14790992607526549
3850.064941,-0.35283240427252066,-0.5414750733585949,-0.31211555335584884,0.4419129017403707,-0.0012151231500483028,-0.5942558088532265,0.44614795029488546,0.047343542446195916
3855.064941,-0.31942548615304117,-0.6163975110327404,-0.48907256013116474,0.41646012059799203,0.17619026087739081,-0.612544507258176,0.3200348818211464,0.31304657825741405
3860.064941,-0.3623091899653293,-0.5861975050527096,-0.3851013121495233,0.4062770428896478,0.14781584210769405,-0.3574187464206876,-0.01619763031058876,0.32074245391766515
3865.064941,-0.40519289377761736,-0.5559974990726787,-0.28113006416788194,0.39609396518130363,0.11944142333799727,-0.10229298558319924,-0.35243014244232396,0.3284383295779162
3870.064941,-0.48148351570938497,-0.45087505541850226,-0.0002018094109246693,0.4113636686153381,-0.08633837945913862,0.17112147365923872,-0.56254958610032,0.07043116942694913
3875.064941,-0.5577741376411525,-0.34575261176432576,0.28072644534603264,0.4266333720493726,-0.2921181822562745,0.44453593290167664,-0.7726690297583161,-0.18757599072401793
3880.064941,-0.6340647595729201,-0.24063016811014926,0.5616547001029899,0.441903075483407,-0.49789798505341043,0.7179503921441146,-0.982788473416312,-0.445583150874985
3885.064941,-0.6340647595729201,-0.24063016811014926,0.5616547001029899,0.441903075483407,-0.49789798505341043,0.7179503921441146,-0.982788473416312,-0.445583150874985
3890.064941,-0.6340647595729201,-0.24063016811014926,0.5616547001029899,0.441903075483407,-0.49789798505341043,0.7179503921441146,-0.982788473416312,-0.445583150874985
3895.064941,-0.6340647595729201,-0.24063016811014926,0.5616547001029899,0.441903075483407,-0.49789798505341043,0.7179503921441146,-0.982788473416312,-0.445583150874985
3900.064941,-0.6340647595729201,-0.24063016811014926,0.5616547001029899,0.441903075483407,-0.49789798505341043,0.7179503921441146,-0.982788473416312,-0.445583150874985
3905.064941,-0.34652703605212776,-0.3197126231402862,0.6318966831019714,0.34207638515801764,-0.44997580249402835,0.5640604587934116,-0.6343180382737998,-0.4775570936895958
3910.064941,-0.058989312531335436,-0.39879507817042315,0.7021386661009531,0.24224969483262832,-0.4020536199346463,0.41017052544270866,-0.28584760313128765,-0.5095310365042066
3915.064941,0.22854841098945688,-0.47787753320056015,0.7723806490999346,0.14242300450723894,-0.3541314373752642,0.25628059209200565,0.06262283201122462,-0.5415049793188175
3920.064941,0.5160861345102492,-0.556959988230697,0.8426226320989162,0.042596314181849594,-0.3062092548158821,0.10239065874130268,0.4110932671537369,-0.5734789221334282
3925.064941,0.8036238580310415,-0.636042443260834,0.9128646150978978,-0.05723037614353976,-0.25828707225650005,-0.05149927460940029,0.7595637022962491,-0.6054528649480391
3930.064941,0.712021098892325,-0.32729396484359874,0.6911144964108099,-0.1571982149400868,-0.04921688173556253,0.12631051084922582,0.4642392203878938,-0.5007396926035469
3935.064941,0.6204183397536085,-0.0185454864263634,0.469364377723722,-0.2571660537366338,0.159853308785375,0.3041202963078519,0.16891473847953833,-0.39602652025905466
3940.064941,0.528815580614892,0.2902029919908719,0.2476142590366341,-0.35713389253318084,0.3689234993063125,0.48193008176647806,-0.12640974342881708,-0.2913133479145625
3945.064941,0.4372128214761755,0.5989514704081073,0.025864140349546184,-0.4571017313297279,0.57799368982725,0.6597398672251041,-0.4217342253371725,-0.18660017557007028
3950.064941,0.34561006233745895,0.9076999488253426,-0.19588597833754173,-0.5570695701262749,0.7870638803481875,0.8375496526837303,-0.7170587072455279,-0.08188700322557807
3955.064941,0.34561006233745895,0.9076999488253426,-0.19588597833754173,-0.5570695701262749,0.7870638803481875,0.8375496526837303,-0.7170587072455279,-0.08188700322557807
3960.064941,0.34561006233745895,0.9076999488253426,-0.19588597833754173,-0.5570695701262749,0.7870638803481875,0.8375496526837303,-0.7170587072455279,-0.08188700322557807
3965.064941,0.34561006233745895,0.9076999488253426,-0.19588597833754173,-0.5570695701262749,0.7870638803481875,0.8375496526837303,-0.7170587072455279,-0.08188700322557807
3970.064941,0.34561006233745895,0.9076999488253426,-0.19588597833754173,-0.5570695701262749,0.7870638803481875,0.8375496526837303,-0.7170587072455279,-0.08188700322557807
3975.064941,0.08785506761985355,0.6650827906155937,-0.0317154273800873,-0.35953981334179813,0.5342222949137165,0.5677426001107321,-0.6919400869671228,-0.21222460512119334
3980.064941,-0.16989992709775184,0.4224656324058449,0.13245512357736713,-0.1620100565573214,0.28138070947924537,0.29793554753773394,-0.6668214666887178,-0.3425622070168086
3985.064941,-0.42765492181535725,0.17984847419609626,0.2966256745348216,0.03551970022715536,0.028539124044774277,0.02812849496473575,-0.6417028464103126,-0.47289980891242395
3990.064941,-0.6854099165329626,-0.0627686840136525,0.460796225492276,0.2330494570116321,-0.2243024613896968,-0.24167855760826243,-0.6165842261319076,-0.6032374108080392
3995.064941,-0.943164911250568,-0.30538584222340126,0.6249667764497304,0.4305792137961088,-0.47714404682416783,-0.5114856101812606,-0.5914656058535024,-0.7335750127036544
4000.064941,-0.943164911250568,-0.30538584222340126,0.6249667764497304,0.4305792137961088,-0.47714404682416783,-0.5114856101812606,-0.5914656058535024,-0.7335750127036544
4005.064941,-0.943164911250568,-0.30538584222340126,0.6249667764497304,0.4305792137961088,-0.47714404682416783,-0.5114856101812606,-0.5914656058535024,-0.7335750127036544
4010.064941,-0.8059536482219734,-0.4076970435064215,0.4598281129640743,0.235379894557692,-0.4385179992938523,-0.38382143986108613,-0.48935585911142343,-0.49418742826144585
4015.064941,-0.6687423851933788,-0.5100082447894417,0.294689449478418,0.04018057531927517,-0.3998919517635367,-0.25615726954091167,-0.38724611236934453,-0.25479984381923737
4020.064941,-0.5315311221647842,-0.6123194460724619,0.12955078599276182,-0.15501874391914167,-0.3612659042332211,-0.12849309922073723,-0.2851363656272656,-0.01541225937702877
4025.064941,-0.39431985913618955,-0.7146306473554821,-0.03558787749289438,-0.35021806315755855,-0.3226398567029055,-0.0008289289005627865,-0.18302661888518665,0.22397532506517978
4030.064941,-0.25710859610759496,-0.8169418486385023,-0.20072654097855058,-0.5454173823959754,-0.2840138091725899,0.12683524141961167,-0.08091687214310772,0.4633629095073884
4035.064941,-0.25710859610759496,-0.8169418486385023,-0.20072654097855058,-0.5454173823959754,-0.2840138091725899,0.12683524141961167,-0.08091687214310772,0.4633629095073884
4040.064941,-0.0584913083336092,-0.5513946454421961,-0.285269891325978,-0.27018641371327196,-0.31729051613551024,0.101845056900572,-0.18176540555097614,0.49917025990194414
4045.064941,0.14012597944037655,-0.28584744224588976,-0.3698132416734054,0.005044554969431481,-0.3505672230984306,0.07685487238153232,-0.28261393895884457,0.5349776102964999
4050.064941,0.3387432672143623,-0.020300239049583536,-0.45435659202083284,0.28027552365213493,-0.38384393006135087,0.05186468786249265,-0.38346247236671294,0.5707849606910557
4055.064941,0.537360554988348,0.2452469641467227,-0.5388999423682603,0.5555064923348383,-0.41712063702427127,0.026874503343452982,-0.48431100577458136,0.6065923110856114
4060.064941,0.7359778427623338,0.510794167343029,-0.6234432927156877,0.8307374610175418,-0.4503973439871915,0.0018843188244133113,-0.5851595391824498,0.6423996614801673
4065.064941,0.7359778427623338,0.510794167343029,-0.6234432927156877,0.8307374610175418,-0.4503973439871915,0.0018843188244133113,-0.5851595391824498,0.6423996614801673
4070.064941,0.7359778427623338,0.510794167343029,-0.6234432927156877,0.8307374610175418,-0.4503973439871915,0.0018843188244133113,-0.5851595391824498,0.6423996614801673
4075.064941,0.7359778427623338,0.510794167343029,-0.6234432927156877,0.8307374610175418,-0.4503973439871915,0.0018843188244133113,-0.5851595391824498,0.6423996614801673
4080.064941,0.7359778427623338,0.510794167343029,-0.6234432927156877,0.8307374610175418,-0.4503973439871915,0.0018843188244133113,-0.5851595391824498,0.6423996614801673
4085.064941,0.7539087974338631,0.2163079176655475,-0.4805763585381818,0.7705352620804884,-0.1651911214917953,-0.06617186732437634,-0.3278271328749377,0.4983004974150157
4090.064941,0.7718397521053924,-0.07817833201193398,-0.337709424360676,0.710333063143435,0.12001510100360098,-0.134228053473166,-0.07049472656742566,0.35420133334986426
4095.064941,0.7897707067769215,-0.37266458168941546,-0.19484249018317018,0.6501308642063816,0.40522132349899725,-0.20228423962195566,0.18683767974008642,0.2101021692847128
4100.064941,0.8077016614484508,-0.6671508313668969,-0.05197555600566437,0.5899286652693282,0.6904275459943935,-0.2703404257707453,0.44417008604759844,0.0660030052195613
4105.064941,0.8256326161199802,-0.9616370810443783,0.09089137817184145,0.5297264663322747,0.9756337684897897,-0.33839661191953496,0.7015024923551105,-0.07809615884559018
4110.064941,0.8256326161199802,-0.9616370810443783,0.09089137817184145,0.5297264663322747,0.9756337684897897,-0.33839661191953496,0.7015024923551105,-0.07809615884559018
4115.064941,0.5118123573077952,-0.7381536395212189,0.14953453489584909,0.6177536647602802,0.6207364483316918,-0.39355820598323626,0.5069199877427094,-0.24204230794555523
4120.064941,0.19799209849561022,-0.5146701979980596,0.20817769161985672,0.7057808631882857,0.26583912817359384,-0.44871980004693757,0.3123374831303082,-0.40598845704552033
4125.064941,-0.11582816031657468,-0.2911867564749001,0.2668208483438644,0.793808061616291,-0.08905819198450411,-0.5038813941106388,0.11775497851790698,-0.5699346061454854
4130.064941,-0.4296484191287596,-0.06770331495174071,0.325464005067872,0.8818352600442966,-0.4439555121426021,-0.5590429881743402,-0.07682752609449421,-0.7338807552454505
4135.064941,-0.7434686779409445,0.1557801265714187,0.38410716179187965,0.9698624584723021,-0.7988528323007,-0.6142045822380415,-0.2714100307068954,-0.8978269043454155
4140.064941,-0.7434686779409445,0.1557801265714187,0.38410716179187965,0.9698624584723021,-0.7988528323007,-0.6142045822380415,-0.2714100307068954,-0.8978269043454155
4145.064941,-0.6750095950899998,0.29521880982308174,0.36015012583551853,0.6779259997339787,-0.7396141255783479,-0.3456230086545393,-0.10445186789199838,-0.6642885579144239
4150.064941,-0.6065505122390551,0.43465749307474477,0.33619308987915747,0.3859895409956554,-0.680375418855996,-0.07704143507103711,0.06250629492289864,-0.4307502114834323
4155.064941,-0.5380914293881103,0.5740961763264079,0.31223605392279635,0.09405308225733196,-0.6211367121336439,0.1915401385124651,0.22946445773779564,-0.19721186505244076
4160.064941,-0.46963234653716557,0.7135348595780707,0.2882790179664353,-0.19788337648099144,-0.5618980054112919,0.46012171209596725,0.3964226205526927,0.03632648137855079
4165.064941,-0.40117326368622086,0.8529735428297338,0.2643219820100742,-0.4898198352193148,-0.5026592986889398,0.7287032856794695,0.5633807833675897,0.26986482780954235
4170.064941,-0.40117326368622086,0.8529735428297338,0.2643219820100742,-0.4898198352193148,-0.5026592986889398,0.7287032856794695,0.5633807833675897,0.26986482780954235
4175.064941,-0.40117326368622086,0.8529735428297338,0.2643219820100742,-0.4898198352193148,-0.5026592986889398,0.7287032856794695,0.5633807833675897,0.26986482780954235
4180.064941,-0.5199727097644908,0.7610204036084603,0.08228473613110361,-0.5389516334252503,-0.5466654791076803,0.4376188904979518,0.31073837762805523,0.3185179732199129
4185.064941,-0.6387721558427607,0.6690672643871869,-0.09975250974786695,-0.5880834316311858,-0.5906716595264208,0.14653449531643403,0.05809597188852078,0.3671711186302834
4190.064941,-0.7575716019210306,0.5771141251659133,-0.2817897556268375,-0.6372152298371212,-0.634677839945161,-0.14454989986508365,-0.19454643385101367,0.41582426404065387
4195.064941,-0.8763710479993007,0.48516098594463986,-0.46382700150580813,-0.6863470280430567,-0.6786840203639015,-0.43563429504660134,-0.44718883959054806,0.4644774094510244
4200.064941,-0.9951704940775705,0.3932078467233664,-0.6458642473847787,-0.7354788262489922,-0.7226902007826419,-0.7267186902281191,-0.6998312453300826,0.5131305548613949
4205.064941,-0.8897190478386705,0.12930445088249307,-0.5807747563097916,-0.7596687182737875,-0.5985985015434725,-0.6054873984217075,-0.7344055019083671,0.4530152586081984
4210.064941,-0.7842676015997704,-0.13459894495838026,-0.5156852652348045,-0.7838586102985827,-0.47450680230430303,-0.48425610661529583,-0.7689797584866517,0.3928999623550019
4215.064941,-0.6788161553608703,-0.39850234079925356,-0.45059577415981744,-0.8080485023233781,-0.3504151030651338,-0.3630248148088841,-0.8035540150649361,0.33278466610180535
4220.064941,-0.5733647091219701,-0.6624057366401269,-0.38550628308483037,-0.8322383943481734,-0.22632340382596444,-0.24179352300247245,-0.8381282716432207,0.27266936984860884
4225.064941,-0.46791326288307006,-0.9263091324810002,-0.3204167920098433,-0.8564282863729688,-0.10223170458679509,-0.1205622311960608,-0.8727025282215053,0.21255407359541234
4230.064941,-0.46791326288307006,-0.9263091324810002,-0.3204167920098433,-0.8564282863729688,-0.10223170458679509,-0.1205622311960608,-0.8727025282215053,0.21255407359541234
4235.064941,-0.48547020166523147,-0.8760144446506815,-0.2842609348872044,-0.5773107176603676,-0.023147283663787953,-0.23686078050035272,-0.8474356865370514,0.17830401052134418
4240.064941,-0.503027140447393,-0.8257197568203626,-0.24810507776456542,-0.29819314894776655,0.055937137259219186,-0.35315932980464465,-0.8221688448525972,0.144053947447276
4245.064941,-0.5205840792295545,-0.7754250689900438,-0.2119492206419265,-0.019075580235165424,0.13502155818222633,-0.46945787910893666,-0.7969020031681431,0.10980388437320783
4250.064941,-0.5381410180117161,-0.7251303811597248,-0.17579336351928757,0.26004198847743565,0.21410597910523346,-0.5857564284132286,-0.771635161483689,0.07555382129913965
4255.064941,-0.5556979567938776,-0.674835693329406,-0.13963750639664863,0.5391595571900367,0.2931904000282406,-0.7020549777175205,-0.746368319799235,0.041303758225071485
4260.064941,-0.5556979567938776,-0.674835693329406,-0.13963750639664863,0.5391595571900367,0.2931904000282406,-0.7020549777175205,-0.746368319799235,0.041303758225071485
4265.064941,-0.32211234985916665,-0.7146782176867026,-0.23903364036021024,0.4125053526550735,0.3045971393226932,-0.44681432188684067,-0.7819073608150005,0.06577596237428618
4270.064941,-0.08852674292445575,-0.7545207420439992,-0.33842977432377186,0.28585114812011037,0.31600387861714585,-0.1915736660561608,-0.817446401830766,0.09024816652350087
4275.064941,0.14505886401025517,-0.7943632664012957,-0.4378259082873335,0.15919694358514716,0.3274106179115984,0.06366698977451897,-0.8529854428465313,0.11472037067271557
4280.064941,0.37864447094496606,-0.8342057907585924,-0.5372220422508951,0.03254273905018397,0.33881735720605105,0.3189076456051988,-0.8885244838622969,0.13919257482193026
4285.064941,0.612230077879677,-0.8740483151158889,-0.6366181762144567,-0.09411146548477922,0.3502240965005037,0.5741483014358786,-0.9240635248780624,0.16366477897114495
4290.064941,0.612230077879677,-0.8740483151158889,-0.6366181762144567,-0.09411146548477922,0.3502240965005037,0.5741483014358786,-0.9240635248780624,0.16366477897114495
4295.064941,0.612230077879677,-0.8740483151158889,-0.6366181762144567,-0.09411146548477922,0.3502240965005037,0.5741483014358786,-0.9240635248780624,0.16366477897114495
4300.064941,0.612230077879677,-0.8740483151158889,-0.6366181762144567,-0.09411146548477922,0.3502240965005037,0.5741483014358786,-0.9240635248780624,0.16366477897114495
4305.064941,0.612230077879677,-0.8740483151158889,-0.6366181762144567,-0.09411146548477922,0.3502240965005037,0.5741483014358786,-0.9240635248780624,0.16366477897114495
4310.064941,0.612230077879677,-0.8740483151158889,-0.6366181762144567,-0.09411146548477922,0.3502240965005037,0.5741483014358786,-0.9240635248780624,0.16366477897114495
4315.064941,0.5007364559761853,-0.8597891527718204,-0.641562133959163,-0.14073967890889577,0.4745480279227083,0.6362433655952533,-0.5478789816875701,0.09095433724763882
4320.064941,0.38924283407269356,-0.845529990427752,-0.6465060917038692,-0.1873678923330123,0.5988719593449128,0.6983384297546279,-0.17169443849707786,0.01824389552413268
4325.064941,0.2777492121692019,-0.8312708280836837,-0.6514500494485752,-0.23399610575712884,0.7231958907671174,0.7604334939140026,0.2044901046934145,-0.05446654619937345
4330.064941,0.16625559026571018,-0.8170116657396154,-0.6563940071932814,-0.28062431918124536,0.8475198221893221,0.8225285580733772,0.5806746478839069,-0.1271769879228796
4335.064941,0.05476196836221847,-0.802752503395547,-0.6613379649379876,-0.3272525326053619,0.9718437536115265,0.8846236222327519,0.956859191074399,-0.19988742964638573
4340.064941,0.05476196836221847,-0.802752503395547,-0.6613379649379876,-0.3272525326053619,0.9718437536115265,0.8846236222327519,0.956859191074399,-0.19988742964638573
4345.064941,0.20055043224867145,-0.585003726681641,-0.7050682611084699,-0.3429155024656265,0.6291250833160821,0.7877852062026808,0.6120235070726554,-0.1720656474612961
4350.064941,0.3463388961351244,-0.3672549499677351,-0.7487985572789522,-0.35857847232589113,0.28640641302063763,0.6909467901726096,0.26718782307091166,-0.14424386527620645
4355.064941,0.4921273600215773,-0.1495061732538292,-0.7925288534494344,-0.37424144218615574,-0.05631225727480675,0.5941083741425384,-0.07764786093083198,-0.11642208309111682
4360.064941,0.6379158239080305,0.06824260346007671,-0.8362591496199168,-0.38990441204642035,-0.39903092757025116,0.49726995811246744,-0.42248354493257567,-0.08860030090602718
4365.064941,0.7249032528972383,0.193238081939705,-0.72447421854376,-0.47829362963527816,-0.5820697425524131,0.3924512474012519,-0.4319993558270555,-0.00557226115776519
4370.064941,0.6661022179999934,0.10048478370542738,-0.5689589912971209,-0.5510198773638715,-0.4223898872391305,0.3844709527201076,-0.09667948271979174,0.04963399640540715
4375.064941,0.6073011831027486,0.007731485471149746,-0.4134437640504819,-0.6237461250924647,-0.26271003192584796,0.37649065803896326,0.23864039038747215,0.1048402539685795
4380.064941,0.5485001482055039,-0.08502181276312788,-0.257928536803843,-0.6964723728210579,-0.10303017661256542,0.36851036335781895,0.5739602634947361,0.16004651153175184
4385.064941,0.2865053045486504,-0.32137319099591016,-0.15001674599627765,-0.5482616352838845,-0.06493487327725536,0.23796135623278705,0.8333570265251389,0.2740218290043078
4390.064941,0.08331149578904191,-0.4649712709944148,-0.19762018243535134,-0.3273246500181176,-0.18651942525522786,0.1153926437888995,0.7574339164482782,0.3327908889136914
4395.064941,-0.11988231297056658,-0.6085693509929195,-0.24522361887442506,-0.10638766475235069,-0.3081039772332003,-0.007176068654988032,0.6815108063714173,0.39155994882307504
4400.064941,-0.3230761217301751,-0.7521674309914241,-0.29282705531349873,0.11454932051341618,-0.42968852921117284,-0.12974478109887558,0.6055876962945564,0.4503290087324586
4405.064941,-0.5262699304897835,-0.8957655109899287,-0.34043049175257245,0.33548630577918304,-0.5512730811891453,-0.2523134935427631,0.5296645862176956,0.5090980686418423
4410.064941,-0.5262699304897835,-0.8957655109899287,-0.34043049175257245,0.33548630577918304,-0.5512730811891453,-0.2523134935427631,0.5296645862176956,0.5090980686418423
4415.064941,-0.5262699304897835,-0.8957655109899287,-0.34043049175257245,0.33548630577918304,-0.5512730811891453,-0.2523134935427631,0.5296645862176956,0.5090980686418423
4420.064941,-0.5262699304897835,-0.8957655109899287,-0.34043049175257245,0.33548630577918304,-0.5512730811891453,-0.2523134935427631,0.5296645862176956,0.5090980686418423
4425.064941,-0.5262699304897835,-0.8957655109899287,-0.34043049175257245,0.33548630577918304,-0.5512730811891453,-0.2523134935427631,0.5296645862176956,0.5090980686418423
4430.064941,-0.5073426944428847,-0.6322363283540502,-0.3144173569325675,0.3398470054639092,-0.3697732756553834,-0.20301840758078987,0.29233207634175956,0.34025181187386166
4435.064941,-0.48841545839598577,-0.3687071457181716,-0.28840422211256256,0.34420770514863547,-0.1882734701216215,-0.15372332161881666,0.05499956646582351,0.171405555105881
4440.064941,-0.46948822234908694,-0.10517796308229296,-0.26239108729255756,0.34856840483336166,-0.006773664587859596,-0.10442823565684342,-0.18233294341011255,0.0025592983379004062
4445.064941,-0.45056098630218805,0.1583512195535856,-0.2363779524725526,0.3529291045180879,0.1747261409459023,-0.055133149694870195,-0.4196654532860486,-0.1662869584300802
4450.064941,-0.43163375025528916,0.4218804021894642,-0.21036481765254766,0.3572898042028141,0.3562259464796642,-0.00583806373289697,-0.6569979631619847,-0.33513321519806083
4455.064941,-0.43163375025528916,0.4218804021894642,-0.21036481765254766,0.3572898042028141,0.3562259464796642,-0.00583806373289697,-0.6569979631619847,-0.33513321519806083
4460.064941,-0.43163375025528916,0.4218804021894642,-0.21036481765254766,0.3572898042028141,0.3562259464796642,-0.00583806373289697,-0.6569979631619847,-0.33513321519806083
4465.064941,-0.43163375025528916,0.4218804021894642,-0.21036481765254766,0.3572898042028141,0.3562259464796642,-0.00583806373289697,-0.6569979631619847,-0.33513321519806083
4470.064941,-0.43163375025528916,0.4218804021894642,-0.21036481765254766,0.3572898042028141,0.3562259464796642,-0.00583806373289697,-0.6569979631619847,-0.33513321519806083
4475.064941,-0.16392805728151041,0.43658843198639463,-0.26349048942134484,0.4337619965537506,0.10451167616081132,0.010692216492600881,-0.7219502657888803,-0.4585482905256561
4480.064941,0.10377763569226835,0.45129646178332505,-0.316616161190142,0.5102341889046871,-0.14720259415804157,0.027222496718098732,-0.7869025684157759,-0.5819633658532514
4485.064941,0.3714833286660471,0.4660044915802555,-0.36974183295893914,0.5867063812556236,-0.39891686447689445,0.04375277694359658,-0.8518548710426715,-0.7053784411808467
4490.064941,0.6391890216398258,0.4807125213771859,-0.4228675047277363,0.6631785736065601,-0.6506311347957473,0.060283057169094434,-0.9168071736695673,-0.828793516508442
4495.064941,0.9068947146136047,0.4954205511741163,-0.47599317649653355,0.7396507659574965,-0.9023454051146003,0.07681333739459228,-0.9817594762964628,-0.9522085918360371
4500.064941,0.9068947146136047,0.4954205511741163,-0.47599317649653355,0.7396507659574965,-0.9023454051146003,0.07681333739459228,-0.9817594762964628,-0.9522085918360371
4505.064941,0.9068947146136047,0.4954205511741163,-0.47599317649653355,0.7396507659574965,-0.9023454051146003,0.07681333739459228,-0.9817594762964628,-0.9522085918360371
4510.064941,0.9068947146136047,0.4954205511741163,-0.47599317649653355,0.7396507659574965,-0.9023454051146003,0.07681333739459228,-0.9817594762964628,-0.9522085918360371
4515.064941,0.8068177662331601,0.4582825620023506,-0.3710056461053345,0.3920236988791438,-0.9217176965699669,-0.031694244377068956,-0.661968685044166,-0.7735266003560097
4520.064941,0.7067408178527158,0.4211445728305848,-0.2660181157141354,0.04439663180079112,-0.9410899880253337,-0.1402018261487302,-0.342177893791869,-0.5948446088759821
4525.064941,0.6066638694722712,0.384006583658819,-0.1610305853229364,-0.3032304352775615,-0.9604622794807003,-0.24870940792039145,-0.02238710253957219,-0.41616261739595456
4530.064941,0.5065869210918269,0.34686859448705326,-0.056043054931737356,-0.6508575023559142,-0.9798345709360671,-0.3572169896920527,0.29740368871272466,-0.23748062591592706
4535.064941,0.4065099727113825,0.3097306053152875,0.04894447545946168,-0.9984845694342667,-0.9992068623914336,-0.46572457146371393,0.6171944799650215,-0.0587986344358995
4540.064941,0.4065099727113825,0.3097306053152875,0.04894447545946168,-0.9984845694342667,-0.9992068623914336,-0.46572457146371393,0.6171944799650215,-0.0587986344358995
4545.064941,0.4065099727113825,0.3097306053152875,0.04894447545946168,-0.9984845694342667,-0.9992068623914336,-0.46572457146371393,0.6171944799650215,-0.0587986344358995
4550.064941,0.1691730335103915,0.42664960913948,0.08858371066753472,-0.6177139416904683,-0.967092075187305,-0.21667850282809412,0.34175943277687304,0.098863582321956
4555.064941,-0.06816390569059956,0.5435686129636725,0.12822294587560776,-0.23694331394666981,-0.9349772879831763,0.032367565807525714,0.0663243855887246,0.2565257990798115
4560.064941,-0.30550084489159063,0.660487616787865,0.1678621810836808,0.1438273137971286,-0.9028625007790476,0.28141363444314554,-0.20911066159942387,0.41418801583766707
4565.064941,-0.5428377840925818,0.7774066206120576,0.20750141629175384,0.5245979415409271,-0.8707477135749189,0.5304597030787653,-0.4845457087875723,0.5718502325955225
4570.064941,-0.7801747232935727,0.8943256244362502,0.2471406514998269,0.9053685692847255,-0.8386329263707901,0.7795057717143852,-0.7599807559757208,0.729512449353378
4575.064941,-0.8140759254032546,0.7563076325613167,0.16826226008734246,0.8273541623691933,-0.7986263486526108,0.7824232749955032,-0.7010811981985552,0.4762933471970726
4580.064941,-0.8479771275129362,0.6182896406863833,0.08938386867485804,0.7493397554536612,-0.7586197709344316,0.7853407782766213,-0.6421816404213896,0.22307424504076706
4585.064941,-0.8818783296226181,0.48027164881144985,0.010505477262373608,0.671325348538129,-0.7186131932162523,0.7882582815577395,-0.583282082644224,-0.03014485711553836
4590.064941,-0.9157795317322999,0.3422536569365165,-0.06837291415011082,0.5933109416225968,-0.678606615498073,0.7911757848388575,-0.5243825248670584,-0.2833639592718438
4595.064941,-0.9496807338419815,0.20423566506158308,-0.14725130556259525,0.5152965347070646,-0.6386000377798937,0.7940932881199756,-0.4654829670898928,-0.5365830614281493
4600.064941,-0.7903879913557847,0.144203266057869,-0.06440495750130126,0.3667439428456697,-0.5748413139056556,0.5021125292703332,-0.3604173439867705,-0.49991654518937556
4605.064941,-0.631095248869588,0.08417086705415495,0.01844139055999272,0.21819135098427472,-0.5110825900314174,0.21013177042069087,-0.25535172088364827,-0.46325002895060174
4610.064941,-0.4718025063833914,0.024138468050440887,0.1012877386212867,0.0696387591228798,-0.44732386615717934,-0.0818489884289515,-0.15028609778052598,-0.42658351271182815
4615.064941,-0.3125097638971947,-0.03589393095327318,0.1841340866825807,-0.07891383273851513,-0.3835651422829412,-0.37382974727859386,-0.045220474677403734,-0.38991699647305433
4620.064941,-0.15321702141099802,-0.09592632995698724,0.2669804347438747,-0.22746642459991007,-0.31980641840870305,-0.6658105061282362,0.05984514842571853,-0.35325048023428063
4625.064941,-0.15321702141099802,-0.09592632995698724,0.2669804347438747,-0.22746642459991007,-0.31980641840870305,-0.6658105061282362,0.05984514842571853,-0.35325048023428063
4630.064941,-0.15321702141099802,-0.09592632995698724,0.2669804347438747,-0.22746642459991007,-0.31980641840870305,-0.6658105061282362,0.05984514842571853,-0.35325048023428063
4635.064941,-0.15321702141099802,-0.09592632995698724,0.2669804347438747,-0.22746642459991007,-0.31980641840870305,-0.6658105061282362,0.05984514842571853,-0.35325048023428063
4640.064941,-0.15321702141099802,-0.09592632995698724,0.2669804347438747,-0.22746642459991007,-0.31980641840870305,-0.6658105061282362,0.05984514842571853,-0.35325048023428063
4645.064941,0.0019078621742952607,-0.1517471669309125,0.03747631850996789,-0.14754717463690406,-0.1933699522655666,-0.4014830013454692,-0.061415760153305056,-0.4497469352155553
4650.064941,0.15703274575958853,-0.20756800390483776,-0.1920277977239389,-0.06762792467389804,-0.06693348612243018,-0.13715549656270226,-0.18267666873232863,-0.54624339019683
4655.064941,0.31215762934488184,-0.263388840878763,-0.4215319139578456,0.012291325289107969,0.05950298002070627,0.12717200822006475,-0.30393757731135224,-0.6427398451781048
4660.064941,0.4672825129301751,-0.3192096778526883,-0.6510360301917524,0.09221057525211399,0.1859394461638427,0.3914995130028317,-0.4251984858903758,-0.7392363001593795
4665.064941,0.6224073965154684,-0.37503051482661354,-0.8805401464256593,0.17212982521512,0.31237591230697914,0.6558270177855987,-0.5464593944693994,-0.8357327551406541
4670.064941,0.6224073965154684,-0.37503051482661354,-0.8805401464256593,0.17212982521512,0.31237591230697914,0.6558270177855987,-0.5464593944693994,-0.8357327551406541
4675.064941,0.39772464839817306,-0.37336628962405827,-0.6847508319711479,-0.04990414533280583,0.2765135366764658,0.5585085762674606,-0.42189549229621176,-0.7323803403507768
4680.064941,0.17304190028087776,-0.37170206442150294,-0.4889615175166366,-0.27193811588073163,0.24065116104595238,0.4611901347493226,-0.297331590123024,-0.6290279255608995
4685.064941,-0.05164084783641756,-0.3700378392189477,-0.2931722030621252,-0.4939720864286574,0.20478878541543902,0.3638716932311845,-0.17276768794983632,-0.5256755107710223
4690.064941,-0.010617860791581935,-0.26455913062343006,-0.11279914157364161,-0.3458523327995958,0.057444064295332796,0.3678173859421883,-0.08156101377440036,-0.5392217267679482
4695.064941,0.03040512625325369,-0.15908042202791245,0.06757391991484196,-0.19773257917053427,-0.08990065682477341,0.37176307865319214,0.009645660401035584,-0.5527679427648742
4700.064941,0.2961108614153846,-0.05526593863495015,0.052157666948814185,0.17242114500645322,-0.20138300231436626,0.47302721288233396,-0.023711567596716155,-0.6696665735516776
4705.064941,0.5618165965775155,0.04854854475801216,0.03674141398278641,0.5425748691834407,-0.3128653478039591,0.5742913471114759,-0.05706879559446789,-0.7865652043384808
4710.064941,0.8275223317396465,0.15236302815097447,0.02132516101675863,0.9127285933604281,-0.42434769329355193,0.6755554813406177,-0.09042602359221963,-0.9034638351252842
4715.064941,0.48373864230317787,0.048936220852209056,0.042310750681067155,0.843464343037956,-0.30402475406422713,0.44227821072253154,-0.14986358289654117,-0.5230224502121288
4720.064941,0.13995495286670928,-0.054490586446556355,0.06329634034537568,0.7742000927154841,-0.18370181483490233,0.2090009401044454,-0.20930114220086268,-0.14258106529897363
4725.064941,-0.20382873656975936,-0.15791739374532177,0.0842819300096842,0.704935842393012,-0.06337887560557753,-0.024276330513640774,-0.2687387015051842,0.2378603196141817
4730.064941,-0.547612426006228,-0.2613442010440872,0.10526751967399273,0.6356715920705399,0.056944063623747265,-0.25755360113172693,-0.32817626080950574,0.618301704527337
4735.064941,-0.8913961154426966,-0.3647710083428526,0.12625310933830125,0.566407341748068,0.17726700285307206,-0.4908308717498131,-0.3876138201138273,0.9987430894404923
4740.064941,-0.8970623603948233,-0.3025893722757108,0.07129607914914668,0.5724724919166615,-0.026694495845712884,-0.5075672774813201,-0.2137846633058257,0.6783710454424788
4745.064941,-0.9027286053469501,-0.24040773620856898,0.01633904895999212,0.578537642085255,-0.23065599454449784,-0.5243036832128272,-0.03995550649782413,0.35799900144446545
4750.064941,-0.9083948502990769,-0.1782261001414272,-0.03861798122916245,0.5846027922538484,-0.43461749324328275,-0.5410400889443341,0.13387365031017745,0.03762695744645215
4755.064941,-0.9140610952512034,-0.1160444640742854,-0.093575011418317,0.5906679424224419,-0.6385789919420677,-0.5577764946758411,0.307702807118179,-0.2827450865515612
4760.064941,-0.9197273402033301,-0.05386282800714359,-0.14853204160747158,0.5967330925910355,-0.8425404906408527,-0.5745129004073481,0.4815319639261806,-0.6031171305495746
4765.064941,-0.9197273402033301,-0.05386282800714359,-0.14853204160747158,0.5967330925910355,-0.8425404906408527,-0.5745129004073481,0.4815319639261806,-0.6031171305495746
4770.064941,-0.9292325725301567,0.008977266608990985,-0.2570951100138544,0.5450656546383265,-0.5999027273805106,-0.3207810434823806,0.4902881633102343,-0.5255663621344219
4775.064941,-0.9387378048569831,0.07181736122512557,-0.3656581784202372,0.49339821668561756,-0.35726496412016856,-0.06704918655741307,0.4990443626942881,-0.4480155937192693
4780.064941,-0.9482430371838095,0.13465745584126015,-0.4742212468266199,0.44173077873290845,-0.11462720085982658,0.18668267036755445,0.5078005620783419,-0.3704648253041166
4785.064941,-0.9577482695106362,0.19749755045739473,-0.5827843152330028,0.39006334078019955,0.12801056240051545,0.440414527292522,0.5165567614623955,-0.29291405688896394
4790.064941,-0.9672535018374626,0.2603376450735293,-0.6913473836393855,0.33839590282749055,0.3706483256608575,0.6941463842174895,0.5253129608464493,-0.21536328847381125
4795.064941,-0.803412359873127,0.0560435540476266,-0.67954148898583,0.11349992918515595,0.4576847468894497,0.6698619732644024,0.5058601403233464,-0.36582445349692894
4800.064941,-0.6395712179087913,-0.14825053697827612,-0.6677355943322745,-0.11139604445717866,0.5447211681180419,0.6455775623113154,0.48640731980024354,-0.5162856185200466
4805.064941,-0.47573007594445577,-0.3525446280041788,-0.655929699678719,-0.33629201809951326,0.6317575893466343,0.6212931513582284,0.46695449927714067,-0.6667467835431642
4810.064941,-0.31188893398012035,-0.5568387190300814,-0.6441238050251634,-0.5611879917418479,0.7187940105752265,0.5970087404051414,0.4475016787540378,-0.8172079485662819
4815.064941,-0.14804779201578477,-0.7611328100559842,-0.6323179103716079,-0.7860839653841825,0.8058304318038187,0.5727243294520543,0.4280488582309349,-0.9676691135893997
4820.064941,-0.1928287989752287,-0.7422888544047688,-0.6044396869024057,-0.622736970194729,0.7889024135746808,0.5736792898144535,0.30774514606849623,-0.793734672243364
4825.064941,-0.2376098059346726,-0.7234448987535533,-0.5765614634332035,-0.45938997500527545,0.7719743953455429,0.5746342501768527,0.18744143390605744,-0.6198002308973285
4830.064941,-0.2823908128941165,-0.7046009431023377,-0.5486832399640015,-0.29604297981582195,0.7550463771164051,0.5755892105392519,0.06713772174361869,-0.44586578955129286
4835.064941,-0.3271718198535604,-0.6857569874511222,-0.5208050164947993,-0.13269598462636845,0.7381183588872673,0.5765441709016511,-0.053165990418820065,-0.27193134820525744
4840.064941,-0.3666274021389786,-0.5228859093352399,-0.5053389228349804,0.022768211533648497,0.45334922261309724,0.47164177514784844,-0.04177653094141274,-0.24134211591918842
4845.064941,-0.36130197746495285,-0.3788587868705734,-0.5177510526443635,0.014885412504211937,0.18550810456806516,0.3657844190316467,0.08991664069843334,-0.3846873249791549
4850.064941,-0.3559765527909271,-0.23483166440590683,-0.5301631824537468,0.0070026134747753765,-0.08233301347696709,0.259927062915445,0.22160981233827942,-0.5280325340391214
4855.064941,-0.35065112811690136,-0.09080454194124025,-0.5425753122631299,-0.0008801855546611836,-0.3501741315219993,0.1540697067992432,0.35330298397812554,-0.6713777430990879
4860.064941,-0.3453257034428756,0.05322258052342632,-0.5549874420725132,-0.008762984584097744,-0.6180152495670315,0.048212350683041416,0.4849961556179716,-0.8147229521590544
4865.064941,-0.3453257034428756,0.05322258052342632,-0.5549874420725132,-0.008762984584097744,-0.6180152495670315,0.048212350683041416,0.4849961556179716,-0.8147229521590544
4870.064941,-0.09162187631125347,-0.13828256979090364,-0.6067849133957418,-0.005290531519882302,-0.6012328828638662,0.0630261863214702,0.422759868755862,-0.6672147545000675
4875.064941,0.16208195082036866,-0.3297877201052336,-0.6585823847189705,-0.0018180784556668605,-0.584450516160701,0.07784002195989896,0.36052358189375244,-0.5197065568410805
4880.064941,0.4157857779519908,-0.5212928704195635,-0.7103798560421991,0.001654374608548581,-0.5676681494575357,0.09265385759832774,0.29828729503164286,-0.3721983591820934
4885.064941,0.35919131964267,-0.6486334104182842,-0.5874054538265345,0.14273050574192828,-0.517755536891043,0.21573050366872568,0.09853644139842466,-0.17400181514401805
4890.064941,0.30259686133334923,-0.7759739504170048,-0.46443105161086995,0.28380663687530794,-0.4678429243245503,0.3388071497391236,-0.10121441223479355,0.024194728894057292
4895.064941,-0.007701424107593713,-0.7118093401013954,-0.2896591780719769,0.42141031494447223,-0.4347126784612228,0.4470699601710928,-0.23872897900590218,0.07488307527314561
4900.064941,-0.3179997095485366,-0.6476447297857861,-0.11488730453308374,0.5590139930136365,-0.4015824325978953,0.555332770603062,-0.3762435457770108,0.12557142165223395
4905.064941,-0.6282979949894796,-0.5834801194701769,0.05988456900580941,0.6966176710828007,-0.3684521867345678,0.6635955810350311,-0.5137581125481194,0.17625976803132226
4910.064941,-0.6282979949894796,-0.5834801194701769,0.05988456900580941,0.6966176710828007,-0.3684521867345678,0.6635955810350311,-0.5137581125481194,0.17625976803132226
4915.064941,-0.6282979949894796,-0.5834801194701769,0.05988456900580941,0.6966176710828007,-0.3684521867345678,0.6635955810350311,-0.5137581125481194,0.17625976803132226
4920.064941,-0.6282979949894796,-0.5834801194701769,0.05988456900580941,0.6966176710828007,-0.3684521867345678,0.6635955810350311,-0.5137581125481194,0.17625976803132226
4925.064941,-0.6282979949894796,-0.5834801194701769,0.05988456900580941,0.6966176710828007,-0.3684521867345678,0.6635955810350311,-0.5137581125481194,0.17625976803132226
4930.064941,-0.5832133933614805,-0.43021987201412343,0.2471050613399577,0.37057311892956346,-0.3770486185726173,0.7127752938623806,-0.33293823185511023,0.22132162071710057
4935.064941,-0.5381287917334814,-0.27695962455807,0.43432555367410597,0.044528566776326176,-0.3856450504106667,0.7619550066897302,-0.152118351162101,0.2663834734028789
4940.064941,-0.4930441901054823,-0.12369937710201659,0.6215460460082542,-0.2815159853769111,-0.3942414822487162,0.8111347195170797,0.02870152953090819,0.3114453260886572
4945.064941,-0.4479595884774832,0.029560870354036827,0.8087665383424024,-0.6075605375301484,-0.4028379140867656,0.8603144323444291,0.2095214102239174,0.3565071787744355
4950.064941,-0.4028749868494841,0.18282111781009025,0.9959870306765508,-0.9336050896833857,-0.41143434592481504,0.9094941451717787,0.3903412909169266,0.40156903146021383
4955.064941,-0.4028749868494841,0.18282111781009025,0.9959870306765508,-0.9336050896833857,-0.41143434592481504,0.9094941451717787,0.3903412909169266,0.40156903146021383
4960.064941,-0.25521742058048436,0.15439638089683633,0.8802193881321451,-0.7798630030085494,-0.13997731452734308,0.8179473819230176,0.38162939002417823,0.22686128950814935
4965.064941,-0.10755985431148458,0.12597164398358238,0.7644517455877395,-0.6261209163337134,0.13147971687012894,0.7264006186742566,0.37291748913142986,0.05215354755608485
4970.064941,0.04009771195751517,0.09754690707032845,0.6486841030433338,-0.472378829658877,0.402936748267601,0.6348538554254958,0.36420558823868154,-0.12255419439597963
4975.064941,0.18775527822651492,0.06912217015707452,0.5329164604989282,-0.318636742984041,0.674393779665073,0.5433070921767348,0.3554936873459332,-0.2972619363480441
4980.064941,0.42394576591857913,0.2074688502185919,0.2406818233195394,-0.1703375804307075,0.7850018051053214,0.2956888068006045,0.4379905333887352,-0.4928396313936103
4985.064941,0.5124786873416436,0.37424026719336323,0.06421482868455639,-0.17578050455221014,0.6241527991480977,0.1396172846732353,0.5291992803242856,-0.513709584487112
4990.064941,0.6010116087647079,0.5410116841681345,-0.11225216595042661,-0.1812234286737128,0.4633037931908742,-0.01645423745413388,0.6204080272598361,-0.5345795375806137
4995.064941,0.6895445301877724,0.707783101142906,-0.28871916058540964,-0.18666635279521543,0.30245478723365066,-0.17252575958150307,0.7116167741953865,-0.5554494906741154
5000.064941,0.7780774516108369,0.8745545181176773,-0.46518615522039264,-0.19210927691671809,0.1416057812764271,-0.32859728170887226,0.802825521130937,-0.5763194437676171
5005.064941,0.7570144479038945,0.7005433167706536,-0.3588558330552585,-0.3092319473136487,0.26323978988374414,-0.41394231291175815,0.581233160979877,-0.436714287785996
5010.064941,0.7359514441969519,0.52653211542363,-0.2525255108901243,-0.4263546177105793,0.3848737984910612,-0.49928734411464415,0.3596408008288171,-0.2971091318043748
5015.064941,0.7148884404900097,0.35252091407660646,-0.14619518872499015,-0.54347728810751,0.5065078070983782,-0.58463237531753,0.1380484406777572,-0.15750397582275366
5020.064941,0.6938254367830672,0.17850971272958288,-0.039864866559855994,-0.6605999585044405,0.6281418157056953,-0.669977406520416,-0.08354391947330271,-0.017898819841132507
5025.064941,0.6727624330761246,0.0044985113825593,0.06646545560527817,-0.7777226289013712,0.7497758243130124,-0.7553224377233019,-0.3051362796243626,0.12170633614048865
5030.064941,0.6727624330761246,0.0044985113825593,0.06646545560527817,-0.7777226289013712,0.7497758243130124,-0.7553224377233019,-0.3051362796243626,0.12170633614048865
5035.064941,0.6727624330761246,0.0044985113825593,0.06646545560527817,-0.7777226289013712,0.7497758243130124,-0.7553224377233019,-0.3051362796243626,0.12170633614048865
5040.064941,0.6727624330761246,0.0044985113825593,0.06646545560527817,-0.7777226289013712,0.7497758243130124,-0.7553224377233019,-0.3051362796243626,0.12170633614048865
5045.064941,0.6727624330761246,0.0044985113825593,0.06646545560527817,-0.7777226289013712,0.7497758243130124,-0.7553224377233019,-0.3051362796243626,0.12170633614048865
5050.064941,0.6920436823570733,0.1717392899279025,0.07588566665876328,-0.6394932011755146,0.43532827030648047,-0.4301698122175461,-0.05540900450462569,0.10586878189409306
5055.064941,0.7113249316380218,0.3389800684732457,0.0853058777122484,-0.5012637734496578,0.1208807162999486,-0.10501718671179025,0.19431827061511125,0.09003122764769747
5060.064941,0.7306061809189704,0.5062208470185888,0.09472608876573352,-0.3630343457238011,-0.19356683770658334,0.22013543879396563,0.44404554573484817,0.07419367340130187
5065.064941,0.7498874301999191,0.6734616255639321,0.10414629981921864,-0.2248049179979444,-0.5080143917131152,0.5452880642997215,0.693772820854585,0.05835611915490628
5070.064941,0.7691686794808676,0.8407024041092752,0.11356651087270375,-0.08657549027208766,-0.8224619457196471,0.8704406898054773,0.943500095974322,0.04251856490851069
5075.064941,0.7916059968298609,0.7376214257024829,0.06020079465908492,-0.22818410820229446,-0.5650794266401089,0.6432465557566566,0.5716839221725258,0.14697236268727615
5080.064941,0.8140433141788541,0.6345404472956906,0.006835078445466092,-0.36979272613250125,-0.3076969075605706,0.41605242170783596,0.1998677483707298,0.2514261604660416
5085.064941,0.8364806315278475,0.5314594688888983,-0.046530637768152736,-0.511401344062708,-0.05031438848103229,0.18885828765901533,-0.1719484254310663,0.355879958244807
5090.064941,0.8589179488768407,0.42837849048210597,-0.09989635398177157,-0.6530099619929148,0.20706813059850598,-0.03833584638980532,-0.5437645992328625,0.4603337560235724
5095.064941,0.8813552662258338,0.32529751207531366,-0.1532620701953904,-0.7946185799231216,0.4644506496780442,-0.26552998043862597,-0.9155807730346586,0.5647875538023379
5100.064941,0.8813552662258338,0.32529751207531366,-0.1532620701953904,-0.7946185799231216,0.4644506496780442,-0.26552998043862597,-0.9155807730346586,0.5647875538023379
5105.064941,0.8813552662258338,0.32529751207531366,-0.1532620701953904,-0.7946185799231216,0.4644506496780442,-0.26552998043862597,-0.9155807730346586,0.5647875538023379
5110.064941,0.8813552662258338,0.32529751207531366,-0.1532620701953904,-0.7946185799231216,0.4644506496780442,-0.26552998043862597,-0.9155807730346586,0.5647875538023379
5115.064941,0.8813552662258338,0.32529751207531366,-0.1532620701953904,-0.7946185799231216,0.4644506496780442,-0.26552998043862597,-0.9155807730346586,0.5647875538023379
5120.064941,0.7992313271444388,0.14697457821667453,0.02381725343887413,-0.7700220277005678,0.5414357809652575,-0.07805497404518405,-0.6822696152070487,0.6415769629056067
5125.064941,0.7171073880630436,-0.03134835564196461,0.20089657707313865,-0.7454254754780141,0.6184209122524706,0.10942003234825788,-0.4489584573794387,0.7183663720088754
5130.064941,0.6349834489816486,-0.20967128950060374,0.37797590070740317,-0.7208289232554603,0.6954060435396838,0.2968950387416998,-0.21564729955182868,0.7951557811121441
5135.064941,0.5528595099002533,-0.3879942233592429,0.5550552243416677,-0.6962323710329066,0.7723911748268971,0.4843700451351417,0.017663858275781274,0.8719451902154128
5140.064941,0.47073557081885814,-0.566317157217882,0.7321345479759322,-0.6716358188103528,0.8493763061141102,0.6718450515285836,0.25097501610339124,0.9487345993186815
5145.064941,0.47073557081885814,-0.566317157217882,0.7321345479759322,-0.6716358188103528,0.8493763061141102,0.6718450515285836,0.25097501610339124,0.9487345993186815
5150.064941,0.47073557081885814,-0.566317157217882,0.7321345479759322,-0.6716358188103528,0.8493763061141102,0.6718450515285836,0.25097501610339124,0.9487345993186815
5155.064941,0.47073557081885814,-0.566317157217882,0.7321345479759322,-0.6716358188103528,0.8493763061141102,0.6718450515285836,0.25097501610339124,0.9487345993186815
5160.064941,0.47073557081885814,-0.566317157217882,0.7321345479759322,-0.6716358188103528,0.8493763061141102,0.6718450515285836,0.25097501610339124,0.9487345993186815
5165.064941,0.47073557081885814,-0.566317157217882,0.7321345479759322,-0.6716358188103528,0.8493763061141102,0.6718450515285836,0.25097501610339124,0.9487345993186815
5170.064941,0.21731485387533853,-0.621815312399532,0.7765427500064959,-0.675220980761986,0.6916808822767925,0.5767565336253064,0.11258984504113308,0.8921637582055327
5175.064941,-0.03610586306818102,-0.6773134675811819,0.8209509520370595,-0.6788061427136192,0.5339854584394746,0.48166801572202916,-0.025795326021125088,0.8355929170923838
5180.064941,-0.28952658001170056,-0.7328116227628321,0.8653591540676231,-0.6823913046652524,0.3762900346021568,0.386579497818752,-0.16418049708338325,0.7790220759792351
5185.064941,-0.54294729695522,-0.7883097779444821,0.9097673560981869,-0.6859764666168857,0.21859461076483905,0.2914909799154748,-0.3025656681456414,0.7224512348660863
5190.064941,-0.7963680138987397,-0.8438079331261321,0.9541755581287505,-0.6895616285685189,0.060899186927521276,0.19640246201219758,-0.44095083920789957,0.6658803937529376
5195.064941,-0.7963680138987397,-0.8438079331261321,0.9541755581287505,-0.6895616285685189,0.060899186927521276,0.19640246201219758,-0.44095083920789957,0.6658803937529376
5200.064941,-0.7963680138987397,-0.8438079331261321,0.9541755581287505,-0.6895616285685189,0.060899186927521276,0.19640246201219758,-0.44095083920789957,0.6658803937529376
5205.064941,-0.7963680138987397,-0.8438079331261321,0.9541755581287505,-0.6895616285685189,0.060899186927521276,0.19640246201219758,-0.44095083920789957,0.6658803937529376
5210.064941,-0.7963680138987397,-0.8438079331261321,0.9541755581287505,-0.6895616285685189,0.060899186927521276,0.19640246201219758,-0.44095083920789957,0.6658803937529376
5215.064941,-0.7556984528630107,-0.8329058991702445,0.6330961620242073,-0.7094722975521236,0.0566779690779232,0.21753921028329928,-0.4380664525357142,0.4864127219904283
5220.064941,-0.7150288918272818,-0.8220038652143569,0.3120167659196641,-0.7293829665357284,0.05245675122832512,0.238675958554401,-0.43518206586352887,0.3069450502279189
5225.064941,-0.674359330791553,-0.811101831258469,-0.009062630184879027,-0.7492936355193331,0.04823553337872703,0.25981270682550267,-0.4322976791913435,0.12747737846540957
5230.064941,-0.633689769755824,-0.8001997973025814,-0.33014202628942224,-0.769204304502938,0.044014315529128954,0.2809494550966044,-0.42941329251915816,-0.05199029329709979
5235.064941,-0.5930202087200951,-0.7892977633466938,-0.6512214223939654,-0.7891149734865428,0.039793097679530876,0.3020862033677061,-0.4265289058469728,-0.23145796505960914
5240.064941,-0.5930202087200951,-0.7892977633466938,-0.6512214223939654,-0.7891149734865428,0.039793097679530876,0.3020862033677061,-0.4265289058469728,-0.23145796505960914
5245.064941,-0.6603995095359474,-0.512097098219807,-0.4805523935887631,-0.6966136071926448,-0.13856325945707987,0.34636519115246434,-0.32529686114966483,-0.36642743707733477
5250.064941,-0.7277788103517996,-0.23489643309292027,-0.30988336478356077,-0.6041122408987467,-0.3169196165936906,0.3906441789372226,-0.22406481645235682,-0.5013969090950605
5255.064941,-0.7951581111676519,0.04230423203396647,-0.13921433597835847,-0.5116108746048486,-0.49527597373030136,0.4349231667219808,-0.12283277175504885,-0.6363663811127861
5260.064941,-0.8625374119835041,0.31950489716085323,0.03145469282684386,-0.4191095083109504,-0.6736323308669121,0.47920215450673903,-0.021600727057740875,-0.7713358531305117
5265.064941,-0.9299167127993563,0.59670556228774,0.20212372163204617,-0.32660814201705235,-0.8519886880035228,0.5234811422914973,0.0796313176395671,-0.9063053251482373
5270.064941,-0.9299167127993563,0.59670556228774,0.20212372163204617,-0.32660814201705235,-0.8519886880035228,0.5234811422914973,0.0796313176395671,-0.9063053251482373
5275.064941,-0.8869848939618974,0.31830478466673906,0.059361153768706695,-0.06343091094544326,-0.6418510354977045,0.34668286662905834,0.23852805542362127,-0.8455563001913131
5280.064941,-0.8440530751244385,0.039904007045738155,-0.08340141409463278,0.19974632012616583,-0.4317133829918861,0.1698845909666193,0.39742479320767543,-0.784807275234389
5285.064941,-0.8011212562869794,-0.23849677057526275,-0.22616398195797224,0.46292355119777484,-0.2215757304860678,-0.006913684695819722,0.5563215309917297,-0.7240582502774647
5290.064941,-0.7581894374495204,-0.5168975481962637,-0.36892654982131173,0.7261007822693839,-0.011438077980249473,-0.18371196035825874,0.7152182687757838,-0.6633092253205406
5295.064941,-0.7152576186120614,-0.7952983258172646,-0.5116891176846512,0.9892780133409931,0.19869957452556886,-0.36051023602069776,0.874115006559838,-0.6025602003636163
5300.064941,-0.7152576186120614,-0.7952983258172646,-0.5116891176846512,0.9892780133409931,0.19869957452556886,-0.36051023602069776,0.874115006559838,-0.6025602003636163
5305.064941,-0.7152576186120614,-0.7952983258172646,-0.5116891176846512,0.9892780133409931,0.19869957452556886,-0.36051023602069776,0.874115006559838,-0.6025602003636163
5310.064941,-0.7152576186120614,-0.7952983258172646,-0.5116891176846512,0.9892780133409931,0.19869957452556886,-0.36051023602069776,0.874115006559838,-0.6025602003636163
5315.064941,-0.7152576186120614,-0.7952983258172646,-0.5116891176846512,0.9892780133409931,0.19869957452556886,-0.36051023602069776,0.874115006559838,-0.6025602003636163
5320.064941,-0.7069997012185905,-0.6668134700341317,-0.5784427278855111,0.6493454015536892,0.2020515538027919,-0.1102911210941953,0.6958328158807026,-0.3777231692408367
5325.064941,-0.6987417838251195,-0.5383286142509988,-0.645196338086371,0.3094127897663854,0.20540353308001497,0.13992799383230717,0.5175506252015672,-0.15288613811805707
5330.064941,-0.6904838664316486,-0.4098437584678659,-0.7119499482872309,-0.03051982202091854,0.20875551235723805,0.39014710875880965,0.339268434522432,0.07195089300472257
5335.064941,-0.6822259490381775,-0.281358902684733,-0.7787035584880908,-0.3704524338082224,0.2121074916344611,0.640366223685312,0.16098624384329666,0.2967879241275022
5340.064941,-0.6739680316447065,-0.1528740469016001,-0.8454571686889507,-0.7103850455955263,0.21545947091168416,0.8905853386118145,-0.017295946835838683,0.5216249552502819
5345.064941,-0.6739680316447065,-0.1528740469016001,-0.8454571686889507,-0.7103850455955263,0.21545947091168416,0.8905853386118145,-0.017295946835838683,0.5216249552502819
5350.064941,-0.43914143327051464,-0.10127827050523015,-0.8283479322749262,-0.5455509113190129,0.17984582860926243,0.8745396042683675,0.02759069362394704,0.3156118818739059
5355.064941,-0.20431483489632257,-0.049682494108860185,-0.8112386958609015,-0.3807167770424996,0.1442321863068407,0.8584938699249204,0.07247733408373276,0.10959880849752994
5360.064941,0.030511763477869325,0.0019132822875097765,-0.7941294594468769,-0.21588264276598626,0.10861854400441899,0.8424481355814735,0.11736397454351848,-0.09641426487884601
5365.064941,0.2653383618520613,0.05350905868387974,-0.7770202230328522,-0.05104850848947291,0.07300490170199728,0.8264024012380263,0.1622506150033042,-0.30242733825522194
5370.064941,0.5001649602262532,0.1051048350802497,-0.7599109866188276,0.11378562578704043,0.03739125939957555,0.8103566668945792,0.20713725546308992,-0.5084404116315979
5375.064941,0.5001649602262532,0.1051048350802497,-0.7599109866188276,0.11378562578704043,0.03739125939957555,0.8103566668945792,0.20713725546308992,-0.5084404116315979
5380.064941,0.5001649602262532,0.1051048350802497,-0.7599109866188276,0.11378562578704043,0.03739125939957555,0.8103566668945792,0.20713725546308992,-0.5084404116315979
5385.064941,0.5001649602262532,0.1051048350802497,-0.7599109866188276,0.11378562578704043,0.03739125939957555,0.8103566668945792,0.20713725546308992,-0.5084404116315979
5390.064941,0.3547233175063749,0.07588350531156571,-0.6515271755280364,0.04077144955738472,-0.06360837327471325,0.5283444147727061,0.20027816719196126,-0.5498743273786107
5395.064941,0.2092816747864966,0.046662175542881726,-0.5431433644372452,-0.032242726672270995,-0.16460800594900205,0.24633216265083302,0.1934190789208326,-0.5913082431256237
5400.064941,0.06384003206661829,0.017440845774197734,-0.43475955334645394,-0.10525690290192671,-0.26560763862329084,-0.035680089471040066,0.1865599906497039,-0.6327421588726366
5405.064941,-0.08160161065326003,-0.011780483994486257,-0.3263757422556627,-0.1782710791315824,-0.36660727129757964,-0.31769234159291315,0.17970090237857525,-0.6741760746196495
5410.064941,-0.22704325337313835,-0.04100181376317025,-0.21799193116487148,-0.25128525536123814,-0.46760690397186844,-0.5997045937147862,0.1728418141074466,-0.7156099903666624
5415.064941,-0.22704325337313835,-0.04100181376317025,-0.21799193116487148,-0.25128525536123814,-0.46760690397186844,-0.5997045937147862,0.1728418141074466,-0.7156099903666624
5420.064941,-0.22704325337313835,-0.04100181376317025,-0.21799193116487148,-0.25128525536123814,-0.46760690397186844,-0.5997045937147862,0.1728418141074466,-0.7156099903666624
5425.064941,-0.057119214000672214,-0.22306355629847477,-0.2479684980610939,-0.39956725949192023,-0.2753857464644331,-0.4486469398652747,0.023813986243940332,-0.5278945929081033
5430.064941,0.11280482537179393,-0.4051252988337793,-0.2779450649573163,-0.5478492636226023,-0.08316458895699777,-0.2975892860157631,-0.12521384161956592,-0.3401791954495443
5435.064941,0.28272886474426007,-0.5871870413690837,-0.3079216318535387,-0.6961312677532844,0.10905656855043758,-0.1465316321662516,-0.27424166948307216,-0.15246379799098517
5440.064941,0.45265290411672615,-0.7692487839043883,-0.3378981987497611,-0.8444132718839665,0.3012777260578729,0.004526021683259973,-0.4232694973465785,0.035251599467573905
5445.064941,0.6225769434891923,-0.9513105264396928,-0.36787476564598354,-0.9926952760146486,0.49349888356530824,0.15558367553277153,-0.5722973252100847,0.22296699692613298
5450.064941,0.6536337426223041,-0.6938264665588482,-0.12663871347924424,-0.8624255115587273,0.5739488777984944,-0.049236940645923835,-0.5928837856768723,0.15254132568600043
5455.064941,0.6846905417554159,-0.4363424066780034,0.11459733868749504,-0.732155747102806,0.6543988720316806,-0.25405755682461917,-0.61347024614366,0.08211565444586788
5460.064941,0.7157473408885278,-0.17885834679715878,0.3558333908542343,-0.6018859826468848,0.7348488662648668,-0.45887817300331457,-0.6340567066104476,0.011689983205735333
5465.064941,0.7468041400216394,0.0786257130836859,0.5970694430209736,-0.47161621819096344,0.8152988604980529,-0.6636987891820099,-0.6546431670772351,-0.058735688034397215
5470.064941,0.7778609391547513,0.3361097729645306,0.8383054951877129,-0.34134645373504213,0.8957488547312391,-0.8685194053607053,-0.6752296275440228,-0.12916135927452976
5475.064941,0.7778609391547513,0.3361097729645306,0.8383054951877129,-0.34134645373504213,0.8957488547312391,-0.8685194053607053,-0.6752296275440228,-0.12916135927452976
5480.064941,0.458609273551937,0.4473856301031966,0.8466134115168357,-0.21618918084522667,0.8371691770278193,-0.6343301222886879,-0.48470455396573764,-0.06284436171668979
5485.064941,0.13935760794912264,0.5586614872418626,0.8549213278459584,-0.0910319079554112,0.7785894993243996,-0.4001408392166706,-0.29417948038745234,0.0034726358411501846
5490.064941,-0.17989405765369168,0.6699373443805287,0.8632292441750812,0.034125364934404254,0.7200098216209798,-0.16595155614465332,-0.10365440680916707,0.06978963339899016
5495.064941,-0.499145723256506,0.7812132015191946,0.8715371605042039,0.15928263782421972,0.66143014391756,0.068237726927364,0.08687066676911818,0.13610663095683012
5500.064941,-0.8183973888593205,0.8924890586578605,0.8798450768333266,0.2844399107140352,0.6028504662141403,0.3024270099993813,0.27739574034740344,0.2024236285146701
5505.064941,-0.8183973888593205,0.8924890586578605,0.8798450768333266,0.2844399107140352,0.6028504662141403,0.3024270099993813,0.27739574034740344,0.2024236285146701
5510.064941,-0.7002139665872049,0.7502959167199089,0.542295541954992,0.0874047349564541,0.462515401908291,0.16547696246879195,0.20503757254117533,0.13944524935243577
5515.064941,-0.5820305443150896,0.6081027747819572,0.2047460070766573,-0.10963044080112701,0.3221803376024416,0.028526914938202586,0.1326794047349472,0.07646687019020142
5520.064941,-0.4638471220429742,0.46590963284400555,-0.13280352780167726,-0.3066656165587081,0.1818452732965922,-0.10842313259238678,0.06032123692871907,0.013488491027967075
5525.064941,-0.3456636997708588,0.3237164909060538,-0.4703530626800118,-0.5037007923162892,0.04151020899074283,-0.24537318012297615,-0.012036930877509056,-0.04948988813426727
5530.064941,-0.22748027749874344,0.18152334896810207,-0.8079025975583465,-0.7007359680738703,-0.09882485531510654,-0.3823232276535655,-0.08439509868373718,-0.11246826729650161
5535.064941,-0.22748027749874344,0.18152334896810207,-0.8079025975583465,-0.7007359680738703,-0.09882485531510654,-0.3823232276535655,-0.08439509868373718,-0.11246826729650161
5540.064941,-0.09085134023213634,0.34505395677673134,-0.5334371414776723,-0.6374786217382125,-0.10858483598803392,-0.20373110453957105,-0.17737499652302077,0.05153552337989291
5545.064941,0.04577759703447075,0.5085845645853606,-0.2589716853969982,-0.5742212754025545,-0.1183448166609613,-0.0251389814255766,-0.27035489436230437,0.21553931405628743
5550.064941,0.18240653430107784,0.6721151723939899,0.015493770683676012,-0.5109639290668967,-0.1281047973338887,0.15345314168841787,-0.363334792201588,0.37954310473268194
5555.064941,0.31903547156768497,0.8356457802026191,0.28995922676435015,-0.4477065827312388,-0.13786477800681607,0.3320452648024123,-0.4563146900408716,0.5435468954090765
5560.064941,0.4556644088342921,0.9991763880112485,0.5644246828450243,-0.38444923639558093,-0.14762475867974345,0.5106373879164068,-0.5492945878801552,0.707550686085471
5565.064941,0.4556644088342921,0.9991763880112485,0.5644246828450243,-0.38444923639558093,-0.14762475867974345,0.5106373879164068,-0.5492945878801552,0.707550686085471
5570.064941,0.47110399949358917,0.6447899279423256,0.4977299076623303,-0.3112309331588336,-0.14278683172380222,0.4704048805468818,-0.399952764716453,0.6845136401441575
5575.064941,0.4865435901528862,0.2904034678734026,0.4310351324796362,-0.2380126299220863,-0.13794890476786098,0.4301723731773569,-0.2506109415527508,0.661476594202844
5580.064941,0.5019831808121833,-0.06398299219552048,0.36434035729694214,-0.16479432668533897,-0.13311097781191977,0.38993986580783185,-0.10126911838904866,0.6384395482615306
5585.064941,0.5174227714714805,-0.41836945226444355,0.2976455821142481,-0.09157602344859166,-0.12827305085597854,0.3497073584383069,0.04807270477465351,0.615402502320217
5590.064941,0.5328623621307775,-0.7727559123333665,0.230950806931554,-0.01835772021184434,-0.1234351239000373,0.3094748510687819,0.19741452793835568,0.5923654563789034
5595.064941,0.5328623621307775,-0.7727559123333665,0.230950806931554,-0.01835772021184434,-0.1234351239000373,0.3094748510687819,0.19741452793835568,0.5923654563789034
5600.064941,0.5328623621307775,-0.7727559123333665,0.230950806931554,-0.01835772021184434,-0.1234351239000373,0.3094748510687819,0.19741452793835568,0.5923654563789034
5605.064941,0.5328623621307775,-0.7727559123333665,0.230950806931554,-0.01835772021184434,-0.1234351239000373,0.3094748510687819,0.19741452793835568,0.5923654563789034
5610.064941,0.5328623621307775,-0.7727559123333665,0.230950806931554,-0.01835772021184434,-0.1234351239000373,0.3094748510687819,0.19741452793835568,0.5923654563789034
5615.064941,0.43651612008005547,-0.42064526560968457,0.3389123286797349,0.07424473730452888,-0.12361260399295806,0.3884442880841478,0.02791028306938963,0.6101217320279452
5620.064941,0.34016987802933335,-0.06853461888600272,0.44687385042791583,0.1668471948209021,-0.12379008408587881,0.46741372509951373,-0.14159396179957642,0.6278780076769871
5625.064941,0.2438236359786113,0.2835760278376792,0.5548353721760967,0.2594496523372753,-0.12396756417879957,0.5463831621148797,-0.3110982066685425,0.6456342833260289
5630.064941,0.1474773939278892,0.6356866745613611,0.6627968939242777,0.35205210985364854,-0.12414504427172032,0.6253525991302455,-0.4806024515375086,0.6633905589750706
5635.064941,0.0511311518771671,0.9877973212850432,0.7707584156724585,0.4446545673700218,-0.12432252436464108,0.7043220361456115,-0.6501066964064746,0.6811468346241125
5640.064941,0.0511311518771671,0.9877973212850432,0.7707584156724585,0.4446545673700218,-0.12432252436464108,0.7043220361456115,-0.6501066964064746,0.6811468346241125
5645.064941,-0.017883051351541734,0.6665222817536132,0.5325725972784892,0.1746156724952881,-0.25345872755115967,0.722229173287668,-0.405766321584122,0.36218878253355585
5650.064941,-0.08689725458025058,0.3452472422221834,0.2943867788845199,-0.09542322237944556,-0.38259493073767825,0.7401363104297246,-0.1614259467617695,0.04323073044299921
5655.064941,-0.1559114578089594,0.02397220269075353,0.05620096049055059,-0.3654621172541792,-0.5117311339241969,0.758043447571781,0.08291442806058305,-0.2757273216475574
5660.064941,-0.22492566103766826,-0.2973028368406763,-0.18198485790341873,-0.6355010121289129,-0.6408673371107155,0.7759505847138376,0.32725480288293557,-0.594685373738114
5665.064941,-0.2939398642663771,-0.6185778763721062,-0.420170676297388,-0.9055399070036465,-0.7700035402972341,0.793857721855894,0.5715951777052881,-0.9136434258286708
5670.064941,-0.2939398642663771,-0.6185778763721062,-0.420170676297388,-0.9055399070036465,-0.7700035402972341,0.793857721855894,0.5715951777052881,-0.9136434258286708
5675.064941,-0.3478355310884851,-0.3873765369873254,-0.25864191999987474,-0.6909247324881076,-0.6893179531423416,0.7433418402537433,0.4923230500693956,-0.6630390134736532
5680.064941,-0.4017311979105931,-0.15617519760254464,-0.09711316370236149,-0.4763095579725686,-0.608632365987449,0.6928259586515925,0.41305092243350294,-0.4124346011186358
5685.064941,-0.4556268647327011,0.07502614178223613,0.06441559259515177,-0.2616943834570295,-0.5279467788325564,0.6423100770494418,0.3337787947976104,-0.1618301887636182
5690.064941,-0.5095225315548091,0.30622748116701687,0.22594434889266504,-0.047079208941490515,-0.4472611916776638,0.5917941954472911,0.2545066671617178,0.0887742235913993
5695.064941,-0.38181902836903064,0.417071196113253,0.19707863948502152,0.06889767470313295,-0.16375354826662517,0.38055741909948276,0.11075943622769477,0.07670561783582275
5700.064941,-0.20021985836114417,0.29671357167470835,0.006684173779864721,-0.029740616167782584,0.039068507989520954,0.21983652435382525,0.04628433292956431,-0.18596740027477132
5705.064941,-0.018620688353257718,0.17635594723616368,-0.18371029192529206,-0.12837890703869811,0.24189056424566707,0.05911562960816776,-0.018190770368566155,-0.44864041838536545
5710.064941,0.16297848165462875,0.05599832279761903,-0.37410475763044887,-0.22701719790961367,0.44471262050181315,-0.10160526513748973,-0.08266587366669662,-0.7113134364959594
5715.064941,0.3445776516625152,-0.06435930164092563,-0.5644992233356056,-0.3256554887805292,0.6475346767579593,-0.2623261598831472,-0.14714097696482709,-0.9739864546065535
5720.064941,0.3445776516625152,-0.06435930164092563,-0.5644992233356056,-0.3256554887805292,0.6475346767579593,-0.2623261598831472,-0.14714097696482709,-0.9739864546065535
5725.064941,0.3445776516625152,-0.06435930164092563,-0.5644992233356056,-0.3256554887805292,0.6475346767579593,-0.2623261598831472,-0.14714097696482709,-0.9739864546065535
5730.064941,0.3748384185320405,-0.025611778192990587,-0.48250167103746283,-0.31508872111902353,0.4924904859904773,-0.341364591841672,-0.256568898434102,-0.7017628511329151
5735.064941,0.4050991854015658,0.013135745254944453,-0.4005041187393199,-0.3045219534575179,0.3374462952229954,-0.4204030238001968,-0.3659968199033769,-0.42953924765927687
5740.064941,0.4353599522710911,0.051883268702879494,-0.31850656644117703,-0.29395518579601226,0.18240210445551344,-0.49944145575872145,-0.47542474137265184,-0.15731564418563843
5745.064941,0.4656207191406164,0.09063079215081453,-0.23650901414303416,-0.28338841813450666,0.027357913688031487,-0.5784798877172463,-0.5848526628419267,0.11490795928799993
5750.064941,0.4958814860101417,0.12937831559874957,-0.15451146184489128,-0.272821650473001,-0.12768627707945046,-0.657518319675771,-0.6942805843112017,0.3871315627616383
5755.064941,0.4958814860101417,0.12937831559874957,-0.15451146184489128,-0.272821650473001,-0.12768627707945046,-0.657518319675771,-0.6942805843112017,0.3871315627616383
5760.064941,0.4958814860101417,0.12937831559874957,-0.15451146184489128,-0.272821650473001,-0.12768627707945046,-0.657518319675771,-0.6942805843112017,0.3871315627616383
5765.064941,0.4958814860101417,0.12937831559874957,-0.15451146184489128,-0.272821650473001,-0.12768627707945046,-0.657518319675771,-0.6942805843112017,0.3871315627616383
5770.064941,0.4958814860101417,0.12937831559874957,-0.15451146184489128,-0.272821650473001,-0.12768627707945046,-0.657518319675771,-0.6942805843112017,0.3871315627616383
5775.064941,0.4958814860101417,0.12937831559874957,-0.15451146184489128,-0.272821650473001,-0.12768627707945046,-0.657518319675771,-0.6942805843112017,0.3871315627616383
5780.064941,0.5553175767869025,0.0840822239508539,-0.25500445518281867,-0.07967908416814126,0.07068447038616213,-0.409879442331235,-0.6831887928621693,0.36809334830906015
5785.064941,0.6147536675636633,0.03878613230295822,-0.355497448520746,0.11346348213671846,0.2690552178517747,-0.16224056498669906,-0.6720970014131369,0.34905513385648196
5790.064941,0.6741897583404242,-0.0065099593449374545,-0.4559904418586734,0.3066060484415782,0.46742596531738734,0.08539831235783693,-0.6610052099641044,0.3300169194039038
5795.064941,0.7336258491171849,-0.05180605099283313,-0.5564834351966008,0.4997486147464379,0.6657967127829998,0.3330371897023729,-0.649913418515072,0.3109787049513256
5800.064941,0.4743934017709754,-0.13852608014315257,-0.3797211303138558,0.38344658949225013,0.744686873853345,0.5122657026730995,-0.49951033581518905,0.4222629224927906
5805.064941,0.15572486364800503,-0.17995001764557633,-0.10246583209318345,0.07400199793320254,0.6252062874580775,0.4438553382992899,-0.3601990445643385,0.5525853544868337
5810.064941,-0.1629436744749654,-0.22137395514800012,0.17478946612748886,-0.23544259362584494,0.5057257010628101,0.3754449739254805,-0.22088775331348795,0.6829077864808768
5815.064941,-0.48161221259793585,-0.26279789265042386,0.4520447643481612,-0.5448871851848924,0.3862451146675427,0.307034609551671,-0.0815764620626374,0.81323021847492
5820.064941,-0.8002807507209063,-0.30422183015284765,0.7293000625688335,-0.8543317767439401,0.26676452827227526,0.23862424517786152,0.057734829188213155,0.943552650468963
5825.064941,-0.8002807507209063,-0.30422183015284765,0.7293000625688335,-0.8543317767439401,0.26676452827227526,0.23862424517786152,0.057734829188213155,0.943552650468963
5830.064941,-0.8002807507209063,-0.30422183015284765,0.7293000625688335,-0.8543317767439401,0.26676452827227526,0.23862424517786152,0.057734829188213155,0.943552650468963
5835.064941,-0.8002807507209063,-0.30422183015284765,0.7293000625688335,-0.8543317767439401,0.26676452827227526,0.23862424517786152,0.057734829188213155,0.943552650468963
5840.064941,-0.6901195111120564,-0.16921918221960625,0.568909194810564,-0.862812662002851,0.10534552495764346,0.16648841630710712,0.027376824781413723,0.7438831230785169
5845.064941,-0.5799582715032066,-0.03421653428636486,0.40851832705229435,-0.871293547261762,-0.056073478356988324,0.0943525874363527,-0.0029811796253857103,0.5442135956880707
5850.064941,-0.46979703189435673,0.10078611364687654,0.24812745929402474,-0.8797744325206729,-0.2174924816716201,0.022216758565598304,-0.033339184032185144,0.34454406829762446
5855.064941,-0.12887791014651953,0.11744486921243946,-0.0428228688022247,-0.5810104522642849,-0.19298339732865383,-0.0742365283359531,-0.16642114537239988,-0.005982004706634569
5860.064941,0.21204121160131767,0.1341036247780024,-0.3337731968984742,-0.2822464720078971,-0.16847431298568755,-0.17068981523750448,-0.2995031067126146,-0.3565080777108936
5865.064941,0.44279909374030507,0.015759732410323933,-0.464332657236454,0.02499839350740172,0.017453774671910515,-0.19500727326830147,-0.40222706364602984,-0.5073646233247064
5870.064941,0.6735569758792924,-0.10258415995735452,-0.5948921175744338,0.3322432590227005,0.20338186232950858,-0.21932473129909846,-0.5049510205794452,-0.6582211689385191
5875.064941,0.9043148580182798,-0.220928052325033,-0.7254515779124138,0.6394881245379993,0.38930994998710666,-0.24364218932989545,-0.6076749775128605,-0.809077714552332
5880.064941,0.9043148580182798,-0.220928052325033,-0.7254515779124138,0.6394881245379993,0.38930994998710666,-0.24364218932989545,-0.6076749775128605,-0.809077714552332
5885.064941,0.9043148580182798,-0.220928052325033,-0.7254515779124138,0.6394881245379993,0.38930994998710666,-0.24364218932989545,-0.6076749775128605,-0.809077714552332
5890.064941,0.718306453655698,0.01425212788822341,-0.6239664946014087,0.6292799094580059,0.4509123901198967,-0.11507411693394456,-0.5334354846807432,-0.8142710248823736
5895.064941,0.5322980492931162,0.24943230810147982,-0.5224814112904038,0.6190716943780126,0.5125148302526866,0.013493955462006334,-0.45919599184862603,-0.8194643352124151
5900.064941,0.3462896449305344,0.4846124883147362,-0.4209963279793989,0.6088634792980193,0.5741172703854766,0.14206202785795724,-0.38495649901650875,-0.8246576455424567
5905.064941,0.16028124056795257,0.7197926685279926,-0.319511244668394,0.5986552642180261,0.6357197105182666,0.2706301002539081,-0.3107170061843915,-0.8298509558724982
5910.064941,-0.02572716379462925,0.9549728487412491,-0.21802616135738906,0.5884470491380327,0.6973221506510565,0.399198172649859,-0.2364775133522743,-0.8350442662025397
5915.064941,-0.02572716379462925,0.9549728487412491,-0.21802616135738906,0.5884470491380327,0.6973221506510565,0.399198172649859,-0.2364775133522743,-0.8350442662025397
5920.064941,-0.02572716379462925,0.9549728487412491,-0.21802616135738906,0.5884470491380327,0.6973221506510565,0.399198172649859,-0.2364775133522743,-0.8350442662025397
5925.064941,-0.02572716379462925,0.9549728487412491,-0.21802616135738906,0.5884470491380327,0.6973221506510565,0.399198172649859,-0.2364775133522743,-0.8350442662025397
5930.064941,-0.02572716379462925,0.9549728487412491,-0.21802616135738906,0.5884470491380327,0.6973221506510565,0.399198172649859,-0.2364775133522743,-0.8350442662025397
5935.064941,-0.02572716379462925,0.9549728487412491,-0.21802616135738906,0.5884470491380327,0.6973221506510565,0.399198172649859,-0.2364775133522743,-0.8350442662025397
5940.064941,-0.18992984960100467,0.7296067658894559,-0.24075807713037797,0.49083258364780546,0.6846262081776462,0.14315387365482227,-0.3606751802307603,-0.5186279413149822
5945.064941,-0.3541325354073801,0.5042406830376629,-0.2634899929033669,0.3932181181575781,0.6719302657042358,-0.1128904253402145,-0.48487284710924633,-0.2022116164274248
5950.064941,-0.5183352212137555,0.2788746001858699,-0.28622190867635583,0.2956036526673508,0.6592343232308254,-0.36893472433525126,-0.6090705139877324,0.11420470846013257
5955.064941,-0.5722159017859788,0.043629447327489766,-0.41471147872865616,0.13563293940022253,0.37247644584595163,-0.4948218738179343,-0.6678475200712453,0.1017024159003097
5960.064941,-0.6260965823582021,-0.19161570553089038,-0.5432010487809565,-0.024337773866905766,0.08571856846107799,-0.6207090233006174,-0.7266245261547581,0.08920012334048684
5965.064941,-0.51577457712405,-0.2014947755374775,-0.6489587030602679,-0.08669402164380675,-0.18834336645038535,-0.4905518737882636,-0.6612038653597849,-0.23971849410689344
5970.064941,-0.40545257188989775,-0.21137384554406463,-0.7547163573395794,-0.14905026942070773,-0.46240530136184865,-0.36039472427590985,-0.5957832045648119,-0.5686371115542738
5975.064941,-0.29513056665574555,-0.22125291555065174,-0.8604740116188909,-0.21140651719760872,-0.736467236273312,-0.2302375747635561,-0.5303625437698387,-0.897555729001654
5980.064941,-0.29513056665574555,-0.22125291555065174,-0.8604740116188909,-0.21140651719760872,-0.736467236273312,-0.2302375747635561,-0.5303625437698387,-0.897555729001654
5985.064941,-0.29513056665574555,-0.22125291555065174,-0.8604740116188909,-0.21140651719760872,-0.736467236273312,-0.2302375747635561,-0.5303625437698387,-0.897555729001654
5990.064941,-0.29513056665574555,-0.22125291555065174,-0.8604740116188909,-0.21140651719760872,-0.736467236273312,-0.2302375747635561,-0.5303625437698387,-0.897555729001654
5995.064941,-0.29513056665574555,-0.22125291555065174,-0.8604740116188909,-0.21140651719760872,-0.736467236273312,-0.2302375747635561,-0.5303625437698387,-0.897555729001654
6000.064941,-0.0751007488552542,-0.09756247990433331,-0.7773451107282758,-0.30323118723146264,-0.7131975351655125,-0.10042198680010275,-0.3299454007447968,-0.7739998150231177
6005.064941,0.14492906894523716,0.02612795574198512,-0.6942162098376607,-0.39505585726531656,-0.689927834057713,0.029393601163350613,-0.12952825771975487,-0.6504439010445813
6010.064941,0.3649588867457285,0.14981839138830355,-0.6110873089470455,-0.4868805272991704,-0.6666581329499135,0.15920918912680398,0.07088888530528706,-0.5268879870660449
6015.064941,0.5849887045462199,0.273508827034622,-0.5279584080564304,-0.5787051973330243,-0.6433884318421141,0.2890247770902573,0.27130602833032896,-0.40333207308750846
6020.064941,0.8228296315544157,0.4471046865386999,-0.2165662133879151,-0.4787725526240555,-0.4324053126653099,0.2969702655500503,0.5322602226914863,-0.1836975361933904
6025.064941,0.8406407407621203,0.4970101103964595,0.011697080389985048,-0.28701523788123273,-0.2446918945963052,0.17510016604638992,0.5927972740276017,-0.08761891327780877
6030.064941,0.8584518499698248,0.5469155342542189,0.2399603741678852,-0.0952579231384099,-0.05697847652730052,0.05323006654272953,0.6533343253637172,0.00845970963777285
6035.064941,0.8292269716964542,0.586085912892022,0.1648472713945571,0.024866364374455108,0.17797213735628561,-0.029679508899624406,0.5980813056867951,0.13733437910383955
6040.064941,0.8000020934230836,0.6252562915298252,0.08973416862122896,0.14499065188732013,0.41292275123987177,-0.11258908434197834,0.5428282860098728,0.26620904856990624
6045.064941,0.7529661059420084,0.6145212463098688,-0.21364222792999926,0.07335762465736236,0.4601599470544532,-0.07362856028067188,0.4270382149968352,0.2990050951203913
6050.064941,0.7059301184609333,0.6037862010899124,-0.5170186244812275,0.001724597427404584,0.5073971428690347,-0.03466803621936543,0.31124814398379763,0.3318011416708764
6055.064941,0.6588941309798584,0.593051155869956,-0.8203950210324557,-0.06990842980255318,0.5546343386836161,0.004292487841941028,0.19545807297076,0.36459718822136145
6060.064941,0.6588941309798584,0.593051155869956,-0.8203950210324557,-0.06990842980255318,0.5546343386836161,0.004292487841941028,0.19545807297076,0.36459718822136145
6065.064941,0.6588941309798584,0.593051155869956,-0.8203950210324557,-0.06990842980255318,0.5546343386836161,0.004292487841941028,0.19545807297076,0.36459718822136145
6070.064941,0.6588941309798584,0.593051155869956,-0.8203950210324557,-0.06990842980255318,0.5546343386836161,0.004292487841941028,0.19545807297076,0.36459718822136145
6075.064941,0.6588941309798584,0.593051155869956,-0.8203950210324557,-0.06990842980255318,0.5546343386836161,0.004292487841941028,0.19545807297076,0.36459718822136145
6080.064941,0.44274475565154925,0.4200443471641503,-0.49289322997975094,-0.21624471236118933,0.4814569164480164,-0.06994313612793027,-0.03757804516348924,0.45001745157866235
6085.064941,0.22659538032324017,0.24703753845834447,-0.16539143892704605,-0.3625809949198255,0.4082794942124167,-0.14417876009780156,-0.27061416329773846,0.5354377149359631
6090.064941,0.010446004994931046,0.0740307297525387,0.16211035212565877,-0.5089172774784616,0.3351020719768171,-0.21841438406767283,-0.5036502814319878,0.620857978293264
6095.064941,-0.20570337033337807,-0.09897607895326707,0.48961214317836366,-0.6552535600370978,0.2619246497412174,-0.29265000803754415,-0.7366863995662369,0.706278241650565
6100.064941,-0.42185274566168723,-0.27198288765907286,0.8171139342310685,-0.8015898425957338,0.18874722750561768,-0.3668856320074154,-0.9697225177004862,0.7916985050078658
6105.064941,-0.2986924003245508,-0.32970858302958533,0.5405247054317618,-0.6927627694153851,0.1377675384923654,-0.4701846127086028,-0.6965973132793184,0.6998770998471255
6110.064941,-0.17553205498741442,-0.3874342784000978,0.26393547663245503,-0.5839356962350359,0.08678784947911308,-0.5734835934097902,-0.4234721088581507,0.6080556946863853
6115.064941,-0.05237170965027804,-0.44515997377061034,-0.012653752166851672,-0.47510862305468693,0.03580816046586079,-0.6767825741109774,-0.15034690443698287,0.5162342895256451
6120.064941,0.07078863568685834,-0.5028856691411228,-0.2892429809661584,-0.36628154987433803,-0.0151715285473915,-0.7800815548121648,0.12277829998418492,0.42441288436490493
6125.064941,0.19394898102399472,-0.5606113645116353,-0.5658322097654651,-0.257454476693989,-0.0661512175606438,-0.883380535513352,0.3959035044053527,0.33259147920416465
6130.064941,0.19394898102399472,-0.5606113645116353,-0.5658322097654651,-0.257454476693989,-0.0661512175606438,-0.883380535513352,0.3959035044053527,0.33259147920416465
6135.064941,0.19394898102399472,-0.5606113645116353,-0.5658322097654651,-0.257454476693989,-0.0661512175606438,-0.883380535513352,0.3959035044053527,0.33259147920416465
6140.064941,0.33395584508668824,-0.6284028733110963,-0.47769311357109406,-0.3062961195370334,-0.06430337000298829,-0.6688998825638027,0.3728779044073526,0.24789142189315055
6145.064941,0.47396270914938177,-0.6961943821105574,-0.3895540173767229,-0.3551377623800777,-0.06245552244533279,-0.45441922961425335,0.3498523044093525,0.16319136458213643
6150.064941,0.6139695732120753,-0.7639858909100183,-0.3014149211823518,-0.4039794052231221,-0.060607674887677286,-0.23993857666470392,0.32682670441135236,0.07849130727112233
6155.064941,0.7539764372747687,-0.8317773997094795,-0.2132758249879807,-0.45282104806616646,-0.05875982733002179,-0.02545792371515452,0.3038011044133523,-0.006208750039891786
6160.064941,0.8939833013374623,-0.8995689085089407,-0.1251367287936096,-0.5016626909092108,-0.056911979772366283,0.1890227292343949,0.28077550441535215,-0.0909088073509059
6165.064941,0.8939833013374623,-0.8995689085089407,-0.1251367287936096,-0.5016626909092108,-0.056911979772366283,0.1890227292343949,0.28077550441535215,-0.0909088073509059
6170.064941,0.8939833013374623,-0.8995689085089407,-0.1251367287936096,-0.5016626909092108,-0.056911979772366283,0.1890227292343949,0.28077550441535215,-0.0909088073509059
6175.064941,0.8939833013374623,-0.8995689085089407,-0.1251367287936096,-0.5016626909092108,-0.056911979772366283,0.1890227292343949,0.28077550441535215,-0.0909088073509059
6180.064941,0.80740890948145,-0.8760391008249933,-0.24187227862537145,-0.2684014594704479,0.01103243693196787,0.11795643811262155,0.32077839437553013,-0.24610751253310995
6185.064941,0.7208345176254378,-0.8525092931410458,-0.3586078284571333,-0.03514022803168508,0.07897685363630202,0.04689014699084822,0.36078128433570816,-0.401306217715314
6190.064941,0.6342601257694256,-0.8289794854570985,-0.4753433782888951,0.19812100340707778,0.14692127034063618,-0.024176144130925125,0.40078417429588614,-0.5565049228975181
6195.064941,0.4321862185202708,-0.7994935375000457,-0.41524608114819744,0.3817985188232927,0.08120047008169214,-0.027197830798105872,0.5432300647164093,-0.3661637620952827
6200.064941,0.23011231127111595,-0.770007589542993,-0.35514878400749994,0.5654760342395077,0.015479669822748088,-0.030219517465286616,0.6856759551369326,-0.17582260129304733
6205.064941,0.11461279587797338,-0.7640514492698873,-0.17831593703504053,0.5158923182169597,-0.11818554714053012,0.03782508698930598,0.7881189555972778,0.1697172646913921
6210.064941,-0.0008867195151692098,-0.7580953089967819,-0.0014830900625811161,0.4663086021944117,-0.2518507641038083,0.10586969144389857,0.8905619560576229,0.5152571306758315
6215.064941,-0.11638623490831179,-0.7521391687236763,0.1753497569098783,0.41672488617186376,-0.3855159810670865,0.17391429589849117,0.9930049565179682,0.860796996660271
6220.064941,-0.11638623490831179,-0.7521391687236763,0.1753497569098783,0.41672488617186376,-0.3855159810670865,0.17391429589849117,0.9930049565179682,0.860796996660271
6225.064941,-0.11638623490831179,-0.7521391687236763,0.1753497569098783,0.41672488617186376,-0.3855159810670865,0.17391429589849117,0.9930049565179682,0.860796996660271
6230.064941,-0.11638623490831179,-0.7521391687236763,0.1753497569098783,0.41672488617186376,-0.3855159810670865,0.17391429589849117,0.9930049565179682,0.860796996660271
6235.064941,-0.11638623490831179,-0.7521391687236763,0.1753497569098783,0.41672488617186376,-0.3855159810670865,0.17391429589849117,0.9930049565179682,0.860796996660271
6240.064941,-0.11638623490831179,-0.7521391687236763,0.1753497569098783,0.41672488617186376,-0.3855159810670865,0.17391429589849117,0.9930049565179682,0.860796996660271
6245.064941,0.04569996456608383,-0.6913074036403615,0.0848166853723574,0.5009324020784851,-0.1922820387406424,0.1372464173743837,0.9792105150273229,0.5237742143597837
6250.064941,0.20778616404047945,-0.6304756385570466,-0.0057163861651635004,0.5851399179851063,0.0009519035858017056,0.10057853885027623,0.9654160735366778,0.18675143205929637
6255.064941,0.36987236351487507,-0.5696438734737317,-0.09624945770268441,0.6693474338917277,0.1941858459122458,0.06391066032616877,0.9516216320460327,-0.1502713502411909
6260.064941,0.5319585629892707,-0.5088121083904168,-0.1867825292402053,0.7535549497983489,0.38741978823868994,0.0272427818020613,0.9378271905553873,-0.48729413254167814
6265.064941,0.6940447624636663,-0.44798034330710196,-0.2773156007777262,0.8377624657049703,0.580653730565134,-0.009425096722046167,0.9240327490647422,-0.8243169148421654
6270.064941,0.6940447624636663,-0.44798034330710196,-0.2773156007777262,0.8377624657049703,0.580653730565134,-0.009425096722046167,0.9240327490647422,-0.8243169148421654
6275.064941,0.6940447624636663,-0.44798034330710196,-0.2773156007777262,0.8377624657049703,0.580653730565134,-0.009425096722046167,0.9240327490647422,-0.8243169148421654
6280.064941,0.6940447624636663,-0.44798034330710196,-0.2773156007777262,0.8377624657049703,0.580653730565134,-0.009425096722046167,0.9240327490647422,-0.8243169148421654
6285.064941,0.7329020483507472,-0.300748846346795,-0.06773942029448884,0.6630202512188422,0.5936808747585152,0.13825613523496832,0.5988488377355388,-0.6556731508740217
6290.064941,0.7717593342378282,-0.15351734938648803,0.14183676018874852,0.48827803673271414,0.6067080189518962,0.2859373671919828,0.27366492640633544,-0.48702938690587805
6295.064941,0.810616620124909,-0.006285852426181115,0.35141294067198586,0.3135358222465862,0.6197351631452773,0.4336185991489973,-0.05151898492286784,-0.3183856229377342
6300.064941,0.8494739060119901,0.1409456445341258,0.5609891211552233,0.1387936077604582,0.6327623073386583,0.5812998311060117,-0.3767028962520712,-0.14974185896959047
6305.064941,0.8883311918990711,0.28817714149443274,0.7705653016384606,-0.035948606725669796,0.6457894515320395,0.7289810630630262,-0.7018868075812745,0.018901904998553265
6310.064941,0.885495756225805,0.08480785833252132,0.41685747347545676,0.12777887900183585,0.3428522424293201,0.544403394913819,-0.6193728964126363,0.024142090124008274
6315.064941,0.8826603205525391,-0.11856142482939011,0.06314964531245311,0.2915063647293415,0.039915033326600735,0.3598257267646117,-0.536858985243998,0.029382275249463286
6320.064941,0.8798248848792731,-0.3219307079913015,-0.2905581828505507,0.4552338504568471,-0.26302217577611864,0.17524805861540438,-0.4543450740753598,0.0346224603749183
6325.064941,0.8769894492060072,-0.525299991153213,-0.6442660110135545,0.6189613361843528,-0.565959384878838,-0.009329609533802907,-0.3718311629067216,0.03986264550037331
6330.064941,0.8741540135327412,-0.7286692743151244,-0.9979738391765582,0.7826888219118584,-0.8688965939815574,-0.1939072776830102,-0.2893172517380833,0.045102830625828316
6335.064941,0.8741540135327412,-0.7286692743151244,-0.9979738391765582,0.7826888219118584,-0.8688965939815574,-0.1939072776830102,-0.2893172517380833,0.045102830625828316
6340.064941,0.8741540135327412,-0.7286692743151244,-0.9979738391765582,0.7826888219118584,-0.8688965939815574,-0.1939072776830102,-0.2893172517380833,0.045102830625828316
6345.064941,0.5335494629532047,-0.6186182923316833,-0.7493376329138656,0.4464569019868597,-0.7010172169544775,-0.345038453294352,-0.17958220569743463,-0.07259860670042455
6350.064941,0.19294491237366831,-0.5085673103482422,-0.5007014266511728,0.11022498206186108,-0.5331378399273976,-0.4961696289056938,-0.06984715965678596,-0.1903000440266774
6355.064941,-0.14765963820586822,-0.39851632836480133,-0.25206522038848017,-0.22600693786313758,-0.3652584629003178,-0.6473008045170356,0.03988788638386272,-0.30800148135293026
6360.064941,-0.4882641887854048,-0.2884653463813603,-0.003429014125787466,-0.5622388577881362,-0.197379085873238,-0.7984319801283775,0.14962293242451138,-0.4257029186791831
6365.064941,-0.8288687393649411,-0.17841436439791925,0.24520719213690523,-0.8984707777131348,-0.029499708846158157,-0.9495631557397193,0.25935797846516007,-0.543404356005436
6370.064941,-0.8288687393649411,-0.17841436439791925,0.24520719213690523,-0.8984707777131348,-0.029499708846158157,-0.9495631557397193,0.25935797846516007,-0.543404356005436
6375.064941,-0.8288687393649411,-0.17841436439791925,0.24520719213690523,-0.8984707777131348,-0.029499708846158157,-0.9495631557397193,0.25935797846516007,-0.543404356005436
6380.064941,-0.7027100351118438,-0.2583979370491815,0.26785744745397183,-0.6460333176589884,-0.14637528233046582,-0.7843722739162219,0.033703295908589136,-0.26310076770294377
6385.064941,-0.5765513308587465,-0.3383815097004438,0.29050770277103843,-0.393595857604842,-0.2632508558147735,-0.6191813920927245,-0.19195138664798178,0.017202820599548474
6390.064941,-0.4503926266056492,-0.4183650823517061,0.3131579580881051,-0.14115839755069554,-0.38012642929908114,-0.45399051026922715,-0.41760606920455273,0.2975064089020407
6395.064941,-0.37215088690055176,-0.5277185138623344,0.3936982877605985,-0.034801112833802425,-0.4657791303579817,-0.41970757796957014,-0.46628078496843983,0.48957097908119557
6400.064941,-0.2939091471954543,-0.6370719453729625,0.4742386174330919,0.07155617188309069,-0.5514318314168822,-0.38542464566991314,-0.514955500732327,0.6816355492603503
6405.064941,-0.3418261117434542,-0.6664418042323286,0.5321286917885188,-0.07452400345416263,-0.520208958991475,-0.5163325951937534,-0.33797553393964325,0.5933965311370129
6410.064941,-0.3897430762914541,-0.6958116630916944,0.5900187661439457,-0.22060417879141597,-0.4889860865660678,-0.6472405447175936,-0.16099556714695948,0.5051575130136754
6415.064941,-0.4376600408394539,-0.7251815219510604,0.6479088404993725,-0.3666843541286693,-0.4577632141406607,-0.7781484942414338,0.01598439964572429,0.41691849489033794
6420.064941,-0.4376600408394539,-0.7251815219510604,0.6479088404993725,-0.3666843541286693,-0.4577632141406607,-0.7781484942414338,0.01598439964572429,0.41691849489033794
6425.064941,-0.4376600408394539,-0.7251815219510604,0.6479088404993725,-0.3666843541286693,-0.4577632141406607,-0.7781484942414338,0.01598439964572429,0.41691849489033794
6430.064941,-0.4376600408394539,-0.7251815219510604,0.6479088404993725,-0.3666843541286693,-0.4577632141406607,-0.7781484942414338,0.01598439964572429,0.41691849489033794
6435.064941,-0.4376600408394539,-0.7251815219510604,0.6479088404993725,-0.3666843541286693,-0.4577632141406607,-0.7781484942414338,0.01598439964572429,0.41691849489033794
6440.064941,-0.4376600408394539,-0.7251815219510604,0.6479088404993725,-0.3666843541286693,-0.4577632141406607,-0.7781484942414338,0.01598439964572429,0.41691849489033794
6445.064941,-0.5155019516850673,-0.5123720332587471,0.624350221287339,-0.16964508807911613,-0.41849406221593577,-0.7083724611830016,0.09459808703030052,0.283334945515307
6450.064941,-0.5933438625306805,-0.2995625445664338,0.6007916020753055,0.027394177970437018,-0.3792249102912108,-0.6385964281245692,0.17321177441487676,0.14975139614027605
6455.064941,-0.6711857733762938,-0.08675305587412038,0.5772329828632721,0.22443344401999016,-0.3399557583664859,-0.5688203950661369,0.251825461799453,0.01616784676524512
6460.064941,-0.7490276842219071,0.12605643281819295,0.5536743636512386,0.42147271006954334,-0.30068660644176093,-0.4990443620077046,0.3304391491840292,-0.11741570260978582
6465.064941,-0.8268695950675206,0.3388659215105063,0.5301157444392051,0.6185119761190965,-0.261417454517036,-0.42926832894927225,0.40905283656860547,-0.25099925198481676
6470.064941,-0.8268695950675206,0.3388659215105063,0.5301157444392051,0.6185119761190965,-0.261417454517036,-0.42926832894927225,0.40905283656860547,-0.25099925198481676
6475.064941,-0.7469958503852474,0.1718287573701122,0.29102726131363144,0.4611287904993631,-0.38752192908840555,-0.39067572645710286,0.1944343819319226,-0.35420706440453065
6480.064941,-0.6671221057029745,0.0047915932297180495,0.05193877818805777,0.3037456048796298,-0.5136264036597751,-0.35208312396493346,-0.020184072704760237,-0.4574148768242445
6485.064941,-0.5872483610207014,-0.1622455709106761,-0.18714970493751587,0.14636241925989651,-0.6397308782311446,-0.313490521472764,-0.23480252734144308,-0.5606226892439583
6490.064941,-0.5073746163384285,-0.3292827350510702,-0.42623818806308955,-0.01102076635983682,-0.7658353528025141,-0.2748979189805946,-0.44942098197812597,-0.6638305016636723
6495.064941,-0.42750087165615547,-0.4963198991914643,-0.6653266711886632,-0.16840395197957014,-0.8919398273738837,-0.23630531648842523,-0.6640394366148088,-0.7670383140833861
6500.064941,-0.42750087165615547,-0.4963198991914643,-0.6653266711886632,-0.16840395197957014,-0.8919398273738837,-0.23630531648842523,-0.6640394366148088,-0.7670383140833861
6505.064941,-0.42750087165615547,-0.4963198991914643,-0.6653266711886632,-0.16840395197957014,-0.8919398273738837,-0.23630531648842523,-0.6640394366148088,-0.7670383140833861
6510.064941,-0.42750087165615547,-0.4963198991914643,-0.6653266711886632,-0.16840395197957014,-0.8919398273738837,-0.23630531648842523,-0.6640394366148088,-0.7670383140833861
6515.064941,-0.42750087165615547,-0.4963198991914643,-0.6653266711886632,-0.16840395197957014,-0.8919398273738837,-0.23630531648842523,-0.6640394366148088,-0.7670383140833861
6520.064941,-0.4313758524241802,-0.32048661165987885,-0.4322143374674806,-0.11128365329532808,-0.5321792038951098,-0.26705296178227267,-0.6257298927014258,-0.42891226039851116
6525.064941,-0.4352508331922048,-0.14465332412829332,-0.1991020037462981,-0.05416335461108601,-0.17241858041633584,-0.29780060707612005,-0.587420348788043,-0.09078620671363628
6530.064941,-0.4391258139602295,0.03117996340329219,0.03401032997488444,0.0029569440731560537,0.187342043062438,-0.3285482523699675,-0.5491108048746598,0.24733984697123854
6535.064941,-0.4430007947282542,0.2070132509348777,0.26712266369606696,0.06007724275739812,0.5471026665412119,-0.35929589766381487,-0.510801260961277,0.5854659006561134
6540.064941,-0.44687577549627894,0.3828465384664632,0.5002349974172495,0.11719754144164019,0.9068632900199859,-0.3900435429576623,-0.4724917170478939,0.9235919543409883
6545.064941,-0.44687577549627894,0.3828465384664632,0.5002349974172495,0.11719754144164019,0.9068632900199859,-0.3900435429576623,-0.4724917170478939,0.9235919543409883
6550.064941,-0.44687577549627894,0.3828465384664632,0.5002349974172495,0.11719754144164019,0.9068632900199859,-0.3900435429576623,-0.4724917170478939,0.9235919543409883
6555.064941,-0.4978119091604224,0.4920290958730827,0.25825023670483327,0.1690411880092319,0.5544378675295727,-0.3541634959532894,-0.2580788049529967,0.5692559278732316
6560.064941,-0.5487480428245661,0.6012116532797022,0.016265475992417056,0.22088483457682365,0.20201244503915952,-0.31828344894891647,-0.04366589285809943,0.21491990140547496
6565.064941,-0.5996841764887095,0.7103942106863216,-0.2257192847199992,0.2727284811444154,-0.15041297745125362,-0.2824034019445435,0.17074701923679783,-0.13941612506228163
6570.064941,-0.6506203101528533,0.8195767680929411,-0.4677040454324154,0.3245721277120071,-0.5028383999416668,-0.24652335494017058,0.38515993133169507,-0.4937521515300382
6575.064941,-0.7193229981744091,0.8118132556093771,-0.3861411159546269,0.35924664841590553,-0.8599756454550465,-0.19291679114985053,0.6191214233135781,-0.8136667897526314
6580.064941,-0.7370895525318215,0.6948671857191938,-0.06259342576442214,0.34207752255221224,-0.864687468478013,-0.1751902743639034,0.6386700032005639,-0.7792454015074679
6585.064941,-0.7548561068892337,0.5779211158290103,0.2609542644257826,0.324908396688519,-0.8693992915009796,-0.15746375757795622,0.6582185830875495,-0.7448240132623043
6590.064941,-0.772622661246646,0.46097504593882704,0.5845019546159873,0.3077392708248257,-0.8741111145239462,-0.13973724079200908,0.6777671629745354,-0.710402625017141
6595.064941,-0.7903892156040582,0.3440289760486437,0.9080496448061922,0.2905701449611324,-0.8788229375469128,-0.12201072400606194,0.6973157428615211,-0.6759812367719775
6600.064941,-0.7903892156040582,0.3440289760486437,0.9080496448061922,0.2905701449611324,-0.8788229375469128,-0.12201072400606194,0.6973157428615211,-0.6759812367719775
6605.064941,-0.6815047303418,0.13720345961065467,0.7718697784094359,0.16266862887058392,-0.7390719178072913,-0.22981098064363029,0.6844672886795105,-0.46902174398709506
6610.064941,-0.5726202450795419,-0.06962205682733438,0.6356899120126799,0.03476711278003539,-0.59932089806767,-0.33761123728119863,0.6716188344974997,-0.26206225120221277
6615.064941,-0.4637357598172839,-0.27644757326532343,0.4995100456159237,-0.09313440331051312,-0.45956987832804863,-0.44541149391876694,0.6587703803154891,-0.055102758417330346
6620.064941,-0.3548512745550258,-0.4832730897033125,0.3633301792191676,-0.22103591940106165,-0.3198188585884273,-0.5532117505563352,0.6459219261334784,0.15185673436755204
6625.064941,-0.24596678929276772,-0.6900986061413015,0.2271503128224115,-0.34893743549161016,-0.18006783884880595,-0.6610120071939036,0.6330734719514677,0.35881622715243444
6630.064941,-0.24596678929276772,-0.6900986061413015,0.2271503128224115,-0.34893743549161016,-0.18006783884880595,-0.6610120071939036,0.6330734719514677,0.35881622715243444
6635.064941,-0.24596678929276772,-0.6900986061413015,0.2271503128224115,-0.34893743549161016,-0.18006783884880595,-0.6610120071939036,0.6330734719514677,0.35881622715243444
6640.064941,-0.24596678929276772,-0.6900986061413015,0.2271503128224115,-0.34893743549161016,-0.18006783884880595,-0.6610120071939036,0.6330734719514677,0.35881622715243444
6645.064941,-0.24596678929276772,-0.6900986061413015,0.2271503128224115,-0.34893743549161016,-0.18006783884880595,-0.6610120071939036,0.6330734719514677,0.35881622715243444
6650.064941,-0.2659348094659072,-0.461853019221574,0.13069305671715847,-0.38788057686938837,-0.09380964223447279,-0.585386001470955,0.46520686061314553,0.1101520416817697
6655.064941,-0.2859028296390466,-0.23360743230184652,0.034235800611905454,-0.42682371824716664,-0.007551445620139629,-0.5097599957480063,0.29734024927482333,-0.13851214378889504
6660.064941,-0.3058708498121861,-0.005361845382119057,-0.062221455493347566,-0.4657668596249449,0.07870675099419353,-0.4341339900250579,0.12947363793650118,-0.38717632925955975
6665.064941,-0.13356080268066933,0.3316784339979039,-0.2578249955796167,-0.5119547077353307,-0.008384168594892794,-0.1637594728622716,-0.12276565614917959,-0.308108229618149
6670.064941,0.038749244450847396,0.6687187133779269,-0.45342853566588587,-0.5581425558457165,-0.09547508818397912,0.10661504430051472,-0.37500495023486036,-0.22904012997673825
6675.064941,0.2310273117555036,0.7775134058382225,-0.552574819646902,-0.5653872625783241,-0.2688242043873986,0.30136355574035245,-0.4593776329822189,0.09869215513533729
6680.064941,0.42330537906015986,0.886308098298518,-0.6517211036279181,-0.5726319693109316,-0.4421733205908181,0.49611206718019024,-0.5437503157295775,0.42642444024741283
6685.064941,0.615583446364816,0.9951027907588135,-0.7508673876089342,-0.5798766760435392,-0.6155224367942376,0.6908605786200279,-0.6281229984769361,0.7541567253594883
6690.064941,0.615583446364816,0.9951027907588135,-0.7508673876089342,-0.5798766760435392,-0.6155224367942376,0.6908605786200279,-0.6281229984769361,0.7541567253594883
6695.064941,0.615583446364816,0.9951027907588135,-0.7508673876089342,-0.5798766760435392,-0.6155224367942376,0.6908605786200279,-0.6281229984769361,0.7541567253594883
6700.064941,0.615583446364816,0.9951027907588135,-0.7508673876089342,-0.5798766760435392,-0.6155224367942376,0.6908605786200279,-0.6281229984769361,0.7541567253594883
6705.064941,0.615583446364816,0.9951027907588135,-0.7508673876089342,-0.5798766760435392,-0.6155224367942376,0.6908605786200279,-0.6281229984769361,0.7541567253594883
6710.064941,0.3953114169256522,0.7795160513860973,-0.7300272276126208,-0.4112876563515556,-0.6685858282647904,0.5473054504362678,-0.617385523923684,0.7286401703322426
6715.064941,0.1750393874864884,0.563929312013381,-0.7091870676163075,-0.24269863665957198,-0.7216492197353432,0.4037503222525075,-0.6066480493704318,0.7031236153049969
6720.064941,-0.0452326419526754,0.3483425726406649,-0.6883469076199942,-0.07410961696758837,-0.774712611205896,0.26019519406874736,-0.5959105748171798,0.6776070602777512
6725.064941,-0.2655046713918392,0.13275583326794876,-0.6675067476236808,0.09447940272439523,-0.8277760026764488,0.11664006588498714,-0.5851731002639277,0.6520905052505055
6730.064941,-0.485776700831003,-0.0828309061047674,-0.6466665876273674,0.26306842241637884,-0.8808393941470015,-0.02691506229877305,-0.5744356257106755,0.6265739502232599
6735.064941,-0.485776700831003,-0.0828309061047674,-0.6466665876273674,0.26306842241637884,-0.8808393941470015,-0.02691506229877305,-0.5744356257106755,0.6265739502232599
6740.064941,-0.5388435944494244,-0.07094450592060117,-0.3517391593198567,0.4033712805801349,-0.5946217027675633,0.07234620542047838,-0.6399666544274281,0.5047104654055945
6745.064941,-0.5919104880678459,-0.059058105736434954,-0.056811731012346024,0.5436741387438909,-0.308404011388125,0.17160747313972982,-0.7054976831441806,0.3828469805879292
6750.064941,-0.6449773816862672,-0.047171705552268725,0.23811569729516466,0.6839769969076469,-0.0221863200086867,0.27086874085898127,-0.7710287118609331,0.2609834957702638
6755.064941,-0.6980442753046886,-0.0352853053681025,0.5330431256026753,0.824279855071403,0.2640313713707516,0.3701300085782327,-0.8365597405776857,0.13912001095259846
6760.064941,-0.75111116892311,-0.02339890518393628,0.827970553910186,0.964582713235159,0.5502490627501899,0.4693912762974842,-0.9020907692944382,0.017256526134933114
6765.064941,-0.45713111980532356,0.0815818033420245,0.7784922584045425,0.9154400671725831,0.2690741904246511,0.2738544720630643,-0.5589064119098854,-0.08663330893900692
6770.064941,-0.16315107068753712,0.18656251186798528,0.7290139628988991,0.8662974211100073,-0.0121006819008878,0.07831766782864444,-0.21572205452533258,-0.19052314401294695
6775.064941,0.13082897843024935,0.29154322039394603,0.6795356673932555,0.8171547750474314,-0.29327555422642665,-0.11721913640577539,0.12746230285922025,-0.29441297908688696
6780.064941,0.4248090275480358,0.39652392891990684,0.6300573718876119,0.7680121289848554,-0.5744504265519655,-0.31275594064019524,0.47064666024377305,-0.398302814160827
6785.064941,0.7187890766658223,0.5015046374458676,0.5805790763819685,0.7188694829222795,-0.8556252988775043,-0.5082927448746151,0.8138310176283259,-0.502192649234767
6790.064941,0.7187890766658223,0.5015046374458676,0.5805790763819685,0.7188694829222795,-0.8556252988775043,-0.5082927448746151,0.8138310176283259,-0.502192649234767
6795.064941,0.3954797821871002,0.5141824363411118,0.6140987754018467,0.3941868202612343,-0.6753943724300653,-0.3275826616901907,0.6146565963728571,-0.5163691235016985
6800.064941,0.07217048770837824,0.5268602352363558,0.6476184744217248,0.06950415760018913,-0.49516344598262607,-0.1468725785057663,0.4154821751173882,-0.53054559776863
6805.064941,-0.2511388067703438,0.5395380341316001,0.6811381734416028,-0.255178505060856,-0.31493251953518697,0.03383750467865809,0.21630775386191942,-0.5447220720355616
6810.064941,-0.5744481012490658,0.5522158330268441,0.7146578724614809,-0.5798611677219011,-0.13470159308774782,0.21454758786308248,0.01713333260645058,-0.5588985463024931
6815.064941,-0.8977573957277878,0.5648936319220883,0.748177571481359,-0.9045438303829464,0.04552933335969134,0.39525767104750686,-0.18204108864901825,-0.5730750205694246
6820.064941,-0.8977573957277878,0.5648936319220883,0.748177571481359,-0.9045438303829464,0.04552933335969134,0.39525767104750686,-0.18204108864901825,-0.5730750205694246
6825.064941,-0.8977573957277878,0.5648936319220883,0.748177571481359,-0.9045438303829464,0.04552933335969134,0.39525767104750686,-0.18204108864901825,-0.5730750205694246
6830.064941,-0.8977573957277878,0.5648936319220883,0.748177571481359,-0.9045438303829464,0.04552933335969134,0.39525767104750686,-0.18204108864901825,-0.5730750205694246
6835.064941,-0.8977573957277878,0.5648936319220883,0.748177571481359,-0.9045438303829464,0.04552933335969134,0.39525767104750686,-0.18204108864901825,-0.5730750205694246
6840.064941,-0.8977573957277878,0.5648936319220883,0.748177571481359,-0.9045438303829464,0.04552933335969134,0.39525767104750686,-0.18204108864901825,-0.5730750205694246
6845.064941,-0.5549271623271963,0.4821516202395332,0.4119197705229656,-0.6079244687038446,-0.06876256868103572,0.4705248565383425,-0.1451268163166842,-0.28433743948692614
6850.064941,-0.2120969289266048,0.399409608556978,0.0756619695645722,-0.31130510702474307,-0.18305447072176279,0.545792042029178,-0.10821254398435017,0.004400141595572382
6855.064941,0.13073330447398668,0.31666759687442286,-0.26059583139382114,-0.014685745345641443,-0.2973463727624898,0.6210592275200135,-0.07129827165201612,0.29313772267807087
6860.064941,0.39105826036767144,0.04418864274310108,-0.46688474029841026,0.21711037727169313,-0.48340632122615085,0.7094635035056114,0.025986382392242602,0.5148077425511038
6865.064941,0.6513832162613561,-0.2282903113882207,-0.6731736492029992,0.4489064998890277,-0.6694662696898119,0.7978677794912091,0.12327103643650132,0.7364777624241368
6870.064941,0.5688779387544493,-0.41802725383698736,-0.5432047571491949,0.3840832608272607,-0.7412343161127459,0.8110048699859714,0.183641418148426,0.6694102012146712
6875.064941,0.48637266124754264,-0.607764196285754,-0.4132358650953908,0.3192600217654936,-0.81300236253568,0.8241419604807337,0.24401179986035068,0.6023426400052057
6880.064941,0.40386738374063585,-0.7975011387345206,-0.28326697304158643,0.2544367827037266,-0.8847704089586139,0.837279050975496,0.30438218157227537,0.5352750787957401
6885.064941,0.40386738374063585,-0.7975011387345206,-0.28326697304158643,0.2544367827037266,-0.8847704089586139,0.837279050975496,0.30438218157227537,0.5352750787957401
6890.064941,0.40386738374063585,-0.7975011387345206,-0.28326697304158643,0.2544367827037266,-0.8847704089586139,0.837279050975496,0.30438218157227537,0.5352750787957401
6895.064941,0.40386738374063585,-0.7975011387345206,-0.28326697304158643,0.2544367827037266,-0.8847704089586139,0.837279050975496,0.30438218157227537,0.5352750787957401
6900.064941,0.1615883063762769,-0.46246660915706694,-0.2859266219612025,0.02347433152987386,-0.806599669718614,0.8409804198847878,0.07712389923995837,0.5334411838124999
6905.064941,-0.08069077098808211,-0.12743207957961342,-0.28858627088081856,-0.2074881196439789,-0.7284289304786142,0.8446817887940796,-0.15013438309235863,0.5316072888292599
6910.064941,-0.32296984835244114,0.20760244999784022,-0.29124591980043457,-0.4384505708178317,-0.6502581912386145,0.8483831577033716,-0.37739266542467564,0.5297733938460197
6915.064941,-0.5652489257168002,0.5426369795752939,-0.29390556872005064,-0.6694130219916843,-0.5720874519986145,0.8520845266126635,-0.6046509477569927,0.5279394988627797
6920.064941,-0.8075280030811591,0.8776715091527475,-0.2965652176396667,-0.9003754731655371,-0.4939167127586148,0.8557858955219553,-0.8319092300893096,0.5261056038795395
6925.064941,-0.8075280030811591,0.8776715091527475,-0.2965652176396667,-0.9003754731655371,-0.4939167127586148,0.8557858955219553,-0.8319092300893096,0.5261056038795395
6930.064941,-0.8075280030811591,0.8776715091527475,-0.2965652176396667,-0.9003754731655371,-0.4939167127586148,0.8557858955219553,-0.8319092300893096,0.5261056038795395
6935.064941,-0.7428754356276208,0.704036925376862,-0.3190203220643866,-0.5906459093362457,-0.32692081455952543,0.6389669312094687,-0.7818455535987058,0.40568061008542633
6940.064941,-0.6782228681740825,0.5304023416009767,-0.34147542648910645,-0.28091634550695427,-0.15992491636043607,0.42214796689698203,-0.7317818771081018,0.2852556162913131
6945.064941,-0.6135703007205441,0.35676775782509135,-0.3639305309138263,0.028813218322337075,0.007070981838653312,0.20532900258449543,-0.681718200617498,0.16483062249719987
6950.064941,-0.5489177332670057,0.183133174049206,-0.3863856353385462,0.3385427821516285,0.17406688003774268,-0.011489961727991193,-0.6316545241268943,0.04440562870308664
6955.064941,-0.4842651658134674,0.009498590273320673,-0.4088407397632661,0.6482723459809199,0.34106277823683206,-0.2283089260404778,-0.5815908476362903,-0.07601936509102658
6960.064941,-0.4842651658134674,0.009498590273320673,-0.4088407397632661,0.6482723459809199,0.34106277823683206,-0.2283089260404778,-0.5815908476362903,-0.07601936509102658
6965.064941,-0.4842651658134674,0.009498590273320673,-0.4088407397632661,0.6482723459809199,0.34106277823683206,-0.2283089260404778,-0.5815908476362903,-0.07601936509102658
6970.064941,-0.29403241588938245,0.013447860145880331,-0.41960590316243146,0.33906055507594224,0.2500220883373016,0.003260573084737084,-0.517649721981831,-0.06484464727845865
6975.064941,-0.10379966596529759,0.01739713001843999,-0.43037106656159685,0.029848764170964603,0.15898139843777118,0.23483007220995197,-0.4537085963273716,-0.053669929465890706
6980.064941,0.08643308395878728,0.021346399890999644,-0.4411362299607623,-0.27936302673401303,0.06794070853824072,0.4663995713351669,-0.3897674706729123,-0.042495211653322776
6985.064941,0.27666583388287214,0.025295669763559302,-0.45190139335992774,-0.5885748176389907,-0.023099981361289722,0.6979690704603817,-0.3258263450184529,-0.03132049384075484
6990.064941,0.46689858380695703,0.02924493963611896,-0.4626665567590931,-0.8977866085439683,-0.11414067126082017,0.9295385695855967,-0.26188521936399356,-0.0201457760281869
6995.064941,0.46689858380695703,0.02924493963611896,-0.4626665567590931,-0.8977866085439683,-0.11414067126082017,0.9295385695855967,-0.26188521936399356,-0.0201457760281869
7000.064941,0.46689858380695703,0.02924493963611896,-0.4626665567590931,-0.8977866085439683,-0.11414067126082017,0.9295385695855967,-0.26188521936399356,-0.0201457760281869
7005.064941,0.46689858380695703,0.02924493963611896,-0.4626665567590931,-0.8977866085439683,-0.11414067126082017,0.9295385695855967,-0.26188521936399356,-0.0201457760281869
7010.064941,0.46689858380695703,0.02924493963611896,-0.4626665567590931,-0.8977866085439683,-0.11414067126082017,0.9295385695855967,-0.26188521936399356,-0.0201457760281869
7015.064941,0.46689858380695703,0.02924493963611896,-0.4626665567590931,-0.8977866085439683,-0.11414067126082017,0.9295385695855967,-0.26188521936399356,-0.0201457760281869
7020.064941,0.4328523459692978,-0.05551490320880346,-0.3218487376590417,-0.7747407410036024,-0.04439033761408977,0.6454308180326499,-0.13365875683041506,-0.10421700122300451
7025.064941,0.39880610813163847,-0.14027474605372586,-0.18103091855899037,-0.6516948734632365,0.02535999603264063,0.36132306647970314,-0.0054322942968365595,-0.1882882264178221
7030.064941,0.3647598702939792,-0.2250345888986483,-0.04021309945893901,-0.5286490059228706,0.09511032967937103,0.0772153149267563,0.12279416823674194,-0.2723594516126397
7035.064941,0.3307136324563199,-0.3097944317435707,0.10060471964111235,-0.4056031383825047,0.16486066332610144,-0.20689243662619047,0.25102063077032044,-0.3564306768074573
7040.064941,0.29666739461866065,-0.3945542745884931,0.2414225387411637,-0.2825572708421389,0.23461099697283183,-0.49100018817913726,0.37924709330389894,-0.4405019020022749
7045.064941,0.29666739461866065,-0.3945542745884931,0.2414225387411637,-0.2825572708421389,0.23461099697283183,-0.49100018817913726,0.37924709330389894,-0.4405019020022749
7050.064941,0.29666739461866065,-0.3945542745884931,0.2414225387411637,-0.2825572708421389,0.23461099697283183,-0.49100018817913726,0.37924709330389894,-0.4405019020022749
7055.064941,0.29666739461866065,-0.3945542745884931,0.2414225387411637,-0.2825572708421389,0.23461099697283183,-0.49100018817913726,0.37924709330389894,-0.4405019020022749
7060.064941,0.29666739461866065,-0.3945542745884931,0.2414225387411637,-0.2825572708421389,0.23461099697283183,-0.49100018817913726,0.37924709330389894,-0.4405019020022749
7065.064941,0.31433425642951157,-0.3297315691624053,0.18812453756884792,-0.41381283837199057,0.1867319731668776,-0.23554828360973884,0.36310977091823454,-0.4315160495127798
7070.064941,0.3320011182403625,-0.26490886373631745,0.13482653639653214,-0.5450684059018422,0.13885294936092335,0.019903620959659564,0.34697244853257014,-0.4225301970232847
7075.064941,0.34966798005121336,-0.20008615831022963,0.08152853522421637,-0.6763239734316939,0.09097392555496912,0.27535552552905795,0.3308351261469057,-0.4135443445337896
7080.064941,0.3673348418620643,-0.1352634528841418,0.02823053405190059,-0.8075795409615456,0.04309490174901489,0.5308074300984564,0.3146978037612413,-0.4045584920442945
7085.064941,0.3850017036729152,-0.07044074745805395,-0.025067467120415188,-0.9388351084913973,-0.004784122056939344,0.7862593346678548,0.2985604813755769,-0.3955726395547994
7090.064941,0.3850017036729152,-0.07044074745805395,-0.025067467120415188,-0.9388351084913973,-0.004784122056939344,0.7862593346678548,0.2985604813755769,-0.3955726395547994
7095.064941,0.3850017036729152,-0.07044074745805395,-0.025067467120415188,-0.9388351084913973,-0.004784122056939344,0.7862593346678548,0.2985604813755769,-0.3955726395547994
7100.064941,0.3850017036729152,-0.07044074745805395,-0.025067467120415188,-0.9388351084913973,-0.004784122056939344,0.7862593346678548,0.2985604813755769,-0.3955726395547994
7105.064941,0.3850017036729152,-0.07044074745805395,-0.025067467120415188,-0.9388351084913973,-0.004784122056939344,0.7862593346678548,0.2985604813755769,-0.3955726395547994
7110.064941,0.3850017036729152,-0.07044074745805395,-0.025067467120415188,-0.9388351084913973,-0.004784122056939344,0.7862593346678548,0.2985604813755769,-0.3955726395547994
7115.064941,0.2789039453668723,-0.015996852873279323,0.13076723511917027,-0.6018517597166,-0.17675227279264843,0.827357163212999,0.2723299720138788,-0.3670353716490902
7120.064941,0.17280618706082937,0.03844704171149531,0.2866019373587557,-0.26486841094180263,-0.3487204235283575,0.8684549917581432,0.24609946265218072,-0.3384981037433811
7125.064941,0.06670842875478647,0.09289093629626995,0.4424366395983411,0.07211493783299461,-0.5206885742640667,0.9095528203032874,0.21986895329048264,-0.30996083583767187
7130.064941,0.12330613642726033,0.301095366442402,0.3346890865828083,0.31667733276513477,-0.7088233118894709,0.7511345646714948,0.20012092981539736,-0.4261569588979876
7135.064941,0.1799038440997342,0.509299796588534,0.22694153356727548,0.5612397276972748,-0.8969580495148751,0.5927163090397023,0.1803729063403121,-0.5423530819583033
7140.064941,0.342599310078251,0.6630603321498916,-0.036640721687842784,0.4688187738546178,-0.9131246364045703,0.3932002248627657,0.18685539222692493,-0.6870864729243283
7145.064941,0.5052947760567678,0.8168208677112491,-0.3002229769429611,0.37639782001196076,-0.9292912232942655,0.19368414068582904,0.19333787811353775,-0.8318198638903533
7150.064941,0.6679902420352846,0.9705814032726063,-0.5638052321980793,0.2839768661693036,-0.9454578101839605,-0.005831943491107605,0.19982036400015057,-0.9765532548563783
7155.064941,0.6679902420352846,0.9705814032726063,-0.5638052321980793,0.2839768661693036,-0.9454578101839605,-0.005831943491107605,0.19982036400015057,-0.9765532548563783
7160.064941,0.4903386548357315,0.6168263449699134,-0.2571889221716536,0.1824054077708353,-0.7125386492141367,-0.07843571306609531,0.024101317766141373,-0.5877263055350767
7165.064941,0.3126870676361785,0.2630712866672205,0.049427387854772055,0.08083394937236696,-0.47961948824431266,-0.15103948264108302,-0.15161772846786783,-0.19889935621377502
7170.064941,0.13503548043662547,-0.09068377163547234,0.3560436978811977,-0.020737509026101365,-0.24670032727448868,-0.22364325221607073,-0.32733677470187705,0.18992759310752655
7175.064941,-0.042616106762927555,-0.4444388299381652,0.6626600079076235,-0.12230896742456969,-0.013781166304664704,-0.29624702179105844,-0.5030558209358862,0.5787545424288282
7180.064941,-0.22026769396248058,-0.7981938882408581,0.9692763179340492,-0.22388042582303802,0.21913799466515926,-0.36885079136604615,-0.6787748671698954,0.9675814917501298
7185.064941,-0.14005721872482796,-0.5090278447259722,0.686669806413927,-0.37659912950210817,0.33553372543964965,-0.21486186506955676,-0.6920728519602743,0.9342863009895706
7190.064941,-0.059846743487175315,-0.2198618012110864,0.40406329489380494,-0.5293178331811783,0.45192945621414005,-0.06087293877306736,-0.7053708367506533,0.9009911102290113
7195.064941,0.020363731750477322,0.06930424230379946,0.12145678337368286,-0.6820365368602485,0.5683251869886305,0.09311598752342203,-0.7186688215410321,0.8676959194684519
7200.064941,0.029194129018343153,0.22479713238894078,-0.030778229969746596,-0.4398993996394003,0.5390339661005201,0.08340966175916398,-0.48066950817573717,0.7442123007470423
7205.064941,0.03802452628620898,0.3802900224740821,-0.18301324331317606,-0.19776226241855238,0.5097427452124098,0.07370333599490593,-0.2426701948104423,0.6207286820256325
7210.064941,-0.03335555168357782,0.2466168690443376,-0.05264174513648343,0.1970935784813658,0.3640557935498091,-0.08999191606584152,0.008627103345231379,0.5305402540647821
7215.064941,-0.10473562965336462,0.11294371561459307,0.0777297530402092,0.591949419381284,0.21836884188720834,-0.253687168126589,0.2599244015009051,0.4403518261039318
7220.064941,-0.17611570762315143,-0.020729437815151464,0.20810125121690182,0.9868052602812021,0.07268189022460758,-0.4173824201873364,0.5112216996565788,0.3501633981430814
7225.064941,-0.17611570762315143,-0.020729437815151464,0.20810125121690182,0.9868052602812021,0.07268189022460758,-0.4173824201873364,0.5112216996565788,0.3501633981430814
7230.064941,-0.17611570762315143,-0.020729437815151464,0.20810125121690182,0.9868052602812021,0.07268189022460758,-0.4173824201873364,0.5112216996565788,0.3501633981430814
7235.064941,-0.17611570762315143,-0.020729437815151464,0.20810125121690182,0.9868052602812021,0.07268189022460758,-0.4173824201873364,0.5112216996565788,0.3501633981430814
7240.064941,-0.17611570762315143,-0.020729437815151464,0.20810125121690182,0.9868052602812021,0.07268189022460758,-0.4173824201873364,0.5112216996565788,0.3501633981430814
7245.064941,0.04389700706989248,0.12541046422313382,0.17751828407590553,0.9673019079190788,-0.0821630716206938,-0.3709253662397203,0.6034078385862941,0.3220055712269443
7250.064941,0.26390972176293637,0.2715503662614191,0.14693531693490924,0.9477985555569551,-0.2370080334659952,-0.32446831229210416,0.6955939775160094,0.2938477443108072
7255.064941,0.48392243645598026,0.4176902682997044,0.11635234979391296,0.9282952031948317,-0.3918529953112966,-0.27801125834448803,0.7877801164457245,0.26568991739467007
7260.064941,0.7039351511490242,0.5638301703379897,0.08576938265291667,0.9087918508327084,-0.546697957156598,-0.2315542043968719,0.8799662553754398,0.23753209047853296
7265.064941,0.6403194305147478,0.47314718285948915,0.05413453979775884,0.6549183176230887,-0.6923785368775365,-0.0809908848293038,0.9627908722308579,0.27165510521991937
7270.064941,0.3566909951874275,0.23632429334270322,0.0530826640835973,0.4205481367755925,-0.6832141547531736,0.023115380790648166,0.9534293501565605,0.3339359468774429
7275.064941,0.0730625598601073,-0.000498596174082655,0.052030788369435754,0.18617795592809633,-0.6740497726288106,0.12722164641060013,0.9440678280822631,0.39621678853496645
7280.064941,-0.21056587546721298,-0.23732148569086853,0.05097891265527421,-0.048192224919399874,-0.6648853905044477,0.2313279120305521,0.9347063060079659,0.45849763019248996
7285.064941,-0.4941943107945333,-0.47414437520765434,0.04992703694111267,-0.28256240576689606,-0.6557210083800848,0.3354341776505041,0.9253447839336687,0.5207784718500135
7290.064941,-0.4941943107945333,-0.47414437520765434,0.04992703694111267,-0.28256240576689606,-0.6557210083800848,0.3354341776505041,0.9253447839336687,0.5207784718500135
7295.064941,-0.4941943107945333,-0.47414437520765434,0.04992703694111267,-0.28256240576689606,-0.6557210083800848,0.3354341776505041,0.9253447839336687,0.5207784718500135
7300.064941,-0.2669802308380241,-0.22984601807834001,-0.06842227291191971,-0.2211931640637736,-0.3678539687367975,0.36920553013297286,0.9254476486108036,0.47433534817037143
7305.064941,-0.039766150881514896,0.014452339050974362,-0.1867715827649521,-0.15982392236065115,-0.0799869290935101,0.4029768826154417,0.9255505132879385,0.4278922244907294
7310.064941,0.18744792907499427,0.25875069618028873,-0.3051208926179845,-0.09845468065752869,0.20788011054977726,0.43674823509791044,0.9256533779650734,0.38144910081108746
7315.064941,0.4146620090315034,0.5030490533096031,-0.42347020247101685,-0.03708543895440623,0.49574715019306465,0.4705195875803792,0.9257562426422083,0.3350059771314454
7320.064941,0.6418760889880126,0.7473474104389175,-0.5418195123240492,0.02428380274871622,0.783614189836352,0.5042909400628479,0.9258591073193433,0.28856285345180344
7325.064941,0.6418760889880126,0.7473474104389175,-0.5418195123240492,0.02428380274871622,0.783614189836352,0.5042909400628479,0.9258591073193433,0.28856285345180344
7330.064941,0.6418760889880126,0.7473474104389175,-0.5418195123240492,0.02428380274871622,0.783614189836352,0.5042909400628479,0.9258591073193433,0.28856285345180344
7335.064941,0.6418760889880126,0.7473474104389175,-0.5418195123240492,0.02428380274871622,0.783614189836352,0.5042909400628479,0.9258591073193433,0.28856285345180344
7340.064941,0.47070355337848235,0.404127013157584,-0.3392258784271073,0.1293096338295574,0.5672448670080071,0.5954414987715592,0.5995750909372617,0.11459697546741072
7345.064941,0.29953101776895213,0.06090661587625048,-0.13663224453016537,0.23433546491039858,0.3508755441796623,0.6865920574802705,0.2732910745551801,-0.05936890251698199
7350.064941,0.12835848215942186,-0.282313781405083,0.06596138936677658,0.33936129599123976,0.13450622135131746,0.7777426161889818,-0.05299294182690142,-0.2333347805013747
7355.064941,-0.04281405345010838,-0.6255341786864166,0.2685550232637185,0.4443871270720809,-0.08186310147702738,0.868893174897693,-0.37927695820898294,-0.40730065848576746
7360.064941,-0.21398658905963863,-0.9687545759677502,0.47114865716066046,0.5494129581529221,-0.2982324243053722,0.9600437336064044,-0.7055609745910645,-0.5812665364701601
7365.064941,-0.21398658905963863,-0.9687545759677502,0.47114865716066046,0.5494129581529221,-0.2982324243053722,0.9600437336064044,-0.7055609745910645,-0.5812665364701601
7370.064941,-0.21398658905963863,-0.9687545759677502,0.47114865716066046,0.5494129581529221,-0.2982324243053722,0.9600437336064044,-0.7055609745910645,-0.5812665364701601
7375.064941,0.02242899049766347,-0.6077652540168103,0.413780334499391,0.3365250314773728,-0.2237830515157834,0.76305369494997,-0.42347594448913134,-0.37163487128242056
7380.064941,0.2588445700549656,-0.2467759320658705,0.3564120118381215,0.12363710480182348,-0.14933367872619457,0.5660636562935358,-0.1413909143871983,-0.16200320609468094
7385.064941,0.49526014961226766,0.11421338988506928,0.29904368917685203,-0.08925082187372584,-0.07488430593660574,0.36907361763710156,0.14069411571473478,0.04762845909305864
7390.064941,0.462613189805963,0.35394287922637757,0.32910094352243047,-0.13681649720091263,-0.04241593043841041,0.09489068608146303,0.41221369298191773,0.20402124140234337
7395.064941,0.4299662299996584,0.5936723685676858,0.35915819786800895,-0.1843821725280994,-0.009947554940215087,-0.17929224547417552,0.6837332702491006,0.3604140237116281
7400.064941,0.16090369063605162,0.4724125359580543,0.44658377487485695,-0.01905992117973687,-0.051928552231608596,-0.25648513837337983,0.6731678174143505,0.3071751408331732
7405.064941,-0.10815884872755514,0.3511527033484228,0.5340093518817047,0.14626233016862566,-0.0939095495230021,-0.33367803127258416,0.6626023645796003,0.25393625795471836
7410.064941,-0.3772213880911619,0.22989287073879128,0.6214349288885528,0.3115845815169882,-0.1358905468143956,-0.4108709241717885,0.6520369117448501,0.2006973750762635
7415.064941,-0.3772213880911619,0.22989287073879128,0.6214349288885528,0.3115845815169882,-0.1358905468143956,-0.4108709241717885,0.6520369117448501,0.2006973750762635
7420.064941,-0.3772213880911619,0.22989287073879128,0.6214349288885528,0.3115845815169882,-0.1358905468143956,-0.4108709241717885,0.6520369117448501,0.2006973750762635
7425.064941,-0.3772213880911619,0.22989287073879128,0.6214349288885528,0.3115845815169882,-0.1358905468143956,-0.4108709241717885,0.6520369117448501,0.2006973750762635
7430.064941,-0.3772213880911619,0.22989287073879128,0.6214349288885528,0.3115845815169882,-0.1358905468143956,-0.4108709241717885,0.6520369117448501,0.2006973750762635
7435.064941,-0.3772213880911619,0.22989287073879128,0.6214349288885528,0.3115845815169882,-0.1358905468143956,-0.4108709241717885,0.6520369117448501,0.2006973750762635
7440.064941,-0.4992121536327341,0.042011585493710736,0.40709068266735765,0.3197961318790293,-0.2984226723116678,-0.14031788294843786,0.6571854792734134,0.10873031609704382
7445.064941,-0.6212029191743063,-0.14586969975136982,0.19274643644616263,0.32800768224107035,-0.46095479780894005,0.13023515827491278,0.6623340468019767,0.016763257117824136
7450.064941,-0.7431936847158784,-0.33375098499645034,-0.02159780977503245,0.3362192326031114,-0.6234869233062122,0.40078819949826344,0.6674826143305401,-0.07520380186139555
7455.064941,-0.8651844502574505,-0.5216322702415309,-0.23594205599622753,0.34443078296515245,-0.7860190488034844,0.671341240721614,0.6726311818591034,-0.16717086084061522
7460.064941,-0.9871752157990228,-0.7095135554866114,-0.45028630221742266,0.3526423333271935,-0.9485511743007567,0.9418942819449647,0.6777797493876667,-0.2591379198198349
7465.064941,-0.9871752157990228,-0.7095135554866114,-0.45028630221742266,0.3526423333271935,-0.9485511743007567,0.9418942819449647,0.6777797493876667,-0.2591379198198349
7470.064941,-0.8748163762019179,-0.3916250355752342,-0.21353701808348888,0.34621155245999585,-0.761103163866336,0.9355335724281917,0.596642117825802,-0.21412331388874364
7475.064941,-0.7624575366048131,-0.07373651566385693,0.02321226605044484,0.3397807715927982,-0.5736551534319154,0.9291728629114185,0.5155044862639373,-0.16910870795765237
7480.064941,-0.6500986970077082,0.24415200424752026,0.25996155018437855,0.33334999072560045,-0.38620714299749476,0.9228121533946455,0.43436685470207265,-0.12409410202656108
7485.064941,-0.5377398574106034,0.5620405241588975,0.49671083431831226,0.3269192098584028,-0.19875913256307412,0.9164514438778724,0.353229223140208,-0.0790794960954698
7490.064941,-0.2074738738171849,0.5512319047991927,0.5770335902762425,0.1915254157331369,-0.008328557372505995,0.6257029187478567,0.17477735707612957,0.056407034381127506
7495.064941,0.010433270179128673,0.22253476552811052,0.4206070621002388,0.06256240247506865,-0.0053459926163585084,0.3413151031346139,0.07746312257391583,0.14687895892663355
7500.064941,0.22834041417544224,-0.10616237374297159,0.26418053392423535,-0.06640061078299957,-0.0023634278602110204,0.056927287521371196,-0.019851111928297895,0.23735088347213956
7505.064941,0.4462475581717558,-0.4348595130140537,0.1077540057482318,-0.1953636240410678,0.0006191368959364673,-0.2274605280918715,-0.11716534643051162,0.32782280801764563
7510.064941,0.6641547021680694,-0.7635566522851358,-0.04867252242777176,-0.324326637299136,0.003601701652083955,-0.5118483437051142,-0.21447958093272534,0.4182947325631517
7515.064941,0.6641547021680694,-0.7635566522851358,-0.04867252242777176,-0.324326637299136,0.003601701652083955,-0.5118483437051142,-0.21447958093272534,0.4182947325631517
7520.064941,0.5617691130440874,-0.7703366375655951,0.13996454673132286,-0.11643775448773633,0.19503215167382,-0.39022683988660783,-0.18862895245249994,0.3806363403445843
7525.064941,0.4593835239201054,-0.7771166228460544,0.3286016158904175,0.09145112832366338,0.386462601695556,-0.26860533606810144,-0.16277832397227457,0.342977948126017
7530.064941,0.3569979347961234,-0.7838966081265136,0.5172386850495121,0.2993400111350631,0.577893051717292,-0.14698383224959502,-0.13692769549204917,0.30531955590744964
7535.064941,0.2546123456721414,-0.7906765934069728,0.7058757542086067,0.5072288939464628,0.7693235017390281,-0.02536232843108861,-0.11107706701182378,0.2676611636888823
7540.064941,0.15222675654815943,-0.7974565786874321,0.8945128233677014,0.7151177767578625,0.9607539517607642,0.0962591753874178,-0.08522643853159839,0.230002771470315
7545.064941,0.15222675654815943,-0.7974565786874321,0.8945128233677014,0.7151177767578625,0.9607539517607642,0.0962591753874178,-0.08522643853159839,0.230002771470315
7550.064941,0.15222675654815943,-0.7974565786874321,0.8945128233677014,0.7151177767578625,0.9607539517607642,0.0962591753874178,-0.08522643853159839,0.230002771470315
7555.064941,0.15222675654815943,-0.7974565786874321,0.8945128233677014,0.7151177767578625,0.9607539517607642,0.0962591753874178,-0.08522643853159839,0.230002771470315
7560.064941,0.19720467840651548,-0.6129399894674341,0.6888830043469288,0.38631761018429706,0.8697356343316862,0.00200734313697577,-0.1674191054264503,0.0010962691690366456
7565.064941,0.24218260026487154,-0.4284234002474362,0.4832531853261563,0.05751744361073161,0.7787173169026081,-0.09224448911346625,-0.24961177232130222,-0.22781023313224172
7570.064941,0.28716052212322757,-0.2439068110274382,0.2776233663053838,-0.27128272296283373,0.6876989994735301,-0.18649632136390829,-0.33180443921615416,-0.4567167354335201
7575.064941,0.33213844398158365,-0.059390221807440205,0.0719935472846113,-0.6000828895363991,0.596680682044452,-0.2807481536143503,-0.41399710611100604,-0.6856232377347984
7580.064941,0.3771163658399397,0.12512636741255778,-0.13363627173616122,-0.9288830561099646,0.505662364615374,-0.37499998586479233,-0.4961897730058579,-0.9145297400360768
7585.064941,0.3771163658399397,0.12512636741255778,-0.13363627173616122,-0.9288830561099646,0.505662364615374,-0.37499998586479233,-0.4961897730058579,-0.9145297400360768
7590.064941,0.3771163658399397,0.12512636741255778,-0.13363627173616122,-0.9288830561099646,0.505662364615374,-0.37499998586479233,-0.4961897730058579,-0.9145297400360768
7595.064941,0.3771163658399397,0.12512636741255778,-0.13363627173616122,-0.9288830561099646,0.505662364615374,-0.37499998586479233,-0.4961897730058579,-0.9145297400360768
7600.064941,0.3771163658399397,0.12512636741255778,-0.13363627173616122,-0.9288830561099646,0.505662364615374,-0.37499998586479233,-0.4961897730058579,-0.9145297400360768
7605.064941,0.19738135150461006,-0.09158056639145626,-0.1346636398318915,-0.6008368581712775,0.2887436495435106,-0.4211010795129336,-0.44510437705679173,-0.6939769383961737
7610.064941,0.017646337169280456,-0.3082875001954703,-0.13569100792762176,-0.2727906602325906,0.07182493447164724,-0.4672021731610748,-0.3940189811077254,-0.47342413675627065
7615.064941,-0.16208867716604916,-0.5249944339994844,-0.13671837602335205,0.05525553770609646,-0.1450937806002161,-0.513303266809216,-0.3429335851586591,-0.25287133511636745
7620.064941,-0.34182369150137876,-0.7417013678034984,-0.1377457441190823,0.3833017356447835,-0.3620124956720795,-0.5594043604573573,-0.2918481892095928,-0.032318533476464316
7625.064941,-0.5215587058367084,-0.9584083016075124,-0.1387731122148126,0.7113479335834705,-0.5789312107439428,-0.6055054541054985,-0.24076279326052652,0.1882342681634388
7630.064941,-0.5215587058367084,-0.9584083016075124,-0.1387731122148126,0.7113479335834705,-0.5789312107439428,-0.6055054541054985,-0.24076279326052652,0.1882342681634388
7635.064941,-0.5215587058367084,-0.9584083016075124,-0.1387731122148126,0.7113479335834705,-0.5789312107439428,-0.6055054541054985,-0.24076279326052652,0.1882342681634388
7640.064941,-0.5215587058367084,-0.9584083016075124,-0.1387731122148126,0.7113479335834705,-0.5789312107439428,-0.6055054541054985,-0.24076279326052652,0.1882342681634388
7645.064941,-0.5215587058367084,-0.9584083016075124,-0.1387731122148126,0.7113479335834705,-0.5789312107439428,-0.6055054541054985,-0.24076279326052652,0.1882342681634388
7650.064941,-0.23049722574279544,-0.8339388001434201,-0.15216518810923346,0.4606781258711937,-0.2861746808686161,-0.4845781551586823,-0.23929374417948052,-0.04824985466413181
7655.064941,0.06056425435111752,-0.7094692986793278,-0.1655572640036543,0.21000831815891682,0.0065818490067106605,-0.3636508562118661,-0.23782469509843449,-0.28473397749170243
7660.064941,0.3516257344450305,-0.5849997972152355,-0.17894933989807518,-0.04066148955336,0.2993383788820374,-0.2427235572650499,-0.23635564601738848,-0.5212181003192731
7665.064941,0.6426872145389435,-0.4605302957511432,-0.19234141579249603,-0.29133129726563683,0.5920949087573641,-0.12179625831823371,-0.23488659693634245,-0.7577022231468437
7670.064941,0.9337486946328564,-0.3360607942870508,-0.2057334916869169,-0.5420011049779137,0.8848514386326908,-0.0008689593714175103,-0.23341754785529645,-0.9941863459744142
7675.064941,0.9337486946328564,-0.3360607942870508,-0.2057334916869169,-0.5420011049779137,0.8848514386326908,-0.0008689593714175103,-0.23341754785529645,-0.9941863459744142
7680.064941,0.9337486946328564,-0.3360607942870508,-0.2057334916869169,-0.5420011049779137,0.8848514386326908,-0.0008689593714175103,-0.23341754785529645,-0.9941863459744142
7685.064941,0.7327686935488391,-0.29644684913976005,6.968705999925718e-5,-0.6324647850068169,0.6793432212503434,-0.12136217420827022,-0.12444921625019986,-0.8268538653586189
7690.064941,0.5317886924648217,-0.2568329039924693,0.2058728658069154,-0.7229284650357203,0.47383500386799593,-0.24185538904512294,-0.015480884645103287,-0.6595213847428235
7695.064941,0.3308086913808045,-0.2172189588451785,0.41167604455383155,-0.8133921450646234,0.26832678648564845,-0.36234860388197565,0.0934874469599933,-0.4921889041270283
7700.064941,0.12982869029678717,-0.17760501369788773,0.6174792233007478,-0.9038558250935267,0.06281856910330097,-0.48284181871882836,0.20245577856508987,-0.3248564235112331
7705.064941,0.031922599574725166,0.02421428463674009,0.790779107953465,-0.7263958519507041,-0.2292810601949838,-0.4806681767286321,0.3575920574128387,-0.14714687762129727
7710.064941,0.13499650993668047,0.18641963782407714,0.758275813859266,-0.45847219877897827,-0.31587247211092107,-0.358001319901583,0.40376000465549106,-0.13676981234715674
7715.064941,0.23807042029863576,0.3486249910114142,0.7257725197650671,-0.19054854560725235,-0.4024638840268583,-0.23533446307453398,0.44992795189814333,-0.12639274707301623
7720.064941,0.3411443306605911,0.5108303441987513,0.6932692256708681,0.07737510756447356,-0.4890552959427955,-0.11266760624748495,0.49609589914079566,-0.1160156817988757
7725.064941,0.4442182410225463,0.6730356973860883,0.6607659315766692,0.3452987607361995,-0.5756467078587328,0.009999250579564078,0.5422638463834479,-0.10563861652473516
7730.064941,0.4442182410225463,0.6730356973860883,0.6607659315766692,0.3452987607361995,-0.5756467078587328,0.009999250579564078,0.5422638463834479,-0.10563861652473516
7735.064941,0.4442182410225463,0.6730356973860883,0.6607659315766692,0.3452987607361995,-0.5756467078587328,0.009999250579564078,0.5422638463834479,-0.10563861652473516
7740.064941,0.4442182410225463,0.6730356973860883,0.6607659315766692,0.3452987607361995,-0.5756467078587328,0.009999250579564078,0.5422638463834479,-0.10563861652473516
7745.064941,0.4442182410225463,0.6730356973860883,0.6607659315766692,0.3452987607361995,-0.5756467078587328,0.009999250579564078,0.5422638463834479,-0.10563861652473516
7750.064941,0.21533361900407327,0.5091427054613742,0.38038842214006496,0.32767650396525166,-0.6373837965301223,-0.1377243977892065,0.5213591253627735,-0.2167993205463207
7755.064941,-0.013551003014399798,0.3452497135366602,0.10001091270346078,0.31005424719430386,-0.699120885201512,-0.2854480461579771,0.5004544043420991,-0.32796002456790624
7760.064941,-0.2424356250328729,0.18135672161194605,-0.18036659673314343,0.292431990423356,-0.7608579738729014,-0.4331716945267477,0.47954968332142445,-0.4391207285894918
7765.064941,-0.471320247051346,0.017463729687231977,-0.4607441061697476,0.2748097336524082,-0.822595062544291,-0.5808953428955183,0.45864496230074997,-0.5502814326110773
7770.064941,-0.7372745238082257,0.05542844519386114,-0.5138736415073426,0.2760677098051286,-0.7537728359782079,-0.41977208131850274,0.3848194041630922,-0.6364590395058055
7775.064941,-0.7743441785466322,0.2572861526252044,-0.2866256674083334,0.2949479427287968,-0.6232135207407351,-0.11092517137271658,0.33189856704610887,-0.6114759423789483
7780.064941,-0.8114138332850388,0.45914386005654767,-0.05937769330932419,0.31382817565246507,-0.49265420550326217,0.19792173857306955,0.2789777299291255,-0.586492845252091
7785.064941,-0.8484834880234452,0.6610015674878909,0.16787028078968502,0.33270840857613326,-0.3620948902657892,0.5067686485188557,0.2260568928121422,-0.5615097481252338
7790.064941,-0.8855531427618517,0.8628592749192341,0.39511825488869423,0.3515886414998015,-0.23153557502831634,0.8156155584646418,0.17313605569515889,-0.5365266509983766
7795.064941,-0.8855531427618517,0.8628592749192341,0.39511825488869423,0.3515886414998015,-0.23153557502831634,0.8156155584646418,0.17313605569515889,-0.5365266509983766
7800.064941,-0.656222164167434,0.5327509359558947,0.32439581005718443,0.2956274067114245,-0.12075936306622688,0.8438821732035506,0.1623856049146503,-0.42754741283414044
7805.064941,-0.42689118557301614,0.2026425969925553,0.25367336522567463,0.23966617192304746,-0.009983151104137411,0.8721487879424596,0.1516351541341417,-0.3185681746699042
7810.064941,-0.1975602069785983,-0.12746574197078403,0.18295092039416483,0.18370493713467045,0.10079306085795206,0.9004154026813687,0.14088470335363307,-0.20958893650566807
7815.064941,0.031770771615819496,-0.4575740809341234,0.11222847556265503,0.12774370234629343,0.2115692728200415,0.9286820174202776,0.13013425257312447,-0.10060969834143188
7820.064941,0.2611017502102373,-0.7876824198974628,0.04150603073114523,0.0717824675579164,0.322345484782131,0.9569486321591864,0.11938380179261587,0.008369539822804306
7825.064941,0.2611017502102373,-0.7876824198974628,0.04150603073114523,0.0717824675579164,0.322345484782131,0.9569486321591864,0.11938380179261587,0.008369539822804306
7830.064941,0.2611017502102373,-0.7876824198974628,0.04150603073114523,0.0717824675579164,0.322345484782131,0.9569486321591864,0.11938380179261587,0.008369539822804306
7835.064941,0.2611017502102373,-0.7876824198974628,0.04150603073114523,0.0717824675579164,0.322345484782131,0.9569486321591864,0.11938380179261587,0.008369539822804306
7840.064941,0.27996692864813333,-0.528631409109633,0.14427933226003037,0.23808538684175815,0.16171924892657522,0.6330689992114484,0.16062633051911734,-0.18876279764480303
7845.064941,0.2988321070860294,-0.2695803983218033,0.24705263378891554,0.40438830612559984,0.001093013071019433,0.3091893662637105,0.20186885924561881,-0.38589513511241036
7850.064941,0.31769728552392545,-0.010529387533973544,0.3498259353178007,0.5706912254094416,-0.15953322278453635,-0.014690266684027486,0.24311138797212029,-0.5830274725800176
7855.064941,0.33656246396182155,0.2485216232538562,0.45259923684668585,0.7369941446932835,-0.3201594586400921,-0.3385698996317655,0.28435391669862176,-0.780159810047625
7860.064941,0.3554276423997176,0.507572634041686,0.555372538375571,0.9032970639771252,-0.48078569449564784,-0.6624495325795035,0.3255964454251232,-0.9772921475152323
7865.064941,0.3554276423997176,0.507572634041686,0.555372538375571,0.9032970639771252,-0.48078569449564784,-0.6624495325795035,0.3255964454251232,-0.9772921475152323
7870.064941,0.2294879317496077,0.25008660520562037,0.38193377938426654,0.7104207342780483,-0.3800386684005535,-0.5453734889163615,0.2601473286015562,-0.9685233517377826
7875.064941,0.1035482210994978,-0.007399423630445235,0.20849502039296208,0.5175444045789714,-0.2792916423054591,-0.42829744525321944,0.19469821177798913,-0.9597545559603329
7880.064941,-0.022391489550612098,-0.26488545246651085,0.03505626140165763,0.3246680748798945,-0.1785446162103647,-0.31122140159007733,0.1292490949544221,-0.9509857601828833
7885.064941,-0.148331200200722,-0.5223714813025764,-0.13838249758964682,0.13179174518081763,-0.07779759011527028,-0.1941453579269353,0.06379997813085506,-0.9422169644054337
7890.064941,-0.2742709108508319,-0.779857510138642,-0.3118212565809513,-0.061084584518259266,0.02294943597982413,-0.07706931426379326,-0.0016491386927119933,-0.9334481686279841
7895.064941,-0.0797387769717898,-0.48564122531157866,-0.10258385605815454,-0.10805256751740884,-0.07191023759990997,-0.20429354005539951,0.10764086585319524,-0.759741480927105
7900.064941,0.1147933569072523,-0.1914249404845152,0.10665354446464219,-0.15502055051655841,-0.16676991117964407,-0.33151776584700576,0.21693087039910247,-0.5860347932262261
7905.064941,0.3093254907862944,0.10279134434254815,0.3158909449874389,-0.20198853351570797,-0.2616295847593782,-0.45874199163861207,0.3262208749450097,-0.41232810552534715
7910.064941,0.5038576246653366,0.3970076291696115,0.5251283455102357,-0.24895651651485756,-0.35648925833911227,-0.5859662174302184,0.43551087949091694,-0.23862141782446825
7915.064941,0.6983897585443786,0.6912239139966749,0.7343657460330324,-0.2959244995140071,-0.4513489319188464,-0.7131904432218246,0.5448008840368241,-0.06491473012358928
7920.064941,0.5500793205082907,0.7210496668160778,0.513273618016999,-0.10339440665543376,-0.4547508340640391,-0.525668273032484,0.3592534616922729,0.11038729957948759
7925.064941,0.4017688824722029,0.7508754196354808,0.29218149000096555,0.08913568620313961,-0.4581527362092319,-0.3381461028431433,0.17370603934772166,0.28568932928256446
7930.064941,0.2534584444361151,0.7807011724548836,0.07108936198493207,0.281665779061713,-0.46155463835442473,-0.15062393265380267,-0.011841382996829575,0.4609913589856413
7935.064941,-0.08312906245537541,0.5718781989304036,-0.04507879522667526,0.4307988444477271,-0.3419050893309964,-0.17283123983460538,-0.3076937701802862,0.4906574468833895
7940.064941,-0.41971656934686585,0.36305522540592366,-0.1612469524382826,0.5799319098337413,-0.22225554030756806,-0.19503854701540807,-0.6035461573637428,0.5203235347811378
7945.064941,-0.6079936382022686,0.12440649906204078,-0.056322981633856496,0.5365348823611822,-0.099204089138947,-0.40476802438555143,-0.7138511222026482,0.3746875929758092
7950.064941,-0.5563586773544877,0.024539709303400013,0.18939528413665024,0.26710718572219794,0.06449122371285818,-0.3963326031701753,-0.5548223802375352,0.18166067519330387
7955.064941,-0.5047237165067067,-0.07532708045524075,0.4351135499071569,-0.002320510916786267,0.22818653656466337,-0.3878971819547993,-0.3957936382724222,-0.01136624258920147
7960.064941,-0.26481168680352307,0.06345485613000137,0.5759078448732377,-0.22835118008321126,0.2688303982478475,-0.16973228336927976,-0.12645993146840376,-0.05875721856637819
7965.064941,-0.02489965710033948,0.20223679271524347,0.7167021398393182,-0.4543818492496362,0.3094742599310316,0.04843261521623967,0.14287377533561468,-0.10614819454355491
7970.064941,0.31797705062128057,0.24530922063936936,0.7046938546522201,-0.3532430805818074,0.4418080819762455,0.1865958741564254,0.2239624189653961,-0.2424591384384645
7975.064941,0.4209417286397171,0.1495997119782531,0.5518912744990413,-0.026073642747553638,0.5334980423382752,0.10659423451109169,0.03571735579115911,-0.3313791063561974
7980.064941,0.5239064066581536,0.053890203317136856,0.3990886943458627,0.30109579508670015,0.6251880027003051,0.02659259486575798,-0.1525277073830779,-0.42029907427393026
7985.064941,0.5410232442669061,-0.10103484250316001,0.28738125070959775,0.35794186398984823,0.6675863618852604,-0.037085381826329346,-0.3739520604728019,-0.5839922401238689
7990.064941,0.5581400818756587,-0.2559598883234569,0.17567380707333285,0.4147879328929963,0.7099847210702158,-0.10076335851841667,-0.5953764135625258,-0.7476854059738075
7995.064941,0.4722922414659748,-0.3151754254826375,0.21676894359024662,0.14446456396189059,0.6606931198931415,-0.08443969556517028,-0.6285557034780129,-0.8224586039060131
8000.064941,0.3864444010562909,-0.37439096264181815,0.25786408010716044,-0.12585880496921514,0.6114015187160671,-0.0681160326119239,-0.6617349933935,-0.8972318018382189
8005.064941,0.300596560646607,-0.4336064998009988,0.2989592166240742,-0.39618217390032084,0.5621099175389928,-0.051792369658677506,-0.694914283308987,-0.9720049997704248
8010.064941,0.300596560646607,-0.4336064998009988,0.2989592166240742,-0.39618217390032084,0.5621099175389928,-0.051792369658677506,-0.694914283308987,-0.9720049997704248
8015.064941,0.300596560646607,-0.4336064998009988,0.2989592166240742,-0.39618217390032084,0.5621099175389928,-0.051792369658677506,-0.694914283308987,-0.9720049997704248
8020.064941,0.14421567881580377,-0.4152579794291791,0.08880328907331085,-0.11741896353108591,0.40344140263608186,-0.004683150769897582,-0.3654000775803253,-0.9151437273733487
8025.064941,-0.01216520301499946,-0.3969094590573595,-0.1213526384774525,0.16134424683814902,0.2447728877331709,0.042426068118882346,-0.03588587185166361,-0.8582824549762726
8030.064941,-0.1685460848458027,-0.37856093868553986,-0.3315085660282159,0.4401074572073839,0.08610437283026,0.08953528700766226,0.29362833387699816,-0.8014211825791966
8035.064941,-0.3249269666766059,-0.36021241831372025,-0.5416644935789792,0.7188706675766189,-0.07256414207265091,0.1366445058964422,0.6231425396056599,-0.7445599101821203
8040.064941,-0.4813078485074092,-0.34186389794190064,-0.7518204211297426,0.9976338779458537,-0.23123265697556183,0.18375372478522212,0.9526567453343215,-0.6876986377850443
8045.064941,-0.4813078485074092,-0.34186389794190064,-0.7518204211297426,0.9976338779458537,-0.23123265697556183,0.18375372478522212,0.9526567453343215,-0.6876986377850443
8050.064941,-0.5224325142860046,-0.15716255833225218,-0.6164790966436573,0.6446659894121524,-0.10011001815101017,0.03507067755219917,0.8960123926285306,-0.37100878438260765
8055.064941,-0.5635571800646,0.027538781277396264,-0.48113777215757214,0.2916981008784511,0.03101262067354149,-0.11361236968082378,0.8393680399227396,-0.05431893098017104
8060.064941,-0.6046818458431954,0.21224012088704472,-0.3457964476714869,-0.061269787655250284,0.16213525949809315,-0.2622954169138467,0.7827236872169486,0.2623709224222655
8065.064941,-0.6458065116217908,0.39694146049669315,-0.21045512318540166,-0.41423767618895163,0.2932578983226448,-0.4109784641468696,0.7260793345111576,0.5790607758247021
8070.064941,-0.6869311774003861,0.5816428001063416,-0.07511379869931645,-0.767205564722653,0.4243805371471964,-0.5596615113798926,0.6694349818053666,0.8957506292271387
8075.064941,-0.6869311774003861,0.5816428001063416,-0.07511379869931645,-0.767205564722653,0.4243805371471964,-0.5596615113798926,0.6694349818053666,0.8957506292271387
8080.064941,-0.6869311774003861,0.5816428001063416,-0.07511379869931645,-0.767205564722653,0.4243805371471964,-0.5596615113798926,0.6694349818053666,0.8957506292271387
8085.064941,-0.6869311774003861,0.5816428001063416,-0.07511379869931645,-0.767205564722653,0.4243805371471964,-0.5596615113798926,0.6694349818053666,0.8957506292271387
8090.064941,-0.6869311774003861,0.5816428001063416,-0.07511379869931645,-0.767205564722653,0.4243805371471964,-0.5596615113798926,0.6694349818053666,0.8957506292271387
8095.064941,-0.611069126495087,0.3332852451762284,0.09315985729717036,-0.4746283876939069,0.43689333404299646,-0.4213628345597734,0.7333896544985403,0.8348673420200718
8100.064941,-0.5352070755897879,0.08492769024611517,0.26143351329365716,-0.18205121066516083,0.44940613093879644,-0.28306415773965427,0.7973443271917141,0.773984054813005
8105.064941,-0.45934502468448885,-0.16342986468399806,0.429707169290144,0.11052596636358518,0.46191892783459637,-0.14476548091953506,0.8612989998848878,0.7131007676059382
8110.064941,-0.3834829737791897,-0.41178741961411125,0.5979808252866308,0.4031031433923312,0.4744317247303963,-0.00646680409941589,0.9252536725780617,0.6522174803988714
8115.064941,-0.30762092287389065,-0.6601449745442245,0.7662544812831176,0.6956803204210773,0.4869445216261963,0.1318318727207033,0.9892083452712355,0.5913341931918046
8120.064941,-0.30762092287389065,-0.6601449745442245,0.7662544812831176,0.6956803204210773,0.4869445216261963,0.1318318727207033,0.9892083452712355,0.5913341931918046
8125.064941,-0.24570946636152852,-0.6387662237925008,0.7442153271920764,0.4228042689889072,0.46489883033861557,0.2592990674007737,0.9748309917553835,0.46516336471212316
8130.064941,-0.18379800984916636,-0.6173874730407771,0.7221761731010353,0.14992821755673721,0.4428531390510348,0.38676626208084414,0.9604536382395314,0.33899253623244163
8135.064941,-0.12188655333680423,-0.5960087222890534,0.7001370190099943,-0.12294783387543276,0.4208074477634541,0.5142334567609146,0.9460762847236793,0.2128217077527602
8140.064941,-0.05997509682444209,-0.5746299715373298,0.6780978649189532,-0.39582388530760276,0.3987617564758733,0.641700651440985,0.9316989312078274,0.08665087927307873
8145.064941,0.0019363596879200529,-0.553251220785606,0.6560587108279121,-0.6686999367397728,0.3767160651882926,0.7691678461210554,0.9173215776919752,-0.039519949206602734
8150.064941,0.0019363596879200529,-0.553251220785606,0.6560587108279121,-0.6686999367397728,0.3767160651882926,0.7691678461210554,0.9173215776919752,-0.039519949206602734
8155.064941,0.0019363596879200529,-0.553251220785606,0.6560587108279121,-0.6686999367397728,0.3767160651882926,0.7691678461210554,0.9173215776919752,-0.039519949206602734
8160.064941,0.0019363596879200529,-0.553251220785606,0.6560587108279121,-0.6686999367397728,0.3767160651882926,0.7691678461210554,0.9173215776919752,-0.039519949206602734
8165.064941,0.039658022001944106,-0.2505084185266809,0.39677397763476446,-0.39616858760481805,0.3242401573305921,0.7675988262635819,0.8661359227243534,0.036818975454235
8170.064941,0.07737968431596816,0.052234383732244226,0.13748924444161684,-0.12363723846986323,0.2717642494728915,0.7660298064061084,0.8149502677567314,0.11315790011507273
8175.064941,0.1151013466299922,0.35497718599116934,-0.12179548875153082,0.14889411066509148,0.219288341615191,0.764460786548635,0.7637646127891096,0.18949682477591048
8180.064941,0.15282300894401626,0.6577199882500944,-0.38108022194467844,0.4214254598000462,0.16681243375749047,0.7628917666911617,0.7125789578214878,0.2658357494367482
8185.064941,0.1905446712580403,0.9604627905090195,-0.6403649551378261,0.693956808935001,0.11433652589978993,0.7613227468336883,0.6613933028538659,0.34217467409758595
8190.064941,0.1905446712580403,0.9604627905090195,-0.6403649551378261,0.693956808935001,0.11433652589978993,0.7613227468336883,0.6613933028538659,0.34217467409758595
8195.06543,0.1905446712580403,0.9604627905090195,-0.6403649551378261,0.693956808935001,0.11433652589978993,0.7613227468336883,0.6613933028538659,0.34217467409758595
8200.070312,0.1905446712580403,0.9604627905090195,-0.6403649551378261,0.693956808935001,0.11433652589978993,0.7613227468336883,0.6613933028538659,0.34217467409758595
8205.075195,0.1905446712580403,0.9604627905090195,-0.6403649551378261,0.693956808935001,0.11433652589978993,0.7613227468336883,0.6613933028538659,0.34217467409758595
8210.080078,0.23235209300270357,0.714072883269905,-0.5224288131134319,0.523188735713892,0.23971583017575063,0.4357631404448318,0.6834198580286908,0.3016088275729284
8215.084961,0.27415951474736683,0.4676829760307905,-0.40449267108903764,0.3524206624927831,0.3650951344517113,0.11020353405597545,0.7054464132035155,0.2610429810482708
8220.084961,0.31596693649203006,0.2212930687916761,-0.28655652906464335,0.18165258927167405,0.490474438727672,-0.21535607233288104,0.7274729683783404,0.22047713452361323
8225.084961,0.35777435823669335,-0.025096838447438374,-0.16862038704024912,0.010884516050565063,0.6158537430036326,-0.5409156787217375,0.7494995235531654,0.17991128799895564
8230.084961,0.3995817799813566,-0.27148674568655284,-0.05068424501585489,-0.15988355717054392,0.7412330472795934,-0.8664752851105939,0.7715260787279903,0.13934544147429806
8235.084961,0.3995817799813566,-0.27148674568655284,-0.05068424501585489,-0.15988355717054392,0.7412330472795934,-0.8664752851105939,0.7715260787279903,0.13934544147429806
8240.084961,0.3457952819955515,-0.29575076841693126,8.65186862990086e-5,-0.11018168451954988,0.6460631568954806,-0.4973757379542846,0.8117100537424303,-0.06714220003581368
8245.084961,0.2920087840097464,-0.32001479114730963,0.050857282388452905,-0.06047981186855585,0.5508932665113677,-0.12827619079797525,0.8518940287568704,-0.2736298415459254
8250.084961,0.23822228602394127,-0.34427881387768805,0.1016280460906068,-0.010777939217561806,0.45572337612725483,0.24082335635833402,0.8920780037713104,-0.4801174830560372
8255.084961,0.18443578803813615,-0.3685428366080664,0.15239880979276071,0.038923933433432235,0.36055348574314194,0.6099229035146433,0.9322619787857503,-0.6866051245661489
8260.084961,0.13064929005233106,-0.39280685933844484,0.2031695734949146,0.08862580608442627,0.2653835953590291,0.9790224506709526,0.9724459538001904,-0.8930927660762606
8265.084961,0.13064929005233106,-0.39280685933844484,0.2031695734949146,0.08862580608442627,0.2653835953590291,0.9790224506709526,0.9724459538001904,-0.8930927660762606
8270.084961,0.13064929005233106,-0.39280685933844484,0.2031695734949146,0.08862580608442627,0.2653835953590291,0.9790224506709526,0.9724459538001904,-0.8930927660762606
8275.084961,0.13064929005233106,-0.39280685933844484,0.2031695734949146,0.08862580608442627,0.2653835953590291,0.9790224506709526,0.9724459538001904,-0.8930927660762606
8280.084961,0.13064929005233106,-0.39280685933844484,0.2031695734949146,0.08862580608442627,0.2653835953590291,0.9790224506709526,0.9724459538001904,-0.8930927660762606
8285.084961,0.13064929005233106,-0.39280685933844484,0.2031695734949146,0.08862580608442627,0.2653835953590291,0.9790224506709526,0.9724459538001904,-0.8930927660762606
8290.084961,-0.047320710351752206,-0.22552994567746826,0.12293331801180588,-0.04242794222982056,0.0898289131876799,0.9244396453792995,0.6722615792707524,-0.6250524703845993
8295.084961,-0.22529071075583545,-0.05825303201649166,0.042697062528697136,-0.1734816905440674,-0.08572576898366932,0.8698568400876461,0.37207720474131445,-0.3570121746929381
8300.084961,-0.40326071115991874,0.10902388164448493,-0.03753919295441159,-0.30453543885831424,-0.2612804511550185,0.8152740347959927,0.07189283021187651,-0.08897187900127687
8305.084961,-0.581230711564002,0.27630079530546153,-0.11777544843752033,-0.43558918717256107,-0.43683513332636775,0.7606912295043395,-0.22829154431756143,0.17906841669038437
8310.084961,-0.7592007119680853,0.44357770896643806,-0.19801170392062906,-0.5666429354868079,-0.612389815497717,0.7061084242126863,-0.5284759188469994,0.4471087123820457
8315.084961,-0.7592007119680853,0.44357770896643806,-0.19801170392062906,-0.5666429354868079,-0.612389815497717,0.7061084242126863,-0.5284759188469994,0.4471087123820457
8320.084961,-0.7592007119680853,0.44357770896643806,-0.19801170392062906,-0.5666429354868079,-0.612389815497717,0.7061084242126863,-0.5284759188469994,0.4471087123820457
8325.084961,-0.7592007119680853,0.44357770896643806,-0.19801170392062906,-0.5666429354868079,-0.612389815497717,0.7061084242126863,-0.5284759188469994,0.4471087123820457
8330.084961,-0.537895765540105,0.3503116353041407,-0.0032857993010712238,-0.39101840439731017,-0.3434426305073469,0.7597493607346,-0.4929603144106139,0.5227458261501547
8335.084961,-0.31659081911212467,0.25704556164184333,0.1914401053184866,-0.21539387330781246,-0.0744954455169768,0.8133902972565137,-0.4574447099742285,0.5983829399182639
8340.084961,-0.09528587268414439,0.16377948797954592,0.38616600993804445,-0.03976934221831474,0.19445173947339328,0.8670312337784273,-0.4219291055378429,0.6740200536863731
8345.084961,0.06035436641716494,0.14978344769069313,0.41068742780452594,0.1575301796157081,0.15527817717309694,0.7762529543177148,-0.15196965109759616,0.5836442912908415
8350.084961,0.21599460551847427,0.13578740740184037,0.43520884567100726,0.3548297014497309,0.11610461487280058,0.6854746748570024,0.1179898033426506,0.4932685288953099
8355.084961,0.1503298981918033,0.215057440775285,0.2650043589179308,0.376504692194256,-0.1920161324178659,0.5410554588743761,0.3524336533465119,0.327255652731669
8360.084961,0.08466519086513236,0.2943274741487296,0.09479987216485433,0.3981796829387811,-0.5001368797085324,0.3966362428917499,0.5868775033503731,0.1612427765680282
8365.084961,0.0190004835384614,0.37359750752217424,-0.07540461458822212,0.41985467368330626,-0.8082576269991988,0.25221702690912373,0.8213213533542344,-0.004770099595612587
8370.084961,0.0190004835384614,0.37359750752217424,-0.07540461458822212,0.41985467368330626,-0.8082576269991988,0.25221702690912373,0.8213213533542344,-0.004770099595612587
8375.084961,0.0190004835384614,0.37359750752217424,-0.07540461458822212,0.41985467368330626,-0.8082576269991988,0.25221702690912373,0.8213213533542344,-0.004770099595612587
8380.084961,0.0190004835384614,0.37359750752217424,-0.07540461458822212,0.41985467368330626,-0.8082576269991988,0.25221702690912373,0.8213213533542344,-0.004770099595612587
8385.084961,0.0190004835384614,0.37359750752217424,-0.07540461458822212,0.41985467368330626,-0.8082576269991988,0.25221702690912373,0.8213213533542344,-0.004770099595612587
8390.084961,0.0190004835384614,0.37359750752217424,-0.07540461458822212,0.41985467368330626,-0.8082576269991988,0.25221702690912373,0.8213213533542344,-0.004770099595612587
8395.084961,0.02081614205385396,0.10420263945321766,-0.011162781618166973,0.3477537037908128,-0.7796952702598763,0.23597508619352764,0.5881632498932096,-0.1218227404658883
8400.084961,0.02263180056924652,-0.16519222861573893,0.053079051351888173,0.27565273389831935,-0.7511329135205538,0.21973314547793157,0.3550051464321847,-0.238875381336164
8405.084961,0.024447459084639078,-0.43458709668469553,0.11732088432194332,0.2035517640058259,-0.7225705567812312,0.20349120476233548,0.12184704297115974,-0.3559280222064397
8410.084961,0.026263117600031638,-0.703981964753652,0.18156271729199847,0.13145079411333244,-0.6940082000419086,0.18724926404673942,-0.1113110604898652,-0.4729806630767154
8415.084961,0.17298920271691975,-0.6254921460750749,0.12503766224156143,-0.13794243661826236,-0.4454762892703135,0.3162562947907768,-0.31646453730215873,-0.5395514910661039
8420.084961,0.3178996293184153,-0.277607459327541,0.004270774221069251,-0.33523469745736373,-0.22550673523804096,0.46150526625041033,-0.2884599106534274,-0.4890696781852165
8425.084961,0.4628100559199108,0.07027722741999276,-0.11649611379942293,-0.5325269582964651,-0.005537181205768427,0.6067542377100438,-0.26045528400469603,-0.4385878653043294
8430.084961,0.6077204825214064,0.41816191416752657,-0.2372630018199151,-0.7298192191355664,0.21443237282650413,0.7520032091696773,-0.23245065735596468,-0.3881060524234421
8435.084961,0.752630909122902,0.7660466009150604,-0.3580298898404073,-0.9271114799746678,0.43440192685877665,0.8972521806293108,-0.20444603070723333,-0.3376242395425548
8440.084961,0.752630909122902,0.7660466009150604,-0.3580298898404073,-0.9271114799746678,0.43440192685877665,0.8972521806293108,-0.20444603070723333,-0.3376242395425548
8445.084961,0.752630909122902,0.7660466009150604,-0.3580298898404073,-0.9271114799746678,0.43440192685877665,0.8972521806293108,-0.20444603070723333,-0.3376242395425548
8450.084961,0.752630909122902,0.7660466009150604,-0.3580298898404073,-0.9271114799746678,0.43440192685877665,0.8972521806293108,-0.20444603070723333,-0.3376242395425548
8455.084961,0.5352240142428857,0.5842289939357304,-0.11882641205700825,-0.7096691162333435,0.2353681427530283,0.8810081444316296,-0.14479572860883536,-0.29119056873659
8460.084961,0.3178171193628693,0.40241138695640044,0.12037706572639077,-0.49222675249201925,0.03633435864727996,0.8647641082339484,-0.0851454265104374,-0.2447568979306251
8465.084961,0.10041022448285308,0.22059377997707058,0.3595805435097898,-0.274784388750695,-0.16269942545846838,0.8485200720362673,-0.025495124412039428,-0.19832322712466027
8470.084961,-0.11699667039716322,0.03877617299774063,0.598784021293189,-0.05734202500937076,-0.36173320956421673,0.832276035838586,0.03415517768635854,-0.1518895563186954
8475.084961,-0.3344035652771795,-0.1430414339815893,0.8379874990765879,0.1601003387319535,-0.5607669936699651,0.8160319996409049,0.09380547978475651,-0.10545588551273055
8480.084961,-0.3344035652771795,-0.1430414339815893,0.8379874990765879,0.1601003387319535,-0.5607669936699651,0.8160319996409049,0.09380547978475651,-0.10545588551273055
8485.084961,-0.3344035652771795,-0.1430414339815893,0.8379874990765879,0.1601003387319535,-0.5607669936699651,0.8160319996409049,0.09380547978475651,-0.10545588551273055
8490.084961,-0.3344035652771795,-0.1430414339815893,0.8379874990765879,0.1601003387319535,-0.5607669936699651,0.8160319996409049,0.09380547978475651,-0.10545588551273055
8495.084961,-0.4106651646125476,-0.2315378688488999,0.48093188214494464,0.3048707881091768,-0.37779980859112383,0.8112024290790455,0.00865574727482481,0.03718967479094522
8500.084961,-0.4869267639479157,-0.3200343037162105,0.12387626521330128,0.44964123748640006,-0.1948326235122826,0.8063728585171861,-0.07649398523510689,0.179835235094621
8505.084961,-0.5631883632832837,-0.4085307385835211,-0.23317935171834195,0.5944116868636233,-0.011865438433441344,0.8015432879553266,-0.16164371774503858,0.32248079539829677
8510.084961,-0.6394499626186517,-0.49702717345083175,-0.5902349686499851,0.7391821362408466,0.1711017466453999,0.7967137173934672,-0.2467934502549703,0.46512635570197247
8515.084961,-0.7157115619540197,-0.5855236083181423,-0.9472905855816285,0.88395258561807,0.35406893172424114,0.7918841468316078,-0.331943182764902,0.6077719160056483
8520.084961,-0.7157115619540197,-0.5855236083181423,-0.9472905855816285,0.88395258561807,0.35406893172424114,0.7918841468316078,-0.331943182764902,0.6077719160056483
8525.084961,-0.7260135294084747,-0.28042081761913834,-0.5990823738088031,0.5999782298366194,0.4382259426291399,0.7030676970238885,-0.43434878234064483,0.6016366121959033
8530.084961,-0.7363154968629297,0.02468197307986566,-0.25087416203597784,0.316003874055169,0.5223829535340386,0.6142512472161691,-0.5367543819163878,0.5955013083861582
8535.084961,-0.7466174643173848,0.32978476377886967,0.09733404973684756,0.03202951827371847,0.6065399644389374,0.5254347974084498,-0.6391599814921307,0.5893660045764133
8540.084961,-0.7569194317718398,0.6348875544778736,0.44554226150967297,-0.251944837507732,0.6906969753438361,0.4366183476007304,-0.7415655810678736,0.5832307007666683
8545.084961,-0.7672213992262948,0.9399903451768775,0.7937504732824983,-0.5359191932891825,0.7748539862487349,0.34780189779301107,-0.8439711806436165,0.5770953969569232
8550.084961,-0.7672213992262948,0.9399903451768775,0.7937504732824983,-0.5359191932891825,0.7748539862487349,0.34780189779301107,-0.8439711806436165,0.5770953969569232
8555.084961,-0.7672213992262948,0.9399903451768775,0.7937504732824983,-0.5359191932891825,0.7748539862487349,0.34780189779301107,-0.8439711806436165,0.5770953969569232
8560.084961,-0.48283803037581363,0.715243362736073,0.45784872034685054,-0.6018677560182203,0.5502492859272852,0.43877891951261916,-0.4911713414325526,0.5855330945995341
8565.084961,-0.19845466152533248,0.4904963802952683,0.12194696741120267,-0.6678163187472581,0.3256445856058353,0.5297559412322272,-0.13837150222148864,0.5939707922421448
8570.084961,0.08592870732514872,0.2657493978544637,-0.2139547855244451,-0.7337648814762959,0.10103988528438554,0.6207329629518352,0.21442833698957536,0.6024084898847556
8575.084961,0.3703120761756299,0.04100241541365905,-0.5498565384600929,-0.7997134442053337,-0.12356481503706425,0.7117099846714433,0.5672281762006394,0.6108461875273663
8580.084961,0.6546954450261111,-0.1837445670271456,-0.8857582913957407,-0.8656620069343715,-0.34816951535851404,0.8026870063910515,0.9200280154117033,0.6192838851699771
8585.084961,0.6002858794599508,-0.14227096512175788,-0.8669084021685954,-0.6082482029158381,-0.1880457364620134,0.5008820050113861,0.7467598431732239,0.6801846076366779
8590.084961,0.5458763138937904,-0.10079736321637016,-0.8480585129414502,-0.3508343988973048,-0.027921957565512745,0.19907700363172093,0.5734916709347443,0.7410853301033786
8595.084961,0.49146674832763015,-0.05932376131098245,-0.8292086237143049,-0.09342059487877159,0.1322018213309879,-0.10272799774794432,0.400223498696265,0.8019860525700795
8600.084961,0.4370571827614699,-0.017850159405594736,-0.8103587344871596,0.1639932091397617,0.29232560022748855,-0.40453299912760954,0.2269553264577855,0.8628867750367801
8605.084961,0.11431498176526142,-0.02274945082920272,-0.7079510008560967,0.330848965513141,0.477168164918745,-0.41747081849081136,0.19210668696954367,0.9263432337787648
8610.084961,-0.15401765366478665,-0.06912234415819843,-0.6243931564521793,0.24029091786798706,0.5018869507135009,-0.12860363647434792,0.3305262197197813,0.9288989700540491
8615.084961,-0.4223502890948347,-0.11549523748719412,-0.540835312048262,0.1497328702228331,0.5266057365082567,0.16026354554211553,0.468945752470019,0.9314547063293332
8620.084961,-0.6569878956803292,0.018785966743358484,-0.3260002703023246,-0.06608590836520926,0.5506720902654624,0.11866009676105058,0.6547231599682917,0.8193856115168506
8625.084961,-0.8916255022658237,0.1530671709739111,-0.11116522855638729,-0.28190468695325166,0.5747384440226682,0.07705664797998564,0.8405005674665645,0.707316516704368
8630.084961,-0.8579304734212704,0.3337212685334594,0.02011196878563255,-0.4071654178961401,0.5740860119851181,-0.25341398281754274,0.8878584422145996,0.5926916856166013
8635.084961,-0.8242354445767168,0.5143753660930077,0.15138916612765238,-0.5324261488390285,0.573433579947568,-0.5838846136150712,0.9352163169626347,0.47806685452883446
8640.084961,-0.7905404157321632,0.695029463652556,0.2826663634696722,-0.6576868797819169,0.572781147910018,-0.9143552444125994,0.9825741917106698,0.3634420234410676
8645.084961,-0.7905404157321632,0.695029463652556,0.2826663634696722,-0.6576868797819169,0.572781147910018,-0.9143552444125994,0.9825741917106698,0.3634420234410676
8650.084961,-0.7905404157321632,0.695029463652556,0.2826663634696722,-0.6576868797819169,0.572781147910018,-0.9143552444125994,0.9825741917106698,0.3634420234410676
8655.084961,-0.7905404157321632,0.695029463652556,0.2826663634696722,-0.6576868797819169,0.572781147910018,-0.9143552444125994,0.9825741917106698,0.3634420234410676
8660.084961,-0.7905404157321632,0.695029463652556,0.2826663634696722,-0.6576868797819169,0.572781147910018,-0.9143552444125994,0.9825741917106698,0.3634420234410676
8665.084961,-0.7051611435349211,0.439387001014961,0.17306212918992897,-0.3428874582425054,0.571462994868738,-0.8016373840916582,0.9051721576630355,0.41872332030944204
8670.084961,-0.619781871337679,0.18374453837736587,0.06345789491018575,-0.02808803670309392,0.570144841827458,-0.6889195237707169,0.827770123615401,0.4740046171778166
8675.084961,-0.5344025991404371,-0.07189792426022912,-0.0461463393695575,0.28671138483631753,0.5688266887861779,-0.5762016634497756,0.7503680895677668,0.5292859140461911
8680.084961,-0.449023326943195,-0.32754038689782417,-0.15575057364930073,0.6015108063757291,0.5675085357448979,-0.4634838031288342,0.6729660555201324,0.5845672109145656
8685.084961,-0.36364405474595296,-0.5831828495354192,-0.265354807929044,0.9163102279151405,0.5661903827036179,-0.35076594280789286,0.5955640214724982,0.6398485077829401
8690.084961,-0.36364405474595296,-0.5831828495354192,-0.265354807929044,0.9163102279151405,0.5661903827036179,-0.35076594280789286,0.5955640214724982,0.6398485077829401
8695.084961,-0.36364405474595296,-0.5831828495354192,-0.265354807929044,0.9163102279151405,0.5661903827036179,-0.35076594280789286,0.5955640214724982,0.6398485077829401
8700.084961,-0.36364405474595296,-0.5831828495354192,-0.265354807929044,0.9163102279151405,0.5661903827036179,-0.35076594280789286,0.5955640214724982,0.6398485077829401
8705.084961,-0.36364405474595296,-0.5831828495354192,-0.265354807929044,0.9163102279151405,0.5661903827036179,-0.35076594280789286,0.5955640214724982,0.6398485077829401
8710.084961,-0.26639414062070266,-0.443243450356211,-0.3923936278741738,0.6987193608984221,0.46179946618795914,-0.37620690694252656,0.2773611396891572,0.38074704014222355
8715.084961,-0.16914422649545235,-0.3033040511770029,-0.5194324478193036,0.4811284938817037,0.3574085496723004,-0.40164787107716027,-0.040841742094183744,0.12164557250150695
8720.084961,-0.07189431237020205,-0.1633646519977947,-0.6464712677644334,0.2635376268649851,0.2530176331566417,-0.42708883521179397,-0.3590446238775247,-0.1374558951392096
8725.084961,0.0007219249718892762,-0.005715484413817995,-0.6082204665646287,0.09483386659550805,0.20174858586293784,-0.4472548377232132,-0.6162522955731534,-0.10719537785560043
8730.084961,0.0733381623139806,0.1519336831701587,-0.5699696653648239,-0.07386989367396901,0.150479538569234,-0.46742084023463254,-0.8734599672687822,-0.07693486057199124
8735.084961,0.04870448553082163,0.16964345157492727,-0.40468004421988935,-0.024982786926727618,0.20360140779118888,-0.4621458786114182,-0.8124647571810698,0.21242712435233452
8740.084961,0.024070808747662653,0.1873532199796958,-0.23939042307495478,0.023904319820513775,0.25672327701314374,-0.4568709169882039,-0.7514695470933574,0.5017891092766603
8745.084961,-0.0005628680354963222,0.20506298838446435,-0.07410080193002022,0.07279142656775517,0.3098451462350986,-0.45159595536498953,-0.6904743370056452,0.7911510942009861
8750.084961,-0.0005628680354963222,0.20506298838446435,-0.07410080193002022,0.07279142656775517,0.3098451462350986,-0.45159595536498953,-0.6904743370056452,0.7911510942009861
8755.084961,-0.0005628680354963222,0.20506298838446435,-0.07410080193002022,0.07279142656775517,0.3098451462350986,-0.45159595536498953,-0.6904743370056452,0.7911510942009861
8760.084961,-0.0005628680354963222,0.20506298838446435,-0.07410080193002022,0.07279142656775517,0.3098451462350986,-0.45159595536498953,-0.6904743370056452,0.7911510942009861
8765.084961,-0.0005628680354963222,0.20506298838446435,-0.07410080193002022,0.07279142656775517,0.3098451462350986,-0.45159595536498953,-0.6904743370056452,0.7911510942009861
8770.084961,-0.0005628680354963222,0.20506298838446435,-0.07410080193002022,0.07279142656775517,0.3098451462350986,-0.45159595536498953,-0.6904743370056452,0.7911510942009861
8775.084961,-0.14966043533192902,0.32861262557190046,0.12429146773074642,0.22526086643881232,0.07866978675211297,-0.5603530975056257,-0.5756248731424408,0.5793965229866109
8780.084961,-0.2987580026283617,0.4521622627593366,0.32268373739151307,0.3777303063098695,-0.15250557273087267,-0.6691102396462617,-0.4607754092792365,0.36764195177223585
8785.084961,-0.44785556992479447,0.5757118999467726,0.5210760070522797,0.5301997461809267,-0.3836809322138583,-0.7778673817868978,-0.3459259454160321,0.15588738055786067
8790.084961,-0.5969531372212271,0.6992615371342088,0.7194682767130464,0.6826691860519837,-0.614856291696844,-0.886624523927534,-0.23107648155282776,-0.055867190656514465
8795.084961,-0.7460507045176599,0.8228111743216449,0.917860546373813,0.8351386259230409,-0.8460316511798297,-0.9953816660681699,-0.1162270176896234,-0.2676217618708896
8800.084961,-0.7460507045176599,0.8228111743216449,0.917860546373813,0.8351386259230409,-0.8460316511798297,-0.9953816660681699,-0.1162270176896234,-0.2676217618708896
8805.084961,-0.7460507045176599,0.8228111743216449,0.917860546373813,0.8351386259230409,-0.8460316511798297,-0.9953816660681699,-0.1162270176896234,-0.2676217618708896
8810.084961,-0.7653219847573964,0.5169538052248399,0.7008337768458093,0.6175723877525872,-0.5367274721112294,-0.9491965345442462,-0.2786118231822002,-0.05197893921806882
8815.084961,-0.7845932649971331,0.21109643612803505,0.48380700731780557,0.4000061495821335,-0.2274232930426292,-0.9030114030203222,-0.44099662867477696,0.16366388343475197
8820.084961,-0.8038645452368696,-0.09476093296876983,0.26678023778980176,0.18243991141167984,0.08188088602597099,-0.8568262714963986,-0.6033814341673537,0.3793067060875727
8825.084961,-0.7316667540886842,-0.3899961691874954,0.17871858789666512,0.003574908460950077,0.1141266710273845,-0.7331455933457324,-0.6432528361956197,0.4162459351757485
8830.084961,-0.6594689629404986,-0.685231405406221,0.09065693800352848,-0.17529009448977967,0.14637245602879795,-0.6094649151950664,-0.6831242382238857,0.4531851642639242
8835.084961,-0.5679998915525765,-0.6746092725281416,0.2196220576383956,-0.13658885927005576,-0.13068593803838868,-0.5319693685683242,-0.560610834759575,0.27448157069927914
8840.084961,-0.4765308201646544,-0.6639871396500623,0.3485871772732627,-0.09788762405033183,-0.4077443321055753,-0.45447382194158203,-0.4380974312952642,0.0957779771346341
8845.084961,-0.38506174877673227,-0.653365006771983,0.47755229690812984,-0.059186388830607894,-0.684802726172762,-0.37697827531483985,-0.3155840278309534,-0.08292561643001095
8850.084961,-0.38506174877673227,-0.653365006771983,0.47755229690812984,-0.059186388830607894,-0.684802726172762,-0.37697827531483985,-0.3155840278309534,-0.08292561643001095
8855.084961,-0.38506174877673227,-0.653365006771983,0.47755229690812984,-0.059186388830607894,-0.684802726172762,-0.37697827531483985,-0.3155840278309534,-0.08292561643001095
8860.084961,-0.38506174877673227,-0.653365006771983,0.47755229690812984,-0.059186388830607894,-0.684802726172762,-0.37697827531483985,-0.3155840278309534,-0.08292561643001095
8865.084961,-0.45040174560131485,-0.5193634164406628,0.4335504226310868,0.14858480464687607,-0.49879528271775114,-0.36494580365043044,-0.1265206772656251,-0.23345542751187756
8870.084961,-0.5157417424258973,-0.3853618261093425,0.3895485483540438,0.35635599812436003,-0.3127878392627402,-0.35291333198602104,0.0625426732997032,-0.38398523859374417
8875.084961,-0.5810817392504799,-0.2513602357780223,0.34554667407700074,0.564127191601844,-0.1267803958077293,-0.3408808603216117,0.2516060238650315,-0.5345150496756108
8880.084961,-0.6464217360750626,-0.11735864544670208,0.30154479979995774,0.771898385079328,0.059227047647281636,-0.3288483886572023,0.4406693744303598,-0.6850448607574774
8885.084961,-0.7117617328996451,0.01664294488461815,0.2575429255229147,0.9796695785568119,0.24523449110229256,-0.3168159169927929,0.6297327249956881,-0.8355746718393441
8890.084961,-0.7117617328996451,0.01664294488461815,0.2575429255229147,0.9796695785568119,0.24523449110229256,-0.3168159169927929,0.6297327249956881,-0.8355746718393441
8895.084961,-0.7117617328996451,0.01664294488461815,0.2575429255229147,0.9796695785568119,0.24523449110229256,-0.3168159169927929,0.6297327249956881,-0.8355746718393441
8900.084961,-0.7672230218957633,-0.05637674751632784,0.302622716812911,0.5915552007644926,0.30157582978890457,-0.3226845838369084,0.5966638167696056,-0.8059458497270999
8905.084961,-0.8226843108918815,-0.12939643991727384,0.34770250810290726,0.20344082297217342,0.3579171684755166,-0.3285532506810239,0.563594908543523,-0.7763170276148557
8910.084961,-0.8781455998879999,-0.2024161323182198,0.39278229939290354,-0.1846735548201459,0.41425850716212864,-0.3344219175251394,0.5305260003174407,-0.7466882055026117
8915.084961,-0.9336068888841182,-0.27543582471916583,0.43786209068289983,-0.5727879326124652,0.47059984584874065,-0.3402905843692549,0.4974570920913582,-0.7170593833903676
8920.084961,-0.9890681778802366,-0.3484555171201118,0.48294188197289606,-0.9609023104047845,0.5269411845353527,-0.34615925121337043,0.46438818386527564,-0.6874305612781233
8925.084961,-0.9890681778802366,-0.3484555171201118,0.48294188197289606,-0.9609023104047845,0.5269411845353527,-0.34615925121337043,0.46438818386527564,-0.6874305612781233
8930.084961,-0.9890681778802366,-0.3484555171201118,0.48294188197289606,-0.9609023104047845,0.5269411845353527,-0.34615925121337043,0.46438818386527564,-0.6874305612781233
8935.084961,-0.9890681778802366,-0.3484555171201118,0.48294188197289606,-0.9609023104047845,0.5269411845353527,-0.34615925121337043,0.46438818386527564,-0.6874305612781233
8940.084961,-0.9890681778802366,-0.3484555171201118,0.48294188197289606,-0.9609023104047845,0.5269411845353527,-0.34615925121337043,0.46438818386527564,-0.6874305612781233
8945.084961,-0.9890681778802366,-0.3484555171201118,0.48294188197289606,-0.9609023104047845,0.5269411845353527,-0.34615925121337043,0.46438818386527564,-0.6874305612781233
8950.084961,-0.9829061293924676,-0.3130978162179134,0.18813881582250022,-0.6366148759689283,0.27028109073535,-0.1574936108011852,0.29353515692331766,-0.5399833782834488
8955.084961,-0.9767440809046987,-0.27774011531571496,-0.10666425032789566,-0.3123274415330722,0.013620996935347306,0.03117202961100003,0.12268212998135967,-0.39253619528877426
8960.084961,-0.9705820324169296,-0.24238241441351657,-0.40146731647829154,0.011959992902783911,-0.24303909686465536,0.21983767002318527,-0.04817089696059833,-0.2450890122940998
8965.084961,-0.7939531199714878,-0.19561750913080952,-0.5445404109467511,0.37724343773715846,-0.22977972195077317,0.18304619090798377,0.03691684530240154,-0.0820869693970423
8970.084961,-0.6173242075260458,-0.14885260384810248,-0.6876135054152106,0.7425268825715331,-0.216520347036891,0.1462547117927823,0.1220045875654014,0.08091507350001521
8975.084961,-0.44685734356837264,-0.13744539946759385,-0.5358835337332744,0.7835228929700515,0.05339912167699392,-0.07920240773460444,0.3779453567703593,0.09646993340239822
8980.084961,-0.2763904796106996,-0.1260381950870852,-0.384153562051338,0.8245189033685699,0.3233185903908788,-0.30465952726199114,0.6338861259753171,0.11202479330478124
8985.084961,-0.10592361565302655,-0.11463099070657656,-0.23242359036940163,0.8655149137670882,0.5932380591047637,-0.5301166467893779,0.889826895180275,0.12757965320716425
8990.084961,-0.10592361565302655,-0.11463099070657656,-0.23242359036940163,0.8655149137670882,0.5932380591047637,-0.5301166467893779,0.889826895180275,0.12757965320716425
8995.084961,-0.024572868707670815,-0.0889984231485093,-0.35684983987386915,0.7579932034068605,0.5833923101123514,-0.5343193132621782,0.6284880141876543,-0.004452449798064073
9000.084961,0.05677787823768492,-0.06336585559044203,-0.48127608937833666,0.6504714930466328,0.573546561119939,-0.5385219797349786,0.36714913319503373,-0.13648455280329239
9005.084961,0.13812862518304064,-0.037733288032374766,-0.6057023388828041,0.5429497826864049,0.5637008121275265,-0.5427246462077789,0.10581025220241305,-0.2685166558085207
9010.084961,0.21947937212839638,-0.012100720474307502,-0.7301285883872717,0.43542807232617725,0.5538550631351142,-0.5469273126805793,-0.15552862879020762,-0.400548758813749
9015.084961,0.3008301190737521,0.013531847083759763,-0.8545548378917391,0.32790636196594947,0.5440093141427018,-0.5511299791533797,-0.41686750978282827,-0.5325808618189773
9020.084961,0.3008301190737521,0.013531847083759763,-0.8545548378917391,0.32790636196594947,0.5440093141427018,-0.5511299791533797,-0.41686750978282827,-0.5325808618189773
9025.084961,0.3008301190737521,0.013531847083759763,-0.8545548378917391,0.32790636196594947,0.5440093141427018,-0.5511299791533797,-0.41686750978282827,-0.5325808618189773
9030.084961,0.3008301190737521,0.013531847083759763,-0.8545548378917391,0.32790636196594947,0.5440093141427018,-0.5511299791533797,-0.41686750978282827,-0.5325808618189773
9035.084961,0.3008301190737521,0.013531847083759763,-0.8545548378917391,0.32790636196594947,0.5440093141427018,-0.5511299791533797,-0.41686750978282827,-0.5325808618189773
9040.084961,0.1975752842971276,-0.11853441529765507,-0.8149114792174232,0.16172141139408555,0.45429689089560343,-0.24156349508003522,-0.2038929660388013,-0.4167109693789941
9045.084961,0.09432044952050304,-0.2506006776790699,-0.7752681205431073,-0.004463539177778353,0.36458446764850494,0.06800298899330928,0.00908157770522564,-0.30084107693901074
9050.084961,-0.008934385256121492,-0.38266694006048474,-0.7356247618687914,-0.17064848974964225,0.27487204440140645,0.3775694730666538,0.2220561214492526,-0.18497118449902747
9055.084961,-0.11218922003274603,-0.5147332024418996,-0.6959814031944755,-0.3368334403215062,0.185159621154308,0.6871359571399982,0.43503066519327954,-0.06910129205904418
9060.084961,-0.21544405480937057,-0.6467994648233144,-0.6563380445201596,-0.5030183908933701,0.09544719790720957,0.9967024412133426,0.6480052089373065,0.04676860038093911
9065.084961,-0.21544405480937057,-0.6467994648233144,-0.6563380445201596,-0.5030183908933701,0.09544719790720957,0.9967024412133426,0.6480052089373065,0.04676860038093911
9070.084961,-0.21544405480937057,-0.6467994648233144,-0.6563380445201596,-0.5030183908933701,0.09544719790720957,0.9967024412133426,0.6480052089373065,0.04676860038093911
9075.084961,-0.21544405480937057,-0.6467994648233144,-0.6563380445201596,-0.5030183908933701,0.09544719790720957,0.9967024412133426,0.6480052089373065,0.04676860038093911
9080.084961,-0.21544405480937057,-0.6467994648233144,-0.6563380445201596,-0.5030183908933701,0.09544719790720957,0.9967024412133426,0.6480052089373065,0.04676860038093911
9085.084961,-0.21544405480937057,-0.6467994648233144,-0.6563380445201596,-0.5030183908933701,0.09544719790720957,0.9967024412133426,0.6480052089373065,0.04676860038093911
9090.084961,-0.33667739025754195,-0.3379857356568135,-0.7166027315363184,-0.48165434824857245,0.03282251030811696,0.9123729808996248,0.6739141019889349,-0.04103120447110538
9095.084961,-0.45791072570571334,-0.029172006490312576,-0.7768674185524771,-0.4602903056037748,-0.029802177290975652,0.8280435205859071,0.6998229950405632,-0.12883100932314986
9100.084961,-0.5791440611538847,0.27964172267618836,-0.8371321055686358,-0.4389262629589772,-0.09242686489006827,0.7437140602721894,0.7257318880921917,-0.21663081417519434
9105.084961,-0.700377396602056,0.5884554518426892,-0.8973967925847948,-0.41756222031417956,-0.15505155248916086,0.6593845999584717,0.75164078114382,-0.30443061902723884
9110.084961,-0.8216107320502275,0.8972691810091902,-0.9576614796009535,-0.3961981776693819,-0.21767624008825348,0.5750551396447539,0.7775496741954484,-0.3922304238792833
9115.084961,-0.8216107320502275,0.8972691810091902,-0.9576614796009535,-0.3961981776693819,-0.21767624008825348,0.5750551396447539,0.7775496741954484,-0.3922304238792833
9120.084961,-0.8216107320502275,0.8972691810091902,-0.9576614796009535,-0.3961981776693819,-0.21767624008825348,0.5750551396447539,0.7775496741954484,-0.3922304238792833
9125.084961,-0.8216107320502275,0.8972691810091902,-0.9576614796009535,-0.3961981776693819,-0.21767624008825348,0.5750551396447539,0.7775496741954484,-0.3922304238792833
9130.084961,-0.8216107320502275,0.8972691810091902,-0.9576614796009535,-0.3961981776693819,-0.21767624008825348,0.5750551396447539,0.7775496741954484,-0.3922304238792833
9135.084961,-0.8216107320502275,0.8972691810091902,-0.9576614796009535,-0.3961981776693819,-0.21767624008825348,0.5750551396447539,0.7775496741954484,-0.3922304238792833
9140.084961,-0.7793292159921427,0.659407165103657,-0.8159338781349554,-0.14797269783951883,0.01679663072457207,0.39038522238584894,0.8177663975122392,-0.20069756718986304
9145.084961,-0.7370476999340578,0.42154514919812397,-0.6742062766689573,0.10025278199034426,0.25126950153739763,0.20571530512694408,0.85798312082903,-0.00916471050044274
9150.084961,-0.6947661838759729,0.18368313329259092,-0.5324786752029592,0.34847826182020736,0.4857423723502231,0.021045387868039177,0.898199844145821,0.18236814618897754
9155.084961,-0.652484667817888,-0.05417888261294217,-0.39075107373696094,0.5967037416500705,0.7202152431630487,-0.16362452939086572,0.9384165674626118,0.37390100287839784
9160.084961,-0.6102031517598032,-0.29204089851847526,-0.24902347227096278,0.8449292214799335,0.9546881139758743,-0.3482944466497706,0.9786332907794026,0.5654338595678181
9165.084961,-0.6102031517598032,-0.29204089851847526,-0.24902347227096278,0.8449292214799335,0.9546881139758743,-0.3482944466497706,0.9786332907794026,0.5654338595678181
9170.084961,-0.6102031517598032,-0.29204089851847526,-0.24902347227096278,0.8449292214799335,0.9546881139758743,-0.3482944466497706,0.9786332907794026,0.5654338595678181
9175.084961,-0.6102031517598032,-0.29204089851847526,-0.24902347227096278,0.8449292214799335,0.9546881139758743,-0.3482944466497706,0.9786332907794026,0.5654338595678181
9180.084961,-0.6102031517598032,-0.29204089851847526,-0.24902347227096278,0.8449292214799335,0.9546881139758743,-0.3482944466497706,0.9786332907794026,0.5654338595678181
9185.084961,-0.4733559646875478,-0.42304482250765385,-0.08017029811881966,0.5910999523212674,0.6151378011955593,-0.17952351565608646,0.7228069566126946,0.5870790304460923
9190.084961,-0.3365087776152924,-0.5540487464968324,0.08868287603332345,0.33727068316260134,0.2755874884152442,-0.01075258466240232,0.46698062244598654,0.6087242013243666
9195.084961,-0.199661590543037,-0.6850526704860112,0.25753605018546655,0.08344141400393523,-0.06396282436507086,0.1580183463312818,0.21115428827927835,0.6303693722026408
9200.084961,-0.0628144034707816,-0.8160565944751899,0.4263892243376096,-0.17038785515473087,-0.40351313714538595,0.326789277324966,-0.04467204588742977,0.652014543080915
9205.084961,0.0740327836014738,-0.9470605184643685,0.5952423984897528,-0.424217124313397,-0.743063449925701,0.4955602083186501,-0.30049838005413787,0.6736597139591891
9210.084961,0.11998802820868497,-0.8183114310116311,0.4647872042060043,-0.3569903736826997,-0.7432577177101498,0.3144482388874217,-0.07440592025540611,0.702650105497965
9215.084961,0.16594327281589613,-0.689562343558894,0.3343320099222558,-0.2897636230520025,-0.7434519854945987,0.13333626945619326,0.15168653954332564,0.7316404970367409
9220.084961,0.2118985174231073,-0.5608132561061566,0.2038768156385073,-0.2225368724213052,-0.7436462532790475,-0.04777569997503517,0.3777789993420574,0.760630888575517
9225.084961,0.25785376203031846,-0.43206416865341957,0.0734216213547588,-0.15531012179060796,-0.7438405210634964,-0.2288876694062636,0.6038714591407892,0.789621280114293
9230.084961,0.30380900663752963,-0.3033150812006824,-0.057033572928989695,-0.08808337115991072,-0.7440347888479453,-0.4099996388374921,0.8299639189395209,0.8186116716530689
9235.084961,0.30380900663752963,-0.3033150812006824,-0.057033572928989695,-0.08808337115991072,-0.7440347888479453,-0.4099996388374921,0.8299639189395209,0.8186116716530689
9240.084961,0.30380900663752963,-0.3033150812006824,-0.057033572928989695,-0.08808337115991072,-0.7440347888479453,-0.4099996388374921,0.8299639189395209,0.8186116716530689
9245.084961,0.30380900663752963,-0.3033150812006824,-0.057033572928989695,-0.08808337115991072,-0.7440347888479453,-0.4099996388374921,0.8299639189395209,0.8186116716530689
9250.084961,0.30380900663752963,-0.3033150812006824,-0.057033572928989695,-0.08808337115991072,-0.7440347888479453,-0.4099996388374921,0.8299639189395209,0.8186116716530689
9255.084961,0.30380900663752963,-0.3033150812006824,-0.057033572928989695,-0.08808337115991072,-0.7440347888479453,-0.4099996388374921,0.8299639189395209,0.8186116716530689
9260.084961,0.07597595264399634,-0.2745507269354875,0.012566173731539853,-0.21118233608889092,-0.40719879519861546,-0.5252985897864797,0.8148968727822401,0.6862316316266982
9265.084961,-0.15185710134953695,-0.24578637267029255,0.08216592039206941,-0.3342813010178711,-0.07036280154928569,-0.6405975407354675,0.7998298266249593,0.5538515916003275
9270.084961,-0.3796901553430702,-0.21702201840509763,0.15176566705259895,-0.4573802659468513,0.2664731921000441,-0.7558964916844552,0.7847627804676787,0.4214715515739568
9275.084961,-0.6075232093366035,-0.1882576641399027,0.2213654137131285,-0.5804792308758315,0.6033091857493739,-0.871195442633443,0.7696957343103978,0.28909151154758617
9280.084961,-0.8353562633301369,-0.15949330987470778,0.29096516037365805,-0.7035781958048117,0.9401451793987036,-0.9864943935824307,0.7546286881531172,0.15671147152121545
9285.084961,-0.815280014818723,-0.08625535028844178,0.10438646341469951,-0.6640649824760196,0.6460179807704417,-0.9154971670586389,0.5829572637602559,0.1669688152359315
9290.084961,-0.7952037663073093,-0.01301739070217578,-0.08219223354425904,-0.6245517691472274,0.3518907821421798,-0.8444999405348474,0.4112858393673946,0.1772261589506475
9295.084961,-0.7751275177958956,0.06022056888409022,-0.2687709305032176,-0.5850385558184354,0.05776358351391782,-0.7735027140110556,0.23961441497453323,0.18748350266536354
9300.084961,-0.7550512692844817,0.13345852847035622,-0.4553496274621761,-0.5455253424896434,-0.23636361511434414,-0.702505487487264,0.06794299058167189,0.19774084638007955
9305.084961,-0.7349750207730679,0.20669648805662222,-0.6419283244211347,-0.5060121291608513,-0.5304908137426061,-0.6315082609634726,-0.10372843381118946,0.2079981900947956
9310.084961,-0.7349750207730679,0.20669648805662222,-0.6419283244211347,-0.5060121291608513,-0.5304908137426061,-0.6315082609634726,-0.10372843381118946,0.2079981900947956
9315.084961,-0.7349750207730679,0.20669648805662222,-0.6419283244211347,-0.5060121291608513,-0.5304908137426061,-0.6315082609634726,-0.10372843381118946,0.2079981900947956
9320.084961,-0.6185195664368779,0.33132378545220076,-0.409322681353259,-0.4401267826823215,-0.5256658083565963,-0.4731519017300549,-0.190085019471252,0.043803840085681056
9325.084961,-0.5020641121006879,0.45595108284777935,-0.17671703828538338,-0.3742414362037917,-0.5208408029705864,-0.3147955424966372,-0.27644160513131455,-0.12039050992343348
9330.084961,-0.38560865776449804,0.580578380243358,0.05588860478249229,-0.30835608972526185,-0.5160157975845767,-0.15643918326321957,-0.3627981907913771,-0.284584859932548
9335.084961,-0.2691532034283081,0.7052056776389365,0.2884942478503679,-0.24247074324673207,-0.5111907921985669,0.0019171759701980928,-0.44915477645143964,-0.4487792099416625
9340.084961,-0.1526977490921182,0.829832975034515,0.5210998909182436,-0.17658539676820229,-0.5063657868125571,0.16027353520361576,-0.5355113621115022,-0.6129735599507771
9345.084961,-0.1526977490921182,0.829832975034515,0.5210998909182436,-0.17658539676820229,-0.5063657868125571,0.16027353520361576,-0.5355113621115022,-0.6129735599507771
9350.084961,-0.1526977490921182,0.829832975034515,0.5210998909182436,-0.17658539676820229,-0.5063657868125571,0.16027353520361576,-0.5355113621115022,-0.6129735599507771
9355.084961,-0.1526977490921182,0.829832975034515,0.5210998909182436,-0.17658539676820229,-0.5063657868125571,0.16027353520361576,-0.5355113621115022,-0.6129735599507771
9360.084961,-0.1526977490921182,0.829832975034515,0.5210998909182436,-0.17658539676820229,-0.5063657868125571,0.16027353520361576,-0.5355113621115022,-0.6129735599507771
9365.084961,-0.11611982420903963,0.4705645481789471,0.27187042965123387,-0.08262006645106731,-0.38572469538487975,0.2847024127091897,-0.47357150707142726,-0.3290267768436028
9370.084961,-0.07954189932596108,0.11129612132337918,0.02264096838422409,0.011345263866067646,-0.2650836039572024,0.4091312902147637,-0.41163165203135244,-0.04507999373642857
9375.084961,-0.04296397444288251,-0.24797230553218874,-0.22658849288278565,0.10531059418320261,-0.14444251252952506,0.5335601677203377,-0.3496917969912775,0.23886678937074568
9380.084961,-0.006386049559803953,-0.6072407323877567,-0.47581795414979544,0.19927592450033757,-0.023801421101847707,0.6579890452259116,-0.2877519419512026,0.5228135724779199
9385.084961,0.03019187532327461,-0.9665091592433246,-0.7250474154168052,0.29324125481747254,0.09683967032582963,0.7824179227314856,-0.22581208691112775,0.8067603555850942
9390.084961,0.03019187532327461,-0.9665091592433246,-0.7250474154168052,0.29324125481747254,0.09683967032582963,0.7824179227314856,-0.22581208691112775,0.8067603555850942
9395.084961,0.03019187532327461,-0.9665091592433246,-0.7250474154168052,0.29324125481747254,0.09683967032582963,0.7824179227314856,-0.22581208691112775,0.8067603555850942
9400.084961,0.03019187532327461,-0.9665091592433246,-0.7250474154168052,0.29324125481747254,0.09683967032582963,0.7824179227314856,-0.22581208691112775,0.8067603555850942
9405.084961,0.03019187532327461,-0.9665091592433246,-0.7250474154168052,0.29324125481747254,0.09683967032582963,0.7824179227314856,-0.22581208691112775,0.8067603555850942
9410.084961,0.03019187532327461,-0.9665091592433246,-0.7250474154168052,0.29324125481747254,0.09683967032582963,0.7824179227314856,-0.22581208691112775,0.8067603555850942
9415.084961,0.024185048833212708,-0.8299822424867512,-0.5633472501698789,0.23326793181033323,0.1898658724483758,0.7183158936878329,-0.004060332147267598,0.6676378190983205
9420.084961,0.018178222343150807,-0.6934553257301779,-0.4016470849229526,0.17329460880319392,0.28289207457092197,0.6542138646441801,0.21769142261659255,0.5285152826115468
9425.084961,0.012171395853088907,-0.5569284089736046,-0.23994691967602622,0.1133212857960546,0.37591827669346817,0.5901118356005274,0.4394431773804527,0.38939274612477315
9430.084961,0.006164569363027006,-0.42040149221703127,-0.0782467544290999,0.05334796278891529,0.4689444788160143,0.5260098065568746,0.6611949321443128,0.25027020963799945
9435.084961,0.00015774287296510536,-0.2838745754604579,0.08345341081782642,-0.006625360218224019,0.5619706809385605,0.4619077775132219,0.8829466869081731,0.11114767315122576
9440.084961,0.00015774287296510536,-0.2838745754604579,0.08345341081782642,-0.006625360218224019,0.5619706809385605,0.4619077775132219,0.8829466869081731,0.11114767315122576
9445.084961,0.04553174929599759,-0.12425787563088261,-0.042542946169498164,0.15619351283529412,0.2966957295735761,0.2255890470710819,0.9042532305999467,0.10046472962971001
9450.084961,0.09090575571903008,0.03535882419869267,-0.16853930315682275,0.31901238588881226,0.0314207782085917,-0.01072968337105804,0.9255597742917205,0.08978178610819425
9455.084961,0.13627976214206255,0.19497552402826795,-0.29453566014414734,0.48183125894233036,-0.2338541731563927,-0.247048413813198,0.9468663179834941,0.0790988425866785
9460.084961,0.18165376856509505,0.3545922238578433,-0.4205320171314719,0.6446501319958486,-0.49912912452137714,-0.48336714425533794,0.9681728616752678,0.06841589906516274
9465.084961,0.22702777498812754,0.5142089236874186,-0.5465283741187965,0.8074690050493667,-0.7644040758863615,-0.7196858746974779,0.9894794053670417,0.05773295554364699
9470.084961,0.367658100113086,0.44576948539839706,-0.38058697932048,0.6457061782040825,-0.7600806965583511,-0.4331941893057431,0.7562633418044516,0.075506353084553
9475.084961,0.5082884252380444,0.37733004710937557,-0.2146455845221636,0.48394335135879823,-0.7557573172303405,-0.14670250391400827,0.5230472782418616,0.09327975062545901
9480.084961,0.648918750363003,0.30889060882035413,-0.048704189723847116,0.3221805245135141,-0.7514339379023302,0.13978918147772648,0.2898312146792715,0.11105314816636502
9485.084961,0.7895490754879614,0.24045117053133264,0.11723720507446936,0.16041769766822989,-0.7471105585743196,0.4262808668694612,0.05661515111668138,0.12882654570727103
9490.084961,0.9301794006129198,0.17201173224231114,0.2831785998727858,-0.0013451291770543161,-0.742787179246309,0.7127725522611961,-0.1766009124459087,0.14659994324817704
9495.084961,0.9301794006129198,0.17201173224231114,0.2831785998727858,-0.0013451291770543161,-0.742787179246309,0.7127725522611961,-0.1766009124459087,0.14659994324817704
9500.084961,0.9301794006129198,0.17201173224231114,0.2831785998727858,-0.0013451291770543161,-0.742787179246309,0.7127725522611961,-0.1766009124459087,0.14659994324817704
9505.084961,0.9301794006129198,0.17201173224231114,0.2831785998727858,-0.0013451291770543161,-0.742787179246309,0.7127725522611961,-0.1766009124459087,0.14659994324817704
9510.084961,0.9301794006129198,0.17201173224231114,0.2831785998727858,-0.0013451291770543161,-0.742787179246309,0.7127725522611961,-0.1766009124459087,0.14659994324817704
9515.084961,0.6921788564331668,0.024169408937190173,0.11713966532322657,-0.11215176255017183,-0.7480574454823621,0.5759440545831918,-0.29465244222001397,0.288354544190858
9520.084961,0.4541783122534138,-0.12367291436793079,-0.04889926922633268,-0.22295839592328934,-0.7533277117184152,0.43911555690518755,-0.4127039719941192,0.43010914513353893
9525.084961,0.21617776807366074,-0.27151523767305175,-0.21493820377589193,-0.33376502929640683,-0.7585979779544685,0.30228705922718313,-0.5307555017682244,0.5718637460762198
9530.084961,0.15584018672098487,-0.21124222110519594,-0.13453767818937687,-0.48698649734617694,-0.631606163141823,0.15903027886102777,-0.490940019682955,0.3625120750244168
9535.084961,0.09550260536830901,-0.15096920453734014,-0.054137152602861824,-0.640207965395947,-0.5046143483291778,0.01577349849487244,-0.45112453759768556,0.15316040397261377
9540.084961,0.2731655681953862,0.05714613533563666,0.19230230753321248,-0.6826228000725996,-0.3723522672804793,0.009345215806721407,-0.2932575257383108,-0.1979458680218702
9545.084961,0.45082853102246334,0.26526147520861343,0.4387417676692868,-0.7250376347492521,-0.2400901862317808,0.002916933118570375,-0.1353905138789361,-0.5490521400163542
9550.084961,0.6284914938495405,0.47337681508159024,0.6851812278053611,-0.7674524694259046,-0.10782810518308228,-0.0035113495695806574,0.022476497980438603,-0.9001584120108381
9555.084961,0.6895611793445505,0.3768506788104986,0.5459077920722983,-0.6319726474686129,-0.16036474254496813,0.06279631282324671,0.1809275718576071,-0.9190932223948511
9560.084961,0.7506308648395607,0.280324542539407,0.40663435633923567,-0.4964928255113213,-0.21290137990685398,0.12910397521607408,0.3393786457347756,-0.9380280327788642
9565.084961,0.8117005503345707,0.18379840626831534,0.267360920606173,-0.36101300355402965,-0.26543801726873983,0.19541163760890146,0.4978297196119441,-0.9569628431628772
9570.084961,0.8727702358295808,0.0872722699972237,0.12808748487311034,-0.22553318159673802,-0.3179746546306257,0.2617193000017288,0.6562807934891126,-0.97589765354689
9575.084961,0.9338399213245909,-0.009253866273867928,-0.011185950859952332,-0.09005335963944638,-0.37051129199251154,0.3280269623945562,0.8147318673662811,-0.994832463930903
9580.084961,0.9338399213245909,-0.009253866273867928,-0.011185950859952332,-0.09005335963944638,-0.37051129199251154,0.3280269623945562,0.8147318673662811,-0.994832463930903
9585.084961,0.9338399213245909,-0.009253866273867928,-0.011185950859952332,-0.09005335963944638,-0.37051129199251154,0.3280269623945562,0.8147318673662811,-0.994832463930903
9590.084961,0.9338399213245909,-0.009253866273867928,-0.011185950859952332,-0.09005335963944638,-0.37051129199251154,0.3280269623945562,0.8147318673662811,-0.994832463930903
9595.084961,0.9338399213245909,-0.009253866273867928,-0.011185950859952332,-0.09005335963944638,-0.37051129199251154,0.3280269623945562,0.8147318673662811,-0.994832463930903
9600.084961,0.9338399213245909,-0.009253866273867928,-0.011185950859952332,-0.09005335963944638,-0.37051129199251154,0.3280269623945562,0.8147318673662811,-0.994832463930903
9605.084961,0.5614816423534104,0.07470429292624195,0.1667156731217722,-0.14470113214999203,-0.3763134852666668,0.317414403207313,0.6269535163066836,-0.8734087541867993
9610.084961,0.18912336338222974,0.15866245212635183,0.34461729710349676,-0.19934890466053767,-0.38211567854082207,0.3068018440200698,0.43917516524708605,-0.7519850444426955
9615.084961,-0.18323491558895091,0.24262061132646168,0.5225189210852214,-0.2539966771710833,-0.3879178718149773,0.2961892848328266,0.2513968141874884,-0.6305613346985919
9620.084961,-0.5555931945601316,0.3265787705265716,0.7004205450669458,-0.30864444968162896,-0.39372006508913254,0.2855767256455834,0.06361846312789084,-0.5091376249544883
9625.084961,-0.9279514735313121,0.41053692972668143,0.8783221690486706,-0.3632922221921746,-0.3995222583632878,0.2749641664583402,-0.12415988793170674,-0.38771391521038456
9630.084961,-0.9279514735313121,0.41053692972668143,0.8783221690486706,-0.3632922221921746,-0.3995222583632878,0.2749641664583402,-0.12415988793170674,-0.38771391521038456
9635.084961,-0.893033139397815,0.24243492163331148,0.8133025403825475,-0.4413868073918247,-0.47092336315169786,0.37878673668124857,0.011917476579926322,-0.4718435486122436
9640.084961,-0.8581148052643179,0.07433291353994154,0.7482829117164244,-0.5194813925914747,-0.5423244679401078,0.48260930690415693,0.1479948410915594,-0.5559731820141027
9645.084961,-0.8231964711308208,-0.09376909455342841,0.6832632830503014,-0.5975759777911248,-0.6137255727285178,0.5864318771270652,0.28407220560319246,-0.6401028154159618
9650.084961,-0.788278136997324,-0.26187110264679836,0.6182436543841783,-0.6756705629907749,-0.6851266775169279,0.6902544473499737,0.42014957011482557,-0.7242324488178209
9655.084961,-0.7533598028638269,-0.42997311074016836,0.5532240257180552,-0.7537651481904251,-0.7565277823053378,0.794077017572882,0.5562269346264586,-0.80836208221968
9660.084961,-0.7533598028638269,-0.42997311074016836,0.5532240257180552,-0.7537651481904251,-0.7565277823053378,0.794077017572882,0.5562269346264586,-0.80836208221968
9665.084961,-0.7533598028638269,-0.42997311074016836,0.5532240257180552,-0.7537651481904251,-0.7565277823053378,0.794077017572882,0.5562269346264586,-0.80836208221968
9670.084961,-0.7533598028638269,-0.42997311074016836,0.5532240257180552,-0.7537651481904251,-0.7565277823053378,0.794077017572882,0.5562269346264586,-0.80836208221968
9675.084961,-0.5857777033396585,-0.19464916681470795,0.3755587907398651,-0.7803363595403088,-0.6783724883818484,0.6588795184411553,0.4341375478886791,-0.6411412541526875
9680.084961,-0.4181956038154901,0.04067477711075242,0.19789355576167494,-0.8069075708901925,-0.6002171944583589,0.5236820193094287,0.3120481611508997,-0.4739204260856951
9685.084961,-0.2506135042913217,0.2759987210362128,0.020228320783484844,-0.8334787822400761,-0.5220619005348694,0.3884845201777021,0.18995877441312028,-0.3066995980187026
9690.084961,-0.08303140476715325,0.5113226649616731,-0.15743691419470526,-0.8600499935899599,-0.4439066066113801,0.25328702104597545,0.06786938767534086,-0.13947876995171016
9695.084961,0.20975505443897582,0.5923885520799412,-0.40793539792902667,-0.8407702391637706,-0.2268884837776921,0.17686271042543264,-0.1408253382511461,-0.03829469484830814
9700.084961,0.3349594141209365,0.438130495272749,-0.480768646685158,-0.7949192733876979,-0.08802565486749359,0.23563589893661646,-0.22743067743985362,-0.10433144781189858
9705.084961,0.46016377380289714,0.28387243846555665,-0.5536018954412893,-0.7490683076116251,0.050837174042704936,0.2944090874478003,-0.3140360166285611,-0.17036820077548903
9710.084961,0.5853681334848578,0.12961438165836436,-0.6264351441974206,-0.7032173418355525,0.18970000295290346,0.3531822759589841,-0.4006413558172687,-0.23640495373907947
9715.084961,0.7105724931668185,-0.024643675148827926,-0.6992683929535519,-0.6573663760594797,0.328562831863102,0.41195546447016795,-0.48724669500597617,-0.3024417067026699
9720.084961,0.7105724931668185,-0.024643675148827926,-0.6992683929535519,-0.6573663760594797,0.328562831863102,0.41195546447016795,-0.48724669500597617,-0.3024417067026699
9725.084961,0.7105724931668185,-0.024643675148827926,-0.6992683929535519,-0.6573663760594797,0.328562831863102,0.41195546447016795,-0.48724669500597617,-0.3024417067026699
9730.084961,0.7105724931668185,-0.024643675148827926,-0.6992683929535519,-0.6573663760594797,0.328562831863102,0.41195546447016795,-0.48724669500597617,-0.3024417067026699
9735.084961,0.6987395452832192,0.13439037580415816,-0.4634767780816194,-0.3807155207796735,0.36470973957560393,0.3455630579427005,-0.4092377025469621,-0.38252622728233204
9740.084961,0.68690659739962,0.29342442675714425,-0.22768516320968687,-0.10406466549986737,0.4008566472881059,0.279170651415233,-0.331228710087948,-0.46261074786199413
9745.084961,0.6750736495160208,0.4524584777101303,0.00810645166224564,0.17258618977993878,0.43700355500060795,0.21277824488776553,-0.25321971762893397,-0.5426952684416563
9750.084961,0.458228334698371,0.30941150815832374,0.07501583763041694,0.3296350095406143,0.3327023895222233,0.04347091169278459,0.03209176877154078,-0.5429836140751917
9755.084961,0.24138301988072083,0.16636453860651726,0.14192522359858825,0.4866838293012899,0.22840122404383867,-0.12583642150219637,0.3174032551720155,-0.5432719597087271
9760.084961,0.03637065294666999,-0.13571648189827537,-0.026957005305172956,0.36708179378215927,0.08795315085295208,-0.22875134816970982,0.5247057491134762,-0.4634757847626004
9765.084961,-0.16864171398738087,-0.437797502403068,-0.19583923420893418,0.24747975826302868,-0.05249492233793451,-0.33166627483722333,0.7320082430549368,-0.3836796098164737
9770.084961,-0.3736540809214317,-0.7398785229078606,-0.3647214631126954,0.12787772274389808,-0.1929429955288211,-0.43458120150473684,0.9393107369963974,-0.30388343487034697
9775.084961,-0.3736540809214317,-0.7398785229078606,-0.3647214631126954,0.12787772274389808,-0.1929429955288211,-0.43458120150473684,0.9393107369963974,-0.30388343487034697
9780.084961,-0.3736540809214317,-0.7398785229078606,-0.3647214631126954,0.12787772274389808,-0.1929429955288211,-0.43458120150473684,0.9393107369963974,-0.30388343487034697
9785.084961,-0.3736540809214317,-0.7398785229078606,-0.3647214631126954,0.12787772274389808,-0.1929429955288211,-0.43458120150473684,0.9393107369963974,-0.30388343487034697
9790.084961,-0.3736540809214317,-0.7398785229078606,-0.3647214631126954,0.12787772274389808,-0.1929429955288211,-0.43458120150473684,0.9393107369963974,-0.30388343487034697
9795.084961,-0.4617540152658715,-0.5834005473681854,-0.2356442505176466,0.21099951261965608,-0.24239527130623806,-0.42329384310192325,0.7813895060732825,-0.1995138961207274
9800.084961,-0.5498539496103113,-0.4269225718285101,-0.10656703792259781,0.29412130249541407,-0.291847547083655,-0.4120064846991097,0.6234682751501673,-0.09514435737110785
9805.084961,-0.637953883954751,-0.2704445962888349,0.022510174672450978,0.3772430923711721,-0.34129982286107197,-0.40071912629629625,0.4655470442270523,0.009225181378511716
9810.084961,-0.7260538182991908,-0.11396662074915964,0.15158738726749976,0.4603648822469301,-0.3907520986384889,-0.3894317678934827,0.3076258133039372,0.11359472012813128
9815.084961,-0.5883073803178658,0.13562882534175155,0.07095017977853937,0.488882295981813,-0.23497145894843063,-0.39122654312846455,-0.05380867388682975,0.2321805081043379
9820.084961,-0.362461007992101,0.2287462958929875,-0.1387642403054698,0.434277919840938,-0.029738543480955393,-0.4043086767662599,-0.25732193015448157,0.24639675733092498
9825.084961,-0.13661463566633616,0.3218637664442235,-0.348478660389479,0.379673543700063,0.17549437198651985,-0.4173908104040553,-0.46083518642213334,0.260613006557512
9830.084961,0.08923173665942867,0.4149812369954594,-0.5581930804734883,0.32506916755918797,0.3807272874539951,-0.4304729440418506,-0.6643484426897853,0.2748292557840991
9835.084961,0.3150781089851935,0.5080987075466954,-0.7679075005574973,0.2704647914183129,0.5859602029214703,-0.4435550776796459,-0.867861698957437,0.28904550501068615
9840.084961,0.3150781089851935,0.5080987075466954,-0.7679075005574973,0.2704647914183129,0.5859602029214703,-0.4435550776796459,-0.867861698957437,0.28904550501068615
9845.084961,0.3150781089851935,0.5080987075466954,-0.7679075005574973,0.2704647914183129,0.5859602029214703,-0.4435550776796459,-0.867861698957437,0.28904550501068615
9850.084961,0.3150781089851935,0.5080987075466954,-0.7679075005574973,0.2704647914183129,0.5859602029214703,-0.4435550776796459,-0.867861698957437,0.28904550501068615
9855.084961,0.4266116277578232,0.3968889560561808,-0.7393883651969032,0.04072525850901343,0.6565182949599684,-0.5186676872517374,-0.8219035420906889,0.04193034237065487
9860.084961,0.5381451465304529,0.2856792045656662,-0.7108692298363092,-0.18901427440028606,0.7270763869984663,-0.5937802968238289,-0.7759453852239409,-0.2051848202693764
9865.084961,0.6496786653030825,0.1744694530751516,-0.682350094475715,-0.41875380730958556,0.7976344790369644,-0.6688929063959204,-0.7299872283571929,-0.45229998290940776
9870.084961,0.7612121840757122,0.06325970158463701,-0.653830959115121,-0.648493340218885,0.8681925710754623,-0.7440055159680117,-0.6840290714904448,-0.699415145549439
9875.084961,0.857142807422775,0.10943413862814877,-0.3573288706470377,-0.8309105128955118,0.7418041069095981,-0.6300951090488555,-0.4952378204366852,-0.6494749521316253
9880.084961,0.8415399119972082,0.26681832716217513,-0.08934591753954843,-0.783588152662839,0.5448575507052358,-0.44107209255760776,-0.35240472624967356,-0.35241959607378026
9885.084961,0.8259370165716413,0.4242025156962015,0.17863703556794083,-0.7362657924301661,0.3479109945008734,-0.2520490760663602,-0.20957163206266202,-0.05536424001593523
9890.084961,0.6670157268208537,0.47352358143460427,0.1315998731383193,-0.6586406180949315,0.07194157496602309,-0.2811802037037529,-0.16424918978343178,-0.04474421355897129
9895.084961,0.5080944370700662,0.5228446471730069,0.08456271070869778,-0.5810154437596969,-0.20402784456882722,-0.3103113313411457,-0.11892674750420151,-0.034124187102007354
9900.084961,0.36477604274484543,0.41478152437738325,-0.230457404828413,-0.5507126296571353,-0.28305070789931525,-0.5284654754697862,-0.2164373994119828,-0.3205595167028884
9905.084961,0.1741212575485483,0.2972247709296852,-0.42231369911936784,-0.6098355952220593,-0.26730500619167563,-0.4931764856022206,-0.38965870467255753,-0.3319229985484241
9910.084961,-0.016533527647748868,0.17966801748198707,-0.6141699934103226,-0.6689585607869833,-0.2515593044840361,-0.45788749573465504,-0.5628800099331321,-0.3432864803939598
9915.084961,-0.06386991851882526,0.17017438682991265,-0.4910061721641667,-0.7583843404544689,-0.1567907394459085,-0.20444436173844904,-0.6385906632859257,-0.06821463263861446
9920.084961,-0.11120630938990166,0.1606807561778382,-0.36784235091801076,-0.8478101201219547,-0.062022174407780906,0.04899877225775695,-0.714301316638719,0.20685721511673089
9925.084961,-0.15854270026097805,0.15118712552576374,-0.24467852967185477,-0.9372358997894403,0.03274639063034668,0.30244190625396294,-0.7900119699915125,0.4819290628720763
9930.084961,-0.15854270026097805,0.15118712552576374,-0.24467852967185477,-0.9372358997894403,0.03274639063034668,0.30244190625396294,-0.7900119699915125,0.4819290628720763
9935.084961,-0.15854270026097805,0.15118712552576374,-0.24467852967185477,-0.9372358997894403,0.03274639063034668,0.30244190625396294,-0.7900119699915125,0.4819290628720763
9940.084961,-0.06417020220044037,-0.056671951240964316,-0.17169312803132106,-0.7992656934917867,-0.1253688497393129,0.32605692344560794,-0.5937613982308723,0.5785650062911365
9945.084961,0.030202295860097327,-0.26453102800769235,-0.09870772639078736,-0.661295487194133,-0.28348409010897246,0.34967194063725293,-0.3975108264702319,0.6752009497101967
9950.084961,0.12457479392063502,-0.47239010477442045,-0.025722324750253645,-0.5233252808964795,-0.441599330478632,0.37328695782889787,-0.20126025470959158,0.7718368931292569
9955.084961,0.21894729198117271,-0.6802491815411484,0.047263076890280066,-0.3853550745988258,-0.5997145708482916,0.39690197502054286,-0.005009682948951299,0.8684728365483171
9960.084961,0.3133197900417104,-0.8881082583078765,0.12024847853081377,-0.24738486830117212,-0.7578298112179511,0.4205169922121879,0.191240888811689,0.9651087799673771
9965.084961,0.3133197900417104,-0.8881082583078765,0.12024847853081377,-0.24738486830117212,-0.7578298112179511,0.4205169922121879,0.191240888811689,0.9651087799673771
9970.084961,0.3044998337162008,-0.5748210244484364,0.18822687791584286,-0.05692486747892147,-0.4485890056667669,0.22974058963909325,0.06684547410201769,0.8267445751386632
9975.084961,0.29567987739069124,-0.2615337905889964,0.25620527730087195,0.13353513334332917,-0.13934820011558263,0.03896418706599865,-0.057549940607653616,0.6883803703099491
9980.084961,0.28685992106518166,0.05175344327044371,0.3241836766859011,0.32399513416557985,0.16989260543560164,-0.15181221550709595,-0.18194535531732492,0.550016165481235
9985.084961,0.2780399647396721,0.3650406771298838,0.3921620760709302,0.5144551349878305,0.47913341098678586,-0.3425886180801906,-0.3063407700269962,0.41165196065252097
9990.084961,0.2692200084141625,0.6783279109893239,0.4601404754559592,0.7049151358100811,0.7883742165379701,-0.5333650206532852,-0.43073618473666747,0.27328775582380693
9995.084961,0.32607486156181875,0.5817547641651577,0.25930038002615796,0.6151639391700454,0.6224760550279564,-0.3551502463504083,-0.3774115549656367,0.19342906527873832
10000.084961,0.382929714709475,0.4851816173409914,0.05846028459635666,0.5254127425300098,0.4565778935179427,-0.1769354720475315,-0.3240869251946059,0.11357037473366968
10005.084961,0.4397845678571313,0.38860847051682523,-0.14237981083344464,0.4356615458899743,0.2906797320079288,0.0012793022553453603,-0.2707622954235751,0.033711684188601064
10010.084961,0.49663942100478753,0.292035323692659,-0.34321990626324594,0.3459103492499386,0.12478157049791502,0.1794940765582222,-0.2174376656525443,-0.046147006356467554
10015.084961,0.5534942741524438,0.19546217686849277,-0.5440600016930472,0.25615915260990296,-0.04111659101209875,0.35770885086109905,-0.1641130358815135,-0.12600569690153618
10020.084961,0.5534942741524438,0.19546217686849277,-0.5440600016930472,0.25615915260990296,-0.04111659101209875,0.35770885086109905,-0.1641130358815135,-0.12600569690153618
10025.084961,0.5534942741524438,0.19546217686849277,-0.5440600016930472,0.25615915260990296,-0.04111659101209875,0.35770885086109905,-0.1641130358815135,-0.12600569690153618
10030.084961,0.5534942741524438,0.19546217686849277,-0.5440600016930472,0.25615915260990296,-0.04111659101209875,0.35770885086109905,-0.1641130358815135,-0.12600569690153618
10035.084961,0.5534942741524438,0.19546217686849277,-0.5440600016930472,0.25615915260990296,-0.04111659101209875,0.35770885086109905,-0.1641130358815135,-0.12600569690153618
10040.084961,0.547453001901623,0.12244173124359943,-0.4654285803537267,0.1273679549697488,-0.10053217272438095,0.3048619378591068,0.008501272472637744,-0.06770485262019035
10045.084961,0.5414117296508021,0.04942128561870609,-0.38679715901440603,-0.001423242670405367,-0.15994775443666315,0.2520150248571146,0.18111558082678897,-0.009404008338844517
10050.084961,0.5353704573999813,-0.023599160006187246,-0.30816573767508537,-0.13021444031055954,-0.21936333614894538,0.19916811185512237,0.3537298891809402,0.04889683594250131
10055.084961,0.5293291851491604,-0.09661960563108059,-0.22953431633576477,-0.2590056379507137,-0.27877891786122755,0.14632119885313016,0.5263441975350915,0.10719768022384715
10060.084961,0.5232879128983396,-0.16964005125597392,-0.15090289499644416,-0.38779683559086786,-0.3381944995735098,0.09347428585113793,0.6989585058892427,0.16549852450519298
10065.084961,0.5232879128983396,-0.16964005125597392,-0.15090289499644416,-0.38779683559086786,-0.3381944995735098,0.09347428585113793,0.6989585058892427,0.16549852450519298
10070.084961,0.5232879128983396,-0.16964005125597392,-0.15090289499644416,-0.38779683559086786,-0.3381944995735098,0.09347428585113793,0.6989585058892427,0.16549852450519298
10075.084961,0.5232879128983396,-0.16964005125597392,-0.15090289499644416,-0.38779683559086786,-0.3381944995735098,0.09347428585113793,0.6989585058892427,0.16549852450519298
10080.084961,0.5232879128983396,-0.16964005125597392,-0.15090289499644416,-0.38779683559086786,-0.3381944995735098,0.09347428585113793,0.6989585058892427,0.16549852450519298
10085.084961,0.27255888431937114,-0.014917908415915004,-0.2207379080196974,-0.1620513494289097,-0.40211988156677736,-0.05260238541143751,0.46214200828651697,-0.0058073117641623375
10090.084961,0.021829855740402637,0.13980423442414391,-0.2905729210429506,0.06369413673304844,-0.46604526356004483,-0.19867905667401295,0.2253255106837911,-0.17711314803351766
10095.084961,-0.22889917283856587,0.29452637726420283,-0.36040793406620386,0.2894396228950066,-0.5299706455533123,-0.3447557279365884,-0.011490986918934664,-0.348418984302873
10100.084961,-0.4796282014175343,0.44924852010426175,-0.43024294708945715,0.5151851090569648,-0.5938960275465799,-0.4908323991991638,-0.24830748452166046,-0.5197248205722282
10105.084961,-0.7303572299965029,0.6039706629443207,-0.5000779601127103,0.7409305952189229,-0.6578214095398474,-0.6369090704617393,-0.4851239821243862,-0.6910306568415836
10110.084961,-0.7303572299965029,0.6039706629443207,-0.5000779601127103,0.7409305952189229,-0.6578214095398474,-0.6369090704617393,-0.4851239821243862,-0.6910306568415836
10115.084961,-0.7303572299965029,0.6039706629443207,-0.5000779601127103,0.7409305952189229,-0.6578214095398474,-0.6369090704617393,-0.4851239821243862,-0.6910306568415836
10120.084961,-0.44746599135025794,0.5419435293774724,-0.21641576581525537,0.40594844536320185,-0.49918712423836525,-0.4212740454645699,-0.28686497903899455,-0.546372610603297
10125.084961,-0.16457475270401298,0.47991639581062406,0.0672464284821996,0.07096629550748083,-0.34055283893688304,-0.2056390204674005,-0.08860597595360287,-0.4017145643650105
10130.084961,0.11831648594223196,0.41788926224377576,0.35090862277965457,-0.26401585434824026,-0.18191855363540088,0.009996004529768853,0.10965302713178882,-0.25705651812672403
10135.084961,0.4012077245884769,0.35586212867692746,0.6345708170771095,-0.5989980042039613,-0.023284268333918723,0.22563102952693823,0.3079120302171805,-0.11239847188843748
10140.084961,0.6840989632347219,0.29383499511007916,0.9182330113745645,-0.9339801540596824,0.13535001696756344,0.4412660545241076,0.5061710333025722,0.03225957434984905
10145.084961,0.6840989632347219,0.29383499511007916,0.9182330113745645,-0.9339801540596824,0.13535001696756344,0.4412660545241076,0.5061710333025722,0.03225957434984905
10150.084961,0.6840989632347219,0.29383499511007916,0.9182330113745645,-0.9339801540596824,0.13535001696756344,0.4412660545241076,0.5061710333025722,0.03225957434984905
10155.084961,0.6516898369621892,0.05523585967954103,0.6835458474423491,-0.8079633037821795,0.13658889141251418,0.26549716125839096,0.48787224833171,0.1197449522755075
10160.084961,0.6192807106896565,-0.1833632757509971,0.4488586835101339,-0.6819464535046766,0.13782776585746492,0.0897282679926743,0.46957346336084776,0.20723033020116594
10165.084961,0.586871584417124,-0.4219624111815352,0.21417151957791852,-0.5559296032271737,0.13906664030241567,-0.08604062527304235,0.45127467838998553,0.2947157081268244
10170.084961,0.5544624581445913,-0.6605615466120733,-0.02051564435429678,-0.42991275294967063,0.1403055147473664,-0.261809518538759,0.4329758934191233,0.3822010860524828
10175.084961,0.5220533318720586,-0.8991606820426113,-0.2552028082865121,-0.3038959026721677,0.14154438919231715,-0.43757841180447565,0.41467710844826106,0.46968646397814134
10180.084961,0.5220533318720586,-0.8991606820426113,-0.2552028082865121,-0.3038959026721677,0.14154438919231715,-0.43757841180447565,0.41467710844826106,0.46968646397814134
10185.084961,0.5220533318720586,-0.8991606820426113,-0.2552028082865121,-0.3038959026721677,0.14154438919231715,-0.43757841180447565,0.41467710844826106,0.46968646397814134
10190.084961,0.5220533318720586,-0.8991606820426113,-0.2552028082865121,-0.3038959026721677,0.14154438919231715,-0.43757841180447565,0.41467710844826106,0.46968646397814134
10195.084961,0.5220533318720586,-0.8991606820426113,-0.2552028082865121,-0.3038959026721677,0.14154438919231715,-0.43757841180447565,0.41467710844826106,0.46968646397814134
10200.084961,0.4166786960397412,-0.5229086698496273,-0.11470135409593016,-0.07693448185537455,0.21538688073076181,-0.18963723497675136,0.5242208060355933,0.48207620588689626
10205.084961,0.31130406020742385,-0.14665665765664296,0.02580010009465177,0.1500269389614186,0.2892293722692065,0.05830394185097294,0.6337645036229256,0.4944659477956511
10210.084961,0.2059294243751065,0.2295953545363413,0.1663015542852337,0.37698835977821177,0.36307186380765116,0.30624511867869725,0.743308201210258,0.5068556897044061
10215.084961,0.10055478854278914,0.6058473667293256,0.30680300847581565,0.6039497805950049,0.4369143553460958,0.5541862955064215,0.8528518987975904,0.5192454316131611
10220.084961,-0.004819847289528223,0.9820993789223099,0.44730446266639756,0.8309112014117981,0.5107568468845405,0.8021274723341458,0.9623955963849227,0.531635173521916
10225.084961,-0.004819847289528223,0.9820993789223099,0.44730446266639756,0.8309112014117981,0.5107568468845405,0.8021274723341458,0.9623955963849227,0.531635173521916
10230.084961,-0.004819847289528223,0.9820993789223099,0.44730446266639756,0.8309112014117981,0.5107568468845405,0.8021274723341458,0.9623955963849227,0.531635173521916
10235.084961,-0.004819847289528223,0.9820993789223099,0.44730446266639756,0.8309112014117981,0.5107568468845405,0.8021274723341458,0.9623955963849227,0.531635173521916
10240.084961,0.036465679109197825,0.7710145116308682,0.48270548076187875,0.5105002762502159,0.40554173427340245,0.8227492541664663,0.9425845876067751,0.5717777690699702
10245.084961,0.07775120550792387,0.5599296443394268,0.5181064988573599,0.19008935108863376,0.3003266216622643,0.8433710359987868,0.9227735788286273,0.6119203646180245
10250.084961,0.11903673190664991,0.3488447770479853,0.5535075169528411,-0.13032157407294848,0.19511150905112626,0.8639928178311072,0.9029625700504795,0.6520629601660788
10255.084961,0.16032225830537597,0.13775990975654376,0.5889085350483223,-0.4507324992345307,0.08989639643998819,0.8846145996634277,0.8831515612723319,0.692205555714133
10260.084961,0.201607784704102,-0.07332495753489776,0.6243095531438034,-0.7711434243961128,-0.015318716171149882,0.905236381495748,0.8633405524941843,0.7323481512621872
10265.084961,0.201607784704102,-0.07332495753489776,0.6243095531438034,-0.7711434243961128,-0.015318716171149882,0.905236381495748,0.8633405524941843,0.7323481512621872
10270.084961,0.2348102482669344,-0.04685703665101841,0.5457324159339766,-0.7722747631529087,-0.13390907527508117,0.8398572386347756,0.5685508946764949,0.6023519594128063
10275.084961,0.26801271182976677,-0.020389115767139067,0.4671552787241498,-0.7734061019097045,-0.25249943437901246,0.774478095773803,0.27376123685880555,0.4723557675634254
10280.084961,0.3012151753925992,0.006078805116740282,0.38857814151432296,-0.7745374406665004,-0.3710897934829437,0.7090989529128304,-0.021028420958883753,0.34235957571404446
10285.084961,0.13819096234228262,-0.14434702983295353,0.421869745487961,-0.46753513460496465,-0.3819409272592161,0.6954656758043306,-0.13357312409885497,0.21677554622305523
10290.084961,-0.02483325070803395,-0.29477286478264736,0.455161349461599,-0.16053282854342904,-0.3927920610354884,0.681832398695831,-0.24611782723882616,0.09119151673206596
10295.084961,-0.2210599273211829,-0.47166662061622056,0.5670300906450638,0.1476008162749023,-0.2850528357078295,0.7335782644483038,-0.06387287256110805,0.09560367909045761
10300.084961,-0.41728660393433187,-0.6485603764497936,0.6788988318285286,0.4557344610932336,-0.1773136103801706,0.7853241302007765,0.11837208211661006,0.10001584144884927
10305.084961,-0.6135132805474808,-0.8254541322833668,0.7907675730119934,0.7638681059115651,-0.06957438505251168,0.8370699959532495,0.30061703679432816,0.10442800380724093
10310.084961,-0.6135132805474808,-0.8254541322833668,0.7907675730119934,0.7638681059115651,-0.06957438505251168,0.8370699959532495,0.30061703679432816,0.10442800380724093
10315.084961,-0.6135132805474808,-0.8254541322833668,0.7907675730119934,0.7638681059115651,-0.06957438505251168,0.8370699959532495,0.30061703679432816,0.10442800380724093
10320.084961,-0.6135132805474808,-0.8254541322833668,0.7907675730119934,0.7638681059115651,-0.06957438505251168,0.8370699959532495,0.30061703679432816,0.10442800380724093
10325.084961,-0.6135132805474808,-0.8254541322833668,0.7907675730119934,0.7638681059115651,-0.06957438505251168,0.8370699959532495,0.30061703679432816,0.10442800380724093
10330.084961,-0.3282326700156487,-0.6897983676308067,0.5417515581124173,0.729872477378408,0.12104363761969732,0.8282656381437148,0.09011274489569447,0.0713082908885501
10335.084961,-0.0429520594838166,-0.5541426029782466,0.29273554321284107,0.6958768488452509,0.31166166029190634,0.8194612803341801,-0.12039154700293922,0.038188577969859284
10340.084961,0.24232855104801548,-0.4184868383256866,0.043719528313264845,0.6618812203120941,0.5022796829641154,0.8106569225246455,-0.3308958389015729,0.005068865051168459
10345.084961,0.5276091615798476,-0.2828310736731266,-0.20529648658631133,0.6278855917789372,0.6928977056363242,0.8018525647151108,-0.5414001308002065,-0.028050847867522367
10350.084961,0.8128897721116797,-0.14717530902056652,-0.4543125014858875,0.5938899632457801,0.8835157283085333,0.7930482069055762,-0.7519044226988403,-0.06117056078621319
10355.084961,0.8128897721116797,-0.14717530902056652,-0.4543125014858875,0.5938899632457801,0.8835157283085333,0.7930482069055762,-0.7519044226988403,-0.06117056078621319
10360.084961,0.8128897721116797,-0.14717530902056652,-0.4543125014858875,0.5938899632457801,0.8835157283085333,0.7930482069055762,-0.7519044226988403,-0.06117056078621319
10365.084961,0.5845497527352685,-0.19488284034914996,-0.4478026670338169,0.5501384687461853,0.5843450813740113,0.43454972598057734,-0.5603718623718354,0.06016646070124687
10370.084961,0.35620973335885747,-0.2425903716777334,-0.4412928325817463,0.5063869742465905,0.2851744344394893,0.07605124505557859,-0.36883930204483073,0.18150348218870693
10375.084961,0.1278697139824463,-0.2902979030063168,-0.4347829981296756,0.46263547974699576,-0.013996212495032623,-0.2824472358694203,-0.17730674171782593,0.302840503676167
10380.084961,-0.14061705431179164,-0.32829201630052474,-0.22872202808506695,0.3272875486293816,-0.20839326416622223,-0.6097134498734536,-0.02364656631358115,0.4560921545618003
10385.084961,-0.4091038226060295,-0.36628612959473267,-0.022661058040458305,0.1919396175117674,-0.40279031583741187,-0.9369796638774867,0.13001360909066362,0.6093438054474334
10390.084961,-0.4492505715238563,-0.35657271156035714,0.1768900775520797,0.10034318089374801,-0.29801672057407946,-0.9057473969565212,0.0921412241679036,0.6412584348456066
10395.084961,-0.4893973204416831,-0.34685929352598166,0.37644121314461765,0.008746744275728613,-0.1932431253107471,-0.8745151300355556,0.054268839245143585,0.6731730642437799
10400.084961,-0.5295440693595099,-0.33714587549160613,0.5759923487371557,-0.08284969234229078,-0.08846953004741476,-0.8432828631145901,0.01639645432238357,0.705087693641953
10405.084961,-0.5295440693595099,-0.33714587549160613,0.5759923487371557,-0.08284969234229078,-0.08846953004741476,-0.8432828631145901,0.01639645432238357,0.705087693641953
10410.084961,-0.5295440693595099,-0.33714587549160613,0.5759923487371557,-0.08284969234229078,-0.08846953004741476,-0.8432828631145901,0.01639645432238357,0.705087693641953
10415.084961,-0.5646880397582186,-0.45310294615414026,0.2650418584915461,0.11693415904799602,-0.13573491122027098,-0.6753719294318979,-0.17887869362596537,0.41082145467690295
10420.084961,-0.5998320101569272,-0.5690600168166744,-0.045908631754063435,0.31671801043828285,-0.18300029239312723,-0.5074609957492058,-0.3741538415743143,0.11655521571185287
10425.084961,-0.634975980555636,-0.6850170874792086,-0.35685912199967296,0.5165018618285696,-0.23026567356598346,-0.33955006206651356,-0.5694289895226633,-0.17771102325319718
10430.084961,-0.6701199509543447,-0.8009741581417428,-0.6678096122452826,0.7162857132188564,-0.2775310547388397,-0.17163912838382137,-0.7647041374710122,-0.47197726221824726
10435.084961,-0.723109347409225,-0.8835587389468937,-0.7061301449613197,0.9275292733579092,-0.2378972425710993,0.05348647571173237,-0.8893995837038545,-0.7889720105897107
10440.084961,-0.7409547734653966,-0.8501862490895105,-0.4335001874317472,0.9389889821066756,-0.1509980492305026,0.11070114612459392,-0.8188198819883479,-0.8117005199961239
10445.084961,-0.7588001995215681,-0.8168137592321273,-0.16087022990217476,0.9504486908554416,-0.06409885588990596,0.16791581653745546,-0.7482401802728413,-0.8344290294025374
10450.084961,-0.5263393120424177,-0.7216104837915982,0.12886207260884525,0.8534953680104899,0.05605167444451027,-0.019841917405437705,-0.5908473892595303,-0.6418609886255539
10455.084961,-0.29387842456326735,-0.626407208351069,0.4185943751198652,0.7565420451655379,0.1762022047789265,-0.20759965134833086,-0.4334545982462192,-0.44929294784857027
10460.084961,-0.043572111027945226,-0.5645764227679232,0.4356967201013127,0.6481290135718201,0.20945354177274605,-0.4525720557040856,-0.3466415089484148,-0.23399639766517355
10465.084961,0.20673420250737684,-0.5027456371847773,0.45279906508276024,0.539715981978102,0.24270487876656563,-0.6975444600598404,-0.2598284196506103,-0.018699847481776777
10470.084961,0.22370989556593007,-0.2537099313710194,0.40289372339846147,0.33436851181367877,0.3044513583485625,-0.7391514649282444,0.0392545655228842,0.2615081120960835
10475.084961,-0.009620724910838785,-0.0665050111404073,0.3358860367327151,0.2374340732429736,0.3329465009367398,-0.5357860654408938,0.2515244613985743,0.32641952149054704
10480.084961,-0.24295134538760763,0.12069990909020478,0.2688783500669688,0.14049963467226845,0.3614416435249171,-0.33242066595354325,0.46379435727426443,0.39133093088501053
10485.084961,-0.4762819658643765,0.30790482932081686,0.20187066340122245,0.043565196101563286,0.38993678611309435,-0.12905526646619264,0.6760642531499546,0.4562423402794741
10490.084961,-0.7096125863411453,0.495109749551429,0.1348629767354761,-0.053369242469141875,0.4184319287012716,0.07431013302115796,0.8883341490256447,0.5211537496739376
10495.084961,-0.7096125863411453,0.495109749551429,0.1348629767354761,-0.053369242469141875,0.4184319287012716,0.07431013302115796,0.8883341490256447,0.5211537496739376
10500.084961,-0.5756034232416993,0.5021137902915948,0.1687139486173988,0.1322931511879188,0.317396963139425,-0.07481076005635487,0.7453111654666825,0.3471035733644677
10505.084961,-0.44159426014225345,0.5091178310317606,0.20256492049932148,0.31795554484497945,0.2163619975775784,-0.2239316531338677,0.6022881819077204,0.17305339705499775
10510.084961,-0.3075850970428076,0.5161218717719265,0.2364158923812442,0.5036179385020402,0.11532703201573176,-0.37305254621138056,0.45926519834875845,-0.0009967792544721466
10515.084961,-0.1735759339433617,0.5231259125120923,0.2702668642631669,0.6892803321591009,0.014292066453885121,-0.5221734392888934,0.31624221478979636,-0.17504695556394206
10520.084961,-0.0395667708439158,0.5301299532522581,0.3041178361450896,0.8749427258161615,-0.08674289910796151,-0.6712943323664062,0.17321923123083427,-0.34909713187341196
10525.084961,-0.0395667708439158,0.5301299532522581,0.3041178361450896,0.8749427258161615,-0.08674289910796151,-0.6712943323664062,0.17321923123083427,-0.34909713187341196
10530.084961,-0.11175680533428087,0.2513081977438725,0.20590573710379184,0.6011833506737748,-0.22504170553906766,-0.698441927470056,0.3025859310182748,-0.39021026257469776
10535.084961,-0.18394683982464594,-0.02751355776451314,0.10769363806249407,0.327423975531388,-0.3633405119701738,-0.7255895225737058,0.4319526308057153,-0.43132339327598357
10540.084961,-0.25613687431501103,-0.30633531327289876,0.009481539021196328,0.05366460038900138,-0.50163931840128,-0.7527371176773554,0.5613193305931559,-0.4724365239772693
10545.084961,-0.32832690880537607,-0.5851570687812844,-0.08873056002010142,-0.22009477475338532,-0.6399381248323861,-0.7798847127810052,0.6906860303805964,-0.5135496546785552
10550.084961,-0.40051694329574117,-0.86397882428967,-0.18694265906139917,-0.49385414989577203,-0.7782369312634922,-0.8070323078846549,0.8200527301680369,-0.5546627853798409
10555.084961,-0.40051694329574117,-0.86397882428967,-0.18694265906139917,-0.49385414989577203,-0.7782369312634922,-0.8070323078846549,0.8200527301680369,-0.5546627853798409
10560.084961,-0.40051694329574117,-0.86397882428967,-0.18694265906139917,-0.49385414989577203,-0.7782369312634922,-0.8070323078846549,0.8200527301680369,-0.5546627853798409
10565.084961,-0.16468774602401703,-0.7578443788552937,-0.1804189899153606,-0.29118143560747917,-0.5490653960204158,-0.7185377037835388,0.7134870575191348,-0.36979663110270083
10570.084961,0.0711414512477071,-0.6517099334209174,-0.173895320769322,-0.08850872131918627,-0.3198938607773393,-0.6300430996824227,0.6069213848702327,-0.1849304768255607
10575.084961,0.30697064851943123,-0.5455754879865411,-0.1673716516232834,0.11416399296910659,-0.09072232553426277,-0.5415484955813067,0.5003557122213305,-6.432254842061446e-5
10580.084961,0.5427998457911554,-0.4394410425521647,-0.1608479824772448,0.3168367072573995,0.13844920970881375,-0.4530538914801907,0.3937900395724283,0.1848018317287195
10585.084961,0.7786290430628795,-0.33330659711778843,-0.15432431333120622,0.5195094215456924,0.36762074495189023,-0.3645592873790746,0.28722436692352615,0.3696679860058596
10590.084961,0.7786290430628795,-0.33330659711778843,-0.15432431333120622,0.5195094215456924,0.36762074495189023,-0.3645592873790746,0.28722436692352615,0.3696679860058596
10595.084961,0.7786290430628795,-0.33330659711778843,-0.15432431333120622,0.5195094215456924,0.36762074495189023,-0.3645592873790746,0.28722436692352615,0.3696679860058596
10600.084961,0.7786290430628795,-0.33330659711778843,-0.15432431333120622,0.5195094215456924,0.36762074495189023,-0.3645592873790746,0.28722436692352615,0.3696679860058596
10605.084961,0.6601173027821285,-0.32538912000747205,0.06238087296748818,0.2732693378093064,0.1173621490004098,-0.304974684810539,0.37615655444629514,0.3831610938698604
10610.084961,0.5416055625013777,-0.3174716428971557,0.2790860592661826,0.027029254072920495,-0.13289644695107064,-0.24539008224200343,0.46508874196906425,0.39665420173386123
10615.084961,0.42309382222062675,-0.30955416578683936,0.49579124556487697,-0.21921082966346545,-0.3831550429025511,-0.18580547967346783,0.5540209294918332,0.4101473095978621
10620.084961,0.30458208193987585,-0.301636688676523,0.7124964318635714,-0.46545091339985134,-0.6334136388540316,-0.12622087710493224,0.6429531170146022,0.42364041746186293
10625.084961,0.18607034165912495,-0.2937192115662066,0.9292016181622657,-0.7116909971362373,-0.8836722348055119,-0.06663627453639664,0.7318853045373712,0.43713352532586375
10630.084961,0.18607034165912495,-0.2937192115662066,0.9292016181622657,-0.7116909971362373,-0.8836722348055119,-0.06663627453639664,0.7318853045373712,0.43713352532586375
10635.084961,0.18607034165912495,-0.2937192115662066,0.9292016181622657,-0.7116909971362373,-0.8836722348055119,-0.06663627453639664,0.7318853045373712,0.43713352532586375
10640.084961,0.265837382202827,-0.34789677899268734,0.7114559662122032,-0.7384043488926453,-0.6548837676396788,-0.03167688890053717,0.7273778012240195,0.4221747084638233
10645.084961,0.345604422746529,-0.4020743464191681,0.4937103142621405,-0.7651177006490532,-0.42609530047384575,0.0032824967353223045,0.7228702979106677,0.40721589160178284
10650.084961,0.42537146329023107,-0.4562519138456489,0.27596466231207784,-0.7918310524054611,-0.19730683330801257,0.03824188237118178,0.7183627945973159,0.39225707473974236
10655.084961,0.5051385038339331,-0.5104294812721296,0.058219010362015225,-0.8185444041618691,0.031481633857820546,0.07320126800704126,0.7138552912839641,0.37729825787770194
10660.084961,0.5849055443776352,-0.5646070486986103,-0.1595266415880474,-0.8452577559182771,0.26027010102365367,0.10816065364290073,0.7093477879706123,0.3623394410156615
10665.084961,0.5849055443776352,-0.5646070486986103,-0.1595266415880474,-0.8452577559182771,0.26027010102365367,0.10816065364290073,0.7093477879706123,0.3623394410156615
10670.084961,0.5849055443776352,-0.5646070486986103,-0.1595266415880474,-0.8452577559182771,0.26027010102365367,0.10816065364290073,0.7093477879706123,0.3623394410156615
10675.084961,0.5849055443776352,-0.5646070486986103,-0.1595266415880474,-0.8452577559182771,0.26027010102365367,0.10816065364290073,0.7093477879706123,0.3623394410156615
10680.084961,0.5849055443776352,-0.5646070486986103,-0.1595266415880474,-0.8452577559182771,0.26027010102365367,0.10816065364290073,0.7093477879706123,0.3623394410156615
10685.084961,0.3982621735127578,-0.6016831892156383,0.03105412882694263,-0.7968843486301793,0.03068168640183937,0.2463359394203107,0.6405637460392073,0.3606534673033523
10690.084961,0.21161880264788038,-0.6387593297326662,0.22163489924193266,-0.7485109413420815,-0.19890672821997493,0.3845112251977207,0.5717797041078023,0.3589674935910431
10695.084961,0.024975431783002967,-0.6758354702496943,0.41221566965692275,-0.7001375340539839,-0.42849514284178924,0.5226865109751306,0.5029956621763975,0.3572815198787339
10700.084961,-0.16166793908187443,-0.7129116107667223,0.6027964400719128,-0.6517641267658861,-0.6580835574636035,0.6608617967525408,0.4342116202449926,0.3555955461664247
10705.084961,-0.34831130994675186,-0.7499877512837503,0.7933772104869028,-0.6033907194777883,-0.8876719720854178,0.7990370825299506,0.36542757831358763,0.3539095724541155
10710.084961,-0.33983964254302557,-0.7792585398849045,0.7197627543920204,-0.6116277349298423,-0.8549402248073882,0.5198434760498973,0.35849981686034793,0.18669015475129203
10715.084961,-0.3313679751392992,-0.8085293284860586,0.6461482982971379,-0.6198647503818963,-0.8222084775293587,0.24064986956984386,0.35157205540710823,0.019470737048468578
10720.084961,-0.32289630773557293,-0.8378001170872128,0.5725338422022556,-0.6281017658339503,-0.789476730251329,-0.038543736910209556,0.34464429395386853,-0.14774868065435487
10725.084961,-0.3144246403318466,-0.867070905688367,0.4989193861073732,-0.6363387812860042,-0.7567449829732993,-0.31773734339026294,0.33771653250062883,-0.3149680983571783
10730.084961,-0.3059529729281203,-0.8963416942895212,0.4253049300124907,-0.6445757967380581,-0.7240132356952698,-0.5969309498703164,0.33078877104738913,-0.4821875160600017
10735.084961,-0.38190558645949285,-0.7668882083019678,0.2596453458636804,-0.6451386919878667,-0.42991310739842037,-0.42890731910007335,0.14433298531959657,-0.336433059527203
10740.084961,-0.4578581999908654,-0.6374347223144147,0.09398576171487001,-0.6457015872376752,-0.13581297910157097,-0.26088368832983033,-0.04212280040819598,-0.19067860299440417
10745.084961,-0.533810813522238,-0.5079812363268614,-0.07167382243394034,-0.6462644824874838,0.15828714919527842,-0.09286005755958734,-0.22857858613598853,-0.044924146461605384
10750.084961,-0.6097634270536105,-0.37852775033930836,-0.23733340658275068,-0.6468273777372924,0.4523872774921278,0.07516357321065566,-0.4150343718637811,0.1008303100711934
10755.084961,-0.6857160405849831,-0.24907426435175517,-0.40299299073156103,-0.6473902729871008,0.7464874057889772,0.24318720398089866,-0.6014901575915736,0.2465847666039922
10760.084961,-0.6365124933266776,-0.012679751466499977,-0.22775020825630815,-0.4252978667361223,0.5067892080588098,0.3214132619205924,-0.6435212753860454,0.21104071190475784
10765.084961,-0.587308946068372,0.2237147614187552,-0.05250742578105525,-0.20320546048514382,0.2670910103286423,0.39963931986028617,-0.6855523931805172,0.1754966572055235
10770.084961,-0.5381053988100666,0.4601092743040104,0.12273535669419763,0.018886945765834672,0.02739281259847486,0.4778653777999799,-0.7275835109749889,0.1399526025062891
10775.084961,-0.4889018515517609,0.6965037871892656,0.29797813916945054,0.24097935201681317,-0.2123053851316926,0.5560914357396737,-0.7696146287694606,0.10440854780705475
10780.084961,-0.40538369484017667,0.7818853015322856,0.5044545690270589,0.2696862510653398,-0.42084897783681824,0.6643784017906323,-0.7574316061226722,0.24896774863629076
10785.084961,-0.37106908538689776,0.6308723029900506,0.5356882164094143,0.07630074386288785,-0.38969437281177655,0.6944393099018974,-0.7032174656814121,0.4290710041647611
10790.084961,-0.33675447593361885,0.4798593044478154,0.5669218637917697,-0.11708476333956405,-0.3585397677867348,0.7245002180131623,-0.649003325240152,0.6091742596932315
10795.084961,-0.2379389730307185,0.17577933599946421,0.6707578323563741,-0.27963078051350815,-0.15794327251600498,0.6456231789305271,-0.6558225637401177,0.5141128896253915
10800.084961,-0.13912347012781817,-0.12830063244888698,0.7745938009209785,-0.44217679768745216,0.04265322275472481,0.5667461398478919,-0.6626418022400836,0.41905151955755143
10805.084961,-0.07462257667819668,-0.281367602355003,0.8471961221032276,-0.41133730765894433,0.21209511300041287,0.45780819265399153,-0.7236751811813095,0.14388689396124105
10810.084961,0.15159197295856922,-0.36567662982002913,0.6091550968392159,-0.3344123395709267,0.3221769820051533,0.4294239839818383,-0.5448134769357811,-0.09787877625726979
10815.084961,0.3778065225953351,-0.44998565728505524,0.3711140715752041,-0.257487371482909,0.43225885100989386,0.4010397753096851,-0.3659517726902529,-0.3396444464757806
10820.084961,0.5395201787824795,-0.3812277148439652,0.0604707251289434,-0.21140189342339913,0.3728988297689463,0.4815935138314321,-0.1260566895034986,-0.30624549109798105
10825.084961,0.7012338349696239,-0.31246977240287527,-0.2501726213173173,-0.16531641536388925,0.3135388085279987,0.5621472523531793,0.1138383936832557,-0.27284653572018147
10830.084961,0.8629474911567684,-0.2437118299617853,-0.560815967763578,-0.11923093730437939,0.2541787872870511,0.6427009908749264,0.35373347687001,-0.2394475803423819
10835.084961,0.8629474911567684,-0.2437118299617853,-0.560815967763578,-0.11923093730437939,0.2541787872870511,0.6427009908749264,0.35373347687001,-0.2394475803423819
10840.084961,0.8629474911567684,-0.2437118299617853,-0.560815967763578,-0.11923093730437939,0.2541787872870511,0.6427009908749264,0.35373347687001,-0.2394475803423819
10845.084961,0.8629474911567684,-0.2437118299617853,-0.560815967763578,-0.11923093730437939,0.2541787872870511,0.6427009908749264,0.35373347687001,-0.2394475803423819
10850.084961,0.5996172078802944,-0.1923991545663979,-0.566559558099476,-0.2374525592258317,0.10754472302844235,0.5792776151872149,0.39249084301545095,-0.218548014837132
10855.084961,0.3362869246038204,-0.14108647917101047,-0.5723031484353739,-0.355674181147284,-0.039089341230166406,0.5158542394995033,0.4312482091608919,-0.19764844933188205
10860.084961,0.07295664132734658,-0.08977380377562305,-0.5780467387712719,-0.47389580306873624,-0.18572340548877517,0.4524308638117918,0.4700055753063329,-0.17674888382663215
10865.084961,-0.19037364194912731,-0.03846112838023563,-0.5837903291071698,-0.5921174249901886,-0.33235746974738395,0.38900748812408026,0.5087629414517739,-0.1558493183213822
10870.084961,-0.45370392522560116,0.012851547015151787,-0.5895339194430678,-0.7103390469116408,-0.47899153400599276,0.32558411243636876,0.5475203075972148,-0.1349497528161323
10875.084961,-0.45370392522560116,0.012851547015151787,-0.5895339194430678,-0.7103390469116408,-0.47899153400599276,0.32558411243636876,0.5475203075972148,-0.1349497528161323
10880.084961,-0.45370392522560116,0.012851547015151787,-0.5895339194430678,-0.7103390469116408,-0.47899153400599276,0.32558411243636876,0.5475203075972148,-0.1349497528161323
10885.084961,-0.39054689022000433,-0.11714757224416812,-0.37049791352720984,-0.497242269406639,-0.5021267122008197,0.33468520699904963,0.5164574765144735,0.08272265387232376
10890.084961,-0.3273898552144074,-0.24714669150348803,-0.15146190761135198,-0.2841454919016372,-0.5252618903956467,0.3437863015617305,0.4853946454317322,0.3003950605607798
10895.084961,-0.2642328202088105,-0.37714581076280795,0.06757409830450593,-0.07104871439663545,-0.5483970685904738,0.35288739612441133,0.4543318143489907,0.5180674672492358
10900.084961,-0.2010757852032136,-0.5071449300221278,0.2866101042203638,0.14204806310836635,-0.5715322467853008,0.3619884906870922,0.4232689832662494,0.735739873937692
10905.084961,-0.13235010324946295,-0.4284326517681947,0.5044312536693265,0.1698038530187695,-0.3270089183446155,0.15295307030646904,0.26993374387635416,0.7338904120679761
10910.084961,-0.12678145630130921,-0.21972125425494168,0.5032163972024313,-0.015537134575829148,-0.059350411709103136,-0.06518344463683504,0.1476613355692002,0.5143685435098041
10915.084961,-0.12121280935315548,-0.011009856741688662,0.502001540735536,-0.2008781221704278,0.2083080949264092,-0.2833199595801391,0.02538892726204627,0.294846674951632
10920.084961,0.059547850506473224,0.09252716941426131,0.4781715151088749,-0.21962106383420776,0.1299316761540355,-0.27453719128751264,-0.03584152075481817,0.002418744526776795
10925.084961,0.24030851036610193,0.1960641955702113,0.45434148948221365,-0.23836400549798772,0.05155525738166178,-0.2657544229948862,-0.0970719687716826,-0.29000918589807845
10930.084961,0.4155005232775769,0.09088982421290823,0.4317263203224476,-0.07176595956716905,-0.2944796680262243,-0.038835139758955736,-0.03603000848139311,-0.3629152477647617
10935.084961,0.5906925361890518,-0.01428454714439482,0.4091111511626817,0.09483208636364963,-0.6405145934341103,0.18808414347697475,0.025011951808896392,-0.4358213096314449
10940.084961,0.7658845491005268,-0.11945891850169787,0.3864959820029157,0.2614301322944683,-0.9865495188419964,0.4150034267129053,0.08605391209918589,-0.5087273714981282
10945.084961,0.7658845491005268,-0.11945891850169787,0.3864959820029157,0.2614301322944683,-0.9865495188419964,0.4150034267129053,0.08605391209918589,-0.5087273714981282
10950.084961,0.7658845491005268,-0.11945891850169787,0.3864959820029157,0.2614301322944683,-0.9865495188419964,0.4150034267129053,0.08605391209918589,-0.5087273714981282
10955.084961,0.7658845491005268,-0.11945891850169787,0.3864959820029157,0.2614301322944683,-0.9865495188419964,0.4150034267129053,0.08605391209918589,-0.5087273714981282
10960.084961,0.6299088127760679,-0.16922001749480672,0.18635318406262974,0.07128434254340776,-0.8024649838275038,0.18629082862502852,-0.10209591406262505,-0.2965611028876744
10965.084961,0.4939330764516091,-0.21898111648791557,-0.013789613877656181,-0.11886144720765279,-0.6183804488130111,-0.04242176946284819,-0.290245740224436,-0.08439483427722064
10970.084961,0.3579573401271501,-0.26874221548102445,-0.21393241181794212,-0.30900723695871335,-0.43429591379851845,-0.2711343675507249,-0.478395566386247,0.12777143433323315
10975.084961,0.22198160380269116,-0.31850331447413327,-0.4140752097582281,-0.49915302670977385,-0.2502113787840259,-0.4998469656386016,-0.666545392548058,0.3399377029436869
10980.084961,0.08600586747823225,-0.36826441346724215,-0.614218007698514,-0.6892988164608345,-0.06612684376953326,-0.7285595637264783,-0.854695218709869,0.5521039715541407
10985.084961,0.08600586747823225,-0.36826441346724215,-0.614218007698514,-0.6892988164608345,-0.06612684376953326,-0.7285595637264783,-0.854695218709869,0.5521039715541407
10990.084961,0.08600586747823225,-0.36826441346724215,-0.614218007698514,-0.6892988164608345,-0.06612684376953326,-0.7285595637264783,-0.854695218709869,0.5521039715541407
10995.084961,0.08600586747823225,-0.36826441346724215,-0.614218007698514,-0.6892988164608345,-0.06612684376953326,-0.7285595637264783,-0.854695218709869,0.5521039715541407
11000.084961,0.11852906808581495,-0.13017000756872768,-0.6673712683868679,-0.711222681220803,0.0016454213085468794,-0.6906778776480766,-0.5509134868127417,0.6022083384137998
11005.084961,0.15105226869339766,0.1079243983297868,-0.7205245290752218,-0.7331465459807716,0.06941768638662701,-0.6527961915696749,-0.24713175491561445,0.6523127052734591
11010.084961,0.1835754693009804,0.3460188042283013,-0.7736777897635758,-0.7550704107407402,0.13718995146470717,-0.6149145054912734,0.05664997698151275,0.7024170721331181
11015.084961,0.2160986699085631,0.5841132101268156,-0.8268310504519295,-0.7769942755007088,0.2049622165427873,-0.5770328194128718,0.36043170887863996,0.7525214389927772
11020.084961,0.24862187051614582,0.8222076160253302,-0.8799843111402834,-0.7989181402606773,0.27273448162086744,-0.5391511333344701,0.6642134407757672,0.8026258058524365
11025.084961,0.24862187051614582,0.8222076160253302,-0.8799843111402834,-0.7989181402606773,0.27273448162086744,-0.5391511333344701,0.6642134407757672,0.8026258058524365
11030.084961,0.24862187051614582,0.8222076160253302,-0.8799843111402834,-0.7989181402606773,0.27273448162086744,-0.5391511333344701,0.6642134407757672,0.8026258058524365
11035.084961,0.24862187051614582,0.8222076160253302,-0.8799843111402834,-0.7989181402606773,0.27273448162086744,-0.5391511333344701,0.6642134407757672,0.8026258058524365
11040.084961,0.24862187051614582,0.8222076160253302,-0.8799843111402834,-0.7989181402606773,0.27273448162086744,-0.5391511333344701,0.6642134407757672,0.8026258058524365
11045.084961,0.17376340230212683,0.713030200673755,-0.8230472112141974,-0.46512212901216554,0.17225538230949972,-0.5674500687686699,0.6831557071376999,0.5823503723903479
11050.084961,0.09890493408810785,0.6038527853221799,-0.7661101112881115,-0.13132611776365372,0.07177628299813196,-0.5957490042028697,0.7020979734996325,0.36207493892825937
11055.084961,0.024046465874088874,0.4946753699706047,-0.7091730113620256,0.20246989348485805,-0.02870281631323577,-0.6240479396370697,0.7210402398615653,0.14179950546617076
11060.084961,-0.05081200233993011,0.3854979546190295,-0.6522359114359396,0.5362659047333699,-0.12918191562460352,-0.6523468750712695,0.7399825062234981,-0.07847592799591782
11065.084961,-0.1256704705539491,0.27632053926745437,-0.5952988115098539,0.8700619159818818,-0.22966101493597124,-0.6806458105054694,0.7589247725854309,-0.2987513614580064
11070.084961,-0.1256704705539491,0.27632053926745437,-0.5952988115098539,0.8700619159818818,-0.22966101493597124,-0.6806458105054694,0.7589247725854309,-0.2987513614580064
11075.084961,-0.15420545498118637,0.16759573474179573,-0.45808971023130207,0.7900027942584366,-0.21646508125975913,-0.549733352258421,0.6068416163268351,-0.2761304078156227
11080.084961,-0.1827404394084237,0.05887093021613712,-0.3208806089527502,0.7099436725349915,-0.20326914758354703,-0.4188208940113727,0.45475846006823933,-0.25350945417323906
11085.084961,-0.21127542383566097,-0.049853874309521505,-0.18367150767419843,0.6298845508115465,-0.19007321390733495,-0.2879084357643241,0.3026753038096436,-0.23088850053085536
11090.084961,-0.2398104082628983,-0.15857867883518012,-0.046462406395646604,0.5498254290881013,-0.17687728023112284,-0.15699597751727573,0.15059214755104783,-0.20826754688847168
11095.084961,-0.2683453926901356,-0.26730348336083876,0.09074669488290521,0.46976630736465613,-0.16368134655491073,-0.02608351927022734,-0.001491008707547925,-0.185646593246088
11100.084961,-0.22888854953528165,-0.1349299846187318,-0.09942320572481318,0.3373278008497597,-0.06093527510077719,0.10626152093700832,-0.05583627759926735,-0.061042159463586064
11105.084961,-0.18943170638042775,-0.0025564858766248034,-0.28959310633253155,0.2048892943348634,0.04181079635335636,0.23860656114424397,-0.11018154649098677,0.06356227431891588
11110.084961,-0.14997486322557382,0.12981701286548217,-0.47976300694025,0.07245078781996703,0.1445568678074899,0.37095160135147964,-0.1645268153827062,0.18816670810141783
11115.084961,-0.11051802007071991,0.26219051160758916,-0.6699329075479683,-0.05998771869492932,0.24730293926162344,0.5032966415587152,-0.21887208427442562,0.31277114188391975
11120.084961,-0.071061176915866,0.3945640103496961,-0.8601028081556867,-0.19242622520982566,0.350049010715757,0.6356416817659509,-0.27321735316614504,0.43737557566642166
11125.084961,-0.071061176915866,0.3945640103496961,-0.8601028081556867,-0.19242622520982566,0.350049010715757,0.6356416817659509,-0.27321735316614504,0.43737557566642166
11130.084961,-0.071061176915866,0.3945640103496961,-0.8601028081556867,-0.19242622520982566,0.350049010715757,0.6356416817659509,-0.27321735316614504,0.43737557566642166
11135.084961,-0.13407656706965915,0.14809956062468238,-0.6286026750008412,-0.044043493603699614,0.19289085545445467,0.5376183361414533,-0.3185694246048084,0.46013957992712556
11140.084961,-0.19709195722345227,-0.09836488910033134,-0.3971025418459958,0.10433923800242643,0.03573270019315231,0.4395949905169557,-0.36392149604347185,0.4829035841878294
11145.084961,-0.2601073473772454,-0.34482933882534506,-0.16560240869115037,0.2527219696085525,-0.12142545506815003,0.34157164489245806,-0.40927356748213517,0.5056675884485332
11150.084961,-0.32312273753103854,-0.5912937885503589,0.06589772446369509,0.40110470121467856,-0.2785836103294524,0.24354829926796046,-0.45462563892079866,0.528431592709237
11155.084961,-0.3861381276848317,-0.8377582382753725,0.29739785761854054,0.5494874328208046,-0.43574176559075467,0.14552495364346285,-0.4999777103594621,0.5511955969699409
11160.084961,-0.3861381276848317,-0.8377582382753725,0.29739785761854054,0.5494874328208046,-0.43574176559075467,0.14552495364346285,-0.4999777103594621,0.5511955969699409
11165.084961,-0.3861381276848317,-0.8377582382753725,0.29739785761854054,0.5494874328208046,-0.43574176559075467,0.14552495364346285,-0.4999777103594621,0.5511955969699409
11170.084961,-0.3861381276848317,-0.8377582382753725,0.29739785761854054,0.5494874328208046,-0.43574176559075467,0.14552495364346285,-0.4999777103594621,0.5511955969699409
11175.084961,-0.138800757305783,-0.8133860585182962,0.22804949323713702,0.4361899405304042,-0.22773131825559084,0.22907951335474097,-0.5538862022462918,0.3674143010009293
11180.084961,0.10853661307326568,-0.7890138787612196,0.15870112885573354,0.32289244824000385,-0.01972087092042698,0.3126340730660191,-0.6077946941331218,0.18363300503191776
11185.084961,0.35587398345231436,-0.7646416990041432,0.08935276447433002,0.20959495594960345,0.1882895764147369,0.3961886327772972,-0.6617031860199516,-0.00014829093709383122
11190.084961,0.603211353831363,-0.7402695192470669,0.020004400092926523,0.09629746365920307,0.39630002374990075,0.47974319248857533,-0.7156116779067814,-0.18392958690610542
11195.084961,0.8003330405659463,-0.6108719688663717,0.04643189103555474,0.0428594374574784,0.39899706641671606,0.46227986894834416,-0.4158414597755063,-0.13570152190779794
11200.084961,0.750117356921481,-0.5058465982427531,0.14220774635958647,0.10271890354615412,0.19368366174836743,0.3612619856968348,-0.062162749757401235,0.09630783905952112
11205.084961,0.6999016732770157,-0.4008212276191346,0.23798360168361818,0.16257836963482983,-0.011629742919981156,0.26024410244532553,0.2915159602607039,0.3283172000268402
11210.084961,0.6496859896325503,-0.2957958569955159,0.3337594570076499,0.22243783572350556,-0.21694314758832975,0.15922621919381622,0.645194670278809,0.5603265609941592
11215.084961,0.5770907235353306,-0.1704938783398981,0.17791303016852172,0.28036820715800526,-0.36599919992603336,0.19092465956838023,0.7158149828132483,0.4810966621752034
11220.084961,0.554711141082576,-0.15021727030789891,-0.07370925199463821,0.2784391125038292,-0.3097418475953884,0.32364098319445356,0.4327565853295826,0.1698574023889286
11225.084961,0.5323315586298216,-0.1299406622758997,-0.32533153415779814,0.2765100178496532,-0.2534844952647434,0.4563573068205269,0.14969818784591685,-0.14138185739734627
11230.084961,0.509951976177067,-0.10966405424390051,-0.576953816320958,0.2745809231954771,-0.19722714293409846,0.5890736304466002,-0.13336020963774892,-0.4526211171836211
11235.084961,0.48757239372431266,-0.08938744621190131,-0.828576098484118,0.2726518285413011,-0.1409697906034535,0.7217899540726735,-0.41641860712141465,-0.763860376969896
11240.084961,0.48757239372431266,-0.08938744621190131,-0.828576098484118,0.2726518285413011,-0.1409697906034535,0.7217899540726735,-0.41641860712141465,-0.763860376969896
11245.084961,0.31976032282427946,-0.0929889860883852,-0.8398693424371464,0.36044028998540806,-0.2580891126497987,0.5861615550426477,-0.4691099400550736,-0.7291305471971394
11250.084961,0.15194825192424627,-0.09659052596486908,-0.8511625863901748,0.448228751429515,-0.3752084346961439,0.4505331560126217,-0.5218012729887326,-0.6944007174243828
11255.084961,-0.01586381897578688,-0.10019206584135296,-0.8624558303432032,0.5360172128736219,-0.4923277567424892,0.3149047569825957,-0.5744926059223915,-0.6596708876516263
11260.084961,-0.18367588987582004,-0.10379360571783684,-0.8737490742962317,0.6238056743177289,-0.6094470787888342,0.17927635795256974,-0.6271839388560505,-0.6249410578788697
11265.084961,-0.3514879607758532,-0.10739514559432073,-0.8850423182492602,0.7115941357618358,-0.7265664008351795,0.043647958922543806,-0.6798752717897094,-0.5902112281061132
11270.084961,-0.3514879607758532,-0.10739514559432073,-0.8850423182492602,0.7115941357618358,-0.7265664008351795,0.043647958922543806,-0.6798752717897094,-0.5902112281061132
11275.084961,-0.09709711613948357,0.0288000296028601,-0.8536796466653567,0.6286551547927383,-0.4811926151569043,0.1853030570968846,-0.3669670054390402,-0.37562587908980744
11280.084961,0.15729372849688605,0.16499520480004093,-0.8223169750814531,0.5457161738236407,-0.23581882947862906,0.3269581552712254,-0.05405873908837098,-0.16104053007350175
11285.084961,0.4116845731332557,0.30119037999722176,-0.7909543034975496,0.46277719285454316,0.009554956199646237,0.46861325344556615,0.25884952726229826,0.05354481894280396
11290.084961,0.6660754177696253,0.43738555519440253,-0.7595916319136462,0.37983821188544564,0.25492874187792147,0.610268351619907,0.5717577936129674,0.26813016795910966
11295.084961,0.9204662624059949,0.5735807303915834,-0.7282289603297427,0.29689923091634807,0.5003025275561968,0.7519234497942477,0.8846660599636367,0.4827155169754153
11300.084961,0.9204662624059949,0.5735807303915834,-0.7282289603297427,0.29689923091634807,0.5003025275561968,0.7519234497942477,0.8846660599636367,0.4827155169754153
11305.084961,0.9204662624059949,0.5735807303915834,-0.7282289603297427,0.29689923091634807,0.5003025275561968,0.7519234497942477,0.8846660599636367,0.4827155169754153
11310.084961,0.9204662624059949,0.5735807303915834,-0.7282289603297427,0.29689923091634807,0.5003025275561968,0.7519234497942477,0.8846660599636367,0.4827155169754153
11315.084961,0.9182067044189226,0.6094300811880153,-0.46414076741442534,0.3291318439237161,0.32819884801834154,0.7368950202907139,0.7104748985598065,0.4009336618062854
11320.084961,0.9159471464318504,0.6452794319844474,-0.20005257449910802,0.3613644569310841,0.15609516848048632,0.7218665907871799,0.5362837371559763,0.31915180663715553
11325.084961,0.913687588444778,0.6811287827808793,0.06403561841620942,0.3935970699384521,-0.01600851105736889,0.706838161283646,0.3620925757521462,0.2373699514680256
11330.084961,0.9114280304577059,0.7169781335773113,0.3281238113315268,0.42582968294582013,-0.1881121905952241,0.691809731780112,0.18790141434831606,0.15558809629889567
11335.084961,0.76296249310339,0.6592526801257638,0.42911245428120015,0.25504551112523655,-0.3444527042888185,0.3800988041663771,-0.02476823336381191,0.0893909878560907
11340.084961,0.6167565137361464,0.5656778758777843,0.26601290431555613,0.052028726297284944,-0.3286895384445577,0.08341630605617611,-0.06324671967210974,0.10497573458241564
11345.084961,0.4705505343689028,0.47210307162980475,0.10291335434991211,-0.15098805853066666,-0.312926372600297,-0.21326619205402486,-0.10172520598040755,0.1205604813087406
11350.084961,0.3243445550016592,0.3785282673818252,-0.06018619561573191,-0.35400484335861826,-0.2971632067560362,-0.5099486901642258,-0.14020369228870538,0.13614522803506554
11355.084961,0.14148401660933133,0.41055091341825733,-0.09914338194071019,-0.41888721264511464,-0.08510520961191892,-0.5317019410603481,0.037177392921297556,0.15836274249499574
11360.084961,0.10482945758424704,0.5361483637026689,0.024998981699955534,-0.2807527971036594,0.11118962168793756,-0.25677269384626944,0.25303696443959833,0.16499551022860098
11365.084961,0.06817489855916277,0.6617458139870804,0.14914134534062126,-0.1426183815622042,0.30748445298779403,0.018156553367809282,0.46889653595789904,0.1716282779622062
11370.084961,0.03152033953407849,0.787343264271492,0.273283708981287,-0.004483966020748964,0.5037792842876505,0.293085800581888,0.6847561074761999,0.17826104569581144
11375.084961,-0.005134219491005787,0.9129407145559035,0.39742607262195273,0.13365044952070626,0.700074115587507,0.5680150477959667,0.9006156789945006,0.1848938134294167
11380.084961,-0.005134219491005787,0.9129407145559035,0.39742607262195273,0.13365044952070626,0.700074115587507,0.5680150477959667,0.9006156789945006,0.1848938134294167
11385.084961,-0.005134219491005787,0.9129407145559035,0.39742607262195273,0.13365044952070626,0.700074115587507,0.5680150477959667,0.9006156789945006,0.1848938134294167
11390.084961,-0.005134219491005787,0.9129407145559035,0.39742607262195273,0.13365044952070626,0.700074115587507,0.5680150477959667,0.9006156789945006,0.1848938134294167
11395.084961,-0.005134219491005787,0.9129407145559035,0.39742607262195273,0.13365044952070626,0.700074115587507,0.5680150477959667,0.9006156789945006,0.1848938134294167
11400.084961,-0.005134219491005787,0.9129407145559035,0.39742607262195273,0.13365044952070626,0.700074115587507,0.5680150477959667,0.9006156789945006,0.1848938134294167
11405.084961,-0.13301780540643407,0.5903282372912424,0.4854907479760807,0.18052007757394578,0.7021808241654078,0.35539394152326587,0.901933820049627,0.1882669742674746
11410.084961,-0.26090139132186235,0.26771576002658104,0.5735554233302087,0.22738970562718527,0.7042875327433087,0.14277283525056506,0.9032519611047534,0.19164013510553252
11415.084961,-0.3887849772372906,-0.05489671723808023,0.6616200986843366,0.27425933368042477,0.7063942413212094,-0.06984827102213576,0.9045701021598797,0.19501329594359046
11420.084961,-0.5166685631527189,-0.3775091945027415,0.7496847740384646,0.3211289617336643,0.7085009498991104,-0.28246937729483657,0.905888243215006,0.19838645678164837
11425.084961,-0.6445521490681472,-0.7001216717674028,0.8377494493925927,0.3679985897869038,0.7106076584770114,-0.4950904835675374,0.9072063842701323,0.2017596176197063
11430.084961,-0.6445521490681472,-0.7001216717674028,0.8377494493925927,0.3679985897869038,0.7106076584770114,-0.4950904835675374,0.9072063842701323,0.2017596176197063
11435.084961,-0.6445521490681472,-0.7001216717674028,0.8377494493925927,0.3679985897869038,0.7106076584770114,-0.4950904835675374,0.9072063842701323,0.2017596176197063
11440.084961,-0.6445521490681472,-0.7001216717674028,0.8377494493925927,0.3679985897869038,0.7106076584770114,-0.4950904835675374,0.9072063842701323,0.2017596176197063
11445.084961,-0.585933178813395,-0.49959322504317694,0.5425169640020353,0.49209685012588417,0.582392083247097,-0.5142564025639734,0.789739224853911,0.07883211149780216
11450.084961,-0.5273142085586429,-0.2990647783189512,0.24728447861147823,0.6161951104648645,0.4541765080171826,-0.5334223215604095,0.6722720654376897,-0.04409539462410197
11455.084961,-0.46869523830389054,-0.09853633159472533,-0.047948006779078914,0.7402933708038449,0.32596093278726807,-0.5525882405568454,0.5548049060214684,-0.1670229007460061
11460.084961,-0.4100762680491384,0.1019921151295005,-0.3431804921696361,0.8643916311428252,0.19774535755735365,-0.5717541595532815,0.4373377466052471,-0.28995040686791024
11465.084961,-0.35145729779438617,0.30252056185372633,-0.6384129775601932,0.9884898914818055,0.06952978232743923,-0.5909200785497175,0.3198705871890257,-0.41287791298981436
11470.084961,-0.35145729779438617,0.30252056185372633,-0.6384129775601932,0.9884898914818055,0.06952978232743923,-0.5909200785497175,0.3198705871890257,-0.41287791298981436
11475.084961,-0.35145729779438617,0.30252056185372633,-0.6384129775601932,0.9884898914818055,0.06952978232743923,-0.5909200785497175,0.3198705871890257,-0.41287791298981436
11480.084961,-0.35145729779438617,0.30252056185372633,-0.6384129775601932,0.9884898914818055,0.06952978232743923,-0.5909200785497175,0.3198705871890257,-0.41287791298981436
11485.084961,-0.35145729779438617,0.30252056185372633,-0.6384129775601932,0.9884898914818055,0.06952978232743923,-0.5909200785497175,0.3198705871890257,-0.41287791298981436
11490.084961,-0.44755919454181575,0.18258452387464513,-0.45140850293180373,0.9436353899838872,0.04693087250231356,-0.3534663430299701,0.448514925652438,-0.2970827747900985
11495.084961,-0.5436610912892454,0.0626484858955639,-0.2644040283034142,0.8987808884859689,0.02433196267718789,-0.11601260751022266,0.5771592641158503,-0.18128763659038255
11500.084961,-0.6397629880366751,-0.0572875520835173,-0.07739955367502467,0.8539263869880503,0.0017330528520622223,0.12144112800952475,0.7058036025792627,-0.06549249839066666
11505.084961,-0.7358648847841046,-0.17722359006259852,0.10960492095336485,0.809071885490132,-0.020865856973063444,0.3588948635292722,0.8344479410426751,0.050302639809049234
11510.084961,-0.8319667815315344,-0.2971596280416797,0.29660939558175436,0.7642173839922137,-0.043464766798189114,0.5963485990490196,0.9630922795060872,0.16609777800876513
11515.084961,-0.8319667815315344,-0.2971596280416797,0.29660939558175436,0.7642173839922137,-0.043464766798189114,0.5963485990490196,0.9630922795060872,0.16609777800876513
11520.084961,-0.5123017172752948,-0.2282778785411114,0.3626240476646059,0.5478091654475868,-0.02909974182022146,0.6520405788319031,0.7413238822800405,0.3126992799841249
11525.084961,-0.19263665301905544,-0.15939612904054307,0.42863869974745744,0.33140094690295985,-0.014734716842253803,0.7077325586147867,0.5195554850539938,0.45930078195948465
11530.084961,0.12702841123718409,-0.09051437953997472,0.4946533518303089,0.11499272835833288,-0.000369691864286148,0.7634245383976703,0.29778708782794727,0.6059022839348444
11535.084961,0.44669347549342364,-0.021632630039406388,0.5606680039131604,-0.10141549018629407,0.013995333113681507,0.8191165181805538,0.07601869060190065,0.7525037859102042
11540.084961,0.7663585397496631,0.04724911946116195,0.6266826559960119,-0.31782370873092103,0.028360358091649163,0.8748084979634374,-0.145749706624146,0.8991052878855639
11545.084961,0.7035877106042866,0.15759593124903154,0.5618109895327883,-0.3162225217925322,-0.03284734913276597,0.7676184028189951,-0.19593183564538616,0.8197534660230745
11550.084961,0.6408168814589101,0.26794274303690113,0.4969393230695648,-0.3146213348541433,-0.0940550563571811,0.6604283076745527,-0.24611396466662633,0.7404016441605853
11555.084961,0.5780460523135336,0.3782895548247708,0.432067656606341,-0.31302014791575444,-0.15526276358159624,0.5532382125301105,-0.2962960936878665,0.661049822298096
11560.084961,0.5152752231681571,0.4886363666126403,0.36719599014311743,-0.31141896097736554,-0.21647047080601137,0.4460481173856682,-0.34647822270910666,0.5816980004356067
11565.084961,0.4525043940227807,0.59898317840051,0.3023243236798938,-0.3098177740389767,-0.2776781780304265,0.33885802224122585,-0.39666035173034686,0.5023461785731174
11570.084961,0.17215302032724922,0.6547691687612,0.2969584660168573,-0.327710826460084,-0.11043959678754094,0.13548567769154926,-0.3303833316683054,0.4141643141282801
11575.084961,-0.10819835336828221,0.7105551591218899,0.29159260835382084,-0.3456038788811912,0.05679898445534461,-0.06788666685812732,-0.26410631160626397,0.3259824496834427
11580.084961,-0.38854972706381363,0.76634114948258,0.2862267506907844,-0.3634969313022985,0.22403756569823016,-0.2712590114078039,-0.1978292915442225,0.23780058523860537
11585.084961,-0.6689011007593451,0.8221271398432698,0.2808608930277479,-0.3813899837234057,0.39127614694111573,-0.4746313559574805,-0.13155227148218102,0.14961872079376803
11590.084961,-0.9492524744548765,0.8779131302039598,0.2754950353647114,-0.399283036144513,0.5585147281840013,-0.6780037005071571,-0.06527525142013957,0.0614368563489307
11595.084961,-0.9492524744548765,0.8779131302039598,0.2754950353647114,-0.399283036144513,0.5585147281840013,-0.6780037005071571,-0.06527525142013957,0.0614368563489307
11600.084961,-0.9492524744548765,0.8779131302039598,0.2754950353647114,-0.399283036144513,0.5585147281840013,-0.6780037005071571,-0.06527525142013957,0.0614368563489307
11605.084961,-0.9492524744548765,0.8779131302039598,0.2754950353647114,-0.399283036144513,0.5585147281840013,-0.6780037005071571,-0.06527525142013957,0.0614368563489307
11610.084961,-0.9492524744548765,0.8779131302039598,0.2754950353647114,-0.399283036144513,0.5585147281840013,-0.6780037005071571,-0.06527525142013957,0.0614368563489307
11615.084961,-0.6281178465305974,0.8186405200189387,0.022407404301982226,-0.30056669765973554,0.3146515697067697,-0.419687756946991,-0.13987078304573627,0.060294336840884276
11620.084961,-0.3069832186063183,0.7593679098339177,-0.23068022676074698,-0.20185035917495803,0.07078841122953819,-0.16137181338682502,-0.21446631467133298,0.05915181733283785
11625.084961,0.014151409317960795,0.7000952996488966,-0.4837678578234762,-0.10313402069018056,-0.17307474724769337,0.096944130173341,-0.2890618462969297,0.05800929782479143
11630.084961,0.3352860372422399,0.6408226894638755,-0.7368554888862053,-0.004417682205403084,-0.4169379057249249,0.35526007373350704,-0.3636573779225264,0.056866778316745005
11635.084961,0.656420665166519,0.5815500792788544,-0.9899431199489346,0.0942986562793744,-0.6608010642021565,0.6135760172936731,-0.4382529095481232,0.05572425880869858
11640.084961,0.656420665166519,0.5815500792788544,-0.9899431199489346,0.0942986562793744,-0.6608010642021565,0.6135760172936731,-0.4382529095481232,0.05572425880869858
11645.084961,0.656420665166519,0.5815500792788544,-0.9899431199489346,0.0942986562793744,-0.6608010642021565,0.6135760172936731,-0.4382529095481232,0.05572425880869858
11650.084961,0.656420665166519,0.5815500792788544,-0.9899431199489346,0.0942986562793744,-0.6608010642021565,0.6135760172936731,-0.4382529095481232,0.05572425880869858
11655.084961,0.656420665166519,0.5815500792788544,-0.9899431199489346,0.0942986562793744,-0.6608010642021565,0.6135760172936731,-0.4382529095481232,0.05572425880869858
11660.084961,0.5928965522738745,0.49066596672085333,-0.9429160129665004,0.2280869738790156,-0.3417909281536726,0.4167733483994297,-0.40275443296784397,0.18545321296038814
11665.084961,0.5293724393812301,0.39978185416285217,-0.8958889059840663,0.3618752914786568,-0.022780792105188796,0.2199706795051864,-0.36725595638756486,0.3151821671120777
11670.084961,0.46584832648858565,0.30889774160485106,-0.8488617990016323,0.4956636090782981,0.29622934394329503,0.023168010610943045,-0.3317574798072857,0.4449111212637672
11675.084961,0.4023242135959412,0.21801362904684995,-0.8018346920191981,0.6294519266779394,0.6152394799917789,-0.1736346582833003,-0.2962590032270066,0.5746400754154568
11680.084961,0.3388001007032968,0.12712951648884885,-0.7548075850367639,0.7632402442775805,0.9342496160402627,-0.37043732717754363,-0.26076052664672744,0.7043690295671463
11685.084961,0.3388001007032968,0.12712951648884885,-0.7548075850367639,0.7632402442775805,0.9342496160402627,-0.37043732717754363,-0.26076052664672744,0.7043690295671463
11690.084961,0.3388001007032968,0.12712951648884885,-0.7548075850367639,0.7632402442775805,0.9342496160402627,-0.37043732717754363,-0.26076052664672744,0.7043690295671463
11695.084961,0.3388001007032968,0.12712951648884885,-0.7548075850367639,0.7632402442775805,0.9342496160402627,-0.37043732717754363,-0.26076052664672744,0.7043690295671463
11700.084961,0.3388001007032968,0.12712951648884885,-0.7548075850367639,0.7632402442775805,0.9342496160402627,-0.37043732717754363,-0.26076052664672744,0.7043690295671463
11705.084961,0.4047911385919292,0.12642221971849893,-0.60940257070601,0.7701295096428262,0.9333175243354519,-0.2475209535586965,-0.3955679494442078,0.5928636143353543
11710.084961,0.4707821764805617,0.12571492294814904,-0.46399755637525597,0.7770187750080719,0.9323854326306412,-0.12460457993984937,-0.5303753722416882,0.4813581991035624
11715.084961,0.5367732143691942,0.12500762617779912,-0.31859254204450205,0.7839080403733177,0.9314533409258304,-0.0016882063210022392,-0.6651827950391684,0.3698527838717705
11720.084961,0.6027642522578265,0.12430032940744921,-0.17318752771374807,0.7907973057385634,0.9305212492210198,0.12122816729784489,-0.7999902178366488,0.25834736863997854
11725.084961,0.6687552901464591,0.12359303263709931,-0.02778251338299409,0.797686571103809,0.929589157516209,0.24414454091669202,-0.9347976406341292,0.14684195340818662
11730.084961,0.6687552901464591,0.12359303263709931,-0.02778251338299409,0.797686571103809,0.929589157516209,0.24414454091669202,-0.9347976406341292,0.14684195340818662
11735.084961,0.6687552901464591,0.12359303263709931,-0.02778251338299409,0.797686571103809,0.929589157516209,0.24414454091669202,-0.9347976406341292,0.14684195340818662
11740.084961,0.6687552901464591,0.12359303263709931,-0.02778251338299409,0.797686571103809,0.929589157516209,0.24414454091669202,-0.9347976406341292,0.14684195340818662
11745.084961,0.6687552901464591,0.12359303263709931,-0.02778251338299409,0.797686571103809,0.929589157516209,0.24414454091669202,-0.9347976406341292,0.14684195340818662
11750.084961,0.6312213165227065,0.1948064036126284,0.055040493161088125,0.5082935217480656,0.7914985278981674,0.023786909290555693,-0.5486999742874568,0.11840275820331589
11755.084961,0.5936873428989541,0.2660197745881575,0.13786349970517034,0.21890047239232224,0.6534078982801258,-0.19657072233558065,-0.1626023079407842,0.08996356299844517
11760.084961,0.5561533692752016,0.33723314556368666,0.22068650624925254,-0.07049257696342108,0.5153172686620843,-0.41692835396171696,0.22349535840588822,0.06152436779357444
11765.084961,0.5186193956514492,0.40844651653921576,0.30350951279333477,-0.35988562631916443,0.3772266390440427,-0.6372859855878532,0.6095930247525607,0.033085172588703714
11770.084961,0.4810854220276967,0.4796598875147449,0.38633251933741697,-0.6492786756749078,0.2391360094260011,-0.8576436172139896,0.995690691099233,0.004645977383832989
11775.084961,0.4810854220276967,0.4796598875147449,0.38633251933741697,-0.6492786756749078,0.2391360094260011,-0.8576436172139896,0.995690691099233,0.004645977383832989
11780.084961,0.4810854220276967,0.4796598875147449,0.38633251933741697,-0.6492786756749078,0.2391360094260011,-0.8576436172139896,0.995690691099233,0.004645977383832989
11785.084961,0.2662115985299094,0.38763102672865357,0.21314318280956876,-0.3932161282018545,0.2335575239001037,-0.7875826299859767,0.776659873110358,0.02161703476485046
11790.084961,0.051337775032122,0.2956021659425623,0.039953846281720565,-0.13715358072880113,0.22797903837420633,-0.7175216427579638,0.5576290551214828,0.03858809214586793
11795.084961,-0.16353604846566538,0.20357330515647099,-0.13323549024612763,0.11890896674425222,0.22240055284830892,-0.6474606555299509,0.3385982371326076,0.05555914952688541
11800.084961,-0.37840987196345277,0.11154444437037969,-0.30642482677397587,0.37497151421730557,0.21682206732241155,-0.5773996683019382,0.11956741914373241,0.07253020690790288
11805.084961,-0.5932836954612402,0.0195155835842884,-0.4796141633018241,0.6310340616903589,0.21124358179651415,-0.5073386810739253,-0.09946339884514277,0.08950126428892036
11810.084961,-0.5932836954612402,0.0195155835842884,-0.4796141633018241,0.6310340616903589,0.21124358179651415,-0.5073386810739253,-0.09946339884514277,0.08950126428892036
11815.084961,-0.5932836954612402,0.0195155835842884,-0.4796141633018241,0.6310340616903589,0.21124358179651415,-0.5073386810739253,-0.09946339884514277,0.08950126428892036
11820.084961,-0.5932836954612402,0.0195155835842884,-0.4796141633018241,0.6310340616903589,0.21124358179651415,-0.5073386810739253,-0.09946339884514277,0.08950126428892036
11825.084961,-0.5932836954612402,0.0195155835842884,-0.4796141633018241,0.6310340616903589,0.21124358179651415,-0.5073386810739253,-0.09946339884514277,0.08950126428892036
11830.084961,-0.5932836954612402,0.0195155835842884,-0.4796141633018241,0.6310340616903589,0.21124358179651415,-0.5073386810739253,-0.09946339884514277,0.08950126428892036
11835.084961,-0.2973846504052756,0.13119392477352573,-0.23082953595072392,0.6525657197611039,0.1911350831054154,-0.37883901885468485,-0.13244021139648132,0.1917821702203611
11840.084961,-0.0014856053493111255,0.24287226596276307,0.01795509140037619,0.6740973778318489,0.17102658441431667,-0.2503393566354444,-0.16541702394781987,0.2940630761518018
11845.084961,0.2944134397066534,0.35455060715200043,0.2667397187514763,0.6956290359025938,0.1509180857232179,-0.1218396944162039,-0.19839383649915843,0.3963439820832425
11850.084961,0.5903124847626179,0.4662289483412378,0.5155243461025764,0.7171606939733388,0.13080958703211917,0.0066599678030365705,-0.23137064905049698,0.49862488801468324
11855.084961,0.8862115298185824,0.5779072895304751,0.7643089734536765,0.7386923520440838,0.11070108834102044,0.13515963002227704,-0.26434746160183553,0.600905793946124
11860.084961,0.9035217953862856,0.26862262666773284,0.8007403786531369,0.6389448781521663,0.09871329915235534,0.2835047035364186,-0.03300264438275513,0.6029747176809007
11865.084961,0.920832060953989,-0.04066203619500945,0.837171783852597,0.5391974042602488,0.08672550996369024,0.43184977705056016,0.19834217283632527,0.6050436414156775
11870.084961,0.938142326521692,-0.3499466990577517,0.8736031890520574,0.4394499303683313,0.07473772077502513,0.5801948505647017,0.4296869900554057,0.6071125651504543
11875.084961,0.9554525920893953,-0.659231361920494,0.9100345942515174,0.33970245647641373,0.06274993158636004,0.7285399240788433,0.6610318072744861,0.609181488885231
11880.084961,0.9727628576570984,-0.9685160247832363,0.9464659994509776,0.2399549825844962,0.05076214239769494,0.8768849975929849,0.8923766244935665,0.6112504126200078
11885.084961,0.9727628576570984,-0.9685160247832363,0.9464659994509776,0.2399549825844962,0.05076214239769494,0.8768849975929849,0.8923766244935665,0.6112504126200078
11890.084961,0.9727628576570984,-0.9685160247832363,0.9464659994509776,0.2399549825844962,0.05076214239769494,0.8768849975929849,0.8923766244935665,0.6112504126200078
11895.084961,0.9727628576570984,-0.9685160247832363,0.9464659994509776,0.2399549825844962,0.05076214239769494,0.8768849975929849,0.8923766244935665,0.6112504126200078
11900.084961,0.6668256106638681,-0.6472841390435551,0.8375992327796464,0.15910719002617948,0.024746698505071097,0.5769162612713498,0.640196107106179,0.3716644628594753
11905.084961,0.3608883636706378,-0.326052253303874,0.7287324661083152,0.07825939746786274,-0.0012687453875527498,0.2769475249497147,0.3880155897187915,0.13207851309894275
11910.084961,0.054951116677407576,-0.004820367564192818,0.6198656994369841,-0.0025883950904539875,-0.027284189280176598,-0.023021211371920414,0.13583507233140413,-0.10750743666158975
11915.084961,-0.2509861303158227,0.31641151817548835,0.5109989327656529,-0.08343618764877073,-0.05329963317280044,-0.3229899476935555,-0.11634544505598332,-0.3470933864221223
11920.084961,-0.556923377309053,0.6376434039151695,0.4021321660943218,-0.16428398020708745,-0.07931507706542429,-0.6229586840151906,-0.36852596244337077,-0.5866793361826548
11925.084961,-0.556923377309053,0.6376434039151695,0.4021321660943218,-0.16428398020708745,-0.07931507706542429,-0.6229586840151906,-0.36852596244337077,-0.5866793361826548
11930.084961,-0.556923377309053,0.6376434039151695,0.4021321660943218,-0.16428398020708745,-0.07931507706542429,-0.6229586840151906,-0.36852596244337077,-0.5866793361826548
11935.084961,-0.556923377309053,0.6376434039151695,0.4021321660943218,-0.16428398020708745,-0.07931507706542429,-0.6229586840151906,-0.36852596244337077,-0.5866793361826548
11940.084961,-0.45955241430972443,0.6622153720325702,0.49932813535951387,-0.2573650816925842,-0.04638000961930944,-0.6737173742885626,-0.4124284061760436,-0.2824118957402785
11945.084961,-0.3621814513103959,0.6867873401499709,0.5965241046247061,-0.3504461831780809,-0.013444942173194585,-0.7244760645619347,-0.45633084990871636,0.021855544702097874
11950.084961,-0.26481048831106746,0.7113593082673717,0.6937200738898982,-0.4435272846635776,0.019490125272920267,-0.7752347548353067,-0.5002332936413891,0.3261229851444742
11955.084961,-0.16743952531173895,0.7359312763847725,0.7909160431550901,-0.5366083861490744,0.05242519271903512,-0.8259934451086787,-0.5441357373740621,0.6303904255868504
11960.084961,-0.07006856231241043,0.7605032445021733,0.8881120124202824,-0.6296894876345711,0.08536026016514997,-0.8767521353820505,-0.5880381811067348,0.9346578660292268
11965.084961,-0.07006856231241043,0.7605032445021733,0.8881120124202824,-0.6296894876345711,0.08536026016514997,-0.8767521353820505,-0.5880381811067348,0.9346578660292268
11970.084961,-0.25322649713481415,0.53574478274052,0.577806896557892,-0.33407267375414407,-0.019628329386743238,-0.6111958346266665,-0.5815987380471146,0.9025192186126739
11975.084961,-0.4363844319572179,0.3109863209788667,0.2675017806955017,-0.03845585987371698,-0.12461691893863644,-0.34563953387128216,-0.5751592949874944,0.8703805711961211
11980.084961,-0.6195423667796216,0.08622785921721335,-0.0428033351668887,0.2571609540067101,-0.22960550849052966,-0.08008323311589796,-0.5687198519278742,0.8382419237795681
11985.084961,-0.8027003016020252,-0.13853060254444,-0.35310845102927907,0.5527777678871372,-0.33459409804242285,0.1854730676394863,-0.562280408868254,0.8061032763630152
11990.084961,-0.985858236424429,-0.3632890643060933,-0.6634135668916694,0.8483945817675643,-0.4395826875943161,0.45102936839487046,-0.5558409658086338,0.7739646289464621
11995.084961,-0.985858236424429,-0.3632890643060933,-0.6634135668916694,0.8483945817675643,-0.4395826875943161,0.45102936839487046,-0.5558409658086338,0.7739646289464621
12000.084961,-0.985858236424429,-0.3632890643060933,-0.6634135668916694,0.8483945817675643,-0.4395826875943161,0.45102936839487046,-0.5558409658086338,0.7739646289464621
12005.084961,-0.985858236424429,-0.3632890643060933,-0.6634135668916694,0.8483945817675643,-0.4395826875943161,0.45102936839487046,-0.5558409658086338,0.7739646289464621
12010.084961,-0.8180630747297759,-0.14061929297226108,-0.4636122455407876,0.6944938562557156,-0.20918235545359348,0.5125692694384554,-0.3803216706604279,0.6409641843630174
12015.084961,-0.6502679130351229,0.08205047836157116,-0.2638109241899058,0.540593130743867,0.021217976687129124,0.5741091704820404,-0.20480237551222186,0.5079637397795727
12020.084961,-0.48247275134046974,0.3047202496954034,-0.06400960283902402,0.38669240523201837,0.25161830882785174,0.6356490715256252,-0.02928308036401588,0.3749632951961279
12025.084961,-0.31467758964581666,0.5273900210292356,0.13579171851185778,0.23279167972016976,0.4820186409685743,0.6971889725692101,0.1462362147841901,0.2419628506126832
12030.084961,-0.14688242795116357,0.7500597923630679,0.3355930398627396,0.07889095420832115,0.7124189731092969,0.7587288736127951,0.3217555099323961,0.10896240602923846
12035.084961,-0.14688242795116357,0.7500597923630679,0.3355930398627396,0.07889095420832115,0.7124189731092969,0.7587288736127951,0.3217555099323961,0.10896240602923846
12040.084961,0.07759157894171156,0.7207996191662591,0.35464289173694835,0.08146908463226263,0.4436961884682876,0.7131231279467617,0.24306400902737985,0.08848041998461942
12045.084961,0.3020655858345867,0.6915394459694504,0.3736927436111571,0.08404721505620412,0.1749734038272785,0.6675173822807283,0.16437250812236362,0.06799843394000038
12050.084961,0.5265395927274618,0.6622792727726416,0.39274259548536594,0.0866253454801456,-0.09374938081373077,0.6219116366146948,0.08568100721734737,0.04751644789538134
12055.084961,0.7510135996203371,0.6330190995758331,0.4117924473595747,0.08920347590408709,-0.36247216545474,0.5763058909486614,0.006989506312331128,0.027034461850762304
12060.084961,0.9754876065132121,0.6037589263790244,0.43084229923378353,0.09178160632802856,-0.6311949500957492,0.5307001452826279,-0.07170199459268511,0.006552475806143265
12065.084961,0.9754876065132121,0.6037589263790244,0.43084229923378353,0.09178160632802856,-0.6311949500957492,0.5307001452826279,-0.07170199459268511,0.006552475806143265
12070.084961,0.9754876065132121,0.6037589263790244,0.43084229923378353,0.09178160632802856,-0.6311949500957492,0.5307001452826279,-0.07170199459268511,0.006552475806143265
12075.084961,0.9754876065132121,0.6037589263790244,0.43084229923378353,0.09178160632802856,-0.6311949500957492,0.5307001452826279,-0.07170199459268511,0.006552475806143265
12080.084961,0.9754876065132121,0.6037589263790244,0.43084229923378353,0.09178160632802856,-0.6311949500957492,0.5307001452826279,-0.07170199459268511,0.006552475806143265
12085.084961,0.9402416881413437,0.6292104506542117,0.449954348406653,0.14437836138935284,-0.5709431061647752,0.45495605277936735,0.10243896213639206,0.11987227478390228
12090.084961,0.9049957697694753,0.6546619749293988,0.4690663975795225,0.19697511645067708,-0.5106912622338011,0.3792119602761069,0.27657991886546923,0.2331920737616613
12095.084961,0.8697498513976069,0.6801134992045862,0.48817844675239197,0.24957187151200136,-0.45043941830282713,0.30346786777284634,0.4507208755945464,0.3465118727394203
12100.084961,0.8345039330257386,0.7055650234797735,0.5072904959252614,0.3021686265733256,-0.39018757437185303,0.22772377526958584,0.6248618323236236,0.45983167171717926
12105.084961,0.7992580146538701,0.7310165477549606,0.5264025450981309,0.3547653816346499,-0.329935730440879,0.15197968276632534,0.7990027890527007,0.5731514706949383
12110.084961,0.4527445472740408,0.39952163927743745,0.34743681281799976,0.3658969858319225,-0.30355412358213285,-0.04010685108657821,0.7664534801511722,0.615072058648883
12115.084961,0.10623107989421143,0.06802673079991424,0.16847108053786858,0.3770285900291951,-0.2771725167233867,-0.23219338493948177,0.7339041712496439,0.6569926466028277
12120.084961,-0.24028238748561792,-0.2634681776776089,-0.010494651742262561,0.38816019422646775,-0.2507909098646406,-0.4242799187923853,0.7013548623481153,0.6989132345567727
12125.084961,-0.5867958548654473,-0.594963086155132,-0.1894603840223937,0.39929179842374035,-0.22440930300589446,-0.6163664526452889,0.6688055534465869,0.7408338225107174
12130.084961,-0.9333093222452767,-0.9264579946326552,-0.36842611630252486,0.4104234026210129,-0.19802769614714832,-0.8084529864981924,0.6362562445450586,0.7827544104646622
12135.084961,-0.9333093222452767,-0.9264579946326552,-0.36842611630252486,0.4104234026210129,-0.19802769614714832,-0.8084529864981924,0.6362562445450586,0.7827544104646622
12140.084961,-0.9333093222452767,-0.9264579946326552,-0.36842611630252486,0.4104234026210129,-0.19802769614714832,-0.8084529864981924,0.6362562445450586,0.7827544104646622
12145.084961,-0.9333093222452767,-0.9264579946326552,-0.36842611630252486,0.4104234026210129,-0.19802769614714832,-0.8084529864981924,0.6362562445450586,0.7827544104646622
12150.084961,-0.9333093222452767,-0.9264579946326552,-0.36842611630252486,0.4104234026210129,-0.19802769614714832,-0.8084529864981924,0.6362562445450586,0.7827544104646622
12155.084961,-0.9333093222452767,-0.9264579946326552,-0.36842611630252486,0.4104234026210129,-0.19802769614714832,-0.8084529864981924,0.6362562445450586,0.7827544104646622
12160.084961,-0.6964700820172196,-0.6733971820231646,-0.2552042604139367,0.48435264555257396,-0.05656259712204834,-0.7434476681014923,0.3308260693731124,0.8258941415556558
12165.084961,-0.45963084178916247,-0.42033636941367386,-0.14198240452534847,0.558281888484135,0.08490250190305164,-0.6784423497047921,0.02539589420116619,0.8690338726466494
12170.084961,-0.22279160156110542,-0.16727555680418327,-0.028760548636760273,0.632211131415696,0.2263676009281516,-0.613437031308092,-0.28003428097078,0.9121736037376429
12175.084961,0.014047638666951644,0.08578525580530738,0.08446130725182792,0.706140374347257,0.36783269995325163,-0.548431712911392,-0.5854644561427261,0.9553133348286366
12180.084961,0.2508868788950087,0.33884606841479803,0.19768316314041612,0.780069617278818,0.5092977989783516,-0.4834263945146919,-0.8908946313146725,0.99845306591963
12185.084961,0.2508868788950087,0.33884606841479803,0.19768316314041612,0.780069617278818,0.5092977989783516,-0.4834263945146919,-0.8908946313146725,0.99845306591963
12190.084961,0.2508868788950087,0.33884606841479803,0.19768316314041612,0.780069617278818,0.5092977989783516,-0.4834263945146919,-0.8908946313146725,0.99845306591963
12195.084961,0.2508868788950087,0.33884606841479803,0.19768316314041612,0.780069617278818,0.5092977989783516,-0.4834263945146919,-0.8908946313146725,0.99845306591963
12200.084961,0.2508868788950087,0.33884606841479803,0.19768316314041612,0.780069617278818,0.5092977989783516,-0.4834263945146919,-0.8908946313146725,0.99845306591963
12205.084961,0.26102093933968606,0.11687574133080485,0.10544146107221986,0.5455027060999171,0.3616965881948119,-0.4411172692889247,-0.8105333317448711,0.9363403976537166
12210.084961,0.2711549997843634,-0.10509458575318834,0.013199759004023592,0.3109357949210164,0.2140953774112721,-0.39880814406315745,-0.7301720321750697,0.8742277293878031
12215.084961,0.28128906022904077,-0.32706491283718153,-0.07904194306417267,0.07636888374211562,0.06649416662773237,-0.3564990188373902,-0.6498107326052684,0.8121150611218896
12220.084961,0.2914231206737181,-0.5490352399211746,-0.17128364513236893,-0.15819802743678518,-0.08110704415580736,-0.314189893611623,-0.569449433035467,0.7500023928559761
12225.084961,0.30155718111839547,-0.7710055670051679,-0.2635253472005652,-0.39276493861568595,-0.2287082549393471,-0.27188076838585573,-0.48908813346566565,0.6878897245900626
12230.084961,0.30155718111839547,-0.7710055670051679,-0.2635253472005652,-0.39276493861568595,-0.2287082549393471,-0.27188076838585573,-0.48908813346566565,0.6878897245900626
12235.084961,0.37429339155106345,-0.7492772423405425,-0.1655644497909115,-0.24064555884208017,-0.12403321225196007,-0.0876043094838697,-0.4998890541429934,0.6775673926173214
12240.084961,0.44702960198373154,-0.7275489176759171,-0.06760355238125779,-0.08852617906847438,-0.019358169564573036,0.09667214941811633,-0.5106899748203213,0.6672450606445801
12245.084961,0.5197658124163995,-0.7058205930112917,0.03035734502839591,0.06359320070513141,0.085316873122814,0.2809486083201024,-0.521490895497649,0.6569227286718389
12250.084961,0.5925020228490675,-0.6840922683466664,0.12831824243804962,0.2157125804787372,0.18999191581020103,0.4652250672220884,-0.5322918161749768,0.6466003966990976
12255.084961,0.6652382332817355,-0.662363943682041,0.22627913984770331,0.367831960252343,0.29466695849758806,0.6495015261240744,-0.5430927368523046,0.6362780647263564
12260.084961,0.6652382332817355,-0.662363943682041,0.22627913984770331,0.367831960252343,0.29466695849758806,0.6495015261240744,-0.5430927368523046,0.6362780647263564
12265.084961,0.6652382332817355,-0.662363943682041,0.22627913984770331,0.367831960252343,0.29466695849758806,0.6495015261240744,-0.5430927368523046,0.6362780647263564
12270.084961,0.6652382332817355,-0.662363943682041,0.22627913984770331,0.367831960252343,0.29466695849758806,0.6495015261240744,-0.5430927368523046,0.6362780647263564
12275.084961,0.6652382332817355,-0.662363943682041,0.22627913984770331,0.367831960252343,0.29466695849758806,0.6495015261240744,-0.5430927368523046,0.6362780647263564
12280.084961,0.6652382332817355,-0.662363943682041,0.22627913984770331,0.367831960252343,0.29466695849758806,0.6495015261240744,-0.5430927368523046,0.6362780647263564
12285.084961,0.47423767368690584,-0.5889528594745046,0.17867780433090172,0.3970298260507796,0.1605720739392341,0.4171913081877164,-0.42053633745131186,0.3603255244317128
12290.084961,0.2832371140920762,-0.5155417752669683,0.13107646881410012,0.4262276918492162,0.026477189380880128,0.18488109025135832,-0.2979799380503191,0.08437298413706915
12295.084961,0.09223655449724655,-0.44213069105943215,0.08347513329729854,0.4554255576476528,-0.10761769517747384,-0.04742912768499972,-0.17542353864932628,-0.19157955615757447
12300.084961,-0.0987640050975831,-0.36871960685189575,0.03587379778049695,0.48462342344608944,-0.2417125797358278,-0.27973934562135777,-0.052867139248333486,-0.46753209645221805
12305.084961,-0.28976456469241274,-0.2953085226443595,-0.011727537736304638,0.513821289244526,-0.37580746429418177,-0.5120495635577158,0.0696892601526593,-0.7434846367468617
12310.084961,-0.28976456469241274,-0.2953085226443595,-0.011727537736304638,0.513821289244526,-0.37580746429418177,-0.5120495635577158,0.0696892601526593,-0.7434846367468617
12315.084961,-0.28976456469241274,-0.2953085226443595,-0.011727537736304638,0.513821289244526,-0.37580746429418177,-0.5120495635577158,0.0696892601526593,-0.7434846367468617
12320.084961,-0.28976456469241274,-0.2953085226443595,-0.011727537736304638,0.513821289244526,-0.37580746429418177,-0.5120495635577158,0.0696892601526593,-0.7434846367468617
12325.084961,-0.28976456469241274,-0.2953085226443595,-0.011727537736304638,0.513821289244526,-0.37580746429418177,-0.5120495635577158,0.0696892601526593,-0.7434846367468617
12330.084961,-0.2940343867183194,-0.32521932527695313,0.1450945404024287,0.3211195271432751,-0.11214526274377601,-0.5326147397335491,-0.1372200200121975,-0.4966550710851482
12335.084961,-0.2983042087442261,-0.3551301279095468,0.30191661854116203,0.12841776504202423,0.15151693880662975,-0.5531799159093824,-0.3441293001770543,-0.24982550542343462
12340.084961,-0.30257403077013273,-0.3850409305421404,0.4587386966798953,-0.06428399705922665,0.4151791403570355,-0.5737450920852156,-0.551038580341911,-0.002995939761721145
12345.084961,-0.30684385279603943,-0.414951733174734,0.6155607748186286,-0.2569857591604775,0.6788413419074413,-0.594310268261049,-0.757947860506768,0.24383362589999238
12350.084961,-0.3111136748219461,-0.44486253580732776,0.772382852957362,-0.4496875212617284,0.942503543457847,-0.6148754444368822,-0.9648571406716246,0.49066319156170585
12355.084961,-0.3111136748219461,-0.44486253580732776,0.772382852957362,-0.4496875212617284,0.942503543457847,-0.6148754444368822,-0.9648571406716246,0.49066319156170585
12360.084961,-0.1993082318855338,-0.16205024420351294,0.555103025880649,-0.413141730458935,0.5706879375424875,-0.6687018855336376,-0.7946195785386447,0.3762716575413699
12365.084961,-0.08750278894912152,0.1207620474003018,0.3378231988039361,-0.3765959396561415,0.19887233162712797,-0.7225283266303929,-0.6243820164056647,0.26188012352103385
12370.084961,0.024302653987290767,0.40357433900411654,0.12054337172722315,-0.3400501488533481,-0.17294327428823159,-0.7763547677271483,-0.4541444542726848,0.1474885895006978
12375.084961,0.13610809692370304,0.6863866306079314,-0.09673645534948978,-0.30350435805055465,-0.5447588802035911,-0.8301812088239036,-0.2839068921397048,0.03309705548036175
12380.084961,0.24791353986011533,0.969198922211746,-0.3140162824262027,-0.26695856724776124,-0.9165744861189505,-0.8840076499206588,-0.11366933000672486,-0.08129447853997429
12385.084961,0.24791353986011533,0.969198922211746,-0.3140162824262027,-0.26695856724776124,-0.9165744861189505,-0.8840076499206588,-0.11366933000672486,-0.08129447853997429
12390.084961,0.24791353986011533,0.969198922211746,-0.3140162824262027,-0.26695856724776124,-0.9165744861189505,-0.8840076499206588,-0.11366933000672486,-0.08129447853997429
12395.084961,0.24791353986011533,0.969198922211746,-0.3140162824262027,-0.26695856724776124,-0.9165744861189505,-0.8840076499206588,-0.11366933000672486,-0.08129447853997429
12400.084961,0.06367025605191139,0.8457629275325484,-0.2972976583830593,-0.04149703454953002,-0.7187989494832536,-0.87148214824118,-0.13080803113547407,0.03475851475051388
12405.084961,-0.12057302775629256,0.7223269328533507,-0.28057903433991593,0.1839644981487012,-0.5210234128475566,-0.8589566465617009,-0.14794673226422325,0.15081150804100205
12410.084961,-0.3048163115644965,0.5988909381741531,-0.26386041029677254,0.4094260308469324,-0.3232478762118596,-0.846431144882222,-0.16508543339297246,0.2668645013314902
12415.084961,-0.48905959537270044,0.4754549434949554,-0.24714178625362915,0.6348875635451636,-0.12547233957616255,-0.8339056432027432,-0.18222413452172165,0.3829174946219784
12420.084961,-0.3821031647757401,0.27762087759900145,-0.373691691079277,0.8738368052321785,-0.07885023354986984,-0.8525533066369754,-0.176017117000924,0.4747108044268577
12425.084961,-0.09090345037057572,0.2032228063822452,-0.5169602199480682,0.8873245142209623,-0.23000366415927415,-0.8837264717506865,-0.15267139835137716,0.45045112094124884
12430.084961,0.20029626403458853,0.12882473516548898,-0.6602287488168594,0.900812223209746,-0.3811570947686785,-0.9148996368643976,-0.12932567970183034,0.42619143745564003
12435.084961,0.4914959784397528,0.054426663948732745,-0.8034972776856508,0.9142999321985295,-0.5323105253780828,-0.9460728019781088,-0.1059799610522835,0.4019317539700312
12440.084961,0.7826956928449171,-0.01997140726802349,-0.946765806554442,0.9277876411873132,-0.6834639559874871,-0.9772459670918201,-0.08263424240273665,0.3776720704844223
12445.084961,0.6715703927170222,0.0074339287142545455,-0.6895309237060367,0.713420847383218,-0.3708236607453313,-0.8509378020911885,0.13051257389005735,0.39813449148306307
12450.084961,0.5604450925891274,0.034839264696532576,-0.4322960408576314,0.49905405357912275,-0.05818336550317547,-0.724629637090557,0.34365939018285135,0.41859691248170383
12455.084961,0.44931979246123266,0.062244600678810616,-0.17506115800922614,0.2846872597750275,0.2544569297389804,-0.5983214720899254,0.5568062064756454,0.43905933348034465
12460.084961,0.33819449233333787,0.08964993666108864,0.08217372483917913,0.07032046597093226,0.5670972249811361,-0.4720133070892937,0.7699530227684394,0.4595217544789854
12465.084961,0.22706919220544308,0.11705527264336668,0.3394086076875844,-0.14404632783316296,0.8797375202232921,-0.3457051420886621,0.9830998390612333,0.4799841754776262
12470.084961,0.22706919220544308,0.11705527264336668,0.3394086076875844,-0.14404632783316296,0.8797375202232921,-0.3457051420886621,0.9830998390612333,0.4799841754776262
12475.084961,0.22706919220544308,0.11705527264336668,0.3394086076875844,-0.14404632783316296,0.8797375202232921,-0.3457051420886621,0.9830998390612333,0.4799841754776262
12480.084961,0.22706919220544308,0.11705527264336668,0.3394086076875844,-0.14404632783316296,0.8797375202232921,-0.3457051420886621,0.9830998390612333,0.4799841754776262
12485.084961,0.3147870823242352,0.13068442630011207,0.16070417600270398,-0.305007344981422,0.5308782568403233,-0.07716181676270124,0.9548825442944053,0.4375237899567672
12490.084961,0.4025049724430273,0.14431357995685748,-0.018000255682176468,-0.46596836212968107,0.18201899345735456,0.1913815085632596,0.9266652495275773,0.39506340443590815
12495.084961,0.49022286256181935,0.15794273361360286,-0.1967046873670569,-0.6269293792779402,-0.16684026992561413,0.45992483388922045,0.8984479547607492,0.3526030189150492
12500.084961,0.5779407526806114,0.17157188727034828,-0.37540911905193736,-0.7878903964261994,-0.5156995333085829,0.7284681592151813,0.8702306599939211,0.3101426333941902
12505.084961,0.6656586427994036,0.18520104092709366,-0.5541135507368178,-0.9488514135744583,-0.8645587966915516,0.9970114845411422,0.842013365227093,0.26768224787333117
12510.084961,0.6656586427994036,0.18520104092709366,-0.5541135507368178,-0.9488514135744583,-0.8645587966915516,0.9970114845411422,0.842013365227093,0.26768224787333117
12515.084961,0.5318684835266849,-0.03588313641845473,-0.2711898582162184,-0.8289966500105382,-0.7215784217844582,0.6836060270646945,0.645433095108656,0.05208588501577669
12520.084961,0.3980783242539663,-0.2569673137640031,0.011733834304380996,-0.7091418864466181,-0.5785980468773648,0.370200569588247,0.44885282499021883,-0.1635104778417778
12525.084961,0.26428816498124763,-0.4780514911095516,0.29465752682498036,-0.589287122882698,-0.4356176719702714,0.05679511211179929,0.2522725548717817,-0.37910684069933226
12530.084961,0.13049800570852899,-0.6991356684550999,0.5775812193455798,-0.46943235931877786,-0.292637297063178,-0.25661034536464833,0.055692284753344534,-0.5947032035568867
12535.084961,-0.0032921535641896593,-0.9202198458006483,0.8605049118661793,-0.3495775957548577,-0.14965692215608462,-0.570015802841096,-0.14088798536509262,-0.8102995664144412
12540.084961,-0.0032921535641896593,-0.9202198458006483,0.8605049118661793,-0.3495775957548577,-0.14965692215608462,-0.570015802841096,-0.14088798536509262,-0.8102995664144412
12545.084961,-0.0032921535641896593,-0.9202198458006483,0.8605049118661793,-0.3495775957548577,-0.14965692215608462,-0.570015802841096,-0.14088798536509262,-0.8102995664144412
12550.084961,0.09066022369489506,-0.7511747949702523,0.6215752259961425,-0.22764930000990705,-0.047648324076859885,-0.5447703263273329,-0.1696056124560013,-0.5392334430805674
12555.084961,0.18461260095397977,-0.5821297441398562,0.3826455401261057,-0.10572100426495638,0.05436027400236485,-0.5195248498135697,-0.19832323954690997,-0.2681673197466937
12560.084961,0.2785649782130645,-0.41308469330946007,0.14371585425606903,0.01620729147999427,0.1563688720815896,-0.4942793732998066,-0.22704086663781867,0.0028988035871800656
12565.084961,0.3725173554721492,-0.24403964247906393,-0.09521383161396768,0.13813558722494493,0.2583774701608143,-0.4690338967860435,-0.25575849372872733,0.27396492692105384
12570.084961,0.46646973273123393,-0.07499459164866784,-0.3341435174840044,0.2600638829698956,0.36038606824003905,-0.44378842027228044,-0.284476120819636,0.5450310502549276
12575.084961,0.46646973273123393,-0.07499459164866784,-0.3341435174840044,0.2600638829698956,0.36038606824003905,-0.44378842027228044,-0.284476120819636,0.5450310502549276
12580.084961,0.46646973273123393,-0.07499459164866784,-0.3341435174840044,0.2600638829698956,0.36038606824003905,-0.44378842027228044,-0.284476120819636,0.5450310502549276
12585.084961,0.46646973273123393,-0.07499459164866784,-0.3341435174840044,0.2600638829698956,0.36038606824003905,-0.44378842027228044,-0.284476120819636,0.5450310502549276
12590.084961,0.46646973273123393,-0.07499459164866784,-0.3341435174840044,0.2600638829698956,0.36038606824003905,-0.44378842027228044,-0.284476120819636,0.5450310502549276
12595.084961,0.46646973273123393,-0.07499459164866784,-0.3341435174840044,0.2600638829698956,0.36038606824003905,-0.44378842027228044,-0.284476120819636,0.5450310502549276
12600.084961,0.4927540587687293,0.06707428764354809,-0.11108311347026398,0.3620574310795398,0.16838531562607573,-0.20048910864015182,-0.27271442601429896,0.4725210068977802
12605.084961,0.5190383848062247,0.209143166935764,0.11197729054347642,0.464050979189184,-0.023615436987887595,0.042810202991976756,-0.26095273120896195,0.40001096354063276
12610.084961,0.5453227108437201,0.3512120462279799,0.3350376945572168,0.5660445272988281,-0.21561618960185092,0.28610951462410533,-0.2491910364036249,0.32750092018348537
12615.084961,0.5716070368812154,0.4932809255201958,0.5580980985709573,0.6680380754084724,-0.40761694221581424,0.5294088262562339,-0.23742934159828785,0.2549908768263379
12620.084961,0.5978913629187108,0.6353498048124118,0.7811585025846977,0.7700316235181166,-0.5996176948297776,0.7727081378883625,-0.22566764679295082,0.18248083346919053
12625.084961,0.5978913629187108,0.6353498048124118,0.7811585025846977,0.7700316235181166,-0.5996176948297776,0.7727081378883625,-0.22566764679295082,0.18248083346919053
12630.084961,0.5978913629187108,0.6353498048124118,0.7811585025846977,0.7700316235181166,-0.5996176948297776,0.7727081378883625,-0.22566764679295082,0.18248083346919053
12635.084961,0.5978913629187108,0.6353498048124118,0.7811585025846977,0.7700316235181166,-0.5996176948297776,0.7727081378883625,-0.22566764679295082,0.18248083346919053
12640.084961,0.5978913629187108,0.6353498048124118,0.7811585025846977,0.7700316235181166,-0.5996176948297776,0.7727081378883625,-0.22566764679295082,0.18248083346919053
12645.084961,0.6176786354630945,0.3273049409180239,0.5751962789428713,0.5922777693286481,-0.3615485029686888,0.45523875997631225,-0.2862921959311072,0.06117900835743253
12650.084961,0.6374659080074784,0.0192600770236361,0.3692340553010449,0.4145239151391795,-0.12347931110760006,0.13776938206426204,-0.3469167450692637,-0.06012281675432547
12655.084961,0.6572531805518621,-0.2887847868707517,0.16327183165921855,0.23677006094971098,0.11458988075348868,-0.17969999584778812,-0.4075412942074201,-0.18142464186608348
12660.084961,0.6770404530962459,-0.5968296507651396,-0.04269039198260782,0.05901620676024244,0.3526590726145774,-0.4971693737598383,-0.46816584334557654,-0.30272646697784145
12665.084961,0.4891037870607439,-0.6408916546339302,-0.3802194489102688,-0.10972554443179923,0.4146880398659193,-0.6781078921043301,-0.4078831141857121,-0.16291786120656265
12670.084961,0.2813798484808582,-0.3769087946083329,-0.5117862821961034,-0.10071344143437236,0.23864781525617246,-0.5415770325367717,-0.28697583588769116,0.09819256967647413
12675.084961,0.07365590990097245,-0.11292593458273563,-0.6433531154819381,-0.09170133843694547,0.06260759064642558,-0.40504617296921336,-0.16606855758967023,0.3593030005595109
12680.084961,-0.13406802867891326,0.15105692544286162,-0.7749199487677727,-0.0826892354395186,-0.11343263396332129,-0.268515313401655,-0.04516127929164933,0.6204134314425478
12685.084961,-0.341791967258799,0.4150397854684589,-0.9064867820536072,-0.07367713244209173,-0.28947285857306815,-0.13198445383409663,0.07574599900637158,0.8815238623255846
12690.084961,-0.341791967258799,0.4150397854684589,-0.9064867820536072,-0.07367713244209173,-0.28947285857306815,-0.13198445383409663,0.07574599900637158,0.8815238623255846
12695.084961,-0.341791967258799,0.4150397854684589,-0.9064867820536072,-0.07367713244209173,-0.28947285857306815,-0.13198445383409663,0.07574599900637158,0.8815238623255846
12700.084961,-0.1612703909601596,0.2733010739930105,-0.7514652228179035,-0.05993536825496992,-0.25741125381634655,0.022797055318843063,-0.05564711438082677,0.7399440543926474
12705.084961,0.019251185338479804,0.1315623625175621,-0.5964436635821996,-0.046193604067848115,-0.2253496490596249,0.17757856447178275,-0.18704022776802512,0.5983642464597102
12710.084961,0.1997727616371192,-0.010176348957886282,-0.44142210434649576,-0.03245183988072631,-0.1932880443029033,0.3323600736247224,-0.3184333411552235,0.45678443852677314
12715.084961,0.3802943379357586,-0.15191506043333466,-0.2864005451107919,-0.0187100756936045,-0.16122643954618168,0.4871415827776621,-0.44982645454242187,0.3152046305938361
12720.084961,0.560815914234398,-0.29365377190878306,-0.131378985875088,-0.004968311506482692,-0.12916483478946006,0.6419230919306018,-0.5812195679296202,0.17362482266089896
12725.084961,0.560815914234398,-0.29365377190878306,-0.131378985875088,-0.004968311506482692,-0.12916483478946006,0.6419230919306018,-0.5812195679296202,0.17362482266089896
12730.084961,0.560815914234398,-0.29365377190878306,-0.131378985875088,-0.004968311506482692,-0.12916483478946006,0.6419230919306018,-0.5812195679296202,0.17362482266089896
12735.084961,0.5966163446423451,-0.3893703788006463,-0.2729740941402903,0.06156594786824141,-0.07722536150359752,0.4744702618511406,-0.6601720046316744,0.09698412634666838
12740.084961,0.6324167750502921,-0.48508698569250946,-0.41456920240549255,0.1281002072429655,-0.025285888217734965,0.30701743177167945,-0.7391244413337286,0.02034343003243779
12745.084961,0.6682172054582391,-0.5808035925843728,-0.5561643106706948,0.19463446661768963,0.026653585068127584,0.13956460169221824,-0.8180768780357827,-0.05629726628179279
12750.084961,0.7040176358661862,-0.6765201994762359,-0.6977594189358971,0.2611687259924137,0.07859305835399014,-0.02788822838724294,-0.8970293147378371,-0.13293796259602336
12755.084961,0.7705850884884055,-0.5869244843238549,-0.6665373653394514,0.08848553622404905,0.211029817148462,-0.06305094381643706,-0.7017506048883884,-0.0676777326015141
12760.084961,0.8013521107026778,-0.40161216227961083,-0.49372020347780354,-0.15073191291903973,0.2915271026570713,0.06923917083383002,-0.42751945833688554,0.07422319370722574
12765.084961,0.8321191329169502,-0.21629984023536658,-0.3209030416161557,-0.3899493620621285,0.3720243881656807,0.2015292854840971,-0.1532883117853827,0.2161241200159656
12770.084961,0.8628861551312225,-0.030987518191122422,-0.14808587975450777,-0.6291668112052173,0.45252167367428997,0.3338194001343642,0.12094283476612011,0.35802504632470544
12775.084961,0.8936531773454949,0.15432480385312175,0.02473128210714015,-0.8683842603483061,0.5330189591828993,0.46610951478463125,0.39517398131762294,0.49992597263344524
12780.084961,0.7503260898339863,0.10199766735136295,0.05580860333198299,-0.7881807686024235,0.5104676928658766,0.4404536311054752,0.4787477021738525,0.5017143097004558
12785.084961,0.6069990023224778,0.049670530849604155,0.08688592455682582,-0.7079772768565409,0.4879164265488537,0.41479774742631903,0.5623214230300819,0.5035026467674661
12790.084961,0.46367191481096937,-0.002656605652154642,0.11796324578166865,-0.6277737851106584,0.465365160231831,0.389141863747163,0.6458951438863114,0.5052909838344768
12795.084961,0.3203448272994609,-0.05498374215391344,0.1490405670065115,-0.547570293364776,0.44281389391480824,0.36348598006800686,0.729468864742541,0.5070793209014871
12800.084961,0.17701773978795243,-0.10731087865567224,0.18011788823135433,-0.4673668016188934,0.42026262759778543,0.33783009638885075,0.8130425855987704,0.5088676579684976
12805.084961,0.17701773978795243,-0.10731087865567224,0.18011788823135433,-0.4673668016188934,0.42026262759778543,0.33783009638885075,0.8130425855987704,0.5088676579684976
12810.084961,-0.05366903847502162,0.029317385925203256,0.1014537620224715,-0.3411724405469777,0.4504399563612894,0.12621596646475353,0.8287051787106126,0.5772442202904939
12815.084961,-0.2843558167379957,0.16594565050607873,0.02278963581358866,-0.21497807947506192,0.48061728512479346,-0.0853981634593437,0.8443677718224549,0.6456207826124902
12820.084961,-0.5150425950009698,0.30257391508695425,-0.05587449039529417,-0.08878371840314618,0.5107946138882975,-0.29701229338344093,0.8600303649342973,0.7139973449344865
12825.084961,-0.7457293732639437,0.4392021796678297,-0.134538616604177,0.03741064266876957,0.5409719426518015,-0.5086264233075382,0.8756929580461396,0.7823739072564827
12830.084961,-0.9764161515269179,0.5758304442487052,-0.21320274281305984,0.16360500374068532,0.5711492714153055,-0.7202405532316354,0.8913555511579819,0.8507504695784791
12835.084961,-0.9764161515269179,0.5758304442487052,-0.21320274281305984,0.16360500374068532,0.5711492714153055,-0.7202405532316354,0.8913555511579819,0.8507504695784791
12840.084961,-0.9764161515269179,0.5758304442487052,-0.21320274281305984,0.16360500374068532,0.5711492714153055,-0.7202405532316354,0.8913555511579819,0.8507504695784791
12845.084961,-0.9764161515269179,0.5758304442487052,-0.21320274281305984,0.16360500374068532,0.5711492714153055,-0.7202405532316354,0.8913555511579819,0.8507504695784791
12850.084961,-0.9764161515269179,0.5758304442487052,-0.21320274281305984,0.16360500374068532,0.5711492714153055,-0.7202405532316354,0.8913555511579819,0.8507504695784791
12855.084961,-0.9764161515269179,0.5758304442487052,-0.21320274281305984,0.16360500374068532,0.5711492714153055,-0.7202405532316354,0.8913555511579819,0.8507504695784791
12860.084961,-0.8648354533182318,0.6005731709722392,-0.098904559342802,0.24737453703050596,0.5521786952473459,-0.5129210026162458,0.6188419024921646,0.7985082277244916
12865.084961,-0.7532547551095456,0.6253158976957731,0.015393624127455841,0.3311440703203266,0.5332081190793863,-0.30560145200085637,0.3463282538263475,0.7462659858705042
12870.084961,-0.6416740569008595,0.6500586244193072,0.12969180759771368,0.41491360361014723,0.5142375429114268,-0.09828190138546677,0.07381460516053036,0.6940237440165167
12875.084961,-0.5300933586921734,0.6748013511428411,0.24398999106797153,0.4986831368999679,0.49526696674346715,0.10903764922992276,-0.1986990435052868,0.641781502162529
12880.084961,-0.4185126604834874,0.6995440778663751,0.35828817453822936,0.5824526701897885,0.47629639057550754,0.3163571998453123,-0.47121269217110395,0.5895392603085416
12885.084961,-0.4185126604834874,0.6995440778663751,0.35828817453822936,0.5824526701897885,0.47629639057550754,0.3163571998453123,-0.47121269217110395,0.5895392603085416
12890.084961,-0.49058452926413276,0.6432452232259296,0.13059715037830447,0.4368637584100409,0.3741299845015627,0.2721783918049877,-0.4250651611101842,0.5767925072557003
12895.084961,-0.5626563980447779,0.5869463685854841,-0.09709387378162045,0.2912748466302931,0.27196357842761787,0.22799958376466306,-0.37891763004926443,0.564045754202859
12900.084961,-0.6347282668254233,0.5306475139450388,-0.32478489794154536,0.1456859348505454,0.169797172353673,0.18382077572433847,-0.3327700989883447,0.5512990011500176
12905.084961,-0.38091878716382965,0.3366004482635156,-0.502687281914701,0.039037926554330006,0.2730879042011171,-0.03250155124156891,-0.39104162064346737,0.5803575051146046
12910.084961,-0.12710930750223604,0.14255338258199246,-0.6805896658878569,-0.06761008174188539,0.37637863604856125,-0.24882387820747626,-0.44931314229859004,0.6094160090791916
12915.084961,0.19877204094000273,0.004805171540914754,-0.6308010257010876,-0.028669178258353068,0.5818357739699502,-0.420967397133059,-0.5537321950146326,0.6512212660966199
12920.084961,0.5246533893822415,-0.13294303950016295,-0.5810123855143184,0.010271725225179251,0.7872929118913392,-0.5931109160586419,-0.658151247730675,0.6930265231140482
12925.084961,0.8363812661271343,-0.01745158671950624,-0.5469834258196736,0.1131341411624951,0.6692097506683087,-0.6205206684611075,-0.6375966007044175,0.6218945442345969
12930.084961,0.8222277944297884,0.23578807710222818,-0.562743106311798,0.17705565361627862,0.3456694515238892,-0.47578690193799067,-0.5126229009621175,0.5089573083377171
12935.084961,0.8080743227324426,0.4890277409239626,-0.5785027868039225,0.24097716607006214,0.02212915237946973,-0.3310531354148737,-0.38764920121981755,0.3960200724408375
12940.084961,0.7939208510350966,0.7422674047456971,-0.5942624672960469,0.30489867852384567,-0.30141114676494973,-0.18631936889175676,-0.2626755014775176,0.28308283654395777
12945.084961,0.7797673793377506,0.9955070685674314,-0.6100221477881713,0.3688201909776292,-0.6249514459093692,-0.04158560236863984,-0.13770180173521762,0.17014560064707807
12950.084961,0.7797673793377506,0.9955070685674314,-0.6100221477881713,0.3688201909776292,-0.6249514459093692,-0.04158560236863984,-0.13770180173521762,0.17014560064707807
12955.084961,0.7797673793377506,0.9955070685674314,-0.6100221477881713,0.3688201909776292,-0.6249514459093692,-0.04158560236863984,-0.13770180173521762,0.17014560064707807
12960.084961,0.7797673793377506,0.9955070685674314,-0.6100221477881713,0.3688201909776292,-0.6249514459093692,-0.04158560236863984,-0.13770180173521762,0.17014560064707807
12965.084961,0.7797673793377506,0.9955070685674314,-0.6100221477881713,0.3688201909776292,-0.6249514459093692,-0.04158560236863984,-0.13770180173521762,0.17014560064707807
12970.084961,0.7797673793377506,0.9955070685674314,-0.6100221477881713,0.3688201909776292,-0.6249514459093692,-0.04158560236863984,-0.13770180173521762,0.17014560064707807
12975.084961,0.7558109760450058,0.8377855062589813,-0.6272845189194067,0.3190946786278247,-0.6119752538332464,0.1603519712537241,0.04660923086516115,0.1447762426547131
12980.084961,0.731854572752261,0.680063943950531,-0.6445468900506419,0.26936916627802027,-0.5989990617571234,0.36228954487608805,0.23092026346553993,0.11940688466234813
12985.084961,0.7078981694595162,0.522342381642081,-0.6618092611818772,0.21964365392821578,-0.5860228696810005,0.564227118498452,0.4152312960659187,0.09403752666998315
12990.084961,0.6839417661667714,0.364620819333631,-0.6790716323131127,0.1699181415784113,-0.5730466776048775,0.766164692120816,0.5995423286662975,0.06866816867761819
12995.084961,0.6599853628740264,0.20689925702518086,-0.6963340034443479,0.12019262922860685,-0.5600704855287546,0.96810226574318,0.7838533612666763,0.04329881068525321
13000.084961,0.6599853628740264,0.20689925702518086,-0.6963340034443479,0.12019262922860685,-0.5600704855287546,0.96810226574318,0.7838533612666763,0.04329881068525321
13005.084961,0.6599853628740264,0.20689925702518086,-0.6963340034443479,0.12019262922860685,-0.5600704855287546,0.96810226574318,0.7838533612666763,0.04329881068525321
13010.084961,0.3304718090976099,0.15164057943239606,-0.6895693870260704,0.18190500538548324,-0.33824538564437634,0.7953296275829563,0.7240771133296664,0.0013542282873067358
13015.084961,0.0009582553211934464,0.09638190183961126,-0.6828047706077929,0.24361738154235962,-0.11642028575999808,0.6225569894227327,0.6643008653926565,-0.040590354110639736
13020.084961,-0.328555298455223,0.04112322424682646,-0.6760401541895155,0.30532975769923604,0.10540481412438019,0.4497843512625092,0.6045246174556467,-0.0825349365085862
13025.084961,-0.6580688522316395,-0.014135453345958338,-0.6692755377712378,0.3670421338561124,0.32722991400875845,0.27701171310228545,0.5447483695186368,-0.12447951890653268
13030.084961,-0.987582406008056,-0.06939413093874314,-0.6625109213529605,0.4287545100129888,0.5490550138931367,0.10423907494206186,0.48497212158162695,-0.16642410130447916
13035.084961,-0.987582406008056,-0.06939413093874314,-0.6625109213529605,0.4287545100129888,0.5490550138931367,0.10423907494206186,0.48497212158162695,-0.16642410130447916
13040.084961,-0.987582406008056,-0.06939413093874314,-0.6625109213529605,0.4287545100129888,0.5490550138931367,0.10423907494206186,0.48497212158162695,-0.16642410130447916
13045.084961,-0.987582406008056,-0.06939413093874314,-0.6625109213529605,0.4287545100129888,0.5490550138931367,0.10423907494206186,0.48497212158162695,-0.16642410130447916
13050.084961,-0.7643031644442323,0.1211874638347246,-0.6877317510683942,0.43201271566101856,0.6262111959151853,0.14924301591962297,0.20941190839391113,-0.11246750187462848
13055.084961,-0.5410239228804086,0.3117690586081924,-0.7129525807838281,0.4352709213090482,0.7033673779372338,0.19424695689718408,-0.0661483047938047,-0.058510902444777815
13060.084961,-0.3177446813165849,0.5023506533816601,-0.7381734104992619,0.43852912695707785,0.7805235599592822,0.23925089787474518,-0.3417085179815205,-0.004554303014927141
13065.084961,-0.0944654397527612,0.6929322481551279,-0.7633942402146957,0.4417873326051076,0.8576797419813307,0.2842548388523063,-0.6172687311692364,0.04940229641492353
13070.084961,0.1288138018110625,0.8835138429285955,-0.7886150699301295,0.44504553825313736,0.9348359240033792,0.3292587798298674,-0.8928289443569521,0.1033588958447742
13075.084961,0.1288138018110625,0.8835138429285955,-0.7886150699301295,0.44504553825313736,0.9348359240033792,0.3292587798298674,-0.8928289443569521,0.1033588958447742
13080.084961,0.1288138018110625,0.8835138429285955,-0.7886150699301295,0.44504553825313736,0.9348359240033792,0.3292587798298674,-0.8928289443569521,0.1033588958447742
13085.084961,0.12927573357022348,0.5506134436416692,-0.46092021488956814,0.2599574916494612,0.8932503303758124,0.11430680401449442,-0.623841726268065,0.1618018229672383
13090.084961,0.12973766532938447,0.2177130443547429,-0.13322535984900688,0.07486944504578505,0.8516647367482454,-0.10064517180087855,-0.35485450817917774,0.2202447500897024
13095.084961,0.13019959708854545,-0.11518735493218343,0.19446949519155451,-0.11021860155789107,0.8100791431206785,-0.3155971476162515,-0.08586729009029063,0.27868767721216653
13100.084961,-0.0787717329318097,-0.46993892129015646,0.5488832529793062,-0.05527120245819561,0.4837391685950763,-0.2569269599640672,-0.052845768614573616,0.41100232491646016
13105.084961,-0.28774306295216484,-0.8246904876481296,0.9032970107670579,-0.0003238033585001521,0.1573991940694741,-0.19825677231188293,-0.0198242471388566,0.543316972620754
13110.084961,-0.497176324731681,-0.8465416547191762,0.9300159135142483,0.23971164234487144,-0.12735518682856117,0.07536539115567442,-0.25578994375202674,0.6171886932025835
13115.084961,-0.7066095865111971,-0.8683928217902229,0.9567348162614386,0.47974708804824306,-0.41210956772659646,0.3489875546232317,-0.4917556403651969,0.6910604137844132
13120.084961,-0.9160428482907133,-0.8902439888612698,0.9834537190086291,0.7197825337516146,-0.6968639486246317,0.622609718090789,-0.727721336978367,0.7649321343662427
13125.084961,-0.9160428482907133,-0.8902439888612698,0.9834537190086291,0.7197825337516146,-0.6968639486246317,0.622609718090789,-0.727721336978367,0.7649321343662427
13130.084961,-0.9160428482907133,-0.8902439888612698,0.9834537190086291,0.7197825337516146,-0.6968639486246317,0.622609718090789,-0.727721336978367,0.7649321343662427
13135.084961,-0.9160428482907133,-0.8902439888612698,0.9834537190086291,0.7197825337516146,-0.6968639486246317,0.622609718090789,-0.727721336978367,0.7649321343662427
13140.084961,-0.9160428482907133,-0.8902439888612698,0.9834537190086291,0.7197825337516146,-0.6968639486246317,0.622609718090789,-0.727721336978367,0.7649321343662427
13145.084961,-0.7411979100112036,-0.6588537853512697,0.8574819817642585,0.38429229554046906,-0.7186962532358019,0.5752916972177434,-0.731389067722915,0.6115158288808591
13150.084961,-0.5663529717316941,-0.4274635818412699,0.7315102445198878,0.04880205732932348,-0.7405285578469719,0.527973676344698,-0.735056798467463,0.4580995233954754
13155.084961,-0.3915080334521843,-0.1960733783312701,0.6055385072755174,-0.286688180881822,-0.762360862458142,0.4806556554716524,-0.7387245292120108,0.3046832179100917
13160.084961,-0.21666309517267468,0.035316825178729784,0.4795667700311467,-0.6221784190929676,-0.7841931670693123,0.43333763459860697,-0.7423922599565588,0.15126691242470797
13165.084961,-0.04181815689316504,0.26670702868872964,0.35359503278677606,-0.9576686573041131,-0.8060254716804824,0.3860196137255614,-0.7460599907011067,-0.0021493930606757417
13170.084961,-0.04181815689316504,0.26670702868872964,0.35359503278677606,-0.9576686573041131,-0.8060254716804824,0.3860196137255614,-0.7460599907011067,-0.0021493930606757417
13175.084961,-0.04181815689316504,0.26670702868872964,0.35359503278677606,-0.9576686573041131,-0.8060254716804824,0.3860196137255614,-0.7460599907011067,-0.0021493930606757417
13180.084961,-0.04181815689316504,0.26670702868872964,0.35359503278677606,-0.9576686573041131,-0.8060254716804824,0.3860196137255614,-0.7460599907011067,-0.0021493930606757417
13185.084961,-0.04181815689316504,0.26670702868872964,0.35359503278677606,-0.9576686573041131,-0.8060254716804824,0.3860196137255614,-0.7460599907011067,-0.0021493930606757417
13190.084961,-0.04181815689316504,0.26670702868872964,0.35359503278677606,-0.9576686573041131,-0.8060254716804824,0.3860196137255614,-0.7460599907011067,-0.0021493930606757417
13195.084961,-0.13795098998905822,0.15142159168616395,0.44406348470223006,-0.8330584030517187,-0.8113560922649725,0.49683064011367717,-0.46077628216435257,0.18699595935630606
13200.084961,-0.2340838230849514,0.03613615468359828,0.5345319366176842,-0.7084481487993244,-0.8166867128494628,0.6076416665017931,-0.17549257362759835,0.37614131177328786
13205.084961,-0.33021665618084456,-0.07914928231896741,0.6250003885331381,-0.5838378945469301,-0.8220173334339529,0.7184526928899089,0.10979113490915586,0.5652866641902696
13210.084961,-0.42634948927673777,-0.19443471932153308,0.7154688404485923,-0.4592276402945359,-0.8273479540184431,0.8292637192780246,0.39507484344591004,0.7544320166072515
13215.084961,-0.5224823223726309,-0.30972015632409877,0.8059372923640462,-0.33461738604214153,-0.8326785746029334,0.9400747456661405,0.6803585519826643,0.9435773690242332
13220.084961,-0.5224823223726309,-0.30972015632409877,0.8059372923640462,-0.33461738604214153,-0.8326785746029334,0.9400747456661405,0.6803585519826643,0.9435773690242332
13225.084961,-0.5224823223726309,-0.30972015632409877,0.8059372923640462,-0.33461738604214153,-0.8326785746029334,0.9400747456661405,0.6803585519826643,0.9435773690242332
13230.084961,-0.5224823223726309,-0.30972015632409877,0.8059372923640462,-0.33461738604214153,-0.8326785746029334,0.9400747456661405,0.6803585519826643,0.9435773690242332
13235.084961,-0.5224823223726309,-0.30972015632409877,0.8059372923640462,-0.33461738604214153,-0.8326785746029334,0.9400747456661405,0.6803585519826643,0.9435773690242332
13240.084961,-0.31437453763039114,-0.14446485624297142,0.56352197169103,-0.4121021998958879,-0.6527558891795174,0.8056860303666488,0.7114372959277986,0.8008204183302041
13245.084961,-0.10626675288815131,0.020790443838155915,0.3211066510180139,-0.48958701374963426,-0.47283320375610166,0.6712973150671571,0.742516039872933,0.6580634676361747
13250.084961,0.1018410318540885,0.18604574391928325,0.07869133034499765,-0.5670718276033806,-0.29291051833268583,0.5369085997676655,0.7735947838180675,0.5153065169421456
13255.084961,0.30994881659632834,0.3513010440004106,-0.16372399032801854,-0.644556641457127,-0.11298783290927003,0.40251988446817377,0.8046735277632019,0.3725495662481163
13260.084961,0.5180566013385681,0.5165563440815379,-0.40613931100103473,-0.7220414553108734,0.06693485251414577,0.26813116916868207,0.8357522717083363,0.22979261555408703
13265.084961,0.5180566013385681,0.5165563440815379,-0.40613931100103473,-0.7220414553108734,0.06693485251414577,0.26813116916868207,0.8357522717083363,0.22979261555408703
13270.084961,0.5180566013385681,0.5165563440815379,-0.40613931100103473,-0.7220414553108734,0.06693485251414577,0.26813116916868207,0.8357522717083363,0.22979261555408703
13275.084961,0.5180566013385681,0.5165563440815379,-0.40613931100103473,-0.7220414553108734,0.06693485251414577,0.26813116916868207,0.8357522717083363,0.22979261555408703
13280.084961,0.3141663759387182,0.484508365478778,-0.47971762888465863,-0.737176455456311,-0.14026818929639426,0.08893417279348093,0.8097001278476246,0.20568114634068063
13285.084961,0.11027615053886826,0.4524603868760182,-0.5532959467682825,-0.7523114556017487,-0.3474712311069343,-0.09026282358172022,0.7836479839869128,0.18156967712727426
13290.084961,-0.09361407486098168,0.4204124082732584,-0.6268742646519065,-0.7674464557471865,-0.5546742729174744,-0.26945981995692136,0.757595840126201,0.15745820791386786
13295.084961,-0.29750430026083163,0.38836442967049845,-0.7004525825355303,-0.7825814558926242,-0.7618773147280142,-0.4486568163321225,0.7315436962654891,0.1333467387004615
13300.084961,-0.5013945256606815,0.35631645106773857,-0.7740309004191543,-0.7977164560380618,-0.9690803565385544,-0.6278538127073237,0.7054915524047773,0.10923526948705509
13305.084961,-0.5013945256606815,0.35631645106773857,-0.7740309004191543,-0.7977164560380618,-0.9690803565385544,-0.6278538127073237,0.7054915524047773,0.10923526948705509
13310.084961,-0.5013945256606815,0.35631645106773857,-0.7740309004191543,-0.7977164560380618,-0.9690803565385544,-0.6278538127073237,0.7054915524047773,0.10923526948705509
13315.084961,-0.5013945256606815,0.35631645106773857,-0.7740309004191543,-0.7977164560380618,-0.9690803565385544,-0.6278538127073237,0.7054915524047773,0.10923526948705509
13320.084961,-0.5013945256606815,0.35631645106773857,-0.7740309004191543,-0.7977164560380618,-0.9690803565385544,-0.6278538127073237,0.7054915524047773,0.10923526948705509
13325.084961,-0.5013945256606815,0.35631645106773857,-0.7740309004191543,-0.7977164560380618,-0.9690803565385544,-0.6278538127073237,0.7054915524047773,0.10923526948705509
13330.084961,-0.5596647408194981,0.13049660520166168,-0.5194588184641055,-0.7851810281749705,-0.9213878104032494,-0.45256692013153577,0.7245976992955911,0.13259659568086488
13335.084961,-0.6179349559783146,-0.09532324066441525,-0.2648867365090567,-0.7726456003118791,-0.8736952642679444,-0.27728002755574793,0.7437038461864051,0.15595792187467467
13340.084961,-0.676205171137131,-0.32114308653049217,-0.010314654554007773,-0.7601101724487878,-0.8260027181326393,-0.10199313497996006,0.7628099930772189,0.17931924806848448
13345.084961,-0.7344753862959476,-0.5469629323965691,0.2442574274010411,-0.7475747445856962,-0.7783101719973343,0.07329375759582782,0.7819161399680329,0.20268057426229427
13350.084961,-0.792745601454764,-0.772782778262646,0.49882950935608994,-0.7350393167226048,-0.7306176258620292,0.24858065017161568,0.8010222868588468,0.22604190045610406
13355.084961,-0.8241908444185523,-0.7926501275962836,0.32217897172134824,-0.5438320018016973,-0.738289750242543,0.3799162716480303,0.60798938325181,0.27099162266668897
13360.084961,-0.8556360873823406,-0.8125174769299214,0.14552843408660648,-0.35262468688078974,-0.7459618746230566,0.511251893124445,0.4149564796447732,0.3159413448772738
13365.084961,-0.887081330346129,-0.8323848262635591,-0.031122103548135226,-0.16141737195988223,-0.7536339990035704,0.6425875146008597,0.2219235760377364,0.36089106708785873
13370.084961,-0.9185265733099174,-0.8522521755971969,-0.20777264118287694,0.029789942961025283,-0.7613061233840842,0.7739231360772744,0.028890672430699604,0.4058407892984436
13375.084961,-0.9499718162737057,-0.8721195249308347,-0.38442317881761867,0.2209972578819328,-0.7689782477645979,0.905258757553689,-0.1641422311763372,0.4507905115090285
13380.084961,-0.9499718162737057,-0.8721195249308347,-0.38442317881761867,0.2209972578819328,-0.7689782477645979,0.905258757553689,-0.1641422311763372,0.4507905115090285
13385.084961,-0.9499718162737057,-0.8721195249308347,-0.38442317881761867,0.2209972578819328,-0.7689782477645979,0.905258757553689,-0.1641422311763372,0.4507905115090285
13390.084961,-0.9499718162737057,-0.8721195249308347,-0.38442317881761867,0.2209972578819328,-0.7689782477645979,0.905258757553689,-0.1641422311763372,0.4507905115090285
13395.084961,-0.6311109244504143,-0.8503450374868875,-0.4136070914348565,0.1385613239189381,-0.774298325851914,0.681870810442234,-0.2469206273362207,0.17362797955050882
13400.084961,-0.31225003262712303,-0.8285705500429403,-0.4427910040520942,0.056125389955943385,-0.7796184039392303,0.45848286333077903,-0.3296990234961042,-0.10353455240801086
13405.084961,0.006610859196168306,-0.8067960625989932,-0.47197491666933206,-0.02631054400705133,-0.7849384820265465,0.23509491621932416,-0.4124774196559876,-0.38069708436653055
13410.084961,0.32547175101945963,-0.785021575155046,-0.5011588292865697,-0.10874647797004604,-0.7902585601138628,0.011706969107869192,-0.4952558158158712,-0.6578596163250502
13415.084961,0.6443326428427509,-0.7632470877110988,-0.5303427419038076,-0.19118241193304075,-0.7955786382011789,-0.21168097800358576,-0.5780342119757547,-0.93502214828357
13420.084961,0.6443326428427509,-0.7632470877110988,-0.5303427419038076,-0.19118241193304075,-0.7955786382011789,-0.21168097800358576,-0.5780342119757547,-0.93502214828357
13425.084961,0.6443326428427509,-0.7632470877110988,-0.5303427419038076,-0.19118241193304075,-0.7955786382011789,-0.21168097800358576,-0.5780342119757547,-0.93502214828357
13430.084961,0.4330996101168555,-0.7126541863286497,-0.37430705950705917,-0.26509762215201665,-0.6302332052650013,-0.00813125243594084,-0.649109285026775,-0.6510031252953181
13435.084961,0.2218665773909601,-0.6620612849462008,-0.21827137711031078,-0.33901283237099256,-0.4648877723288237,0.19541847313170407,-0.7201843580777952,-0.36698410230706646
13440.084961,0.010633544665064675,-0.6114683835637517,-0.06223569471356236,-0.4129280425899685,-0.2995423393926461,0.398968198699349,-0.7912594311288155,-0.08296507931881472
13445.084961,-0.20059948806083075,-0.5608754821813026,0.09379998768318605,-0.48684325280894447,-0.13419690645646848,0.6025179242669939,-0.8623345041798357,0.20105394366943702
13450.084961,-0.41183252078672616,-0.5102825807988536,0.24983567007993446,-0.5607584630279203,0.031148526479709115,0.8060676498346389,-0.9334095772308559,0.48507296665768873
13455.084961,-0.41183252078672616,-0.5102825807988536,0.24983567007993446,-0.5607584630279203,0.031148526479709115,0.8060676498346389,-0.9334095772308559,0.48507296665768873
13460.084961,-0.41183252078672616,-0.5102825807988536,0.24983567007993446,-0.5607584630279203,0.031148526479709115,0.8060676498346389,-0.9334095772308559,0.48507296665768873
13465.084961,-0.41183252078672616,-0.5102825807988536,0.24983567007993446,-0.5607584630279203,0.031148526479709115,0.8060676498346389,-0.9334095772308559,0.48507296665768873
13470.084961,-0.41183252078672616,-0.5102825807988536,0.24983567007993446,-0.5607584630279203,0.031148526479709115,0.8060676498346389,-0.9334095772308559,0.48507296665768873
13475.084961,-0.41183252078672616,-0.5102825807988536,0.24983567007993446,-0.5607584630279203,0.031148526479709115,0.8060676498346389,-0.9334095772308559,0.48507296665768873
13480.084961,-0.14733186413540866,-0.531552172229594,0.23520869279373136,-0.41774391313676934,-0.11121051159908149,0.8059511395025613,-0.7464535678652714,0.33002344531360117
13485.084961,0.11716879251590884,-0.5528217636603345,0.22058171550752825,-0.27472936324561836,-0.2535695496778721,0.8058346291704834,-0.5594975584996869,0.17497392396951367
13490.084961,0.38166944916722634,-0.5740913550910751,0.20595473822132515,-0.13171481335446736,-0.3959285877566627,0.8057181188384058,-0.37254154913410237,0.019924402625426118
13495.084961,0.4383884013444548,-0.47896321055541763,0.13890688690958525,0.08856106204615193,-0.5948560745346214,0.6958656897138398,-0.3795645764352493,0.07876004779680916
13500.084961,0.49510735352168317,-0.3838350660197601,0.07185903559784537,0.3088369374467712,-0.7937835613125802,0.5860132605892736,-0.3865876037363963,0.1375956929681922
13505.084961,0.28732564904759406,-0.26743733005336207,0.019438161572308578,0.3860982629562395,-0.8503520100117484,0.47627734179678516,-0.5805666404031278,0.3514808594836628
13510.084961,0.07954394457350493,-0.15103959408696407,-0.032982712453228216,0.4633595884657078,-0.9069204587109164,0.3665414230042967,-0.7745456770698592,0.5653660259991333
13515.084961,-0.12823775990058417,-0.03464185812056608,-0.085403586478765,0.5406209139751761,-0.9634889074100845,0.25680550421180826,-0.9685247137365905,0.779251192514604
13520.084961,-0.12823775990058417,-0.03464185812056608,-0.085403586478765,0.5406209139751761,-0.9634889074100845,0.25680550421180826,-0.9685247137365905,0.779251192514604
13525.084961,-0.12823775990058417,-0.03464185812056608,-0.085403586478765,0.5406209139751761,-0.9634889074100845,0.25680550421180826,-0.9685247137365905,0.779251192514604
13530.084961,-0.07510012299401825,-0.08764229784703237,0.129805162006455,0.6219986168460105,-0.8526393134684203,0.15790298455560903,-0.7629418241830533,0.6666892098380603
13535.084961,-0.021962486087452326,-0.14064273757349866,0.345013910491675,0.7033763197168451,-0.7417897195267559,0.0590004648994098,-0.557358934629516,0.5541272271615169
13540.084961,0.031175150819113595,-0.19364317729996494,0.560222658976895,0.7847540225876796,-0.6309401255850915,-0.03990205475678943,-0.35177604507597865,0.44156524448497325
13545.084961,0.08431278772567952,-0.24664361702643123,0.775431407462115,0.8661317254585141,-0.5200905316434271,-0.13880457441298866,-0.1461931555224413,0.3290032618084297
13550.084961,0.13745042463224544,-0.2996440567528975,0.990640155947335,0.9475094283293487,-0.4092409377017628,-0.23770709406918789,0.05938973403109604,0.21644127913188616
13555.084961,0.13745042463224544,-0.2996440567528975,0.990640155947335,0.9475094283293487,-0.4092409377017628,-0.23770709406918789,0.05938973403109604,0.21644127913188616
13560.084961,0.06368778697347173,-0.21975325097085102,0.6115739165584737,0.7319365428134682,-0.32435260166713853,-0.3489721237178799,0.12655038633542204,0.2167968065750312
13565.084961,-0.010074850685301983,-0.13986244518880456,0.23250767716961232,0.5163636572975878,-0.23946426563251433,-0.46023715336657195,0.19371103863974803,0.21715233401817624
13570.084961,-0.0838374883440757,-0.05997163940675807,-0.14655856221924904,0.3007907717817074,-0.15457592959789013,-0.571502183015264,0.26087169094407403,0.21750786146132128
13575.084961,-0.1576001260028494,0.01991916637528841,-0.5256248016081104,0.08521788626582696,-0.06968759356326593,-0.6827672126639559,0.3280323432484,0.21786338890446633
13580.084961,-0.23136276366162312,0.09980997215733489,-0.9046910409969717,-0.13035499925005345,0.015200742471358275,-0.794032242312648,0.395192995552726,0.21821891634761137
13585.084961,-0.23136276366162312,0.09980997215733489,-0.9046910409969717,-0.13035499925005345,0.015200742471358275,-0.794032242312648,0.395192995552726,0.21821891634761137
13590.084961,-0.32436850370397247,0.13446863099019007,-0.6755610123687303,-0.06707113392256078,-0.09469549138084835,-0.5001720531961575,0.4061922310610777,0.02439154861133015
13595.084961,-0.4173742437463218,0.16912728982304528,-0.44643098374048906,-0.0037872685950681275,-0.20459172523305497,-0.206311864079667,0.41719146656942935,-0.16943581912495106
13600.084961,-0.5103799837886711,0.20378594865590047,-0.2173009551122477,0.059496596732424537,-0.31448795908526156,0.08754832503682355,0.428190702077781,-0.36326318686123227
13605.084961,-0.2786947511581106,0.004693703287766748,0.10687117197653095,0.25789307290305685,-0.28308583044391444,0.40190620692044254,0.27267327602341546,-0.48955673064618066
13610.084961,-0.047009518527549865,-0.19439854208036697,0.4310432990653096,0.45628954907368924,-0.2516837018025674,0.7162640888040614,0.11715584996904993,-0.615850274431129
13615.084961,0.2776814541453601,-0.42814944628135587,0.5260853975258468,0.5914021599168289,-0.11038533930901365,0.7367617815711898,-0.04936081159366723,-0.548316450479796
13620.084961,0.6023724268182701,-0.6619003504823449,0.6211274959863843,0.7265147707599685,0.03091302318454008,0.7572594743383182,-0.2158774731563844,-0.48078262652846304
13625.084961,0.9270633994911801,-0.8956512546833337,0.7161695944469215,0.8616273816031083,0.1722113856780938,0.7777571671054466,-0.38239413471910155,-0.4132488025771302
13630.084961,0.9270633994911801,-0.8956512546833337,0.7161695944469215,0.8616273816031083,0.1722113856780938,0.7777571671054466,-0.38239413471910155,-0.4132488025771302
13635.084961,0.9270633994911801,-0.8956512546833337,0.7161695944469215,0.8616273816031083,0.1722113856780938,0.7777571671054466,-0.38239413471910155,-0.4132488025771302
13640.084961,0.9270633994911801,-0.8956512546833337,0.7161695944469215,0.8616273816031083,0.1722113856780938,0.7777571671054466,-0.38239413471910155,-0.4132488025771302
13645.084961,0.8067718577508775,-0.7017725576764612,0.6691577406201662,0.49093701185018757,0.027061189094002014,0.5635708507305071,-0.2611196266742304,-0.17842090329030377
13650.084961,0.6864803160105749,-0.5078938606695885,0.6221458867934109,0.12024664209726713,-0.11808900749008977,0.34938453435556727,-0.13984511862935922,0.05640699599652259
13655.084961,0.5661887742702724,-0.31401516366271603,0.5751340329666557,-0.25044372765565337,-0.26323920407418155,0.13519821798062764,-0.018570610584488056,0.29123489528334895
13660.084961,0.44589723252996977,-0.12013646665584346,0.5281221791399002,-0.621134097408574,-0.40838940065827334,-0.078988098394312,0.10270389746038311,0.5260627945701752
13665.084961,0.32560569078966717,0.07374223035102911,0.481110325313145,-0.9918244671614944,-0.5535395972423651,-0.29317441476925166,0.22397840550525427,0.7608906938570017
13670.084961,0.32560569078966717,0.07374223035102911,0.481110325313145,-0.9918244671614944,-0.5535395972423651,-0.29317441476925166,0.22397840550525427,0.7608906938570017
13675.084961,0.32560569078966717,0.07374223035102911,0.481110325313145,-0.9918244671614944,-0.5535395972423651,-0.29317441476925166,0.22397840550525427,0.7608906938570017
13680.084961,0.32560569078966717,0.07374223035102911,0.481110325313145,-0.9918244671614944,-0.5535395972423651,-0.29317441476925166,0.22397840550525427,0.7608906938570017
13685.084961,0.07442127605721431,-0.015810552593808723,0.4411036140617882,-0.7265236377642721,-0.4731699305802509,-0.25247748436574935,0.029238221770502237,0.7786613659898973
13690.084961,-0.17676313867523855,-0.10536333553864656,0.40109690281043137,-0.46122280836704965,-0.39280026391813666,-0.21178055396224704,-0.1655019619642498,0.7964320381227928
13695.084961,-0.4279475534076914,-0.1949161184834844,0.36109019155907457,-0.19592197896982744,-0.31243059725602246,-0.17108362355874474,-0.3602421456990018,0.8142027102556885
13700.084961,-0.6791319681401442,-0.28446890142832226,0.3210834803077177,0.06937885042739489,-0.23206093059390823,-0.13038669315524243,-0.5549823294337539,0.8319733823885841
13705.084961,-0.9303163828725971,-0.3740216843731601,0.2810767690563609,0.3346796798246172,-0.151691263931794,-0.08968976275174012,-0.7497225131685059,0.8497440545214797
13710.084961,-0.9303163828725971,-0.3740216843731601,0.2810767690563609,0.3346796798246172,-0.151691263931794,-0.08968976275174012,-0.7497225131685059,0.8497440545214797
13715.084961,-0.9303163828725971,-0.3740216843731601,0.2810767690563609,0.3346796798246172,-0.151691263931794,-0.08968976275174012,-0.7497225131685059,0.8497440545214797
13720.084961,-0.9303163828725971,-0.3740216843731601,0.2810767690563609,0.3346796798246172,-0.151691263931794,-0.08968976275174012,-0.7497225131685059,0.8497440545214797
13725.084961,-0.8096773396802635,-0.142973791803822,0.23063859767875675,0.23257284781617868,-0.13885749951322537,-0.04151828905282366,-0.4981425561711751,0.5103856894502401
13730.084961,-0.6890382964879297,0.0880741007655161,0.18020042630115257,0.13046601580774014,-0.12602373509465675,0.006653184646092792,-0.24656259917384427,0.17102732437900076
