┌ Info: Logging configured: File='simulation_debug.log' (>=Debug), Console (>=Info)
└ @ Main /home/basta/Projects/bakalarka-openfoam/bakalarka-openfoam/MHD_control_cooling/src/controllers/mpc_alter.jl:52
┌ Info: Configuration loaded successfully from './configs/alter.toml'
└ @ Main /home/basta/Projects/bakalarka-openfoam/bakalarka-openfoam/MHD_control_cooling/src/scripts/sock_field_server.jl:69
┌ Info: Created experiment log directory: experiment_runs/2025-05-04_20-12-39_AlternatingMPC_alter_mpc_run
└ @ Main /home/basta/Projects/bakalarka-openfoam/bakalarka-openfoam/MHD_control_cooling/src/scripts/sock_field_server.jl:98
┌ Info: Opened CSV log for control inputs: experiment_runs/2025-05-04_20-12-39_AlternatingMPC_alter_mpc_run/alter_mpc_run_control.csv
└ @ Main /home/basta/Projects/bakalarka-openfoam/bakalarka-openfoam/MHD_control_cooling/src/scripts/sock_field_server.jl:116
┌ Info: Opened CSV log for detailed state: experiment_runs/2025-05-04_20-12-39_AlternatingMPC_alter_mpc_run/alter_mpc_run_state.csv
└ @ Main /home/basta/Projects/bakalarka-openfoam/bakalarka-openfoam/MHD_control_cooling/src/scripts/sock_field_server.jl:127
┌ Info: Attempting to read cell centers from: ../cyl/0/C
└ @ Main /home/basta/Projects/bakalarka-openfoam/bakalarka-openfoam/MHD_control_cooling/src/scripts/sock_field_server.jl:185
┌ Info: Successfully read cell centers. Size: (3, 2984)
└ @ Main /home/basta/Projects/bakalarka-openfoam/bakalarka-openfoam/MHD_control_cooling/src/scripts/sock_field_server.jl:192
┌ Info: Initializing controller of type: AlternatingMPC
└ @ Main /home/basta/Projects/bakalarka-openfoam/bakalarka-openfoam/MHD_control_cooling/src/scripts/sock_field_server.jl:143
┌ Info: Loaded A [(1021, 1021)] and B [(1021, 16)] from ABC.jld2
└ @ Main /home/basta/Projects/bakalarka-openfoam/bakalarka-openfoam/MHD_control_cooling/src/controllers/mpc_alter.jl:304
┌ Info: Using Alternating Minimization with N_iter=5, u_dim=4, v_dim=4
└ @ Main /home/basta/Projects/bakalarka-openfoam/bakalarka-openfoam/MHD_control_cooling/src/controllers/mpc_alter.jl:321
┌ Info: Using input_delays (du) = 60
└ @ Main /home/basta/Projects/bakalarka-openfoam/bakalarka-openfoam/MHD_control_cooling/src/controllers/mpc_alter.jl:337
┌ Info: Constructed xref with first element: -1.0
└ @ Main /home/basta/Projects/bakalarka-openfoam/bakalarka-openfoam/MHD_control_cooling/src/controllers/mpc_alter.jl:363
┌ Info: Loaded Physical U bounds: [-2.0, 2.0]
└ @ Main /home/basta/Projects/bakalarka-openfoam/bakalarka-openfoam/MHD_control_cooling/src/controllers/mpc_alter.jl:388
┌ Info: Loaded Physical V bounds: [-2.0, 2.0]
└ @ Main /home/basta/Projects/bakalarka-openfoam/bakalarka-openfoam/MHD_control_cooling/src/controllers/mpc_alter.jl:389
┌ Info: Setting up Alternating MPC Controller...
└ @ Main /home/basta/Projects/bakalarka-openfoam/bakalarka-openfoam/MHD_control_cooling/src/controllers/mpc_alter.jl:400
┌ Info: Setting up Alternating MPC with nx=1021, nu=16 (m=4, n=4)
└ @ Main /home/basta/Projects/bakalarka-openfoam/bakalarka-openfoam/MHD_control_cooling/src/controllers/mpc_alter.jl:181
┌ Info: Using P_sparse regularization: 1.0e-6
└ @ Main /home/basta/Projects/bakalarka-openfoam/bakalarka-openfoam/MHD_control_cooling/src/controllers/mpc_alter.jl:231
┌ Info: P_sparse (Theta Hessian) is positive definite.
└ @ Main /home/basta/Projects/bakalarka-openfoam/bakalarka-openfoam/MHD_control_cooling/src/controllers/mpc_alter.jl:237
┌ Info: Constraint Dimensions: num_theta_cons=20500, num_u_phys_cons=20, num_v_phys_cons=20
└ @ Main /home/basta/Projects/bakalarka-openfoam/bakalarka-openfoam/MHD_control_cooling/src/controllers/mpc_alter.jl:265
┌ Info: MPC setup complete.
└ @ Main /home/basta/Projects/bakalarka-openfoam/bakalarka-openfoam/MHD_control_cooling/src/controllers/mpc_alter.jl:404
┌ Info: Controller initialized successfully: AlternatingMPCController
└ @ Main /home/basta/Projects/bakalarka-openfoam/bakalarka-openfoam/MHD_control_cooling/src/scripts/sock_field_server.jl:173
┌ Info: Handling client connection: 127.0.0.1:41878
└ @ Main /home/basta/Projects/bakalarka-openfoam/bakalarka-openfoam/MHD_control_cooling/src/scripts/sock_field_server.jl:248
┌ Error: Measurement 'wallheatflux' is an empty vector. Returning safe input.
└ @ Main /home/basta/Projects/bakalarka-openfoam/bakalarka-openfoam/MHD_control_cooling/src/controllers/mpc_alter.jl:451
┌ Info: ("Sending input", [0.0, 0.0, 0.0, 0.0, 0.0, 0.0, 0.0, 0.0])
└ @ Main /home/basta/Projects/bakalarka-openfoam/bakalarka-openfoam/MHD_control_cooling/src/scripts/sock_field_server.jl:287
┌ Debug: update_controller_state! called at time 0.0024. No action implemented.
└ @ Main /home/basta/Projects/bakalarka-openfoam/bakalarka-openfoam/MHD_control_cooling/src/controllers/mpc_alter.jl:763
┌ Debug: update_controller_state! called at time 0.0024. No action implemented.
└ @ Main /home/basta/Projects/bakalarka-openfoam/bakalarka-openfoam/MHD_control_cooling/src/controllers/mpc_alter.jl:763
┌ Debug: Raw Measurement 'wallheatflux' value: -0.5632655
└ @ Main /home/basta/Projects/bakalarka-openfoam/bakalarka-openfoam/MHD_control_cooling/src/controllers/mpc_alter.jl:455
┌ Debug: Centered Measurement yk: -0.5632655
└ @ Main /home/basta/Projects/bakalarka-openfoam/bakalarka-openfoam/MHD_control_cooling/src/controllers/mpc_alter.jl:458
┌ Debug: Constructed state xk[1:5] = [-0.5633, 0.0, 0.0, 0.0, 0.0]... | Norm: 0.5633
└ @ Main /home/basta/Projects/bakalarka-openfoam/bakalarka-openfoam/MHD_control_cooling/src/controllers/mpc_alter.jl:504
┌ Debug: State error (output) xk[1]-xref[1]: 0.4367 | Full error norm: 293.4535
└ @ Main /home/basta/Projects/bakalarka-openfoam/bakalarka-openfoam/MHD_control_cooling/src/controllers/mpc_alter.jl:514
┌ Debug: State bounds check: any(l_st_k .> u_st_k) = false
└ @ Main /home/basta/Projects/bakalarka-openfoam/bakalarka-openfoam/MHD_control_cooling/src/controllers/mpc_alter.jl:515
┌ Debug: Initializing U randomly.
└ @ Main /home/basta/Projects/bakalarka-openfoam/bakalarka-openfoam/MHD_control_cooling/src/controllers/mpc_alter.jl:531
┌ Debug: Initializing V randomly.
└ @ Main /home/basta/Projects/bakalarka-openfoam/bakalarka-openfoam/MHD_control_cooling/src/controllers/mpc_alter.jl:540
┌ Debug: Initial U norm: 1.1384, Initial V norm: 1.264
└ @ Main /home/basta/Projects/bakalarka-openfoam/bakalarka-openfoam/MHD_control_cooling/src/controllers/mpc_alter.jl:544
┌ Debug: Using QP Regularization: 0.0001
└ @ Main /home/basta/Projects/bakalarka-openfoam/bakalarka-openfoam/MHD_control_cooling/src/controllers/mpc_alter.jl:549
┌ Debug: AM Iteration 1/5
└ @ Main /home/basta/Projects/bakalarka-openfoam/bakalarka-openfoam/MHD_control_cooling/src/controllers/mpc_alter.jl:561
┌ Debug:   U-Step OK. Status: LOCALLY_SOLVED, Primal: FEASIBLE_POINT. New U norm: 5.2236
└ @ Main /home/basta/Projects/bakalarka-openfoam/bakalarka-openfoam/MHD_control_cooling/src/controllers/mpc_alter.jl:605
┌ Debug:   V-Step OK. Status: LOCALLY_SOLVED, Primal: FEASIBLE_POINT. New V norm: 1.2062
└ @ Main /home/basta/Projects/bakalarka-openfoam/bakalarka-openfoam/MHD_control_cooling/src/controllers/mpc_alter.jl:662
┌ Debug:   AM Iter 1 took 2081.79 ms. U Status: LOCALLY_SOLVED, V Status: LOCALLY_SOLVED
└ @ Main /home/basta/Projects/bakalarka-openfoam/bakalarka-openfoam/MHD_control_cooling/src/controllers/mpc_alter.jl:680
┌ Debug: AM Iteration 2/5
└ @ Main /home/basta/Projects/bakalarka-openfoam/bakalarka-openfoam/MHD_control_cooling/src/controllers/mpc_alter.jl:561
┌ Debug:   U-Step OK. Status: LOCALLY_SOLVED, Primal: FEASIBLE_POINT. New U norm: 5.8943
└ @ Main /home/basta/Projects/bakalarka-openfoam/bakalarka-openfoam/MHD_control_cooling/src/controllers/mpc_alter.jl:605
┌ Debug:   V-Step OK. Status: LOCALLY_SOLVED, Primal: FEASIBLE_POINT. New V norm: 1.2266
└ @ Main /home/basta/Projects/bakalarka-openfoam/bakalarka-openfoam/MHD_control_cooling/src/controllers/mpc_alter.jl:662
┌ Debug:   AM Iter 2 took 45.17 ms. U Status: LOCALLY_SOLVED, V Status: LOCALLY_SOLVED
└ @ Main /home/basta/Projects/bakalarka-openfoam/bakalarka-openfoam/MHD_control_cooling/src/controllers/mpc_alter.jl:680
┌ Debug: AM Iteration 3/5
└ @ Main /home/basta/Projects/bakalarka-openfoam/bakalarka-openfoam/MHD_control_cooling/src/controllers/mpc_alter.jl:561
┌ Debug:   U-Step OK. Status: LOCALLY_SOLVED, Primal: FEASIBLE_POINT. New U norm: 5.9812
└ @ Main /home/basta/Projects/bakalarka-openfoam/bakalarka-openfoam/MHD_control_cooling/src/controllers/mpc_alter.jl:605
┌ Debug:   V-Step OK. Status: LOCALLY_SOLVED, Primal: FEASIBLE_POINT. New V norm: 1.2178
└ @ Main /home/basta/Projects/bakalarka-openfoam/bakalarka-openfoam/MHD_control_cooling/src/controllers/mpc_alter.jl:662
┌ Debug:   AM Iter 3 took 112.87 ms. U Status: LOCALLY_SOLVED, V Status: LOCALLY_SOLVED
└ @ Main /home/basta/Projects/bakalarka-openfoam/bakalarka-openfoam/MHD_control_cooling/src/controllers/mpc_alter.jl:680
┌ Debug: AM Iteration 4/5
└ @ Main /home/basta/Projects/bakalarka-openfoam/bakalarka-openfoam/MHD_control_cooling/src/controllers/mpc_alter.jl:561
┌ Debug:   U-Step OK. Status: LOCALLY_SOLVED, Primal: FEASIBLE_POINT. New U norm: 6.3476
└ @ Main /home/basta/Projects/bakalarka-openfoam/bakalarka-openfoam/MHD_control_cooling/src/controllers/mpc_alter.jl:605
┌ Debug:   V-Step OK. Status: LOCALLY_SOLVED, Primal: FEASIBLE_POINT. New V norm: 1.2191
└ @ Main /home/basta/Projects/bakalarka-openfoam/bakalarka-openfoam/MHD_control_cooling/src/controllers/mpc_alter.jl:662
┌ Debug:   AM Iter 4 took 42.37 ms. U Status: LOCALLY_SOLVED, V Status: LOCALLY_SOLVED
└ @ Main /home/basta/Projects/bakalarka-openfoam/bakalarka-openfoam/MHD_control_cooling/src/controllers/mpc_alter.jl:680
┌ Debug: AM Iteration 5/5
└ @ Main /home/basta/Projects/bakalarka-openfoam/bakalarka-openfoam/MHD_control_cooling/src/controllers/mpc_alter.jl:561
┌ Debug:   U-Step OK. Status: LOCALLY_SOLVED, Primal: FEASIBLE_POINT. New U norm: 6.35
└ @ Main /home/basta/Projects/bakalarka-openfoam/bakalarka-openfoam/MHD_control_cooling/src/controllers/mpc_alter.jl:605
┌ Debug:   V-Step OK. Status: LOCALLY_SOLVED, Primal: FEASIBLE_POINT. New V norm: 1.2205
└ @ Main /home/basta/Projects/bakalarka-openfoam/bakalarka-openfoam/MHD_control_cooling/src/controllers/mpc_alter.jl:662
┌ Debug:   AM Iter 5 took 44.13 ms. U Status: LOCALLY_SOLVED, V Status: LOCALLY_SOLVED
└ @ Main /home/basta/Projects/bakalarka-openfoam/bakalarka-openfoam/MHD_control_cooling/src/controllers/mpc_alter.jl:680
┌ Debug: AM finished after 5 iterations.
└ @ Main /home/basta/Projects/bakalarka-openfoam/bakalarka-openfoam/MHD_control_cooling/src/controllers/mpc_alter.jl:697
┌ Debug: Final U norm: 6.35, Final V norm: 1.2205
└ @ Main /home/basta/Projects/bakalarka-openfoam/bakalarka-openfoam/MHD_control_cooling/src/controllers/mpc_alter.jl:698
┌ Debug: Physical Bounds Hit: U_min=false, U_max=true, V_min=false, V_max=false
└ @ Main /home/basta/Projects/bakalarka-openfoam/bakalarka-openfoam/MHD_control_cooling/src/controllers/mpc_alter.jl:704
┌ Debug: Storing effective theta_k (for next step): Norm=1.0407, First 5=[0.0, 0.0, -0.0, -0.0, -0.0]
└ @ Main /home/basta/Projects/bakalarka-openfoam/bakalarka-openfoam/MHD_control_cooling/src/controllers/mpc_alter.jl:733
┌ Info: Control action computed in 2370.16 ms. Sending input u[1]=-0.0, v[1]=-0.0...
└ @ Main /home/basta/Projects/bakalarka-openfoam/bakalarka-openfoam/MHD_control_cooling/src/controllers/mpc_alter.jl:753
┌ Info: ("Sending input", [-3.841831995972464e-8, -3.8434527106938946e-8, 2.000000019988147, 2.000000019965507, -4.931602169754879e-9, 0.26018272501222495, 0.26018272501962303, -1.7235811054147953e-9])
└ @ Main /home/basta/Projects/bakalarka-openfoam/bakalarka-openfoam/MHD_control_cooling/src/scripts/sock_field_server.jl:287
┌ Debug: update_controller_state! called at time 1.040061. No action implemented.
└ @ Main /home/basta/Projects/bakalarka-openfoam/bakalarka-openfoam/MHD_control_cooling/src/controllers/mpc_alter.jl:763
┌ Debug: update_controller_state! called at time 1.040061. No action implemented.
└ @ Main /home/basta/Projects/bakalarka-openfoam/bakalarka-openfoam/MHD_control_cooling/src/controllers/mpc_alter.jl:763
┌ Debug: Raw Measurement 'wallheatflux' value: -0.5632608125
└ @ Main /home/basta/Projects/bakalarka-openfoam/bakalarka-openfoam/MHD_control_cooling/src/controllers/mpc_alter.jl:455
┌ Debug: Centered Measurement yk: -0.5632608125
└ @ Main /home/basta/Projects/bakalarka-openfoam/bakalarka-openfoam/MHD_control_cooling/src/controllers/mpc_alter.jl:458
┌ Debug: Constructed state xk[1:5] = [-0.5633, -0.5633, 0.0, 0.0, 0.0]... | Norm: 1.3106
└ @ Main /home/basta/Projects/bakalarka-openfoam/bakalarka-openfoam/MHD_control_cooling/src/controllers/mpc_alter.jl:504
┌ Debug: State error (output) xk[1]-xref[1]: 0.4367 | Full error norm: 264.1654
└ @ Main /home/basta/Projects/bakalarka-openfoam/bakalarka-openfoam/MHD_control_cooling/src/controllers/mpc_alter.jl:514
┌ Debug: State bounds check: any(l_st_k .> u_st_k) = false
└ @ Main /home/basta/Projects/bakalarka-openfoam/bakalarka-openfoam/MHD_control_cooling/src/controllers/mpc_alter.jl:515
┌ Debug: Warm starting U from previous solution (shifted).
└ @ Main /home/basta/Projects/bakalarka-openfoam/bakalarka-openfoam/MHD_control_cooling/src/controllers/mpc_alter.jl:528
┌ Debug: Warm starting V from previous solution (shifted).
└ @ Main /home/basta/Projects/bakalarka-openfoam/bakalarka-openfoam/MHD_control_cooling/src/controllers/mpc_alter.jl:537
┌ Debug: Initial U norm: 5.6853, Initial V norm: 1.1637
└ @ Main /home/basta/Projects/bakalarka-openfoam/bakalarka-openfoam/MHD_control_cooling/src/controllers/mpc_alter.jl:544
┌ Debug: Using QP Regularization: 0.0001
└ @ Main /home/basta/Projects/bakalarka-openfoam/bakalarka-openfoam/MHD_control_cooling/src/controllers/mpc_alter.jl:549
┌ Debug: AM Iteration 1/5
└ @ Main /home/basta/Projects/bakalarka-openfoam/bakalarka-openfoam/MHD_control_cooling/src/controllers/mpc_alter.jl:561
┌ Debug:   U-Step OK. Status: LOCALLY_SOLVED, Primal: FEASIBLE_POINT. New U norm: 4.4039
└ @ Main /home/basta/Projects/bakalarka-openfoam/bakalarka-openfoam/MHD_control_cooling/src/controllers/mpc_alter.jl:605
┌ Debug:   V-Step OK. Status: LOCALLY_SOLVED, Primal: FEASIBLE_POINT. New V norm: 1.1632
└ @ Main /home/basta/Projects/bakalarka-openfoam/bakalarka-openfoam/MHD_control_cooling/src/controllers/mpc_alter.jl:662
┌ Debug:   AM Iter 1 took 42.71 ms. U Status: LOCALLY_SOLVED, V Status: LOCALLY_SOLVED
└ @ Main /home/basta/Projects/bakalarka-openfoam/bakalarka-openfoam/MHD_control_cooling/src/controllers/mpc_alter.jl:680
┌ Debug: AM Iteration 2/5
└ @ Main /home/basta/Projects/bakalarka-openfoam/bakalarka-openfoam/MHD_control_cooling/src/controllers/mpc_alter.jl:561
┌ Debug:   U-Step OK. Status: LOCALLY_SOLVED, Primal: FEASIBLE_POINT. New U norm: 5.9044
└ @ Main /home/basta/Projects/bakalarka-openfoam/bakalarka-openfoam/MHD_control_cooling/src/controllers/mpc_alter.jl:605
┌ Debug:   V-Step OK. Status: LOCALLY_SOLVED, Primal: FEASIBLE_POINT. New V norm: 1.1712
└ @ Main /home/basta/Projects/bakalarka-openfoam/bakalarka-openfoam/MHD_control_cooling/src/controllers/mpc_alter.jl:662
┌ Debug:   AM Iter 2 took 54.59 ms. U Status: LOCALLY_SOLVED, V Status: LOCALLY_SOLVED
└ @ Main /home/basta/Projects/bakalarka-openfoam/bakalarka-openfoam/MHD_control_cooling/src/controllers/mpc_alter.jl:680
┌ Debug: AM Iteration 3/5
└ @ Main /home/basta/Projects/bakalarka-openfoam/bakalarka-openfoam/MHD_control_cooling/src/controllers/mpc_alter.jl:561
┌ Debug:   U-Step OK. Status: LOCALLY_SOLVED, Primal: FEASIBLE_POINT. New U norm: 5.9916
└ @ Main /home/basta/Projects/bakalarka-openfoam/bakalarka-openfoam/MHD_control_cooling/src/controllers/mpc_alter.jl:605
┌ Debug:   V-Step OK. Status: LOCALLY_SOLVED, Primal: FEASIBLE_POINT. New V norm: 1.1744
└ @ Main /home/basta/Projects/bakalarka-openfoam/bakalarka-openfoam/MHD_control_cooling/src/controllers/mpc_alter.jl:662
┌ Debug:   AM Iter 3 took 39.43 ms. U Status: LOCALLY_SOLVED, V Status: LOCALLY_SOLVED
└ @ Main /home/basta/Projects/bakalarka-openfoam/bakalarka-openfoam/MHD_control_cooling/src/controllers/mpc_alter.jl:680
┌ Debug: AM Iteration 4/5
└ @ Main /home/basta/Projects/bakalarka-openfoam/bakalarka-openfoam/MHD_control_cooling/src/controllers/mpc_alter.jl:561
┌ Debug:   U-Step OK. Status: LOCALLY_SOLVED, Primal: FEASIBLE_POINT. New U norm: 5.9933
└ @ Main /home/basta/Projects/bakalarka-openfoam/bakalarka-openfoam/MHD_control_cooling/src/controllers/mpc_alter.jl:605
┌ Debug:   V-Step OK. Status: LOCALLY_SOLVED, Primal: FEASIBLE_POINT. New V norm: 1.1812
└ @ Main /home/basta/Projects/bakalarka-openfoam/bakalarka-openfoam/MHD_control_cooling/src/controllers/mpc_alter.jl:662
┌ Debug:   AM Iter 4 took 31.93 ms. U Status: LOCALLY_SOLVED, V Status: LOCALLY_SOLVED
└ @ Main /home/basta/Projects/bakalarka-openfoam/bakalarka-openfoam/MHD_control_cooling/src/controllers/mpc_alter.jl:680
┌ Debug: AM Iteration 5/5
└ @ Main /home/basta/Projects/bakalarka-openfoam/bakalarka-openfoam/MHD_control_cooling/src/controllers/mpc_alter.jl:561
┌ Debug:   U-Step OK. Status: LOCALLY_SOLVED, Primal: FEASIBLE_POINT. New U norm: 5.9933
└ @ Main /home/basta/Projects/bakalarka-openfoam/bakalarka-openfoam/MHD_control_cooling/src/controllers/mpc_alter.jl:605
┌ Debug:   V-Step OK. Status: LOCALLY_SOLVED, Primal: FEASIBLE_POINT. New V norm: 1.1882
└ @ Main /home/basta/Projects/bakalarka-openfoam/bakalarka-openfoam/MHD_control_cooling/src/controllers/mpc_alter.jl:662
┌ Debug:   AM Iter 5 took 33.12 ms. U Status: LOCALLY_SOLVED, V Status: LOCALLY_SOLVED
└ @ Main /home/basta/Projects/bakalarka-openfoam/bakalarka-openfoam/MHD_control_cooling/src/controllers/mpc_alter.jl:680
┌ Debug: AM finished after 5 iterations.
└ @ Main /home/basta/Projects/bakalarka-openfoam/bakalarka-openfoam/MHD_control_cooling/src/controllers/mpc_alter.jl:697
┌ Debug: Final U norm: 5.9933, Final V norm: 1.1882
└ @ Main /home/basta/Projects/bakalarka-openfoam/bakalarka-openfoam/MHD_control_cooling/src/controllers/mpc_alter.jl:698
┌ Debug: Physical Bounds Hit: U_min=false, U_max=true, V_min=false, V_max=false
└ @ Main /home/basta/Projects/bakalarka-openfoam/bakalarka-openfoam/MHD_control_cooling/src/controllers/mpc_alter.jl:704
┌ Debug: Storing effective theta_k (for next step): Norm=1.2441, First 5=[0.6221, -0.0, 0.6221, -0.0, -0.0]
└ @ Main /home/basta/Projects/bakalarka-openfoam/bakalarka-openfoam/MHD_control_cooling/src/controllers/mpc_alter.jl:733
┌ Info: Control action computed in 235.39 ms. Sending input u[1]=2.0, v[1]=0.311...
└ @ Main /home/basta/Projects/bakalarka-openfoam/bakalarka-openfoam/MHD_control_cooling/src/controllers/mpc_alter.jl:753
┌ Info: ("Sending input", [2.0000000198898307, -3.215114929328702e-8, 2.000000019967214, -3.175337958155427e-8, 0.31103087197556, -4.9452995752732845e-9, -4.7914947426441014e-9, 0.3110308718929826])
└ @ Main /home/basta/Projects/bakalarka-openfoam/bakalarka-openfoam/MHD_control_cooling/src/scripts/sock_field_server.jl:287
┌ Debug: update_controller_state! called at time 2.040061. No action implemented.
└ @ Main /home/basta/Projects/bakalarka-openfoam/bakalarka-openfoam/MHD_control_cooling/src/controllers/mpc_alter.jl:763
┌ Debug: update_controller_state! called at time 2.040061. No action implemented.
└ @ Main /home/basta/Projects/bakalarka-openfoam/bakalarka-openfoam/MHD_control_cooling/src/controllers/mpc_alter.jl:763
┌ Debug: Raw Measurement 'wallheatflux' value: -0.562736375
└ @ Main /home/basta/Projects/bakalarka-openfoam/bakalarka-openfoam/MHD_control_cooling/src/controllers/mpc_alter.jl:455
┌ Debug: Centered Measurement yk: -0.562736375
└ @ Main /home/basta/Projects/bakalarka-openfoam/bakalarka-openfoam/MHD_control_cooling/src/controllers/mpc_alter.jl:458
┌ Debug: Constructed state xk[1:5] = [-0.5627, -0.5633, -0.5633, 0.0, 0.0]... | Norm: 1.8927
└ @ Main /home/basta/Projects/bakalarka-openfoam/bakalarka-openfoam/MHD_control_cooling/src/controllers/mpc_alter.jl:504
┌ Debug: State error (output) xk[1]-xref[1]: 0.4373 | Full error norm: 32.3479
└ @ Main /home/basta/Projects/bakalarka-openfoam/bakalarka-openfoam/MHD_control_cooling/src/controllers/mpc_alter.jl:514
┌ Debug: State bounds check: any(l_st_k .> u_st_k) = false
└ @ Main /home/basta/Projects/bakalarka-openfoam/bakalarka-openfoam/MHD_control_cooling/src/controllers/mpc_alter.jl:515
┌ Debug: Warm starting U from previous solution (shifted).
└ @ Main /home/basta/Projects/bakalarka-openfoam/bakalarka-openfoam/MHD_control_cooling/src/controllers/mpc_alter.jl:528
┌ Debug: Warm starting V from previous solution (shifted).
└ @ Main /home/basta/Projects/bakalarka-openfoam/bakalarka-openfoam/MHD_control_cooling/src/controllers/mpc_alter.jl:537
┌ Debug: Initial U norm: 5.2839, Initial V norm: 1.1038
└ @ Main /home/basta/Projects/bakalarka-openfoam/bakalarka-openfoam/MHD_control_cooling/src/controllers/mpc_alter.jl:544
┌ Debug: Using QP Regularization: 0.0001
└ @ Main /home/basta/Projects/bakalarka-openfoam/bakalarka-openfoam/MHD_control_cooling/src/controllers/mpc_alter.jl:549
┌ Debug: AM Iteration 1/5
└ @ Main /home/basta/Projects/bakalarka-openfoam/bakalarka-openfoam/MHD_control_cooling/src/controllers/mpc_alter.jl:561
┌ Debug:   U-Step OK. Status: LOCALLY_SOLVED, Primal: FEASIBLE_POINT. New U norm: 0.2327
└ @ Main /home/basta/Projects/bakalarka-openfoam/bakalarka-openfoam/MHD_control_cooling/src/controllers/mpc_alter.jl:605
┌ Debug:   V-Step OK. Status: LOCALLY_SOLVED, Primal: FEASIBLE_POINT. New V norm: 1.0269
└ @ Main /home/basta/Projects/bakalarka-openfoam/bakalarka-openfoam/MHD_control_cooling/src/controllers/mpc_alter.jl:662
┌ Debug:   AM Iter 1 took 30.83 ms. U Status: LOCALLY_SOLVED, V Status: LOCALLY_SOLVED
└ @ Main /home/basta/Projects/bakalarka-openfoam/bakalarka-openfoam/MHD_control_cooling/src/controllers/mpc_alter.jl:680
┌ Debug: AM Iteration 2/5
└ @ Main /home/basta/Projects/bakalarka-openfoam/bakalarka-openfoam/MHD_control_cooling/src/controllers/mpc_alter.jl:561
┌ Debug:   U-Step OK. Status: LOCALLY_SOLVED, Primal: FEASIBLE_POINT. New U norm: 0.2453
└ @ Main /home/basta/Projects/bakalarka-openfoam/bakalarka-openfoam/MHD_control_cooling/src/controllers/mpc_alter.jl:605
┌ Debug:   V-Step OK. Status: LOCALLY_SOLVED, Primal: FEASIBLE_POINT. New V norm: 0.9815
└ @ Main /home/basta/Projects/bakalarka-openfoam/bakalarka-openfoam/MHD_control_cooling/src/controllers/mpc_alter.jl:662
┌ Debug:   AM Iter 2 took 32.28 ms. U Status: LOCALLY_SOLVED, V Status: LOCALLY_SOLVED
└ @ Main /home/basta/Projects/bakalarka-openfoam/bakalarka-openfoam/MHD_control_cooling/src/controllers/mpc_alter.jl:680
┌ Debug: AM Iteration 3/5
└ @ Main /home/basta/Projects/bakalarka-openfoam/bakalarka-openfoam/MHD_control_cooling/src/controllers/mpc_alter.jl:561
┌ Debug:   U-Step OK. Status: LOCALLY_SOLVED, Primal: FEASIBLE_POINT. New U norm: 0.255
└ @ Main /home/basta/Projects/bakalarka-openfoam/bakalarka-openfoam/MHD_control_cooling/src/controllers/mpc_alter.jl:605
┌ Debug:   V-Step OK. Status: LOCALLY_SOLVED, Primal: FEASIBLE_POINT. New V norm: 0.9592
└ @ Main /home/basta/Projects/bakalarka-openfoam/bakalarka-openfoam/MHD_control_cooling/src/controllers/mpc_alter.jl:662
┌ Debug:   AM Iter 3 took 33.14 ms. U Status: LOCALLY_SOLVED, V Status: LOCALLY_SOLVED
└ @ Main /home/basta/Projects/bakalarka-openfoam/bakalarka-openfoam/MHD_control_cooling/src/controllers/mpc_alter.jl:680
┌ Debug: AM Iteration 4/5
└ @ Main /home/basta/Projects/bakalarka-openfoam/bakalarka-openfoam/MHD_control_cooling/src/controllers/mpc_alter.jl:561
┌ Debug:   U-Step OK. Status: LOCALLY_SOLVED, Primal: FEASIBLE_POINT. New U norm: 0.2613
└ @ Main /home/basta/Projects/bakalarka-openfoam/bakalarka-openfoam/MHD_control_cooling/src/controllers/mpc_alter.jl:605
┌ Debug:   V-Step OK. Status: LOCALLY_SOLVED, Primal: FEASIBLE_POINT. New V norm: 0.9476
└ @ Main /home/basta/Projects/bakalarka-openfoam/bakalarka-openfoam/MHD_control_cooling/src/controllers/mpc_alter.jl:662
┌ Debug:   AM Iter 4 took 34.47 ms. U Status: LOCALLY_SOLVED, V Status: LOCALLY_SOLVED
└ @ Main /home/basta/Projects/bakalarka-openfoam/bakalarka-openfoam/MHD_control_cooling/src/controllers/mpc_alter.jl:680
┌ Debug: AM Iteration 5/5
└ @ Main /home/basta/Projects/bakalarka-openfoam/bakalarka-openfoam/MHD_control_cooling/src/controllers/mpc_alter.jl:561
┌ Debug:   U-Step OK. Status: LOCALLY_SOLVED, Primal: FEASIBLE_POINT. New U norm: 0.2658
└ @ Main /home/basta/Projects/bakalarka-openfoam/bakalarka-openfoam/MHD_control_cooling/src/controllers/mpc_alter.jl:605
┌ Debug:   V-Step OK. Status: LOCALLY_SOLVED, Primal: FEASIBLE_POINT. New V norm: 0.9418
└ @ Main /home/basta/Projects/bakalarka-openfoam/bakalarka-openfoam/MHD_control_cooling/src/controllers/mpc_alter.jl:662
┌ Debug:   AM Iter 5 took 66.82 ms. U Status: LOCALLY_SOLVED, V Status: LOCALLY_SOLVED
└ @ Main /home/basta/Projects/bakalarka-openfoam/bakalarka-openfoam/MHD_control_cooling/src/controllers/mpc_alter.jl:680
┌ Debug: AM finished after 5 iterations.
└ @ Main /home/basta/Projects/bakalarka-openfoam/bakalarka-openfoam/MHD_control_cooling/src/controllers/mpc_alter.jl:697
┌ Debug: Final U norm: 0.2658, Final V norm: 0.9418
└ @ Main /home/basta/Projects/bakalarka-openfoam/bakalarka-openfoam/MHD_control_cooling/src/controllers/mpc_alter.jl:698
┌ Debug: Physical Bounds Hit: U_min=false, U_max=false, V_min=false, V_max=false
└ @ Main /home/basta/Projects/bakalarka-openfoam/bakalarka-openfoam/MHD_control_cooling/src/controllers/mpc_alter.jl:704
┌ Debug: Storing effective theta_k (for next step): Norm=0.0909, First 5=[0.0496, -0.0, 0.0642, -0.0, -0.0]
└ @ Main /home/basta/Projects/bakalarka-openfoam/bakalarka-openfoam/MHD_control_cooling/src/controllers/mpc_alter.jl:733
┌ Info: Control action computed in 236.93 ms. Sending input u[1]=0.1097, v[1]=0.4518...
└ @ Main /home/basta/Projects/bakalarka-openfoam/bakalarka-openfoam/MHD_control_cooling/src/controllers/mpc_alter.jl:753
┌ Info: ("Sending input", [0.10974856325424526, -2.2132963404313507e-8, 0.1420460475700771, -2.207851660615024e-8, 0.45181477967274775, -7.001743483921012e-8, -7.021032486745405e-8, 0.22857366028096368])
└ @ Main /home/basta/Projects/bakalarka-openfoam/bakalarka-openfoam/MHD_control_cooling/src/scripts/sock_field_server.jl:287
┌ Debug: update_controller_state! called at time 3.040061. No action implemented.
└ @ Main /home/basta/Projects/bakalarka-openfoam/bakalarka-openfoam/MHD_control_cooling/src/controllers/mpc_alter.jl:763
┌ Debug: update_controller_state! called at time 3.040061. No action implemented.
└ @ Main /home/basta/Projects/bakalarka-openfoam/bakalarka-openfoam/MHD_control_cooling/src/controllers/mpc_alter.jl:763
┌ Debug: Raw Measurement 'wallheatflux' value: -0.56293175
└ @ Main /home/basta/Projects/bakalarka-openfoam/bakalarka-openfoam/MHD_control_cooling/src/controllers/mpc_alter.jl:455
┌ Debug: Centered Measurement yk: -0.56293175
└ @ Main /home/basta/Projects/bakalarka-openfoam/bakalarka-openfoam/MHD_control_cooling/src/controllers/mpc_alter.jl:458
┌ Debug: Constructed state xk[1:5] = [-0.5629, -0.5627, -0.5633, -0.5633, 0.0]... | Norm: 1.9767
└ @ Main /home/basta/Projects/bakalarka-openfoam/bakalarka-openfoam/MHD_control_cooling/src/controllers/mpc_alter.jl:504
┌ Debug: State error (output) xk[1]-xref[1]: 0.4371 | Full error norm: 32.3437
└ @ Main /home/basta/Projects/bakalarka-openfoam/bakalarka-openfoam/MHD_control_cooling/src/controllers/mpc_alter.jl:514
┌ Debug: State bounds check: any(l_st_k .> u_st_k) = false
└ @ Main /home/basta/Projects/bakalarka-openfoam/bakalarka-openfoam/MHD_control_cooling/src/controllers/mpc_alter.jl:515
┌ Debug: Warm starting U from previous solution (shifted).
└ @ Main /home/basta/Projects/bakalarka-openfoam/bakalarka-openfoam/MHD_control_cooling/src/controllers/mpc_alter.jl:528
┌ Debug: Warm starting V from previous solution (shifted).
└ @ Main /home/basta/Projects/bakalarka-openfoam/bakalarka-openfoam/MHD_control_cooling/src/controllers/mpc_alter.jl:537
┌ Debug: Initial U norm: 0.196, Initial V norm: 0.7941
└ @ Main /home/basta/Projects/bakalarka-openfoam/bakalarka-openfoam/MHD_control_cooling/src/controllers/mpc_alter.jl:544
┌ Debug: Using QP Regularization: 0.0001
└ @ Main /home/basta/Projects/bakalarka-openfoam/bakalarka-openfoam/MHD_control_cooling/src/controllers/mpc_alter.jl:549
┌ Debug: AM Iteration 1/5
└ @ Main /home/basta/Projects/bakalarka-openfoam/bakalarka-openfoam/MHD_control_cooling/src/controllers/mpc_alter.jl:561
┌ Debug:   U-Step OK. Status: LOCALLY_SOLVED, Primal: FEASIBLE_POINT. New U norm: 0.0767
└ @ Main /home/basta/Projects/bakalarka-openfoam/bakalarka-openfoam/MHD_control_cooling/src/controllers/mpc_alter.jl:605
┌ Debug:   V-Step OK. Status: LOCALLY_SOLVED, Primal: FEASIBLE_POINT. New V norm: 0.927
└ @ Main /home/basta/Projects/bakalarka-openfoam/bakalarka-openfoam/MHD_control_cooling/src/controllers/mpc_alter.jl:662
┌ Debug:   AM Iter 1 took 34.5 ms. U Status: LOCALLY_SOLVED, V Status: LOCALLY_SOLVED
└ @ Main /home/basta/Projects/bakalarka-openfoam/bakalarka-openfoam/MHD_control_cooling/src/controllers/mpc_alter.jl:680
┌ Debug: AM Iteration 2/5
└ @ Main /home/basta/Projects/bakalarka-openfoam/bakalarka-openfoam/MHD_control_cooling/src/controllers/mpc_alter.jl:561
┌ Debug:   U-Step OK. Status: LOCALLY_SOLVED, Primal: FEASIBLE_POINT. New U norm: 0.0852
└ @ Main /home/basta/Projects/bakalarka-openfoam/bakalarka-openfoam/MHD_control_cooling/src/controllers/mpc_alter.jl:605
┌ Debug:   V-Step OK. Status: LOCALLY_SOLVED, Primal: FEASIBLE_POINT. New V norm: 0.9066
└ @ Main /home/basta/Projects/bakalarka-openfoam/bakalarka-openfoam/MHD_control_cooling/src/controllers/mpc_alter.jl:662
┌ Debug:   AM Iter 2 took 40.9 ms. U Status: LOCALLY_SOLVED, V Status: LOCALLY_SOLVED
└ @ Main /home/basta/Projects/bakalarka-openfoam/bakalarka-openfoam/MHD_control_cooling/src/controllers/mpc_alter.jl:680
┌ Debug: AM Iteration 3/5
└ @ Main /home/basta/Projects/bakalarka-openfoam/bakalarka-openfoam/MHD_control_cooling/src/controllers/mpc_alter.jl:561
┌ Debug:   U-Step OK. Status: LOCALLY_SOLVED, Primal: FEASIBLE_POINT. New U norm: 0.0861
└ @ Main /home/basta/Projects/bakalarka-openfoam/bakalarka-openfoam/MHD_control_cooling/src/controllers/mpc_alter.jl:605
┌ Debug:   V-Step OK. Status: LOCALLY_SOLVED, Primal: FEASIBLE_POINT. New V norm: 0.884
└ @ Main /home/basta/Projects/bakalarka-openfoam/bakalarka-openfoam/MHD_control_cooling/src/controllers/mpc_alter.jl:662
┌ Debug:   AM Iter 3 took 32.65 ms. U Status: LOCALLY_SOLVED, V Status: LOCALLY_SOLVED
└ @ Main /home/basta/Projects/bakalarka-openfoam/bakalarka-openfoam/MHD_control_cooling/src/controllers/mpc_alter.jl:680
┌ Debug: AM Iteration 4/5
└ @ Main /home/basta/Projects/bakalarka-openfoam/bakalarka-openfoam/MHD_control_cooling/src/controllers/mpc_alter.jl:561
┌ Debug:   U-Step OK. Status: LOCALLY_SOLVED, Primal: FEASIBLE_POINT. New U norm: 0.089
└ @ Main /home/basta/Projects/bakalarka-openfoam/bakalarka-openfoam/MHD_control_cooling/src/controllers/mpc_alter.jl:605
┌ Debug:   V-Step OK. Status: LOCALLY_SOLVED, Primal: FEASIBLE_POINT. New V norm: 0.8729
└ @ Main /home/basta/Projects/bakalarka-openfoam/bakalarka-openfoam/MHD_control_cooling/src/controllers/mpc_alter.jl:662
┌ Debug:   AM Iter 4 took 24.97 ms. U Status: LOCALLY_SOLVED, V Status: LOCALLY_SOLVED
└ @ Main /home/basta/Projects/bakalarka-openfoam/bakalarka-openfoam/MHD_control_cooling/src/controllers/mpc_alter.jl:680
┌ Debug: AM Iteration 5/5
└ @ Main /home/basta/Projects/bakalarka-openfoam/bakalarka-openfoam/MHD_control_cooling/src/controllers/mpc_alter.jl:561
┌ Debug:   U-Step OK. Status: LOCALLY_SOLVED, Primal: FEASIBLE_POINT. New U norm: 0.1056
└ @ Main /home/basta/Projects/bakalarka-openfoam/bakalarka-openfoam/MHD_control_cooling/src/controllers/mpc_alter.jl:605
┌ Debug:   V-Step OK. Status: LOCALLY_SOLVED, Primal: FEASIBLE_POINT. New V norm: 0.9235
└ @ Main /home/basta/Projects/bakalarka-openfoam/bakalarka-openfoam/MHD_control_cooling/src/controllers/mpc_alter.jl:662
┌ Debug:   AM Iter 5 took 24.46 ms. U Status: LOCALLY_SOLVED, V Status: LOCALLY_SOLVED
└ @ Main /home/basta/Projects/bakalarka-openfoam/bakalarka-openfoam/MHD_control_cooling/src/controllers/mpc_alter.jl:680
┌ Debug: AM finished after 5 iterations.
└ @ Main /home/basta/Projects/bakalarka-openfoam/bakalarka-openfoam/MHD_control_cooling/src/controllers/mpc_alter.jl:697
┌ Debug: Final U norm: 0.1056, Final V norm: 0.9235
└ @ Main /home/basta/Projects/bakalarka-openfoam/bakalarka-openfoam/MHD_control_cooling/src/controllers/mpc_alter.jl:698
┌ Debug: Physical Bounds Hit: U_min=false, U_max=false, V_min=false, V_max=false
└ @ Main /home/basta/Projects/bakalarka-openfoam/bakalarka-openfoam/MHD_control_cooling/src/controllers/mpc_alter.jl:704
┌ Debug: Storing effective theta_k (for next step): Norm=0.0404, First 5=[0.0, 0.0, -0.0, -0.0, -0.0]
└ @ Main /home/basta/Projects/bakalarka-openfoam/bakalarka-openfoam/MHD_control_cooling/src/controllers/mpc_alter.jl:733
┌ Info: Control action computed in 192.19 ms. Sending input u[1]=-0.0, v[1]=-0.0...
└ @ Main /home/basta/Projects/bakalarka-openfoam/bakalarka-openfoam/MHD_control_cooling/src/controllers/mpc_alter.jl:753
┌ Info: ("Sending input", [-2.0967699943576088e-8, -2.0994401600281233e-8, 0.042404030717278246, 0.042404030738077296, -2.3522398980652148e-7, 0.4763174569837923, 0.4763174571507136, 0.0031101972945340806])
└ @ Main /home/basta/Projects/bakalarka-openfoam/bakalarka-openfoam/MHD_control_cooling/src/scripts/sock_field_server.jl:287
┌ Debug: update_controller_state! called at time 4.040061. No action implemented.
└ @ Main /home/basta/Projects/bakalarka-openfoam/bakalarka-openfoam/MHD_control_cooling/src/controllers/mpc_alter.jl:763
┌ Debug: update_controller_state! called at time 4.040061. No action implemented.
└ @ Main /home/basta/Projects/bakalarka-openfoam/bakalarka-openfoam/MHD_control_cooling/src/controllers/mpc_alter.jl:763
┌ Debug: Raw Measurement 'wallheatflux' value: -0.5640766875
└ @ Main /home/basta/Projects/bakalarka-openfoam/bakalarka-openfoam/MHD_control_cooling/src/controllers/mpc_alter.jl:455
┌ Debug: Centered Measurement yk: -0.5640766875
└ @ Main /home/basta/Projects/bakalarka-openfoam/bakalarka-openfoam/MHD_control_cooling/src/controllers/mpc_alter.jl:458
┌ Debug: Constructed state xk[1:5] = [-0.5641, -0.5629, -0.5627, -0.5633, -0.5633]... | Norm: 2.056
└ @ Main /home/basta/Projects/bakalarka-openfoam/bakalarka-openfoam/MHD_control_cooling/src/controllers/mpc_alter.jl:504
┌ Debug: State error (output) xk[1]-xref[1]: 0.4359 | Full error norm: 31.6382
└ @ Main /home/basta/Projects/bakalarka-openfoam/bakalarka-openfoam/MHD_control_cooling/src/controllers/mpc_alter.jl:514
┌ Debug: State bounds check: any(l_st_k .> u_st_k) = false
└ @ Main /home/basta/Projects/bakalarka-openfoam/bakalarka-openfoam/MHD_control_cooling/src/controllers/mpc_alter.jl:515
┌ Debug: Warm starting U from previous solution (shifted).
└ @ Main /home/basta/Projects/bakalarka-openfoam/bakalarka-openfoam/MHD_control_cooling/src/controllers/mpc_alter.jl:528
┌ Debug: Warm starting V from previous solution (shifted).
└ @ Main /home/basta/Projects/bakalarka-openfoam/bakalarka-openfoam/MHD_control_cooling/src/controllers/mpc_alter.jl:537
┌ Debug: Initial U norm: 0.087, Initial V norm: 0.6317
└ @ Main /home/basta/Projects/bakalarka-openfoam/bakalarka-openfoam/MHD_control_cooling/src/controllers/mpc_alter.jl:544
┌ Debug: Using QP Regularization: 0.0001
└ @ Main /home/basta/Projects/bakalarka-openfoam/bakalarka-openfoam/MHD_control_cooling/src/controllers/mpc_alter.jl:549
┌ Debug: AM Iteration 1/5
└ @ Main /home/basta/Projects/bakalarka-openfoam/bakalarka-openfoam/MHD_control_cooling/src/controllers/mpc_alter.jl:561
┌ Debug:   U-Step OK. Status: LOCALLY_SOLVED, Primal: FEASIBLE_POINT. New U norm: 0.0542
└ @ Main /home/basta/Projects/bakalarka-openfoam/bakalarka-openfoam/MHD_control_cooling/src/controllers/mpc_alter.jl:605
┌ Debug:   V-Step OK. Status: LOCALLY_SOLVED, Primal: FEASIBLE_POINT. New V norm: 0.7712
└ @ Main /home/basta/Projects/bakalarka-openfoam/bakalarka-openfoam/MHD_control_cooling/src/controllers/mpc_alter.jl:662
┌ Debug:   AM Iter 1 took 22.03 ms. U Status: LOCALLY_SOLVED, V Status: LOCALLY_SOLVED
└ @ Main /home/basta/Projects/bakalarka-openfoam/bakalarka-openfoam/MHD_control_cooling/src/controllers/mpc_alter.jl:680
┌ Debug: AM Iteration 2/5
└ @ Main /home/basta/Projects/bakalarka-openfoam/bakalarka-openfoam/MHD_control_cooling/src/controllers/mpc_alter.jl:561
┌ Debug:   U-Step OK. Status: LOCALLY_SOLVED, Primal: FEASIBLE_POINT. New U norm: 0.0661
└ @ Main /home/basta/Projects/bakalarka-openfoam/bakalarka-openfoam/MHD_control_cooling/src/controllers/mpc_alter.jl:605
┌ Debug:   V-Step OK. Status: LOCALLY_SOLVED, Primal: FEASIBLE_POINT. New V norm: 0.72
└ @ Main /home/basta/Projects/bakalarka-openfoam/bakalarka-openfoam/MHD_control_cooling/src/controllers/mpc_alter.jl:662
┌ Debug:   AM Iter 2 took 18.87 ms. U Status: LOCALLY_SOLVED, V Status: LOCALLY_SOLVED
└ @ Main /home/basta/Projects/bakalarka-openfoam/bakalarka-openfoam/MHD_control_cooling/src/controllers/mpc_alter.jl:680
┌ Debug: AM Iteration 3/5
└ @ Main /home/basta/Projects/bakalarka-openfoam/bakalarka-openfoam/MHD_control_cooling/src/controllers/mpc_alter.jl:561
┌ Debug:   U-Step OK. Status: LOCALLY_SOLVED, Primal: FEASIBLE_POINT. New U norm: 0.0702
└ @ Main /home/basta/Projects/bakalarka-openfoam/bakalarka-openfoam/MHD_control_cooling/src/controllers/mpc_alter.jl:605
┌ Debug:   V-Step OK. Status: LOCALLY_SOLVED, Primal: FEASIBLE_POINT. New V norm: 0.6851
└ @ Main /home/basta/Projects/bakalarka-openfoam/bakalarka-openfoam/MHD_control_cooling/src/controllers/mpc_alter.jl:662
┌ Debug:   AM Iter 3 took 18.27 ms. U Status: LOCALLY_SOLVED, V Status: LOCALLY_SOLVED
└ @ Main /home/basta/Projects/bakalarka-openfoam/bakalarka-openfoam/MHD_control_cooling/src/controllers/mpc_alter.jl:680
┌ Debug: AM Iteration 4/5
└ @ Main /home/basta/Projects/bakalarka-openfoam/bakalarka-openfoam/MHD_control_cooling/src/controllers/mpc_alter.jl:561
┌ Debug:   U-Step OK. Status: LOCALLY_SOLVED, Primal: FEASIBLE_POINT. New U norm: 0.074
└ @ Main /home/basta/Projects/bakalarka-openfoam/bakalarka-openfoam/MHD_control_cooling/src/controllers/mpc_alter.jl:605
┌ Debug:   V-Step OK. Status: LOCALLY_SOLVED, Primal: FEASIBLE_POINT. New V norm: 0.6621
└ @ Main /home/basta/Projects/bakalarka-openfoam/bakalarka-openfoam/MHD_control_cooling/src/controllers/mpc_alter.jl:662
┌ Debug:   AM Iter 4 took 17.61 ms. U Status: LOCALLY_SOLVED, V Status: LOCALLY_SOLVED
└ @ Main /home/basta/Projects/bakalarka-openfoam/bakalarka-openfoam/MHD_control_cooling/src/controllers/mpc_alter.jl:680
┌ Debug: AM Iteration 5/5
└ @ Main /home/basta/Projects/bakalarka-openfoam/bakalarka-openfoam/MHD_control_cooling/src/controllers/mpc_alter.jl:561
┌ Debug:   U-Step OK. Status: LOCALLY_SOLVED, Primal: FEASIBLE_POINT. New U norm: 0.0771
└ @ Main /home/basta/Projects/bakalarka-openfoam/bakalarka-openfoam/MHD_control_cooling/src/controllers/mpc_alter.jl:605
┌ Debug:   V-Step OK. Status: LOCALLY_SOLVED, Primal: FEASIBLE_POINT. New V norm: 0.648
└ @ Main /home/basta/Projects/bakalarka-openfoam/bakalarka-openfoam/MHD_control_cooling/src/controllers/mpc_alter.jl:662
┌ Debug:   AM Iter 5 took 18.57 ms. U Status: LOCALLY_SOLVED, V Status: LOCALLY_SOLVED
└ @ Main /home/basta/Projects/bakalarka-openfoam/bakalarka-openfoam/MHD_control_cooling/src/controllers/mpc_alter.jl:680
┌ Debug: AM finished after 5 iterations.
└ @ Main /home/basta/Projects/bakalarka-openfoam/bakalarka-openfoam/MHD_control_cooling/src/controllers/mpc_alter.jl:697
┌ Debug: Final U norm: 0.0771, Final V norm: 0.648
└ @ Main /home/basta/Projects/bakalarka-openfoam/bakalarka-openfoam/MHD_control_cooling/src/controllers/mpc_alter.jl:698
┌ Debug: Physical Bounds Hit: U_min=false, U_max=false, V_min=false, V_max=false
└ @ Main /home/basta/Projects/bakalarka-openfoam/bakalarka-openfoam/MHD_control_cooling/src/controllers/mpc_alter.jl:704
┌ Debug: Storing effective theta_k (for next step): Norm=0.05, First 5=[0.0301, -0.0, 0.0306, -0.0, -0.0]
└ @ Main /home/basta/Projects/bakalarka-openfoam/bakalarka-openfoam/MHD_control_cooling/src/controllers/mpc_alter.jl:733
┌ Info: Control action computed in 124.76 ms. Sending input u[1]=0.0541, v[1]=0.5567...
└ @ Main /home/basta/Projects/bakalarka-openfoam/bakalarka-openfoam/MHD_control_cooling/src/controllers/mpc_alter.jl:753
┌ Info: ("Sending input", [0.05406543851842206, -1.7963693620359416e-8, 0.054969592827232565, -1.795573295420853e-8, 0.5566783861271686, -1.5984575866391873e-7, -1.8097567741426964e-7, 0.33172813283142033])
└ @ Main /home/basta/Projects/bakalarka-openfoam/bakalarka-openfoam/MHD_control_cooling/src/scripts/sock_field_server.jl:287
┌ Debug: update_controller_state! called at time 5.140061. No action implemented.
└ @ Main /home/basta/Projects/bakalarka-openfoam/bakalarka-openfoam/MHD_control_cooling/src/controllers/mpc_alter.jl:763
┌ Debug: update_controller_state! called at time 5.140061. No action implemented.
└ @ Main /home/basta/Projects/bakalarka-openfoam/bakalarka-openfoam/MHD_control_cooling/src/controllers/mpc_alter.jl:763
┌ Debug: Raw Measurement 'wallheatflux' value: -0.565262875
└ @ Main /home/basta/Projects/bakalarka-openfoam/bakalarka-openfoam/MHD_control_cooling/src/controllers/mpc_alter.jl:455
┌ Debug: Centered Measurement yk: -0.565262875
└ @ Main /home/basta/Projects/bakalarka-openfoam/bakalarka-openfoam/MHD_control_cooling/src/controllers/mpc_alter.jl:458
┌ Debug: Constructed state xk[1:5] = [-0.5653, -0.5641, -0.5629, -0.5627, -0.5633]... | Norm: 2.1329
└ @ Main /home/basta/Projects/bakalarka-openfoam/bakalarka-openfoam/MHD_control_cooling/src/controllers/mpc_alter.jl:504
┌ Debug: State error (output) xk[1]-xref[1]: 0.4347 | Full error norm: 32.2177
└ @ Main /home/basta/Projects/bakalarka-openfoam/bakalarka-openfoam/MHD_control_cooling/src/controllers/mpc_alter.jl:514
┌ Debug: State bounds check: any(l_st_k .> u_st_k) = false
└ @ Main /home/basta/Projects/bakalarka-openfoam/bakalarka-openfoam/MHD_control_cooling/src/controllers/mpc_alter.jl:515
┌ Debug: Warm starting U from previous solution (shifted).
└ @ Main /home/basta/Projects/bakalarka-openfoam/bakalarka-openfoam/MHD_control_cooling/src/controllers/mpc_alter.jl:528
┌ Debug: Warm starting V from previous solution (shifted).
└ @ Main /home/basta/Projects/bakalarka-openfoam/bakalarka-openfoam/MHD_control_cooling/src/controllers/mpc_alter.jl:537
┌ Debug: Initial U norm: 0.0, Initial V norm: 0.0
└ @ Main /home/basta/Projects/bakalarka-openfoam/bakalarka-openfoam/MHD_control_cooling/src/controllers/mpc_alter.jl:544
┌ Debug: Using QP Regularization: 0.0001
└ @ Main /home/basta/Projects/bakalarka-openfoam/bakalarka-openfoam/MHD_control_cooling/src/controllers/mpc_alter.jl:549
┌ Debug: AM Iteration 1/5
└ @ Main /home/basta/Projects/bakalarka-openfoam/bakalarka-openfoam/MHD_control_cooling/src/controllers/mpc_alter.jl:561
┌ Debug:   U-Step OK. Status: LOCALLY_SOLVED, Primal: FEASIBLE_POINT. New U norm: 0.0
└ @ Main /home/basta/Projects/bakalarka-openfoam/bakalarka-openfoam/MHD_control_cooling/src/controllers/mpc_alter.jl:605
┌ Debug:   V-Step OK. Status: LOCALLY_SOLVED, Primal: FEASIBLE_POINT. New V norm: 0.0
└ @ Main /home/basta/Projects/bakalarka-openfoam/bakalarka-openfoam/MHD_control_cooling/src/controllers/mpc_alter.jl:662
┌ Debug:   AM Iter 1 took 14.69 ms. U Status: LOCALLY_SOLVED, V Status: LOCALLY_SOLVED
└ @ Main /home/basta/Projects/bakalarka-openfoam/bakalarka-openfoam/MHD_control_cooling/src/controllers/mpc_alter.jl:680
┌ Debug: AM Iteration 2/5
└ @ Main /home/basta/Projects/bakalarka-openfoam/bakalarka-openfoam/MHD_control_cooling/src/controllers/mpc_alter.jl:561
┌ Debug:   U-Step OK. Status: LOCALLY_SOLVED, Primal: FEASIBLE_POINT. New U norm: 0.0
└ @ Main /home/basta/Projects/bakalarka-openfoam/bakalarka-openfoam/MHD_control_cooling/src/controllers/mpc_alter.jl:605
┌ Debug:   V-Step OK. Status: LOCALLY_SOLVED, Primal: FEASIBLE_POINT. New V norm: 0.0
└ @ Main /home/basta/Projects/bakalarka-openfoam/bakalarka-openfoam/MHD_control_cooling/src/controllers/mpc_alter.jl:662
┌ Debug:   AM Iter 2 took 8.4 ms. U Status: LOCALLY_SOLVED, V Status: LOCALLY_SOLVED
└ @ Main /home/basta/Projects/bakalarka-openfoam/bakalarka-openfoam/MHD_control_cooling/src/controllers/mpc_alter.jl:680
┌ Debug: AM Iteration 3/5
└ @ Main /home/basta/Projects/bakalarka-openfoam/bakalarka-openfoam/MHD_control_cooling/src/controllers/mpc_alter.jl:561
┌ Debug:   U-Step OK. Status: LOCALLY_SOLVED, Primal: FEASIBLE_POINT. New U norm: 0.0
└ @ Main /home/basta/Projects/bakalarka-openfoam/bakalarka-openfoam/MHD_control_cooling/src/controllers/mpc_alter.jl:605
┌ Debug:   V-Step OK. Status: LOCALLY_SOLVED, Primal: FEASIBLE_POINT. New V norm: 0.0
└ @ Main /home/basta/Projects/bakalarka-openfoam/bakalarka-openfoam/MHD_control_cooling/src/controllers/mpc_alter.jl:662
┌ Debug:   AM Iter 3 took 8.56 ms. U Status: LOCALLY_SOLVED, V Status: LOCALLY_SOLVED
└ @ Main /home/basta/Projects/bakalarka-openfoam/bakalarka-openfoam/MHD_control_cooling/src/controllers/mpc_alter.jl:680
┌ Debug: AM Iteration 4/5
└ @ Main /home/basta/Projects/bakalarka-openfoam/bakalarka-openfoam/MHD_control_cooling/src/controllers/mpc_alter.jl:561
┌ Debug:   U-Step OK. Status: LOCALLY_SOLVED, Primal: FEASIBLE_POINT. New U norm: 0.0
└ @ Main /home/basta/Projects/bakalarka-openfoam/bakalarka-openfoam/MHD_control_cooling/src/controllers/mpc_alter.jl:605
┌ Debug:   V-Step OK. Status: LOCALLY_SOLVED, Primal: FEASIBLE_POINT. New V norm: 0.0
└ @ Main /home/basta/Projects/bakalarka-openfoam/bakalarka-openfoam/MHD_control_cooling/src/controllers/mpc_alter.jl:662
┌ Debug:   AM Iter 4 took 8.13 ms. U Status: LOCALLY_SOLVED, V Status: LOCALLY_SOLVED
└ @ Main /home/basta/Projects/bakalarka-openfoam/bakalarka-openfoam/MHD_control_cooling/src/controllers/mpc_alter.jl:680
┌ Debug: AM Iteration 5/5
└ @ Main /home/basta/Projects/bakalarka-openfoam/bakalarka-openfoam/MHD_control_cooling/src/controllers/mpc_alter.jl:561
┌ Debug:   U-Step OK. Status: LOCALLY_SOLVED, Primal: FEASIBLE_POINT. New U norm: 0.0
└ @ Main /home/basta/Projects/bakalarka-openfoam/bakalarka-openfoam/MHD_control_cooling/src/controllers/mpc_alter.jl:605
┌ Debug:   V-Step OK. Status: LOCALLY_SOLVED, Primal: FEASIBLE_POINT. New V norm: 0.0
└ @ Main /home/basta/Projects/bakalarka-openfoam/bakalarka-openfoam/MHD_control_cooling/src/controllers/mpc_alter.jl:662
┌ Debug:   AM Iter 5 took 8.49 ms. U Status: LOCALLY_SOLVED, V Status: LOCALLY_SOLVED
└ @ Main /home/basta/Projects/bakalarka-openfoam/bakalarka-openfoam/MHD_control_cooling/src/controllers/mpc_alter.jl:680
┌ Debug: AM finished after 5 iterations.
└ @ Main /home/basta/Projects/bakalarka-openfoam/bakalarka-openfoam/MHD_control_cooling/src/controllers/mpc_alter.jl:697
┌ Debug: Final U norm: 0.0, Final V norm: 0.0
└ @ Main /home/basta/Projects/bakalarka-openfoam/bakalarka-openfoam/MHD_control_cooling/src/controllers/mpc_alter.jl:698
┌ Debug: Physical Bounds Hit: U_min=false, U_max=false, V_min=false, V_max=false
└ @ Main /home/basta/Projects/bakalarka-openfoam/bakalarka-openfoam/MHD_control_cooling/src/controllers/mpc_alter.jl:704
┌ Debug: Storing effective theta_k (for next step): Norm=0.0, First 5=[0.0, 0.0, 0.0, 0.0, 0.0]
└ @ Main /home/basta/Projects/bakalarka-openfoam/bakalarka-openfoam/MHD_control_cooling/src/controllers/mpc_alter.jl:733
┌ Info: Control action computed in 80.89 ms. Sending input u[1]=0.0, v[1]=0.0...
└ @ Main /home/basta/Projects/bakalarka-openfoam/bakalarka-openfoam/MHD_control_cooling/src/controllers/mpc_alter.jl:753
┌ Info: ("Sending input", [0.0, 0.0, 0.0, 0.0, 0.0, 0.0, 0.0, 0.0])
└ @ Main /home/basta/Projects/bakalarka-openfoam/bakalarka-openfoam/MHD_control_cooling/src/scripts/sock_field_server.jl:287
┌ Debug: update_controller_state! called at time 6.240061. No action implemented.
└ @ Main /home/basta/Projects/bakalarka-openfoam/bakalarka-openfoam/MHD_control_cooling/src/controllers/mpc_alter.jl:763
┌ Debug: update_controller_state! called at time 6.240061. No action implemented.
└ @ Main /home/basta/Projects/bakalarka-openfoam/bakalarka-openfoam/MHD_control_cooling/src/controllers/mpc_alter.jl:763
┌ Debug: Raw Measurement 'wallheatflux' value: -0.566304375
└ @ Main /home/basta/Projects/bakalarka-openfoam/bakalarka-openfoam/MHD_control_cooling/src/controllers/mpc_alter.jl:455
┌ Debug: Centered Measurement yk: -0.566304375
└ @ Main /home/basta/Projects/bakalarka-openfoam/bakalarka-openfoam/MHD_control_cooling/src/controllers/mpc_alter.jl:458
┌ Debug: Constructed state xk[1:5] = [-0.5663, -0.5653, -0.5641, -0.5629, -0.5627]... | Norm: 2.2068
└ @ Main /home/basta/Projects/bakalarka-openfoam/bakalarka-openfoam/MHD_control_cooling/src/controllers/mpc_alter.jl:504
┌ Debug: State error (output) xk[1]-xref[1]: 0.4337 | Full error norm: 31.3985
└ @ Main /home/basta/Projects/bakalarka-openfoam/bakalarka-openfoam/MHD_control_cooling/src/controllers/mpc_alter.jl:514
┌ Debug: State bounds check: any(l_st_k .> u_st_k) = false
└ @ Main /home/basta/Projects/bakalarka-openfoam/bakalarka-openfoam/MHD_control_cooling/src/controllers/mpc_alter.jl:515
┌ Debug: Initializing U randomly.
└ @ Main /home/basta/Projects/bakalarka-openfoam/bakalarka-openfoam/MHD_control_cooling/src/controllers/mpc_alter.jl:531
┌ Debug: Initializing V randomly.
└ @ Main /home/basta/Projects/bakalarka-openfoam/bakalarka-openfoam/MHD_control_cooling/src/controllers/mpc_alter.jl:540
┌ Debug: Initial U norm: 1.3926, Initial V norm: 1.1511
└ @ Main /home/basta/Projects/bakalarka-openfoam/bakalarka-openfoam/MHD_control_cooling/src/controllers/mpc_alter.jl:544
┌ Debug: Using QP Regularization: 0.0001
└ @ Main /home/basta/Projects/bakalarka-openfoam/bakalarka-openfoam/MHD_control_cooling/src/controllers/mpc_alter.jl:549
┌ Debug: AM Iteration 1/5
└ @ Main /home/basta/Projects/bakalarka-openfoam/bakalarka-openfoam/MHD_control_cooling/src/controllers/mpc_alter.jl:561
┌ Debug:   U-Step OK. Status: LOCALLY_SOLVED, Primal: FEASIBLE_POINT. New U norm: 0.2272
└ @ Main /home/basta/Projects/bakalarka-openfoam/bakalarka-openfoam/MHD_control_cooling/src/controllers/mpc_alter.jl:605
┌ Debug:   V-Step OK. Status: LOCALLY_SOLVED, Primal: FEASIBLE_POINT. New V norm: 1.0788
└ @ Main /home/basta/Projects/bakalarka-openfoam/bakalarka-openfoam/MHD_control_cooling/src/controllers/mpc_alter.jl:662
┌ Debug:   AM Iter 1 took 54.56 ms. U Status: LOCALLY_SOLVED, V Status: LOCALLY_SOLVED
└ @ Main /home/basta/Projects/bakalarka-openfoam/bakalarka-openfoam/MHD_control_cooling/src/controllers/mpc_alter.jl:680
┌ Debug: AM Iteration 2/5
└ @ Main /home/basta/Projects/bakalarka-openfoam/bakalarka-openfoam/MHD_control_cooling/src/controllers/mpc_alter.jl:561
┌ Debug:   U-Step OK. Status: LOCALLY_SOLVED, Primal: FEASIBLE_POINT. New U norm: 0.2675
└ @ Main /home/basta/Projects/bakalarka-openfoam/bakalarka-openfoam/MHD_control_cooling/src/controllers/mpc_alter.jl:605
┌ Debug:   V-Step OK. Status: LOCALLY_SOLVED, Primal: FEASIBLE_POINT. New V norm: 1.88
└ @ Main /home/basta/Projects/bakalarka-openfoam/bakalarka-openfoam/MHD_control_cooling/src/controllers/mpc_alter.jl:662
┌ Debug:   AM Iter 2 took 40.27 ms. U Status: LOCALLY_SOLVED, V Status: LOCALLY_SOLVED
└ @ Main /home/basta/Projects/bakalarka-openfoam/bakalarka-openfoam/MHD_control_cooling/src/controllers/mpc_alter.jl:680
┌ Debug: AM Iteration 3/5
└ @ Main /home/basta/Projects/bakalarka-openfoam/bakalarka-openfoam/MHD_control_cooling/src/controllers/mpc_alter.jl:561
┌ Debug:   U-Step OK. Status: LOCALLY_SOLVED, Primal: FEASIBLE_POINT. New U norm: 0.2761
└ @ Main /home/basta/Projects/bakalarka-openfoam/bakalarka-openfoam/MHD_control_cooling/src/controllers/mpc_alter.jl:605
┌ Debug:   V-Step OK. Status: LOCALLY_SOLVED, Primal: FEASIBLE_POINT. New V norm: 1.8365
└ @ Main /home/basta/Projects/bakalarka-openfoam/bakalarka-openfoam/MHD_control_cooling/src/controllers/mpc_alter.jl:662
┌ Debug:   AM Iter 3 took 47.15 ms. U Status: LOCALLY_SOLVED, V Status: LOCALLY_SOLVED
└ @ Main /home/basta/Projects/bakalarka-openfoam/bakalarka-openfoam/MHD_control_cooling/src/controllers/mpc_alter.jl:680
┌ Debug: AM Iteration 4/5
└ @ Main /home/basta/Projects/bakalarka-openfoam/bakalarka-openfoam/MHD_control_cooling/src/controllers/mpc_alter.jl:561
┌ Debug:   U-Step OK. Status: LOCALLY_SOLVED, Primal: FEASIBLE_POINT. New U norm: 0.2918
└ @ Main /home/basta/Projects/bakalarka-openfoam/bakalarka-openfoam/MHD_control_cooling/src/controllers/mpc_alter.jl:605
┌ Debug:   V-Step OK. Status: LOCALLY_SOLVED, Primal: FEASIBLE_POINT. New V norm: 1.7966
└ @ Main /home/basta/Projects/bakalarka-openfoam/bakalarka-openfoam/MHD_control_cooling/src/controllers/mpc_alter.jl:662
┌ Debug:   AM Iter 4 took 78.13 ms. U Status: LOCALLY_SOLVED, V Status: LOCALLY_SOLVED
└ @ Main /home/basta/Projects/bakalarka-openfoam/bakalarka-openfoam/MHD_control_cooling/src/controllers/mpc_alter.jl:680
┌ Debug: AM Iteration 5/5
└ @ Main /home/basta/Projects/bakalarka-openfoam/bakalarka-openfoam/MHD_control_cooling/src/controllers/mpc_alter.jl:561
┌ Debug:   U-Step OK. Status: LOCALLY_SOLVED, Primal: FEASIBLE_POINT. New U norm: 0.3073
└ @ Main /home/basta/Projects/bakalarka-openfoam/bakalarka-openfoam/MHD_control_cooling/src/controllers/mpc_alter.jl:605
┌ Debug:   V-Step OK. Status: LOCALLY_SOLVED, Primal: FEASIBLE_POINT. New V norm: 1.7662
└ @ Main /home/basta/Projects/bakalarka-openfoam/bakalarka-openfoam/MHD_control_cooling/src/controllers/mpc_alter.jl:662
┌ Debug:   AM Iter 5 took 43.54 ms. U Status: LOCALLY_SOLVED, V Status: LOCALLY_SOLVED
└ @ Main /home/basta/Projects/bakalarka-openfoam/bakalarka-openfoam/MHD_control_cooling/src/controllers/mpc_alter.jl:680
┌ Debug: AM finished after 5 iterations.
└ @ Main /home/basta/Projects/bakalarka-openfoam/bakalarka-openfoam/MHD_control_cooling/src/controllers/mpc_alter.jl:697
┌ Debug: Final U norm: 0.3073, Final V norm: 1.7662
└ @ Main /home/basta/Projects/bakalarka-openfoam/bakalarka-openfoam/MHD_control_cooling/src/controllers/mpc_alter.jl:698
┌ Debug: Physical Bounds Hit: U_min=false, U_max=false, V_min=false, V_max=false
└ @ Main /home/basta/Projects/bakalarka-openfoam/bakalarka-openfoam/MHD_control_cooling/src/controllers/mpc_alter.jl:704
┌ Debug: Storing effective theta_k (for next step): Norm=0.094, First 5=[0.0255, 0.0211, -0.0, 0.0146, -0.0]
└ @ Main /home/basta/Projects/bakalarka-openfoam/bakalarka-openfoam/MHD_control_cooling/src/controllers/mpc_alter.jl:733
┌ Info: Control action computed in 299.45 ms. Sending input u[1]=0.0432, v[1]=0.5893...
└ @ Main /home/basta/Projects/bakalarka-openfoam/bakalarka-openfoam/MHD_control_cooling/src/controllers/mpc_alter.jl:753
┌ Info: ("Sending input", [0.04319892474631068, 0.03573279063420267, -7.059869914514179e-9, 0.02475679461853324, 0.5893296612445714, -2.3091374140566262e-7, 1.4164566928514613, -2.3092979561872312e-7])
└ @ Main /home/basta/Projects/bakalarka-openfoam/bakalarka-openfoam/MHD_control_cooling/src/scripts/sock_field_server.jl:287
┌ Debug: update_controller_state! called at time 7.340062. No action implemented.
└ @ Main /home/basta/Projects/bakalarka-openfoam/bakalarka-openfoam/MHD_control_cooling/src/controllers/mpc_alter.jl:763
┌ Debug: update_controller_state! called at time 7.340062. No action implemented.
└ @ Main /home/basta/Projects/bakalarka-openfoam/bakalarka-openfoam/MHD_control_cooling/src/controllers/mpc_alter.jl:763
┌ Debug: Raw Measurement 'wallheatflux' value: -0.5672251875
└ @ Main /home/basta/Projects/bakalarka-openfoam/bakalarka-openfoam/MHD_control_cooling/src/controllers/mpc_alter.jl:455
┌ Debug: Centered Measurement yk: -0.5672251875
└ @ Main /home/basta/Projects/bakalarka-openfoam/bakalarka-openfoam/MHD_control_cooling/src/controllers/mpc_alter.jl:458
┌ Debug: Constructed state xk[1:5] = [-0.5672, -0.5663, -0.5653, -0.5641, -0.5629]... | Norm: 2.2804
└ @ Main /home/basta/Projects/bakalarka-openfoam/bakalarka-openfoam/MHD_control_cooling/src/controllers/mpc_alter.jl:504
┌ Debug: State error (output) xk[1]-xref[1]: 0.4328 | Full error norm: 31.0812
└ @ Main /home/basta/Projects/bakalarka-openfoam/bakalarka-openfoam/MHD_control_cooling/src/controllers/mpc_alter.jl:514
┌ Debug: State bounds check: any(l_st_k .> u_st_k) = false
└ @ Main /home/basta/Projects/bakalarka-openfoam/bakalarka-openfoam/MHD_control_cooling/src/controllers/mpc_alter.jl:515
┌ Debug: Warm starting U from previous solution (shifted).
└ @ Main /home/basta/Projects/bakalarka-openfoam/bakalarka-openfoam/MHD_control_cooling/src/controllers/mpc_alter.jl:528
┌ Debug: Warm starting V from previous solution (shifted).
└ @ Main /home/basta/Projects/bakalarka-openfoam/bakalarka-openfoam/MHD_control_cooling/src/controllers/mpc_alter.jl:537
┌ Debug: Initial U norm: 0.3011, Initial V norm: 0.875
└ @ Main /home/basta/Projects/bakalarka-openfoam/bakalarka-openfoam/MHD_control_cooling/src/controllers/mpc_alter.jl:544
┌ Debug: Using QP Regularization: 0.0001
└ @ Main /home/basta/Projects/bakalarka-openfoam/bakalarka-openfoam/MHD_control_cooling/src/controllers/mpc_alter.jl:549
┌ Debug: AM Iteration 1/5
└ @ Main /home/basta/Projects/bakalarka-openfoam/bakalarka-openfoam/MHD_control_cooling/src/controllers/mpc_alter.jl:561
┌ Debug:   U-Step OK. Status: LOCALLY_SOLVED, Primal: FEASIBLE_POINT. New U norm: 0.3067
└ @ Main /home/basta/Projects/bakalarka-openfoam/bakalarka-openfoam/MHD_control_cooling/src/controllers/mpc_alter.jl:605
┌ Debug:   V-Step OK. Status: LOCALLY_SOLVED, Primal: FEASIBLE_POINT. New V norm: 0.8767
└ @ Main /home/basta/Projects/bakalarka-openfoam/bakalarka-openfoam/MHD_control_cooling/src/controllers/mpc_alter.jl:662
┌ Debug:   AM Iter 1 took 39.31 ms. U Status: LOCALLY_SOLVED, V Status: LOCALLY_SOLVED
└ @ Main /home/basta/Projects/bakalarka-openfoam/bakalarka-openfoam/MHD_control_cooling/src/controllers/mpc_alter.jl:680
┌ Debug: AM Iteration 2/5
└ @ Main /home/basta/Projects/bakalarka-openfoam/bakalarka-openfoam/MHD_control_cooling/src/controllers/mpc_alter.jl:561
┌ Debug:   U-Step OK. Status: LOCALLY_SOLVED, Primal: FEASIBLE_POINT. New U norm: 0.3144
└ @ Main /home/basta/Projects/bakalarka-openfoam/bakalarka-openfoam/MHD_control_cooling/src/controllers/mpc_alter.jl:605
┌ Debug:   V-Step OK. Status: LOCALLY_SOLVED, Primal: FEASIBLE_POINT. New V norm: 0.8697
└ @ Main /home/basta/Projects/bakalarka-openfoam/bakalarka-openfoam/MHD_control_cooling/src/controllers/mpc_alter.jl:662
┌ Debug:   AM Iter 2 took 54.11 ms. U Status: LOCALLY_SOLVED, V Status: LOCALLY_SOLVED
└ @ Main /home/basta/Projects/bakalarka-openfoam/bakalarka-openfoam/MHD_control_cooling/src/controllers/mpc_alter.jl:680
┌ Debug: AM Iteration 3/5
└ @ Main /home/basta/Projects/bakalarka-openfoam/bakalarka-openfoam/MHD_control_cooling/src/controllers/mpc_alter.jl:561
┌ Debug:   U-Step OK. Status: LOCALLY_SOLVED, Primal: FEASIBLE_POINT. New U norm: 0.3223
└ @ Main /home/basta/Projects/bakalarka-openfoam/bakalarka-openfoam/MHD_control_cooling/src/controllers/mpc_alter.jl:605
┌ Debug:   V-Step OK. Status: LOCALLY_SOLVED, Primal: FEASIBLE_POINT. New V norm: 0.8676
└ @ Main /home/basta/Projects/bakalarka-openfoam/bakalarka-openfoam/MHD_control_cooling/src/controllers/mpc_alter.jl:662
┌ Debug:   AM Iter 3 took 37.73 ms. U Status: LOCALLY_SOLVED, V Status: LOCALLY_SOLVED
└ @ Main /home/basta/Projects/bakalarka-openfoam/bakalarka-openfoam/MHD_control_cooling/src/controllers/mpc_alter.jl:680
┌ Debug: AM Iteration 4/5
└ @ Main /home/basta/Projects/bakalarka-openfoam/bakalarka-openfoam/MHD_control_cooling/src/controllers/mpc_alter.jl:561
┌ Debug:   U-Step OK. Status: LOCALLY_SOLVED, Primal: FEASIBLE_POINT. New U norm: 0.325
└ @ Main /home/basta/Projects/bakalarka-openfoam/bakalarka-openfoam/MHD_control_cooling/src/controllers/mpc_alter.jl:605
┌ Debug:   V-Step OK. Status: LOCALLY_SOLVED, Primal: FEASIBLE_POINT. New V norm: 0.8695
└ @ Main /home/basta/Projects/bakalarka-openfoam/bakalarka-openfoam/MHD_control_cooling/src/controllers/mpc_alter.jl:662
┌ Debug:   AM Iter 4 took 35.31 ms. U Status: LOCALLY_SOLVED, V Status: LOCALLY_SOLVED
└ @ Main /home/basta/Projects/bakalarka-openfoam/bakalarka-openfoam/MHD_control_cooling/src/controllers/mpc_alter.jl:680
┌ Debug: AM Iteration 5/5
└ @ Main /home/basta/Projects/bakalarka-openfoam/bakalarka-openfoam/MHD_control_cooling/src/controllers/mpc_alter.jl:561
┌ Debug:   U-Step OK. Status: LOCALLY_SOLVED, Primal: FEASIBLE_POINT. New U norm: 0.3262
└ @ Main /home/basta/Projects/bakalarka-openfoam/bakalarka-openfoam/MHD_control_cooling/src/controllers/mpc_alter.jl:605
┌ Debug:   V-Step OK. Status: LOCALLY_SOLVED, Primal: FEASIBLE_POINT. New V norm: 0.8716
└ @ Main /home/basta/Projects/bakalarka-openfoam/bakalarka-openfoam/MHD_control_cooling/src/controllers/mpc_alter.jl:662
┌ Debug:   AM Iter 5 took 63.96 ms. U Status: LOCALLY_SOLVED, V Status: LOCALLY_SOLVED
└ @ Main /home/basta/Projects/bakalarka-openfoam/bakalarka-openfoam/MHD_control_cooling/src/controllers/mpc_alter.jl:680
┌ Debug: AM finished after 5 iterations.
└ @ Main /home/basta/Projects/bakalarka-openfoam/bakalarka-openfoam/MHD_control_cooling/src/controllers/mpc_alter.jl:697
┌ Debug: Final U norm: 0.3262, Final V norm: 0.8716
└ @ Main /home/basta/Projects/bakalarka-openfoam/bakalarka-openfoam/MHD_control_cooling/src/controllers/mpc_alter.jl:698
┌ Debug: Physical Bounds Hit: U_min=false, U_max=false, V_min=false, V_max=false
└ @ Main /home/basta/Projects/bakalarka-openfoam/bakalarka-openfoam/MHD_control_cooling/src/controllers/mpc_alter.jl:704
┌ Debug: Storing effective theta_k (for next step): Norm=0.0746, First 5=[0.0165, 0.0165, -0.0, 0.0135, -0.0]
└ @ Main /home/basta/Projects/bakalarka-openfoam/bakalarka-openfoam/MHD_control_cooling/src/controllers/mpc_alter.jl:733
┌ Info: Control action computed in 264.77 ms. Sending input u[1]=0.1523, v[1]=0.1084...
└ @ Main /home/basta/Projects/bakalarka-openfoam/bakalarka-openfoam/MHD_control_cooling/src/controllers/mpc_alter.jl:753
┌ Info: ("Sending input", [0.15233904289723568, 0.15233904265320652, -3.580681439065627e-8, 0.12493936924993704, 0.10841206028370955, -6.534490985955094e-8, 0.2792764495685535, -6.538458202076058e-8])
└ @ Main /home/basta/Projects/bakalarka-openfoam/bakalarka-openfoam/MHD_control_cooling/src/scripts/sock_field_server.jl:287
┌ Debug: update_controller_state! called at time 8.440062. No action implemented.
└ @ Main /home/basta/Projects/bakalarka-openfoam/bakalarka-openfoam/MHD_control_cooling/src/controllers/mpc_alter.jl:763
┌ Debug: update_controller_state! called at time 8.440062. No action implemented.
└ @ Main /home/basta/Projects/bakalarka-openfoam/bakalarka-openfoam/MHD_control_cooling/src/controllers/mpc_alter.jl:763
┌ Debug: Raw Measurement 'wallheatflux' value: -0.5679680625
└ @ Main /home/basta/Projects/bakalarka-openfoam/bakalarka-openfoam/MHD_control_cooling/src/controllers/mpc_alter.jl:455
┌ Debug: Centered Measurement yk: -0.5679680625
└ @ Main /home/basta/Projects/bakalarka-openfoam/bakalarka-openfoam/MHD_control_cooling/src/controllers/mpc_alter.jl:458
┌ Debug: Constructed state xk[1:5] = [-0.568, -0.5672, -0.5663, -0.5653, -0.5641]... | Norm: 2.3513
└ @ Main /home/basta/Projects/bakalarka-openfoam/bakalarka-openfoam/MHD_control_cooling/src/controllers/mpc_alter.jl:504
┌ Debug: State error (output) xk[1]-xref[1]: 0.432 | Full error norm: 30.9649
└ @ Main /home/basta/Projects/bakalarka-openfoam/bakalarka-openfoam/MHD_control_cooling/src/controllers/mpc_alter.jl:514
┌ Debug: State bounds check: any(l_st_k .> u_st_k) = false
└ @ Main /home/basta/Projects/bakalarka-openfoam/bakalarka-openfoam/MHD_control_cooling/src/controllers/mpc_alter.jl:515
┌ Debug: Warm starting U from previous solution (shifted).
└ @ Main /home/basta/Projects/bakalarka-openfoam/bakalarka-openfoam/MHD_control_cooling/src/controllers/mpc_alter.jl:528
┌ Debug: Warm starting V from previous solution (shifted).
└ @ Main /home/basta/Projects/bakalarka-openfoam/bakalarka-openfoam/MHD_control_cooling/src/controllers/mpc_alter.jl:537
┌ Debug: Initial U norm: 0.2107, Initial V norm: 0.8185
└ @ Main /home/basta/Projects/bakalarka-openfoam/bakalarka-openfoam/MHD_control_cooling/src/controllers/mpc_alter.jl:544
┌ Debug: Using QP Regularization: 0.0001
└ @ Main /home/basta/Projects/bakalarka-openfoam/bakalarka-openfoam/MHD_control_cooling/src/controllers/mpc_alter.jl:549
┌ Debug: AM Iteration 1/5
└ @ Main /home/basta/Projects/bakalarka-openfoam/bakalarka-openfoam/MHD_control_cooling/src/controllers/mpc_alter.jl:561
┌ Debug:   U-Step OK. Status: LOCALLY_SOLVED, Primal: FEASIBLE_POINT. New U norm: 0.2123
└ @ Main /home/basta/Projects/bakalarka-openfoam/bakalarka-openfoam/MHD_control_cooling/src/controllers/mpc_alter.jl:605
┌ Debug:   V-Step OK. Status: LOCALLY_SOLVED, Primal: FEASIBLE_POINT. New V norm: 0.8872
└ @ Main /home/basta/Projects/bakalarka-openfoam/bakalarka-openfoam/MHD_control_cooling/src/controllers/mpc_alter.jl:662
┌ Debug:   AM Iter 1 took 41.02 ms. U Status: LOCALLY_SOLVED, V Status: LOCALLY_SOLVED
└ @ Main /home/basta/Projects/bakalarka-openfoam/bakalarka-openfoam/MHD_control_cooling/src/controllers/mpc_alter.jl:680
┌ Debug: AM Iteration 2/5
└ @ Main /home/basta/Projects/bakalarka-openfoam/bakalarka-openfoam/MHD_control_cooling/src/controllers/mpc_alter.jl:561
┌ Debug:   U-Step OK. Status: LOCALLY_SOLVED, Primal: FEASIBLE_POINT. New U norm: 0.2134
└ @ Main /home/basta/Projects/bakalarka-openfoam/bakalarka-openfoam/MHD_control_cooling/src/controllers/mpc_alter.jl:605
┌ Debug:   V-Step OK. Status: LOCALLY_SOLVED, Primal: FEASIBLE_POINT. New V norm: 0.8941
└ @ Main /home/basta/Projects/bakalarka-openfoam/bakalarka-openfoam/MHD_control_cooling/src/controllers/mpc_alter.jl:662
┌ Debug:   AM Iter 2 took 38.95 ms. U Status: LOCALLY_SOLVED, V Status: LOCALLY_SOLVED
└ @ Main /home/basta/Projects/bakalarka-openfoam/bakalarka-openfoam/MHD_control_cooling/src/controllers/mpc_alter.jl:680
┌ Debug: AM Iteration 3/5
└ @ Main /home/basta/Projects/bakalarka-openfoam/bakalarka-openfoam/MHD_control_cooling/src/controllers/mpc_alter.jl:561
┌ Debug:   U-Step OK. Status: LOCALLY_SOLVED, Primal: FEASIBLE_POINT. New U norm: 0.2145
└ @ Main /home/basta/Projects/bakalarka-openfoam/bakalarka-openfoam/MHD_control_cooling/src/controllers/mpc_alter.jl:605
┌ Debug:   V-Step OK. Status: LOCALLY_SOLVED, Primal: FEASIBLE_POINT. New V norm: 0.9012
└ @ Main /home/basta/Projects/bakalarka-openfoam/bakalarka-openfoam/MHD_control_cooling/src/controllers/mpc_alter.jl:662
┌ Debug:   AM Iter 3 took 35.78 ms. U Status: LOCALLY_SOLVED, V Status: LOCALLY_SOLVED
└ @ Main /home/basta/Projects/bakalarka-openfoam/bakalarka-openfoam/MHD_control_cooling/src/controllers/mpc_alter.jl:680
┌ Debug: AM Iteration 4/5
└ @ Main /home/basta/Projects/bakalarka-openfoam/bakalarka-openfoam/MHD_control_cooling/src/controllers/mpc_alter.jl:561
┌ Debug:   U-Step OK. Status: LOCALLY_SOLVED, Primal: FEASIBLE_POINT. New U norm: 0.2156
└ @ Main /home/basta/Projects/bakalarka-openfoam/bakalarka-openfoam/MHD_control_cooling/src/controllers/mpc_alter.jl:605
┌ Debug:   V-Step OK. Status: LOCALLY_SOLVED, Primal: FEASIBLE_POINT. New V norm: 0.9083
└ @ Main /home/basta/Projects/bakalarka-openfoam/bakalarka-openfoam/MHD_control_cooling/src/controllers/mpc_alter.jl:662
┌ Debug:   AM Iter 4 took 34.79 ms. U Status: LOCALLY_SOLVED, V Status: LOCALLY_SOLVED
└ @ Main /home/basta/Projects/bakalarka-openfoam/bakalarka-openfoam/MHD_control_cooling/src/controllers/mpc_alter.jl:680
┌ Debug: AM Iteration 5/5
└ @ Main /home/basta/Projects/bakalarka-openfoam/bakalarka-openfoam/MHD_control_cooling/src/controllers/mpc_alter.jl:561
┌ Debug:   U-Step OK. Status: LOCALLY_SOLVED, Primal: FEASIBLE_POINT. New U norm: 0.2168
└ @ Main /home/basta/Projects/bakalarka-openfoam/bakalarka-openfoam/MHD_control_cooling/src/controllers/mpc_alter.jl:605
┌ Debug:   V-Step OK. Status: LOCALLY_SOLVED, Primal: FEASIBLE_POINT. New V norm: 0.9157
└ @ Main /home/basta/Projects/bakalarka-openfoam/bakalarka-openfoam/MHD_control_cooling/src/controllers/mpc_alter.jl:662
┌ Debug:   AM Iter 5 took 32.58 ms. U Status: LOCALLY_SOLVED, V Status: LOCALLY_SOLVED
└ @ Main /home/basta/Projects/bakalarka-openfoam/bakalarka-openfoam/MHD_control_cooling/src/controllers/mpc_alter.jl:680
┌ Debug: AM finished after 5 iterations.
└ @ Main /home/basta/Projects/bakalarka-openfoam/bakalarka-openfoam/MHD_control_cooling/src/controllers/mpc_alter.jl:697
┌ Debug: Final U norm: 0.2168, Final V norm: 0.9157
└ @ Main /home/basta/Projects/bakalarka-openfoam/bakalarka-openfoam/MHD_control_cooling/src/controllers/mpc_alter.jl:698
┌ Debug: Physical Bounds Hit: U_min=false, U_max=false, V_min=false, V_max=false
└ @ Main /home/basta/Projects/bakalarka-openfoam/bakalarka-openfoam/MHD_control_cooling/src/controllers/mpc_alter.jl:704
┌ Debug: Storing effective theta_k (for next step): Norm=0.0411, First 5=[0.0168, 0.0168, -0.0, 0.0168, -0.0]
└ @ Main /home/basta/Projects/bakalarka-openfoam/bakalarka-openfoam/MHD_control_cooling/src/controllers/mpc_alter.jl:733
┌ Info: Control action computed in 214.46 ms. Sending input u[1]=0.0383, v[1]=0.4389...
└ @ Main /home/basta/Projects/bakalarka-openfoam/bakalarka-openfoam/MHD_control_cooling/src/controllers/mpc_alter.jl:753
┌ Info: ("Sending input", [0.038250603421727335, 0.0382506032361253, -2.2781741106495922e-8, 0.0382506033134965, 0.43894291569180377, -2.6015576356512927e-7, 0.43894801314905496, -2.603384603042327e-7])
└ @ Main /home/basta/Projects/bakalarka-openfoam/bakalarka-openfoam/MHD_control_cooling/src/scripts/sock_field_server.jl:287
┌ Debug: update_controller_state! called at time 9.540061. No action implemented.
└ @ Main /home/basta/Projects/bakalarka-openfoam/bakalarka-openfoam/MHD_control_cooling/src/controllers/mpc_alter.jl:763
┌ Debug: update_controller_state! called at time 9.540061. No action implemented.
└ @ Main /home/basta/Projects/bakalarka-openfoam/bakalarka-openfoam/MHD_control_cooling/src/controllers/mpc_alter.jl:763
┌ Debug: Raw Measurement 'wallheatflux' value: -0.568541625
└ @ Main /home/basta/Projects/bakalarka-openfoam/bakalarka-openfoam/MHD_control_cooling/src/controllers/mpc_alter.jl:455
┌ Debug: Centered Measurement yk: -0.568541625
└ @ Main /home/basta/Projects/bakalarka-openfoam/bakalarka-openfoam/MHD_control_cooling/src/controllers/mpc_alter.jl:458
┌ Debug: Constructed state xk[1:5] = [-0.5685, -0.568, -0.5672, -0.5663, -0.5653]... | Norm: 2.4194
└ @ Main /home/basta/Projects/bakalarka-openfoam/bakalarka-openfoam/MHD_control_cooling/src/controllers/mpc_alter.jl:504
┌ Debug: State error (output) xk[1]-xref[1]: 0.4315 | Full error norm: 30.7578
└ @ Main /home/basta/Projects/bakalarka-openfoam/bakalarka-openfoam/MHD_control_cooling/src/controllers/mpc_alter.jl:514
┌ Debug: State bounds check: any(l_st_k .> u_st_k) = false
└ @ Main /home/basta/Projects/bakalarka-openfoam/bakalarka-openfoam/MHD_control_cooling/src/controllers/mpc_alter.jl:515
┌ Debug: Warm starting U from previous solution (shifted).
└ @ Main /home/basta/Projects/bakalarka-openfoam/bakalarka-openfoam/MHD_control_cooling/src/controllers/mpc_alter.jl:528
┌ Debug: Warm starting V from previous solution (shifted).
└ @ Main /home/basta/Projects/bakalarka-openfoam/bakalarka-openfoam/MHD_control_cooling/src/controllers/mpc_alter.jl:537
┌ Debug: Initial U norm: 0.2064, Initial V norm: 0.6732
└ @ Main /home/basta/Projects/bakalarka-openfoam/bakalarka-openfoam/MHD_control_cooling/src/controllers/mpc_alter.jl:544
┌ Debug: Using QP Regularization: 0.0001
└ @ Main /home/basta/Projects/bakalarka-openfoam/bakalarka-openfoam/MHD_control_cooling/src/controllers/mpc_alter.jl:549
┌ Debug: AM Iteration 1/5
└ @ Main /home/basta/Projects/bakalarka-openfoam/bakalarka-openfoam/MHD_control_cooling/src/controllers/mpc_alter.jl:561
┌ Debug:   U-Step OK. Status: LOCALLY_SOLVED, Primal: FEASIBLE_POINT. New U norm: 0.2075
└ @ Main /home/basta/Projects/bakalarka-openfoam/bakalarka-openfoam/MHD_control_cooling/src/controllers/mpc_alter.jl:605
┌ Debug:   V-Step OK. Status: LOCALLY_SOLVED, Primal: FEASIBLE_POINT. New V norm: 0.717
└ @ Main /home/basta/Projects/bakalarka-openfoam/bakalarka-openfoam/MHD_control_cooling/src/controllers/mpc_alter.jl:662
┌ Debug:   AM Iter 1 took 26.89 ms. U Status: LOCALLY_SOLVED, V Status: LOCALLY_SOLVED
└ @ Main /home/basta/Projects/bakalarka-openfoam/bakalarka-openfoam/MHD_control_cooling/src/controllers/mpc_alter.jl:680
┌ Debug: AM Iteration 2/5
└ @ Main /home/basta/Projects/bakalarka-openfoam/bakalarka-openfoam/MHD_control_cooling/src/controllers/mpc_alter.jl:561
┌ Debug:   U-Step OK. Status: LOCALLY_SOLVED, Primal: FEASIBLE_POINT. New U norm: 0.2084
└ @ Main /home/basta/Projects/bakalarka-openfoam/bakalarka-openfoam/MHD_control_cooling/src/controllers/mpc_alter.jl:605
┌ Debug:   V-Step OK. Status: LOCALLY_SOLVED, Primal: FEASIBLE_POINT. New V norm: 0.719
└ @ Main /home/basta/Projects/bakalarka-openfoam/bakalarka-openfoam/MHD_control_cooling/src/controllers/mpc_alter.jl:662
┌ Debug:   AM Iter 2 took 28.22 ms. U Status: LOCALLY_SOLVED, V Status: LOCALLY_SOLVED
└ @ Main /home/basta/Projects/bakalarka-openfoam/bakalarka-openfoam/MHD_control_cooling/src/controllers/mpc_alter.jl:680
┌ Debug: AM Iteration 3/5
└ @ Main /home/basta/Projects/bakalarka-openfoam/bakalarka-openfoam/MHD_control_cooling/src/controllers/mpc_alter.jl:561
┌ Debug:   U-Step OK. Status: LOCALLY_SOLVED, Primal: FEASIBLE_POINT. New U norm: 0.2093
└ @ Main /home/basta/Projects/bakalarka-openfoam/bakalarka-openfoam/MHD_control_cooling/src/controllers/mpc_alter.jl:605
┌ Debug:   V-Step OK. Status: LOCALLY_SOLVED, Primal: FEASIBLE_POINT. New V norm: 0.7209
└ @ Main /home/basta/Projects/bakalarka-openfoam/bakalarka-openfoam/MHD_control_cooling/src/controllers/mpc_alter.jl:662
┌ Debug:   AM Iter 3 took 31.83 ms. U Status: LOCALLY_SOLVED, V Status: LOCALLY_SOLVED
└ @ Main /home/basta/Projects/bakalarka-openfoam/bakalarka-openfoam/MHD_control_cooling/src/controllers/mpc_alter.jl:680
┌ Debug: AM Iteration 4/5
└ @ Main /home/basta/Projects/bakalarka-openfoam/bakalarka-openfoam/MHD_control_cooling/src/controllers/mpc_alter.jl:561
┌ Debug:   U-Step OK. Status: LOCALLY_SOLVED, Primal: FEASIBLE_POINT. New U norm: 0.2103
└ @ Main /home/basta/Projects/bakalarka-openfoam/bakalarka-openfoam/MHD_control_cooling/src/controllers/mpc_alter.jl:605
┌ Debug:   V-Step OK. Status: LOCALLY_SOLVED, Primal: FEASIBLE_POINT. New V norm: 0.7227
└ @ Main /home/basta/Projects/bakalarka-openfoam/bakalarka-openfoam/MHD_control_cooling/src/controllers/mpc_alter.jl:662
┌ Debug:   AM Iter 4 took 28.73 ms. U Status: LOCALLY_SOLVED, V Status: LOCALLY_SOLVED
└ @ Main /home/basta/Projects/bakalarka-openfoam/bakalarka-openfoam/MHD_control_cooling/src/controllers/mpc_alter.jl:680
┌ Debug: AM Iteration 5/5
└ @ Main /home/basta/Projects/bakalarka-openfoam/bakalarka-openfoam/MHD_control_cooling/src/controllers/mpc_alter.jl:561
┌ Debug:   U-Step OK. Status: LOCALLY_SOLVED, Primal: FEASIBLE_POINT. New U norm: 0.2112
└ @ Main /home/basta/Projects/bakalarka-openfoam/bakalarka-openfoam/MHD_control_cooling/src/controllers/mpc_alter.jl:605
┌ Debug:   V-Step OK. Status: LOCALLY_SOLVED, Primal: FEASIBLE_POINT. New V norm: 0.7244
└ @ Main /home/basta/Projects/bakalarka-openfoam/bakalarka-openfoam/MHD_control_cooling/src/controllers/mpc_alter.jl:662
┌ Debug:   AM Iter 5 took 57.53 ms. U Status: LOCALLY_SOLVED, V Status: LOCALLY_SOLVED
└ @ Main /home/basta/Projects/bakalarka-openfoam/bakalarka-openfoam/MHD_control_cooling/src/controllers/mpc_alter.jl:680
┌ Debug: AM finished after 5 iterations.
└ @ Main /home/basta/Projects/bakalarka-openfoam/bakalarka-openfoam/MHD_control_cooling/src/controllers/mpc_alter.jl:697
┌ Debug: Final U norm: 0.2112, Final V norm: 0.7244
└ @ Main /home/basta/Projects/bakalarka-openfoam/bakalarka-openfoam/MHD_control_cooling/src/controllers/mpc_alter.jl:698
┌ Debug: Physical Bounds Hit: U_min=false, U_max=false, V_min=false, V_max=false
└ @ Main /home/basta/Projects/bakalarka-openfoam/bakalarka-openfoam/MHD_control_cooling/src/controllers/mpc_alter.jl:704
┌ Debug: Storing effective theta_k (for next step): Norm=0.0553, First 5=[0.0208, 0.0208, -0.0, 0.0208, -0.0]
└ @ Main /home/basta/Projects/bakalarka-openfoam/bakalarka-openfoam/MHD_control_cooling/src/controllers/mpc_alter.jl:733
┌ Info: Control action computed in 207.23 ms. Sending input u[1]=0.0514, v[1]=0.4041...
└ @ Main /home/basta/Projects/bakalarka-openfoam/bakalarka-openfoam/MHD_control_cooling/src/controllers/mpc_alter.jl:753
┌ Info: ("Sending input", [0.051420600729415795, 0.05142060056459742, -2.1212051246968944e-8, 0.051420600539337065, 0.4041128730854639, -1.935692833644043e-7, 0.47143012618629, -1.937035833985462e-7])
└ @ Main /home/basta/Projects/bakalarka-openfoam/bakalarka-openfoam/MHD_control_cooling/src/scripts/sock_field_server.jl:287
┌ Debug: update_controller_state! called at time 10.640061. No action implemented.
└ @ Main /home/basta/Projects/bakalarka-openfoam/bakalarka-openfoam/MHD_control_cooling/src/controllers/mpc_alter.jl:763
┌ Debug: update_controller_state! called at time 10.640061. No action implemented.
└ @ Main /home/basta/Projects/bakalarka-openfoam/bakalarka-openfoam/MHD_control_cooling/src/controllers/mpc_alter.jl:763
┌ Debug: Raw Measurement 'wallheatflux' value: -0.5689793125
└ @ Main /home/basta/Projects/bakalarka-openfoam/bakalarka-openfoam/MHD_control_cooling/src/controllers/mpc_alter.jl:455
┌ Debug: Centered Measurement yk: -0.5689793125
└ @ Main /home/basta/Projects/bakalarka-openfoam/bakalarka-openfoam/MHD_control_cooling/src/controllers/mpc_alter.jl:458
┌ Debug: Constructed state xk[1:5] = [-0.569, -0.5685, -0.568, -0.5672, -0.5663]... | Norm: 2.486
└ @ Main /home/basta/Projects/bakalarka-openfoam/bakalarka-openfoam/MHD_control_cooling/src/controllers/mpc_alter.jl:504
┌ Debug: State error (output) xk[1]-xref[1]: 0.431 | Full error norm: 30.5557
└ @ Main /home/basta/Projects/bakalarka-openfoam/bakalarka-openfoam/MHD_control_cooling/src/controllers/mpc_alter.jl:514
┌ Debug: State bounds check: any(l_st_k .> u_st_k) = false
└ @ Main /home/basta/Projects/bakalarka-openfoam/bakalarka-openfoam/MHD_control_cooling/src/controllers/mpc_alter.jl:515
┌ Debug: Warm starting U from previous solution (shifted).
└ @ Main /home/basta/Projects/bakalarka-openfoam/bakalarka-openfoam/MHD_control_cooling/src/controllers/mpc_alter.jl:528
┌ Debug: Warm starting V from previous solution (shifted).
└ @ Main /home/basta/Projects/bakalarka-openfoam/bakalarka-openfoam/MHD_control_cooling/src/controllers/mpc_alter.jl:537
┌ Debug: Initial U norm: 0.1915, Initial V norm: 0.373
└ @ Main /home/basta/Projects/bakalarka-openfoam/bakalarka-openfoam/MHD_control_cooling/src/controllers/mpc_alter.jl:544
┌ Debug: Using QP Regularization: 0.0001
└ @ Main /home/basta/Projects/bakalarka-openfoam/bakalarka-openfoam/MHD_control_cooling/src/controllers/mpc_alter.jl:549
┌ Debug: AM Iteration 1/5
└ @ Main /home/basta/Projects/bakalarka-openfoam/bakalarka-openfoam/MHD_control_cooling/src/controllers/mpc_alter.jl:561
┌ Debug:   U-Step OK. Status: LOCALLY_SOLVED, Primal: FEASIBLE_POINT. New U norm: 0.1923
└ @ Main /home/basta/Projects/bakalarka-openfoam/bakalarka-openfoam/MHD_control_cooling/src/controllers/mpc_alter.jl:605
┌ Debug:   V-Step OK. Status: LOCALLY_SOLVED, Primal: FEASIBLE_POINT. New V norm: 0.3883
└ @ Main /home/basta/Projects/bakalarka-openfoam/bakalarka-openfoam/MHD_control_cooling/src/controllers/mpc_alter.jl:662
┌ Debug:   AM Iter 1 took 22.18 ms. U Status: LOCALLY_SOLVED, V Status: LOCALLY_SOLVED
└ @ Main /home/basta/Projects/bakalarka-openfoam/bakalarka-openfoam/MHD_control_cooling/src/controllers/mpc_alter.jl:680
┌ Debug: AM Iteration 2/5
└ @ Main /home/basta/Projects/bakalarka-openfoam/bakalarka-openfoam/MHD_control_cooling/src/controllers/mpc_alter.jl:561
┌ Debug:   U-Step OK. Status: LOCALLY_SOLVED, Primal: FEASIBLE_POINT. New U norm: 0.193
└ @ Main /home/basta/Projects/bakalarka-openfoam/bakalarka-openfoam/MHD_control_cooling/src/controllers/mpc_alter.jl:605
┌ Debug:   V-Step OK. Status: LOCALLY_SOLVED, Primal: FEASIBLE_POINT. New V norm: 0.3882
└ @ Main /home/basta/Projects/bakalarka-openfoam/bakalarka-openfoam/MHD_control_cooling/src/controllers/mpc_alter.jl:662
┌ Debug:   AM Iter 2 took 21.2 ms. U Status: LOCALLY_SOLVED, V Status: LOCALLY_SOLVED
└ @ Main /home/basta/Projects/bakalarka-openfoam/bakalarka-openfoam/MHD_control_cooling/src/controllers/mpc_alter.jl:680
┌ Debug: AM Iteration 3/5
└ @ Main /home/basta/Projects/bakalarka-openfoam/bakalarka-openfoam/MHD_control_cooling/src/controllers/mpc_alter.jl:561
┌ Debug:   U-Step OK. Status: LOCALLY_SOLVED, Primal: FEASIBLE_POINT. New U norm: 0.1935
└ @ Main /home/basta/Projects/bakalarka-openfoam/bakalarka-openfoam/MHD_control_cooling/src/controllers/mpc_alter.jl:605
┌ Debug:   V-Step OK. Status: LOCALLY_SOLVED, Primal: FEASIBLE_POINT. New V norm: 0.3881
└ @ Main /home/basta/Projects/bakalarka-openfoam/bakalarka-openfoam/MHD_control_cooling/src/controllers/mpc_alter.jl:662
┌ Debug:   AM Iter 3 took 21.87 ms. U Status: LOCALLY_SOLVED, V Status: LOCALLY_SOLVED
└ @ Main /home/basta/Projects/bakalarka-openfoam/bakalarka-openfoam/MHD_control_cooling/src/controllers/mpc_alter.jl:680
┌ Debug: AM Iteration 4/5
└ @ Main /home/basta/Projects/bakalarka-openfoam/bakalarka-openfoam/MHD_control_cooling/src/controllers/mpc_alter.jl:561
┌ Debug:   U-Step OK. Status: LOCALLY_SOLVED, Primal: FEASIBLE_POINT. New U norm: 0.194
└ @ Main /home/basta/Projects/bakalarka-openfoam/bakalarka-openfoam/MHD_control_cooling/src/controllers/mpc_alter.jl:605
┌ Debug:   V-Step OK. Status: LOCALLY_SOLVED, Primal: FEASIBLE_POINT. New V norm: 0.3881
└ @ Main /home/basta/Projects/bakalarka-openfoam/bakalarka-openfoam/MHD_control_cooling/src/controllers/mpc_alter.jl:662
┌ Debug:   AM Iter 4 took 23.37 ms. U Status: LOCALLY_SOLVED, V Status: LOCALLY_SOLVED
└ @ Main /home/basta/Projects/bakalarka-openfoam/bakalarka-openfoam/MHD_control_cooling/src/controllers/mpc_alter.jl:680
┌ Debug: AM Iteration 5/5
└ @ Main /home/basta/Projects/bakalarka-openfoam/bakalarka-openfoam/MHD_control_cooling/src/controllers/mpc_alter.jl:561
┌ Debug:   U-Step OK. Status: LOCALLY_SOLVED, Primal: FEASIBLE_POINT. New U norm: 0.1944
└ @ Main /home/basta/Projects/bakalarka-openfoam/bakalarka-openfoam/MHD_control_cooling/src/controllers/mpc_alter.jl:605
┌ Debug:   V-Step OK. Status: LOCALLY_SOLVED, Primal: FEASIBLE_POINT. New V norm: 0.3881
└ @ Main /home/basta/Projects/bakalarka-openfoam/bakalarka-openfoam/MHD_control_cooling/src/controllers/mpc_alter.jl:662
┌ Debug:   AM Iter 5 took 19.59 ms. U Status: LOCALLY_SOLVED, V Status: LOCALLY_SOLVED
└ @ Main /home/basta/Projects/bakalarka-openfoam/bakalarka-openfoam/MHD_control_cooling/src/controllers/mpc_alter.jl:680
┌ Debug: AM finished after 5 iterations.
└ @ Main /home/basta/Projects/bakalarka-openfoam/bakalarka-openfoam/MHD_control_cooling/src/controllers/mpc_alter.jl:697
┌ Debug: Final U norm: 0.1944, Final V norm: 0.3881
└ @ Main /home/basta/Projects/bakalarka-openfoam/bakalarka-openfoam/MHD_control_cooling/src/controllers/mpc_alter.jl:698
┌ Debug: Physical Bounds Hit: U_min=false, U_max=false, V_min=false, V_max=false
└ @ Main /home/basta/Projects/bakalarka-openfoam/bakalarka-openfoam/MHD_control_cooling/src/controllers/mpc_alter.jl:704
┌ Debug: Storing effective theta_k (for next step): Norm=0.0754, First 5=[0.0221, 0.0221, -0.0, 0.022, -0.0]
└ @ Main /home/basta/Projects/bakalarka-openfoam/bakalarka-openfoam/MHD_control_cooling/src/controllers/mpc_alter.jl:733
┌ Info: Control action computed in 153.29 ms. Sending input u[1]=0.1124, v[1]=0.1963...
└ @ Main /home/basta/Projects/bakalarka-openfoam/bakalarka-openfoam/MHD_control_cooling/src/controllers/mpc_alter.jl:753
┌ Info: ("Sending input", [0.11243056066779708, 0.11243056062513553, -2.986789723059301e-8, 0.11182511321752897, 0.1963404282375012, -8.870636417129264e-8, 0.33480763374409184, -8.876340507635846e-8])
└ @ Main /home/basta/Projects/bakalarka-openfoam/bakalarka-openfoam/MHD_control_cooling/src/scripts/sock_field_server.jl:287
┌ Debug: update_controller_state! called at time 11.740062. No action implemented.
└ @ Main /home/basta/Projects/bakalarka-openfoam/bakalarka-openfoam/MHD_control_cooling/src/controllers/mpc_alter.jl:763
┌ Debug: update_controller_state! called at time 11.740062. No action implemented.
└ @ Main /home/basta/Projects/bakalarka-openfoam/bakalarka-openfoam/MHD_control_cooling/src/controllers/mpc_alter.jl:763
┌ Debug: Raw Measurement 'wallheatflux' value: -0.569314375
└ @ Main /home/basta/Projects/bakalarka-openfoam/bakalarka-openfoam/MHD_control_cooling/src/controllers/mpc_alter.jl:455
┌ Debug: Centered Measurement yk: -0.569314375
└ @ Main /home/basta/Projects/bakalarka-openfoam/bakalarka-openfoam/MHD_control_cooling/src/controllers/mpc_alter.jl:458
┌ Debug: Constructed state xk[1:5] = [-0.5693, -0.569, -0.5685, -0.568, -0.5672]... | Norm: 2.5515
└ @ Main /home/basta/Projects/bakalarka-openfoam/bakalarka-openfoam/MHD_control_cooling/src/controllers/mpc_alter.jl:504
┌ Debug: State error (output) xk[1]-xref[1]: 0.4307 | Full error norm: 30.2309
└ @ Main /home/basta/Projects/bakalarka-openfoam/bakalarka-openfoam/MHD_control_cooling/src/controllers/mpc_alter.jl:514
┌ Debug: State bounds check: any(l_st_k .> u_st_k) = false
└ @ Main /home/basta/Projects/bakalarka-openfoam/bakalarka-openfoam/MHD_control_cooling/src/controllers/mpc_alter.jl:515
┌ Debug: Warm starting U from previous solution (shifted).
└ @ Main /home/basta/Projects/bakalarka-openfoam/bakalarka-openfoam/MHD_control_cooling/src/controllers/mpc_alter.jl:528
┌ Debug: Warm starting V from previous solution (shifted).
└ @ Main /home/basta/Projects/bakalarka-openfoam/bakalarka-openfoam/MHD_control_cooling/src/controllers/mpc_alter.jl:537
┌ Debug: Initial U norm: 0.0, Initial V norm: 0.0
└ @ Main /home/basta/Projects/bakalarka-openfoam/bakalarka-openfoam/MHD_control_cooling/src/controllers/mpc_alter.jl:544
┌ Debug: Using QP Regularization: 0.0001
└ @ Main /home/basta/Projects/bakalarka-openfoam/bakalarka-openfoam/MHD_control_cooling/src/controllers/mpc_alter.jl:549
┌ Debug: AM Iteration 1/5
└ @ Main /home/basta/Projects/bakalarka-openfoam/bakalarka-openfoam/MHD_control_cooling/src/controllers/mpc_alter.jl:561
┌ Debug:   U-Step OK. Status: LOCALLY_SOLVED, Primal: FEASIBLE_POINT. New U norm: 0.0
└ @ Main /home/basta/Projects/bakalarka-openfoam/bakalarka-openfoam/MHD_control_cooling/src/controllers/mpc_alter.jl:605
┌ Debug:   V-Step OK. Status: LOCALLY_SOLVED, Primal: FEASIBLE_POINT. New V norm: 0.0
└ @ Main /home/basta/Projects/bakalarka-openfoam/bakalarka-openfoam/MHD_control_cooling/src/controllers/mpc_alter.jl:662
┌ Debug:   AM Iter 1 took 9.91 ms. U Status: LOCALLY_SOLVED, V Status: LOCALLY_SOLVED
└ @ Main /home/basta/Projects/bakalarka-openfoam/bakalarka-openfoam/MHD_control_cooling/src/controllers/mpc_alter.jl:680
┌ Debug: AM Iteration 2/5
└ @ Main /home/basta/Projects/bakalarka-openfoam/bakalarka-openfoam/MHD_control_cooling/src/controllers/mpc_alter.jl:561
┌ Debug:   U-Step OK. Status: LOCALLY_SOLVED, Primal: FEASIBLE_POINT. New U norm: 0.0
└ @ Main /home/basta/Projects/bakalarka-openfoam/bakalarka-openfoam/MHD_control_cooling/src/controllers/mpc_alter.jl:605
┌ Debug:   V-Step OK. Status: LOCALLY_SOLVED, Primal: FEASIBLE_POINT. New V norm: 0.0
└ @ Main /home/basta/Projects/bakalarka-openfoam/bakalarka-openfoam/MHD_control_cooling/src/controllers/mpc_alter.jl:662
┌ Debug:   AM Iter 2 took 9.28 ms. U Status: LOCALLY_SOLVED, V Status: LOCALLY_SOLVED
└ @ Main /home/basta/Projects/bakalarka-openfoam/bakalarka-openfoam/MHD_control_cooling/src/controllers/mpc_alter.jl:680
┌ Debug: AM Iteration 3/5
└ @ Main /home/basta/Projects/bakalarka-openfoam/bakalarka-openfoam/MHD_control_cooling/src/controllers/mpc_alter.jl:561
┌ Debug:   U-Step OK. Status: LOCALLY_SOLVED, Primal: FEASIBLE_POINT. New U norm: 0.0
└ @ Main /home/basta/Projects/bakalarka-openfoam/bakalarka-openfoam/MHD_control_cooling/src/controllers/mpc_alter.jl:605
┌ Debug:   V-Step OK. Status: LOCALLY_SOLVED, Primal: FEASIBLE_POINT. New V norm: 0.0
└ @ Main /home/basta/Projects/bakalarka-openfoam/bakalarka-openfoam/MHD_control_cooling/src/controllers/mpc_alter.jl:662
┌ Debug:   AM Iter 3 took 9.91 ms. U Status: LOCALLY_SOLVED, V Status: LOCALLY_SOLVED
└ @ Main /home/basta/Projects/bakalarka-openfoam/bakalarka-openfoam/MHD_control_cooling/src/controllers/mpc_alter.jl:680
┌ Debug: AM Iteration 4/5
└ @ Main /home/basta/Projects/bakalarka-openfoam/bakalarka-openfoam/MHD_control_cooling/src/controllers/mpc_alter.jl:561
┌ Debug:   U-Step OK. Status: LOCALLY_SOLVED, Primal: FEASIBLE_POINT. New U norm: 0.0
└ @ Main /home/basta/Projects/bakalarka-openfoam/bakalarka-openfoam/MHD_control_cooling/src/controllers/mpc_alter.jl:605
┌ Debug:   V-Step OK. Status: LOCALLY_SOLVED, Primal: FEASIBLE_POINT. New V norm: 0.0
└ @ Main /home/basta/Projects/bakalarka-openfoam/bakalarka-openfoam/MHD_control_cooling/src/controllers/mpc_alter.jl:662
┌ Debug:   AM Iter 4 took 10.17 ms. U Status: LOCALLY_SOLVED, V Status: LOCALLY_SOLVED
└ @ Main /home/basta/Projects/bakalarka-openfoam/bakalarka-openfoam/MHD_control_cooling/src/controllers/mpc_alter.jl:680
┌ Debug: AM Iteration 5/5
└ @ Main /home/basta/Projects/bakalarka-openfoam/bakalarka-openfoam/MHD_control_cooling/src/controllers/mpc_alter.jl:561
┌ Debug:   U-Step OK. Status: LOCALLY_SOLVED, Primal: FEASIBLE_POINT. New U norm: 0.0
└ @ Main /home/basta/Projects/bakalarka-openfoam/bakalarka-openfoam/MHD_control_cooling/src/controllers/mpc_alter.jl:605
┌ Debug:   V-Step OK. Status: LOCALLY_SOLVED, Primal: FEASIBLE_POINT. New V norm: 0.0
└ @ Main /home/basta/Projects/bakalarka-openfoam/bakalarka-openfoam/MHD_control_cooling/src/controllers/mpc_alter.jl:662
┌ Debug:   AM Iter 5 took 10.5 ms. U Status: LOCALLY_SOLVED, V Status: LOCALLY_SOLVED
└ @ Main /home/basta/Projects/bakalarka-openfoam/bakalarka-openfoam/MHD_control_cooling/src/controllers/mpc_alter.jl:680
┌ Debug: AM finished after 5 iterations.
└ @ Main /home/basta/Projects/bakalarka-openfoam/bakalarka-openfoam/MHD_control_cooling/src/controllers/mpc_alter.jl:697
┌ Debug: Final U norm: 0.0, Final V norm: 0.0
└ @ Main /home/basta/Projects/bakalarka-openfoam/bakalarka-openfoam/MHD_control_cooling/src/controllers/mpc_alter.jl:698
┌ Debug: Physical Bounds Hit: U_min=false, U_max=false, V_min=false, V_max=false
└ @ Main /home/basta/Projects/bakalarka-openfoam/bakalarka-openfoam/MHD_control_cooling/src/controllers/mpc_alter.jl:704
┌ Debug: Storing effective theta_k (for next step): Norm=0.0, First 5=[0.0, 0.0, 0.0, 0.0, 0.0]
└ @ Main /home/basta/Projects/bakalarka-openfoam/bakalarka-openfoam/MHD_control_cooling/src/controllers/mpc_alter.jl:733
┌ Info: Control action computed in 86.51 ms. Sending input u[1]=0.0, v[1]=0.0...
└ @ Main /home/basta/Projects/bakalarka-openfoam/bakalarka-openfoam/MHD_control_cooling/src/controllers/mpc_alter.jl:753
┌ Info: ("Sending input", [0.0, 0.0, 0.0, 0.0, 0.0, 0.0, 0.0, 0.0])
└ @ Main /home/basta/Projects/bakalarka-openfoam/bakalarka-openfoam/MHD_control_cooling/src/scripts/sock_field_server.jl:287
┌ Debug: update_controller_state! called at time 12.840061. No action implemented.
└ @ Main /home/basta/Projects/bakalarka-openfoam/bakalarka-openfoam/MHD_control_cooling/src/controllers/mpc_alter.jl:763
┌ Debug: update_controller_state! called at time 12.840061. No action implemented.
└ @ Main /home/basta/Projects/bakalarka-openfoam/bakalarka-openfoam/MHD_control_cooling/src/controllers/mpc_alter.jl:763
┌ Debug: Raw Measurement 'wallheatflux' value: -0.569553125
└ @ Main /home/basta/Projects/bakalarka-openfoam/bakalarka-openfoam/MHD_control_cooling/src/controllers/mpc_alter.jl:455
┌ Debug: Centered Measurement yk: -0.569553125
└ @ Main /home/basta/Projects/bakalarka-openfoam/bakalarka-openfoam/MHD_control_cooling/src/controllers/mpc_alter.jl:458
┌ Debug: Constructed state xk[1:5] = [-0.5696, -0.5693, -0.569, -0.5685, -0.568]... | Norm: 2.6143
└ @ Main /home/basta/Projects/bakalarka-openfoam/bakalarka-openfoam/MHD_control_cooling/src/controllers/mpc_alter.jl:504
┌ Debug: State error (output) xk[1]-xref[1]: 0.4304 | Full error norm: 29.8586
└ @ Main /home/basta/Projects/bakalarka-openfoam/bakalarka-openfoam/MHD_control_cooling/src/controllers/mpc_alter.jl:514
┌ Debug: State bounds check: any(l_st_k .> u_st_k) = false
└ @ Main /home/basta/Projects/bakalarka-openfoam/bakalarka-openfoam/MHD_control_cooling/src/controllers/mpc_alter.jl:515
┌ Debug: Initializing U randomly.
└ @ Main /home/basta/Projects/bakalarka-openfoam/bakalarka-openfoam/MHD_control_cooling/src/controllers/mpc_alter.jl:531
┌ Debug: Initializing V randomly.
└ @ Main /home/basta/Projects/bakalarka-openfoam/bakalarka-openfoam/MHD_control_cooling/src/controllers/mpc_alter.jl:540
┌ Debug: Initial U norm: 1.2792, Initial V norm: 1.1852
└ @ Main /home/basta/Projects/bakalarka-openfoam/bakalarka-openfoam/MHD_control_cooling/src/controllers/mpc_alter.jl:544
┌ Debug: Using QP Regularization: 0.0001
└ @ Main /home/basta/Projects/bakalarka-openfoam/bakalarka-openfoam/MHD_control_cooling/src/controllers/mpc_alter.jl:549
┌ Debug: AM Iteration 1/5
└ @ Main /home/basta/Projects/bakalarka-openfoam/bakalarka-openfoam/MHD_control_cooling/src/controllers/mpc_alter.jl:561
┌ Debug:   U-Step OK. Status: LOCALLY_SOLVED, Primal: FEASIBLE_POINT. New U norm: 0.3404
└ @ Main /home/basta/Projects/bakalarka-openfoam/bakalarka-openfoam/MHD_control_cooling/src/controllers/mpc_alter.jl:605
┌ Debug:   V-Step OK. Status: LOCALLY_SOLVED, Primal: FEASIBLE_POINT. New V norm: 1.14
└ @ Main /home/basta/Projects/bakalarka-openfoam/bakalarka-openfoam/MHD_control_cooling/src/controllers/mpc_alter.jl:662
┌ Debug:   AM Iter 1 took 43.9 ms. U Status: LOCALLY_SOLVED, V Status: LOCALLY_SOLVED
└ @ Main /home/basta/Projects/bakalarka-openfoam/bakalarka-openfoam/MHD_control_cooling/src/controllers/mpc_alter.jl:680
┌ Debug: AM Iteration 2/5
└ @ Main /home/basta/Projects/bakalarka-openfoam/bakalarka-openfoam/MHD_control_cooling/src/controllers/mpc_alter.jl:561
┌ Debug:   U-Step OK. Status: LOCALLY_SOLVED, Primal: FEASIBLE_POINT. New U norm: 0.3838
└ @ Main /home/basta/Projects/bakalarka-openfoam/bakalarka-openfoam/MHD_control_cooling/src/controllers/mpc_alter.jl:605
┌ Debug:   V-Step OK. Status: LOCALLY_SOLVED, Primal: FEASIBLE_POINT. New V norm: 1.2843
└ @ Main /home/basta/Projects/bakalarka-openfoam/bakalarka-openfoam/MHD_control_cooling/src/controllers/mpc_alter.jl:662
┌ Debug:   AM Iter 2 took 48.08 ms. U Status: LOCALLY_SOLVED, V Status: LOCALLY_SOLVED
└ @ Main /home/basta/Projects/bakalarka-openfoam/bakalarka-openfoam/MHD_control_cooling/src/controllers/mpc_alter.jl:680
┌ Debug: AM Iteration 3/5
└ @ Main /home/basta/Projects/bakalarka-openfoam/bakalarka-openfoam/MHD_control_cooling/src/controllers/mpc_alter.jl:561
┌ Debug:   U-Step OK. Status: LOCALLY_SOLVED, Primal: FEASIBLE_POINT. New U norm: 0.4011
└ @ Main /home/basta/Projects/bakalarka-openfoam/bakalarka-openfoam/MHD_control_cooling/src/controllers/mpc_alter.jl:605
┌ Debug:   V-Step OK. Status: LOCALLY_SOLVED, Primal: FEASIBLE_POINT. New V norm: 1.2649
└ @ Main /home/basta/Projects/bakalarka-openfoam/bakalarka-openfoam/MHD_control_cooling/src/controllers/mpc_alter.jl:662
┌ Debug:   AM Iter 3 took 48.08 ms. U Status: LOCALLY_SOLVED, V Status: LOCALLY_SOLVED
└ @ Main /home/basta/Projects/bakalarka-openfoam/bakalarka-openfoam/MHD_control_cooling/src/controllers/mpc_alter.jl:680
┌ Debug: AM Iteration 4/5
└ @ Main /home/basta/Projects/bakalarka-openfoam/bakalarka-openfoam/MHD_control_cooling/src/controllers/mpc_alter.jl:561
┌ Debug:   U-Step OK. Status: LOCALLY_SOLVED, Primal: FEASIBLE_POINT. New U norm: 0.4125
└ @ Main /home/basta/Projects/bakalarka-openfoam/bakalarka-openfoam/MHD_control_cooling/src/controllers/mpc_alter.jl:605
┌ Debug:   V-Step OK. Status: LOCALLY_SOLVED, Primal: FEASIBLE_POINT. New V norm: 1.2585
└ @ Main /home/basta/Projects/bakalarka-openfoam/bakalarka-openfoam/MHD_control_cooling/src/controllers/mpc_alter.jl:662
┌ Debug:   AM Iter 4 took 70.34 ms. U Status: LOCALLY_SOLVED, V Status: LOCALLY_SOLVED
└ @ Main /home/basta/Projects/bakalarka-openfoam/bakalarka-openfoam/MHD_control_cooling/src/controllers/mpc_alter.jl:680
┌ Debug: AM Iteration 5/5
└ @ Main /home/basta/Projects/bakalarka-openfoam/bakalarka-openfoam/MHD_control_cooling/src/controllers/mpc_alter.jl:561
┌ Debug:   U-Step OK. Status: LOCALLY_SOLVED, Primal: FEASIBLE_POINT. New U norm: 0.4209
└ @ Main /home/basta/Projects/bakalarka-openfoam/bakalarka-openfoam/MHD_control_cooling/src/controllers/mpc_alter.jl:605
┌ Debug:   V-Step OK. Status: LOCALLY_SOLVED, Primal: FEASIBLE_POINT. New V norm: 1.2756
└ @ Main /home/basta/Projects/bakalarka-openfoam/bakalarka-openfoam/MHD_control_cooling/src/controllers/mpc_alter.jl:662
┌ Debug:   AM Iter 5 took 44.52 ms. U Status: LOCALLY_SOLVED, V Status: LOCALLY_SOLVED
└ @ Main /home/basta/Projects/bakalarka-openfoam/bakalarka-openfoam/MHD_control_cooling/src/controllers/mpc_alter.jl:680
┌ Debug: AM finished after 5 iterations.
└ @ Main /home/basta/Projects/bakalarka-openfoam/bakalarka-openfoam/MHD_control_cooling/src/controllers/mpc_alter.jl:697
┌ Debug: Final U norm: 0.4209, Final V norm: 1.2756
└ @ Main /home/basta/Projects/bakalarka-openfoam/bakalarka-openfoam/MHD_control_cooling/src/controllers/mpc_alter.jl:698
┌ Debug: Physical Bounds Hit: U_min=false, U_max=false, V_min=false, V_max=false
└ @ Main /home/basta/Projects/bakalarka-openfoam/bakalarka-openfoam/MHD_control_cooling/src/controllers/mpc_alter.jl:704
┌ Debug: Storing effective theta_k (for next step): Norm=0.1046, First 5=[0.0305, 0.0228, -0.0, 0.0158, -0.0]
└ @ Main /home/basta/Projects/bakalarka-openfoam/bakalarka-openfoam/MHD_control_cooling/src/controllers/mpc_alter.jl:733
┌ Info: Control action computed in 286.93 ms. Sending input u[1]=0.1598, v[1]=0.1911...
└ @ Main /home/basta/Projects/bakalarka-openfoam/bakalarka-openfoam/MHD_control_cooling/src/controllers/mpc_alter.jl:753
┌ Info: ("Sending input", [0.1598225723943076, 0.11951952928453063, -2.247547653569924e-8, 0.08248239891798272, 0.19106683481051392, -6.2413534306369e-8, 0.44492938653607417, -6.241324455600462e-8])
└ @ Main /home/basta/Projects/bakalarka-openfoam/bakalarka-openfoam/MHD_control_cooling/src/scripts/sock_field_server.jl:287
┌ Debug: update_controller_state! called at time 13.940062. No action implemented.
└ @ Main /home/basta/Projects/bakalarka-openfoam/bakalarka-openfoam/MHD_control_cooling/src/controllers/mpc_alter.jl:763
┌ Debug: update_controller_state! called at time 13.940062. No action implemented.
└ @ Main /home/basta/Projects/bakalarka-openfoam/bakalarka-openfoam/MHD_control_cooling/src/controllers/mpc_alter.jl:763
┌ Debug: Raw Measurement 'wallheatflux' value: -0.5697284375
└ @ Main /home/basta/Projects/bakalarka-openfoam/bakalarka-openfoam/MHD_control_cooling/src/controllers/mpc_alter.jl:455
┌ Debug: Centered Measurement yk: -0.5697284375
└ @ Main /home/basta/Projects/bakalarka-openfoam/bakalarka-openfoam/MHD_control_cooling/src/controllers/mpc_alter.jl:458
┌ Debug: Constructed state xk[1:5] = [-0.5697, -0.5696, -0.5693, -0.569, -0.5685]... | Norm: 2.6777
└ @ Main /home/basta/Projects/bakalarka-openfoam/bakalarka-openfoam/MHD_control_cooling/src/controllers/mpc_alter.jl:504
┌ Debug: State error (output) xk[1]-xref[1]: 0.4303 | Full error norm: 29.57
└ @ Main /home/basta/Projects/bakalarka-openfoam/bakalarka-openfoam/MHD_control_cooling/src/controllers/mpc_alter.jl:514
┌ Debug: State bounds check: any(l_st_k .> u_st_k) = false
└ @ Main /home/basta/Projects/bakalarka-openfoam/bakalarka-openfoam/MHD_control_cooling/src/controllers/mpc_alter.jl:515
┌ Debug: Warm starting U from previous solution (shifted).
└ @ Main /home/basta/Projects/bakalarka-openfoam/bakalarka-openfoam/MHD_control_cooling/src/controllers/mpc_alter.jl:528
┌ Debug: Warm starting V from previous solution (shifted).
└ @ Main /home/basta/Projects/bakalarka-openfoam/bakalarka-openfoam/MHD_control_cooling/src/controllers/mpc_alter.jl:537
┌ Debug: Initial U norm: 0.3613, Initial V norm: 1.1801
└ @ Main /home/basta/Projects/bakalarka-openfoam/bakalarka-openfoam/MHD_control_cooling/src/controllers/mpc_alter.jl:544
┌ Debug: Using QP Regularization: 0.0001
└ @ Main /home/basta/Projects/bakalarka-openfoam/bakalarka-openfoam/MHD_control_cooling/src/controllers/mpc_alter.jl:549
┌ Debug: AM Iteration 1/5
└ @ Main /home/basta/Projects/bakalarka-openfoam/bakalarka-openfoam/MHD_control_cooling/src/controllers/mpc_alter.jl:561
┌ Debug:   U-Step OK. Status: LOCALLY_SOLVED, Primal: FEASIBLE_POINT. New U norm: 0.367
└ @ Main /home/basta/Projects/bakalarka-openfoam/bakalarka-openfoam/MHD_control_cooling/src/controllers/mpc_alter.jl:605
┌ Debug:   V-Step OK. Status: LOCALLY_SOLVED, Primal: FEASIBLE_POINT. New V norm: 1.2012
└ @ Main /home/basta/Projects/bakalarka-openfoam/bakalarka-openfoam/MHD_control_cooling/src/controllers/mpc_alter.jl:662
┌ Debug:   AM Iter 1 took 42.7 ms. U Status: LOCALLY_SOLVED, V Status: LOCALLY_SOLVED
└ @ Main /home/basta/Projects/bakalarka-openfoam/bakalarka-openfoam/MHD_control_cooling/src/controllers/mpc_alter.jl:680
┌ Debug: AM Iteration 2/5
└ @ Main /home/basta/Projects/bakalarka-openfoam/bakalarka-openfoam/MHD_control_cooling/src/controllers/mpc_alter.jl:561
┌ Debug:   U-Step OK. Status: LOCALLY_SOLVED, Primal: FEASIBLE_POINT. New U norm: 0.3678
└ @ Main /home/basta/Projects/bakalarka-openfoam/bakalarka-openfoam/MHD_control_cooling/src/controllers/mpc_alter.jl:605
┌ Debug:   V-Step OK. Status: LOCALLY_SOLVED, Primal: FEASIBLE_POINT. New V norm: 1.2106
└ @ Main /home/basta/Projects/bakalarka-openfoam/bakalarka-openfoam/MHD_control_cooling/src/controllers/mpc_alter.jl:662
┌ Debug:   AM Iter 2 took 43.93 ms. U Status: LOCALLY_SOLVED, V Status: LOCALLY_SOLVED
└ @ Main /home/basta/Projects/bakalarka-openfoam/bakalarka-openfoam/MHD_control_cooling/src/controllers/mpc_alter.jl:680
┌ Debug: AM Iteration 3/5
└ @ Main /home/basta/Projects/bakalarka-openfoam/bakalarka-openfoam/MHD_control_cooling/src/controllers/mpc_alter.jl:561
┌ Debug:   U-Step OK. Status: LOCALLY_SOLVED, Primal: FEASIBLE_POINT. New U norm: 0.3684
└ @ Main /home/basta/Projects/bakalarka-openfoam/bakalarka-openfoam/MHD_control_cooling/src/controllers/mpc_alter.jl:605
┌ Debug:   V-Step OK. Status: LOCALLY_SOLVED, Primal: FEASIBLE_POINT. New V norm: 1.217
└ @ Main /home/basta/Projects/bakalarka-openfoam/bakalarka-openfoam/MHD_control_cooling/src/controllers/mpc_alter.jl:662
┌ Debug:   AM Iter 3 took 38.87 ms. U Status: LOCALLY_SOLVED, V Status: LOCALLY_SOLVED
└ @ Main /home/basta/Projects/bakalarka-openfoam/bakalarka-openfoam/MHD_control_cooling/src/controllers/mpc_alter.jl:680
┌ Debug: AM Iteration 4/5
└ @ Main /home/basta/Projects/bakalarka-openfoam/bakalarka-openfoam/MHD_control_cooling/src/controllers/mpc_alter.jl:561
┌ Debug:   U-Step OK. Status: LOCALLY_SOLVED, Primal: FEASIBLE_POINT. New U norm: 0.3691
└ @ Main /home/basta/Projects/bakalarka-openfoam/bakalarka-openfoam/MHD_control_cooling/src/controllers/mpc_alter.jl:605
┌ Debug:   V-Step OK. Status: LOCALLY_SOLVED, Primal: FEASIBLE_POINT. New V norm: 1.2222
└ @ Main /home/basta/Projects/bakalarka-openfoam/bakalarka-openfoam/MHD_control_cooling/src/controllers/mpc_alter.jl:662
┌ Debug:   AM Iter 4 took 38.26 ms. U Status: LOCALLY_SOLVED, V Status: LOCALLY_SOLVED
└ @ Main /home/basta/Projects/bakalarka-openfoam/bakalarka-openfoam/MHD_control_cooling/src/controllers/mpc_alter.jl:680
┌ Debug: AM Iteration 5/5
└ @ Main /home/basta/Projects/bakalarka-openfoam/bakalarka-openfoam/MHD_control_cooling/src/controllers/mpc_alter.jl:561
┌ Debug:   U-Step OK. Status: LOCALLY_SOLVED, Primal: FEASIBLE_POINT. New U norm: 0.3696
└ @ Main /home/basta/Projects/bakalarka-openfoam/bakalarka-openfoam/MHD_control_cooling/src/controllers/mpc_alter.jl:605
┌ Debug:   V-Step OK. Status: LOCALLY_SOLVED, Primal: FEASIBLE_POINT. New V norm: 1.227
└ @ Main /home/basta/Projects/bakalarka-openfoam/bakalarka-openfoam/MHD_control_cooling/src/controllers/mpc_alter.jl:662
┌ Debug:   AM Iter 5 took 64.88 ms. U Status: LOCALLY_SOLVED, V Status: LOCALLY_SOLVED
└ @ Main /home/basta/Projects/bakalarka-openfoam/bakalarka-openfoam/MHD_control_cooling/src/controllers/mpc_alter.jl:680
┌ Debug: AM finished after 5 iterations.
└ @ Main /home/basta/Projects/bakalarka-openfoam/bakalarka-openfoam/MHD_control_cooling/src/controllers/mpc_alter.jl:697
┌ Debug: Final U norm: 0.3696, Final V norm: 1.227
└ @ Main /home/basta/Projects/bakalarka-openfoam/bakalarka-openfoam/MHD_control_cooling/src/controllers/mpc_alter.jl:698
┌ Debug: Physical Bounds Hit: U_min=false, U_max=false, V_min=false, V_max=false
└ @ Main /home/basta/Projects/bakalarka-openfoam/bakalarka-openfoam/MHD_control_cooling/src/controllers/mpc_alter.jl:704
┌ Debug: Storing effective theta_k (for next step): Norm=0.0642, First 5=[0.0173, 0.0173, -0.0, 0.0173, -0.0]
└ @ Main /home/basta/Projects/bakalarka-openfoam/bakalarka-openfoam/MHD_control_cooling/src/controllers/mpc_alter.jl:733
┌ Info: Control action computed in 259.63 ms. Sending input u[1]=0.0691, v[1]=0.25...
└ @ Main /home/basta/Projects/bakalarka-openfoam/bakalarka-openfoam/MHD_control_cooling/src/controllers/mpc_alter.jl:753
┌ Info: ("Sending input", [0.06906517778147539, 0.06906517769011881, -2.104776659930657e-8, 0.06906517708068204, 0.24995270284226614, -1.440343342768481e-7, 0.4751097912533911, -1.4412876704227722e-7])
└ @ Main /home/basta/Projects/bakalarka-openfoam/bakalarka-openfoam/MHD_control_cooling/src/scripts/sock_field_server.jl:287
┌ Debug: update_controller_state! called at time 15.040061. No action implemented.
└ @ Main /home/basta/Projects/bakalarka-openfoam/bakalarka-openfoam/MHD_control_cooling/src/controllers/mpc_alter.jl:763
┌ Debug: update_controller_state! called at time 15.040061. No action implemented.
└ @ Main /home/basta/Projects/bakalarka-openfoam/bakalarka-openfoam/MHD_control_cooling/src/controllers/mpc_alter.jl:763
┌ Debug: Raw Measurement 'wallheatflux' value: -0.569874875
└ @ Main /home/basta/Projects/bakalarka-openfoam/bakalarka-openfoam/MHD_control_cooling/src/controllers/mpc_alter.jl:455
┌ Debug: Centered Measurement yk: -0.569874875
└ @ Main /home/basta/Projects/bakalarka-openfoam/bakalarka-openfoam/MHD_control_cooling/src/controllers/mpc_alter.jl:458
┌ Debug: Constructed state xk[1:5] = [-0.5699, -0.5697, -0.5696, -0.5693, -0.569]... | Norm: 2.7384
└ @ Main /home/basta/Projects/bakalarka-openfoam/bakalarka-openfoam/MHD_control_cooling/src/controllers/mpc_alter.jl:504
┌ Debug: State error (output) xk[1]-xref[1]: 0.4301 | Full error norm: 29.3221
└ @ Main /home/basta/Projects/bakalarka-openfoam/bakalarka-openfoam/MHD_control_cooling/src/controllers/mpc_alter.jl:514
┌ Debug: State bounds check: any(l_st_k .> u_st_k) = false
└ @ Main /home/basta/Projects/bakalarka-openfoam/bakalarka-openfoam/MHD_control_cooling/src/controllers/mpc_alter.jl:515
┌ Debug: Warm starting U from previous solution (shifted).
└ @ Main /home/basta/Projects/bakalarka-openfoam/bakalarka-openfoam/MHD_control_cooling/src/controllers/mpc_alter.jl:528
┌ Debug: Warm starting V from previous solution (shifted).
└ @ Main /home/basta/Projects/bakalarka-openfoam/bakalarka-openfoam/MHD_control_cooling/src/controllers/mpc_alter.jl:537
┌ Debug: Initial U norm: 0.3497, Initial V norm: 1.1033
└ @ Main /home/basta/Projects/bakalarka-openfoam/bakalarka-openfoam/MHD_control_cooling/src/controllers/mpc_alter.jl:544
┌ Debug: Using QP Regularization: 0.0001
└ @ Main /home/basta/Projects/bakalarka-openfoam/bakalarka-openfoam/MHD_control_cooling/src/controllers/mpc_alter.jl:549
┌ Debug: AM Iteration 1/5
└ @ Main /home/basta/Projects/bakalarka-openfoam/bakalarka-openfoam/MHD_control_cooling/src/controllers/mpc_alter.jl:561
┌ Debug:   U-Step OK. Status: LOCALLY_SOLVED, Primal: FEASIBLE_POINT. New U norm: 0.3621
└ @ Main /home/basta/Projects/bakalarka-openfoam/bakalarka-openfoam/MHD_control_cooling/src/controllers/mpc_alter.jl:605
┌ Debug:   V-Step OK. Status: LOCALLY_SOLVED, Primal: FEASIBLE_POINT. New V norm: 1.1059
└ @ Main /home/basta/Projects/bakalarka-openfoam/bakalarka-openfoam/MHD_control_cooling/src/controllers/mpc_alter.jl:662
┌ Debug:   AM Iter 1 took 44.69 ms. U Status: LOCALLY_SOLVED, V Status: LOCALLY_SOLVED
└ @ Main /home/basta/Projects/bakalarka-openfoam/bakalarka-openfoam/MHD_control_cooling/src/controllers/mpc_alter.jl:680
┌ Debug: AM Iteration 2/5
└ @ Main /home/basta/Projects/bakalarka-openfoam/bakalarka-openfoam/MHD_control_cooling/src/controllers/mpc_alter.jl:561
┌ Debug:   U-Step OK. Status: LOCALLY_SOLVED, Primal: FEASIBLE_POINT. New U norm: 0.3634
└ @ Main /home/basta/Projects/bakalarka-openfoam/bakalarka-openfoam/MHD_control_cooling/src/controllers/mpc_alter.jl:605
┌ Debug:   V-Step OK. Status: LOCALLY_SOLVED, Primal: FEASIBLE_POINT. New V norm: 1.1094
└ @ Main /home/basta/Projects/bakalarka-openfoam/bakalarka-openfoam/MHD_control_cooling/src/controllers/mpc_alter.jl:662
┌ Debug:   AM Iter 2 took 37.02 ms. U Status: LOCALLY_SOLVED, V Status: LOCALLY_SOLVED
└ @ Main /home/basta/Projects/bakalarka-openfoam/bakalarka-openfoam/MHD_control_cooling/src/controllers/mpc_alter.jl:680
┌ Debug: AM Iteration 3/5
└ @ Main /home/basta/Projects/bakalarka-openfoam/bakalarka-openfoam/MHD_control_cooling/src/controllers/mpc_alter.jl:561
┌ Debug:   U-Step OK. Status: LOCALLY_SOLVED, Primal: FEASIBLE_POINT. New U norm: 0.364
└ @ Main /home/basta/Projects/bakalarka-openfoam/bakalarka-openfoam/MHD_control_cooling/src/controllers/mpc_alter.jl:605
┌ Debug:   V-Step OK. Status: LOCALLY_SOLVED, Primal: FEASIBLE_POINT. New V norm: 1.1133
└ @ Main /home/basta/Projects/bakalarka-openfoam/bakalarka-openfoam/MHD_control_cooling/src/controllers/mpc_alter.jl:662
┌ Debug:   AM Iter 3 took 29.68 ms. U Status: LOCALLY_SOLVED, V Status: LOCALLY_SOLVED
└ @ Main /home/basta/Projects/bakalarka-openfoam/bakalarka-openfoam/MHD_control_cooling/src/controllers/mpc_alter.jl:680
┌ Debug: AM Iteration 4/5
└ @ Main /home/basta/Projects/bakalarka-openfoam/bakalarka-openfoam/MHD_control_cooling/src/controllers/mpc_alter.jl:561
┌ Debug:   U-Step OK. Status: LOCALLY_SOLVED, Primal: FEASIBLE_POINT. New U norm: 0.3645
└ @ Main /home/basta/Projects/bakalarka-openfoam/bakalarka-openfoam/MHD_control_cooling/src/controllers/mpc_alter.jl:605
┌ Debug:   V-Step OK. Status: LOCALLY_SOLVED, Primal: FEASIBLE_POINT. New V norm: 1.1175
└ @ Main /home/basta/Projects/bakalarka-openfoam/bakalarka-openfoam/MHD_control_cooling/src/controllers/mpc_alter.jl:662
┌ Debug:   AM Iter 4 took 30.28 ms. U Status: LOCALLY_SOLVED, V Status: LOCALLY_SOLVED
└ @ Main /home/basta/Projects/bakalarka-openfoam/bakalarka-openfoam/MHD_control_cooling/src/controllers/mpc_alter.jl:680
┌ Debug: AM Iteration 5/5
└ @ Main /home/basta/Projects/bakalarka-openfoam/bakalarka-openfoam/MHD_control_cooling/src/controllers/mpc_alter.jl:561
┌ Debug:   U-Step OK. Status: LOCALLY_SOLVED, Primal: FEASIBLE_POINT. New U norm: 0.3648
└ @ Main /home/basta/Projects/bakalarka-openfoam/bakalarka-openfoam/MHD_control_cooling/src/controllers/mpc_alter.jl:605
┌ Debug:   V-Step OK. Status: LOCALLY_SOLVED, Primal: FEASIBLE_POINT. New V norm: 1.1217
└ @ Main /home/basta/Projects/bakalarka-openfoam/bakalarka-openfoam/MHD_control_cooling/src/controllers/mpc_alter.jl:662
┌ Debug:   AM Iter 5 took 31.04 ms. U Status: LOCALLY_SOLVED, V Status: LOCALLY_SOLVED
└ @ Main /home/basta/Projects/bakalarka-openfoam/bakalarka-openfoam/MHD_control_cooling/src/controllers/mpc_alter.jl:680
┌ Debug: AM finished after 5 iterations.
└ @ Main /home/basta/Projects/bakalarka-openfoam/bakalarka-openfoam/MHD_control_cooling/src/controllers/mpc_alter.jl:697
┌ Debug: Final U norm: 0.3648, Final V norm: 1.1217
└ @ Main /home/basta/Projects/bakalarka-openfoam/bakalarka-openfoam/MHD_control_cooling/src/controllers/mpc_alter.jl:698
┌ Debug: Physical Bounds Hit: U_min=false, U_max=false, V_min=false, V_max=false
└ @ Main /home/basta/Projects/bakalarka-openfoam/bakalarka-openfoam/MHD_control_cooling/src/controllers/mpc_alter.jl:704
┌ Debug: Storing effective theta_k (for next step): Norm=0.1065, First 5=[0.0628, -0.0, 0.0739, -0.0, -0.0]
└ @ Main /home/basta/Projects/bakalarka-openfoam/bakalarka-openfoam/MHD_control_cooling/src/controllers/mpc_alter.jl:733
┌ Info: Control action computed in 205.23 ms. Sending input u[1]=0.2233, v[1]=0.2812...
└ @ Main /home/basta/Projects/bakalarka-openfoam/bakalarka-openfoam/MHD_control_cooling/src/controllers/mpc_alter.jl:753
┌ Info: ("Sending input", [0.22327247939652123, -3.5557563865628526e-8, 0.2626908367382839, -3.521933815580415e-8, 0.2812341146272639, -3.7924149141694994e-8, -3.795927986188897e-8, 0.12815337732729365])
└ @ Main /home/basta/Projects/bakalarka-openfoam/bakalarka-openfoam/MHD_control_cooling/src/scripts/sock_field_server.jl:287
┌ Debug: update_controller_state! called at time 16.140062. No action implemented.
└ @ Main /home/basta/Projects/bakalarka-openfoam/bakalarka-openfoam/MHD_control_cooling/src/controllers/mpc_alter.jl:763
┌ Debug: update_controller_state! called at time 16.140062. No action implemented.
└ @ Main /home/basta/Projects/bakalarka-openfoam/bakalarka-openfoam/MHD_control_cooling/src/controllers/mpc_alter.jl:763
┌ Debug: Raw Measurement 'wallheatflux' value: -0.5699875625
└ @ Main /home/basta/Projects/bakalarka-openfoam/bakalarka-openfoam/MHD_control_cooling/src/controllers/mpc_alter.jl:455
┌ Debug: Centered Measurement yk: -0.5699875625
└ @ Main /home/basta/Projects/bakalarka-openfoam/bakalarka-openfoam/MHD_control_cooling/src/controllers/mpc_alter.jl:458
┌ Debug: Constructed state xk[1:5] = [-0.57, -0.5699, -0.5697, -0.5696, -0.5693]... | Norm: 2.7991
└ @ Main /home/basta/Projects/bakalarka-openfoam/bakalarka-openfoam/MHD_control_cooling/src/controllers/mpc_alter.jl:504
┌ Debug: State error (output) xk[1]-xref[1]: 0.43 | Full error norm: 28.9527
└ @ Main /home/basta/Projects/bakalarka-openfoam/bakalarka-openfoam/MHD_control_cooling/src/controllers/mpc_alter.jl:514
┌ Debug: State bounds check: any(l_st_k .> u_st_k) = false
└ @ Main /home/basta/Projects/bakalarka-openfoam/bakalarka-openfoam/MHD_control_cooling/src/controllers/mpc_alter.jl:515
┌ Debug: Warm starting U from previous solution (shifted).
└ @ Main /home/basta/Projects/bakalarka-openfoam/bakalarka-openfoam/MHD_control_cooling/src/controllers/mpc_alter.jl:528
┌ Debug: Warm starting V from previous solution (shifted).
└ @ Main /home/basta/Projects/bakalarka-openfoam/bakalarka-openfoam/MHD_control_cooling/src/controllers/mpc_alter.jl:537
┌ Debug: Initial U norm: 0.1192, Initial V norm: 1.0783
└ @ Main /home/basta/Projects/bakalarka-openfoam/bakalarka-openfoam/MHD_control_cooling/src/controllers/mpc_alter.jl:544
┌ Debug: Using QP Regularization: 0.0001
└ @ Main /home/basta/Projects/bakalarka-openfoam/bakalarka-openfoam/MHD_control_cooling/src/controllers/mpc_alter.jl:549
┌ Debug: AM Iteration 1/5
└ @ Main /home/basta/Projects/bakalarka-openfoam/bakalarka-openfoam/MHD_control_cooling/src/controllers/mpc_alter.jl:561
┌ Debug:   U-Step OK. Status: LOCALLY_SOLVED, Primal: FEASIBLE_POINT. New U norm: 0.1181
└ @ Main /home/basta/Projects/bakalarka-openfoam/bakalarka-openfoam/MHD_control_cooling/src/controllers/mpc_alter.jl:605
┌ Debug:   V-Step OK. Status: LOCALLY_SOLVED, Primal: FEASIBLE_POINT. New V norm: 1.0813
└ @ Main /home/basta/Projects/bakalarka-openfoam/bakalarka-openfoam/MHD_control_cooling/src/controllers/mpc_alter.jl:662
┌ Debug:   AM Iter 1 took 29.95 ms. U Status: LOCALLY_SOLVED, V Status: LOCALLY_SOLVED
└ @ Main /home/basta/Projects/bakalarka-openfoam/bakalarka-openfoam/MHD_control_cooling/src/controllers/mpc_alter.jl:680
┌ Debug: AM Iteration 2/5
└ @ Main /home/basta/Projects/bakalarka-openfoam/bakalarka-openfoam/MHD_control_cooling/src/controllers/mpc_alter.jl:561
┌ Debug:   U-Step OK. Status: LOCALLY_SOLVED, Primal: FEASIBLE_POINT. New U norm: 0.1185
└ @ Main /home/basta/Projects/bakalarka-openfoam/bakalarka-openfoam/MHD_control_cooling/src/controllers/mpc_alter.jl:605
┌ Debug:   V-Step OK. Status: LOCALLY_SOLVED, Primal: FEASIBLE_POINT. New V norm: 1.085
└ @ Main /home/basta/Projects/bakalarka-openfoam/bakalarka-openfoam/MHD_control_cooling/src/controllers/mpc_alter.jl:662
┌ Debug:   AM Iter 2 took 24.65 ms. U Status: LOCALLY_SOLVED, V Status: LOCALLY_SOLVED
└ @ Main /home/basta/Projects/bakalarka-openfoam/bakalarka-openfoam/MHD_control_cooling/src/controllers/mpc_alter.jl:680
┌ Debug: AM Iteration 3/5
└ @ Main /home/basta/Projects/bakalarka-openfoam/bakalarka-openfoam/MHD_control_cooling/src/controllers/mpc_alter.jl:561
┌ Debug:   U-Step OK. Status: LOCALLY_SOLVED, Primal: FEASIBLE_POINT. New U norm: 0.1187
└ @ Main /home/basta/Projects/bakalarka-openfoam/bakalarka-openfoam/MHD_control_cooling/src/controllers/mpc_alter.jl:605
┌ Debug:   V-Step OK. Status: LOCALLY_SOLVED, Primal: FEASIBLE_POINT. New V norm: 1.089
└ @ Main /home/basta/Projects/bakalarka-openfoam/bakalarka-openfoam/MHD_control_cooling/src/controllers/mpc_alter.jl:662
┌ Debug:   AM Iter 3 took 28.59 ms. U Status: LOCALLY_SOLVED, V Status: LOCALLY_SOLVED
└ @ Main /home/basta/Projects/bakalarka-openfoam/bakalarka-openfoam/MHD_control_cooling/src/controllers/mpc_alter.jl:680
┌ Debug: AM Iteration 4/5
└ @ Main /home/basta/Projects/bakalarka-openfoam/bakalarka-openfoam/MHD_control_cooling/src/controllers/mpc_alter.jl:561
┌ Debug:   U-Step OK. Status: LOCALLY_SOLVED, Primal: FEASIBLE_POINT. New U norm: 0.119
└ @ Main /home/basta/Projects/bakalarka-openfoam/bakalarka-openfoam/MHD_control_cooling/src/controllers/mpc_alter.jl:605
┌ Debug:   V-Step OK. Status: LOCALLY_SOLVED, Primal: FEASIBLE_POINT. New V norm: 1.093
└ @ Main /home/basta/Projects/bakalarka-openfoam/bakalarka-openfoam/MHD_control_cooling/src/controllers/mpc_alter.jl:662
┌ Debug:   AM Iter 4 took 24.96 ms. U Status: LOCALLY_SOLVED, V Status: LOCALLY_SOLVED
└ @ Main /home/basta/Projects/bakalarka-openfoam/bakalarka-openfoam/MHD_control_cooling/src/controllers/mpc_alter.jl:680
┌ Debug: AM Iteration 5/5
└ @ Main /home/basta/Projects/bakalarka-openfoam/bakalarka-openfoam/MHD_control_cooling/src/controllers/mpc_alter.jl:561
┌ Debug:   U-Step OK. Status: LOCALLY_SOLVED, Primal: FEASIBLE_POINT. New U norm: 0.1193
└ @ Main /home/basta/Projects/bakalarka-openfoam/bakalarka-openfoam/MHD_control_cooling/src/controllers/mpc_alter.jl:605
┌ Debug:   V-Step OK. Status: LOCALLY_SOLVED, Primal: FEASIBLE_POINT. New V norm: 1.0972
└ @ Main /home/basta/Projects/bakalarka-openfoam/bakalarka-openfoam/MHD_control_cooling/src/controllers/mpc_alter.jl:662
┌ Debug:   AM Iter 5 took 56.53 ms. U Status: LOCALLY_SOLVED, V Status: LOCALLY_SOLVED
└ @ Main /home/basta/Projects/bakalarka-openfoam/bakalarka-openfoam/MHD_control_cooling/src/controllers/mpc_alter.jl:680
┌ Debug: AM finished after 5 iterations.
└ @ Main /home/basta/Projects/bakalarka-openfoam/bakalarka-openfoam/MHD_control_cooling/src/controllers/mpc_alter.jl:697
┌ Debug: Final U norm: 0.1193, Final V norm: 1.0972
└ @ Main /home/basta/Projects/bakalarka-openfoam/bakalarka-openfoam/MHD_control_cooling/src/controllers/mpc_alter.jl:698
┌ Debug: Physical Bounds Hit: U_min=false, U_max=false, V_min=false, V_max=false
└ @ Main /home/basta/Projects/bakalarka-openfoam/bakalarka-openfoam/MHD_control_cooling/src/controllers/mpc_alter.jl:704
┌ Debug: Storing effective theta_k (for next step): Norm=0.0344, First 5=[0.0172, -0.0, 0.0172, -0.0, -0.0]
└ @ Main /home/basta/Projects/bakalarka-openfoam/bakalarka-openfoam/MHD_control_cooling/src/controllers/mpc_alter.jl:733
┌ Info: Control action computed in 201.23 ms. Sending input u[1]=0.038, v[1]=0.4533...
└ @ Main /home/basta/Projects/bakalarka-openfoam/bakalarka-openfoam/MHD_control_cooling/src/controllers/mpc_alter.jl:753
┌ Info: ("Sending input", [0.03799309127906683, -2.2062687269711526e-8, 0.037993091343876954, -2.2051651360750885e-8, 0.45325394278883147, -2.6127380837811255e-7, -2.612815092904502e-7, 0.45325394125381346])
└ @ Main /home/basta/Projects/bakalarka-openfoam/bakalarka-openfoam/MHD_control_cooling/src/scripts/sock_field_server.jl:287
┌ Debug: update_controller_state! called at time 17.140062. No action implemented.
└ @ Main /home/basta/Projects/bakalarka-openfoam/bakalarka-openfoam/MHD_control_cooling/src/controllers/mpc_alter.jl:763
┌ Debug: update_controller_state! called at time 17.140062. No action implemented.
└ @ Main /home/basta/Projects/bakalarka-openfoam/bakalarka-openfoam/MHD_control_cooling/src/controllers/mpc_alter.jl:763
┌ Debug: Raw Measurement 'wallheatflux' value: -0.5701644375
└ @ Main /home/basta/Projects/bakalarka-openfoam/bakalarka-openfoam/MHD_control_cooling/src/controllers/mpc_alter.jl:455
┌ Debug: Centered Measurement yk: -0.5701644375
└ @ Main /home/basta/Projects/bakalarka-openfoam/bakalarka-openfoam/MHD_control_cooling/src/controllers/mpc_alter.jl:458
┌ Debug: Constructed state xk[1:5] = [-0.5702, -0.57, -0.5699, -0.5697, -0.5696]... | Norm: 2.8568
└ @ Main /home/basta/Projects/bakalarka-openfoam/bakalarka-openfoam/MHD_control_cooling/src/controllers/mpc_alter.jl:504
┌ Debug: State error (output) xk[1]-xref[1]: 0.4298 | Full error norm: 28.4792
└ @ Main /home/basta/Projects/bakalarka-openfoam/bakalarka-openfoam/MHD_control_cooling/src/controllers/mpc_alter.jl:514
┌ Debug: State bounds check: any(l_st_k .> u_st_k) = false
└ @ Main /home/basta/Projects/bakalarka-openfoam/bakalarka-openfoam/MHD_control_cooling/src/controllers/mpc_alter.jl:515
┌ Debug: Warm starting U from previous solution (shifted).
└ @ Main /home/basta/Projects/bakalarka-openfoam/bakalarka-openfoam/MHD_control_cooling/src/controllers/mpc_alter.jl:528
┌ Debug: Warm starting V from previous solution (shifted).
└ @ Main /home/basta/Projects/bakalarka-openfoam/bakalarka-openfoam/MHD_control_cooling/src/controllers/mpc_alter.jl:537
┌ Debug: Initial U norm: 0.1065, Initial V norm: 0.8904
└ @ Main /home/basta/Projects/bakalarka-openfoam/bakalarka-openfoam/MHD_control_cooling/src/controllers/mpc_alter.jl:544
┌ Debug: Using QP Regularization: 0.0001
└ @ Main /home/basta/Projects/bakalarka-openfoam/bakalarka-openfoam/MHD_control_cooling/src/controllers/mpc_alter.jl:549
┌ Debug: AM Iteration 1/5
└ @ Main /home/basta/Projects/bakalarka-openfoam/bakalarka-openfoam/MHD_control_cooling/src/controllers/mpc_alter.jl:561
┌ Debug:   U-Step OK. Status: LOCALLY_SOLVED, Primal: FEASIBLE_POINT. New U norm: 0.0941
└ @ Main /home/basta/Projects/bakalarka-openfoam/bakalarka-openfoam/MHD_control_cooling/src/controllers/mpc_alter.jl:605
┌ Debug:   V-Step OK. Status: LOCALLY_SOLVED, Primal: FEASIBLE_POINT. New V norm: 0.8904
└ @ Main /home/basta/Projects/bakalarka-openfoam/bakalarka-openfoam/MHD_control_cooling/src/controllers/mpc_alter.jl:662
┌ Debug:   AM Iter 1 took 20.41 ms. U Status: LOCALLY_SOLVED, V Status: LOCALLY_SOLVED
└ @ Main /home/basta/Projects/bakalarka-openfoam/bakalarka-openfoam/MHD_control_cooling/src/controllers/mpc_alter.jl:680
┌ Debug: AM Iteration 2/5
└ @ Main /home/basta/Projects/bakalarka-openfoam/bakalarka-openfoam/MHD_control_cooling/src/controllers/mpc_alter.jl:561
┌ Debug:   U-Step OK. Status: LOCALLY_SOLVED, Primal: FEASIBLE_POINT. New U norm: 0.0941
└ @ Main /home/basta/Projects/bakalarka-openfoam/bakalarka-openfoam/MHD_control_cooling/src/controllers/mpc_alter.jl:605
┌ Debug:   V-Step OK. Status: LOCALLY_SOLVED, Primal: FEASIBLE_POINT. New V norm: 0.8904
└ @ Main /home/basta/Projects/bakalarka-openfoam/bakalarka-openfoam/MHD_control_cooling/src/controllers/mpc_alter.jl:662
┌ Debug:   AM Iter 2 took 21.3 ms. U Status: LOCALLY_SOLVED, V Status: LOCALLY_SOLVED
└ @ Main /home/basta/Projects/bakalarka-openfoam/bakalarka-openfoam/MHD_control_cooling/src/controllers/mpc_alter.jl:680
┌ Debug: AM Iteration 3/5
└ @ Main /home/basta/Projects/bakalarka-openfoam/bakalarka-openfoam/MHD_control_cooling/src/controllers/mpc_alter.jl:561
┌ Debug:   U-Step OK. Status: LOCALLY_SOLVED, Primal: FEASIBLE_POINT. New U norm: 0.0941
└ @ Main /home/basta/Projects/bakalarka-openfoam/bakalarka-openfoam/MHD_control_cooling/src/controllers/mpc_alter.jl:605
┌ Debug:   V-Step OK. Status: LOCALLY_SOLVED, Primal: FEASIBLE_POINT. New V norm: 0.8904
└ @ Main /home/basta/Projects/bakalarka-openfoam/bakalarka-openfoam/MHD_control_cooling/src/controllers/mpc_alter.jl:662
┌ Debug:   AM Iter 3 took 18.71 ms. U Status: LOCALLY_SOLVED, V Status: LOCALLY_SOLVED
└ @ Main /home/basta/Projects/bakalarka-openfoam/bakalarka-openfoam/MHD_control_cooling/src/controllers/mpc_alter.jl:680
┌ Debug: AM Iteration 4/5
└ @ Main /home/basta/Projects/bakalarka-openfoam/bakalarka-openfoam/MHD_control_cooling/src/controllers/mpc_alter.jl:561
┌ Debug:   U-Step OK. Status: LOCALLY_SOLVED, Primal: FEASIBLE_POINT. New U norm: 0.0941
└ @ Main /home/basta/Projects/bakalarka-openfoam/bakalarka-openfoam/MHD_control_cooling/src/controllers/mpc_alter.jl:605
┌ Debug:   V-Step OK. Status: LOCALLY_SOLVED, Primal: FEASIBLE_POINT. New V norm: 0.8904
└ @ Main /home/basta/Projects/bakalarka-openfoam/bakalarka-openfoam/MHD_control_cooling/src/controllers/mpc_alter.jl:662
┌ Debug:   AM Iter 4 took 22.51 ms. U Status: LOCALLY_SOLVED, V Status: LOCALLY_SOLVED
└ @ Main /home/basta/Projects/bakalarka-openfoam/bakalarka-openfoam/MHD_control_cooling/src/controllers/mpc_alter.jl:680
┌ Debug: AM Iteration 5/5
└ @ Main /home/basta/Projects/bakalarka-openfoam/bakalarka-openfoam/MHD_control_cooling/src/controllers/mpc_alter.jl:561
┌ Debug:   U-Step OK. Status: LOCALLY_SOLVED, Primal: FEASIBLE_POINT. New U norm: 0.0941
└ @ Main /home/basta/Projects/bakalarka-openfoam/bakalarka-openfoam/MHD_control_cooling/src/controllers/mpc_alter.jl:605
┌ Debug:   V-Step OK. Status: LOCALLY_SOLVED, Primal: FEASIBLE_POINT. New V norm: 0.8904
└ @ Main /home/basta/Projects/bakalarka-openfoam/bakalarka-openfoam/MHD_control_cooling/src/controllers/mpc_alter.jl:662
┌ Debug:   AM Iter 5 took 20.1 ms. U Status: LOCALLY_SOLVED, V Status: LOCALLY_SOLVED
└ @ Main /home/basta/Projects/bakalarka-openfoam/bakalarka-openfoam/MHD_control_cooling/src/controllers/mpc_alter.jl:680
┌ Debug: AM finished after 5 iterations.
└ @ Main /home/basta/Projects/bakalarka-openfoam/bakalarka-openfoam/MHD_control_cooling/src/controllers/mpc_alter.jl:697
┌ Debug: Final U norm: 0.0941, Final V norm: 0.8904
└ @ Main /home/basta/Projects/bakalarka-openfoam/bakalarka-openfoam/MHD_control_cooling/src/controllers/mpc_alter.jl:698
┌ Debug: Physical Bounds Hit: U_min=false, U_max=false, V_min=false, V_max=false
└ @ Main /home/basta/Projects/bakalarka-openfoam/bakalarka-openfoam/MHD_control_cooling/src/controllers/mpc_alter.jl:704
┌ Debug: Storing effective theta_k (for next step): Norm=0.0838, First 5=[0.043, -0.0, 0.0622, -0.0, -0.0]
└ @ Main /home/basta/Projects/bakalarka-openfoam/bakalarka-openfoam/MHD_control_cooling/src/controllers/mpc_alter.jl:733
┌ Info: Control action computed in 139.79 ms. Sending input u[1]=0.0536, v[1]=0.8034...
└ @ Main /home/basta/Projects/bakalarka-openfoam/bakalarka-openfoam/MHD_control_cooling/src/controllers/mpc_alter.jl:753
┌ Info: ("Sending input", [0.05355904326681973, -1.239738983117381e-8, 0.07741234102493615, -1.2350658010022024e-8, 0.8034467473358501, -1.2828355002432535e-7, -1.2879107728014592e-7, 0.38380819055643683])
└ @ Main /home/basta/Projects/bakalarka-openfoam/bakalarka-openfoam/MHD_control_cooling/src/scripts/sock_field_server.jl:287
┌ Debug: update_controller_state! called at time 18.140062. No action implemented.
└ @ Main /home/basta/Projects/bakalarka-openfoam/bakalarka-openfoam/MHD_control_cooling/src/controllers/mpc_alter.jl:763
┌ Debug: update_controller_state! called at time 18.140062. No action implemented.
└ @ Main /home/basta/Projects/bakalarka-openfoam/bakalarka-openfoam/MHD_control_cooling/src/controllers/mpc_alter.jl:763
┌ Debug: Raw Measurement 'wallheatflux' value: -0.5704640625
└ @ Main /home/basta/Projects/bakalarka-openfoam/bakalarka-openfoam/MHD_control_cooling/src/controllers/mpc_alter.jl:455
┌ Debug: Centered Measurement yk: -0.5704640625
└ @ Main /home/basta/Projects/bakalarka-openfoam/bakalarka-openfoam/MHD_control_cooling/src/controllers/mpc_alter.jl:458
┌ Debug: Constructed state xk[1:5] = [-0.5705, -0.5702, -0.57, -0.5699, -0.5697]... | Norm: 2.9144
└ @ Main /home/basta/Projects/bakalarka-openfoam/bakalarka-openfoam/MHD_control_cooling/src/controllers/mpc_alter.jl:504
┌ Debug: State error (output) xk[1]-xref[1]: 0.4295 | Full error norm: 28.2688
└ @ Main /home/basta/Projects/bakalarka-openfoam/bakalarka-openfoam/MHD_control_cooling/src/controllers/mpc_alter.jl:514
┌ Debug: State bounds check: any(l_st_k .> u_st_k) = false
└ @ Main /home/basta/Projects/bakalarka-openfoam/bakalarka-openfoam/MHD_control_cooling/src/controllers/mpc_alter.jl:515
┌ Debug: Warm starting U from previous solution (shifted).
└ @ Main /home/basta/Projects/bakalarka-openfoam/bakalarka-openfoam/MHD_control_cooling/src/controllers/mpc_alter.jl:528
┌ Debug: Warm starting V from previous solution (shifted).
└ @ Main /home/basta/Projects/bakalarka-openfoam/bakalarka-openfoam/MHD_control_cooling/src/controllers/mpc_alter.jl:537
┌ Debug: Initial U norm: 0.0, Initial V norm: 0.0
└ @ Main /home/basta/Projects/bakalarka-openfoam/bakalarka-openfoam/MHD_control_cooling/src/controllers/mpc_alter.jl:544
┌ Debug: Using QP Regularization: 0.0001
└ @ Main /home/basta/Projects/bakalarka-openfoam/bakalarka-openfoam/MHD_control_cooling/src/controllers/mpc_alter.jl:549
┌ Debug: AM Iteration 1/5
└ @ Main /home/basta/Projects/bakalarka-openfoam/bakalarka-openfoam/MHD_control_cooling/src/controllers/mpc_alter.jl:561
┌ Debug:   U-Step OK. Status: LOCALLY_SOLVED, Primal: FEASIBLE_POINT. New U norm: 0.0
└ @ Main /home/basta/Projects/bakalarka-openfoam/bakalarka-openfoam/MHD_control_cooling/src/controllers/mpc_alter.jl:605
┌ Debug:   V-Step OK. Status: LOCALLY_SOLVED, Primal: FEASIBLE_POINT. New V norm: 0.0
└ @ Main /home/basta/Projects/bakalarka-openfoam/bakalarka-openfoam/MHD_control_cooling/src/controllers/mpc_alter.jl:662
┌ Debug:   AM Iter 1 took 12.75 ms. U Status: LOCALLY_SOLVED, V Status: LOCALLY_SOLVED
└ @ Main /home/basta/Projects/bakalarka-openfoam/bakalarka-openfoam/MHD_control_cooling/src/controllers/mpc_alter.jl:680
┌ Debug: AM Iteration 2/5
└ @ Main /home/basta/Projects/bakalarka-openfoam/bakalarka-openfoam/MHD_control_cooling/src/controllers/mpc_alter.jl:561
┌ Debug:   U-Step OK. Status: LOCALLY_SOLVED, Primal: FEASIBLE_POINT. New U norm: 0.0
└ @ Main /home/basta/Projects/bakalarka-openfoam/bakalarka-openfoam/MHD_control_cooling/src/controllers/mpc_alter.jl:605
┌ Debug:   V-Step OK. Status: LOCALLY_SOLVED, Primal: FEASIBLE_POINT. New V norm: 0.0
└ @ Main /home/basta/Projects/bakalarka-openfoam/bakalarka-openfoam/MHD_control_cooling/src/controllers/mpc_alter.jl:662
┌ Debug:   AM Iter 2 took 9.36 ms. U Status: LOCALLY_SOLVED, V Status: LOCALLY_SOLVED
└ @ Main /home/basta/Projects/bakalarka-openfoam/bakalarka-openfoam/MHD_control_cooling/src/controllers/mpc_alter.jl:680
┌ Debug: AM Iteration 3/5
└ @ Main /home/basta/Projects/bakalarka-openfoam/bakalarka-openfoam/MHD_control_cooling/src/controllers/mpc_alter.jl:561
┌ Debug:   U-Step OK. Status: LOCALLY_SOLVED, Primal: FEASIBLE_POINT. New U norm: 0.0
└ @ Main /home/basta/Projects/bakalarka-openfoam/bakalarka-openfoam/MHD_control_cooling/src/controllers/mpc_alter.jl:605
┌ Debug:   V-Step OK. Status: LOCALLY_SOLVED, Primal: FEASIBLE_POINT. New V norm: 0.0
└ @ Main /home/basta/Projects/bakalarka-openfoam/bakalarka-openfoam/MHD_control_cooling/src/controllers/mpc_alter.jl:662
┌ Debug:   AM Iter 3 took 10.5 ms. U Status: LOCALLY_SOLVED, V Status: LOCALLY_SOLVED
└ @ Main /home/basta/Projects/bakalarka-openfoam/bakalarka-openfoam/MHD_control_cooling/src/controllers/mpc_alter.jl:680
┌ Debug: AM Iteration 4/5
└ @ Main /home/basta/Projects/bakalarka-openfoam/bakalarka-openfoam/MHD_control_cooling/src/controllers/mpc_alter.jl:561
┌ Debug:   U-Step OK. Status: LOCALLY_SOLVED, Primal: FEASIBLE_POINT. New U norm: 0.0
└ @ Main /home/basta/Projects/bakalarka-openfoam/bakalarka-openfoam/MHD_control_cooling/src/controllers/mpc_alter.jl:605
┌ Debug:   V-Step OK. Status: LOCALLY_SOLVED, Primal: FEASIBLE_POINT. New V norm: 0.0
└ @ Main /home/basta/Projects/bakalarka-openfoam/bakalarka-openfoam/MHD_control_cooling/src/controllers/mpc_alter.jl:662
┌ Debug:   AM Iter 4 took 11.32 ms. U Status: LOCALLY_SOLVED, V Status: LOCALLY_SOLVED
└ @ Main /home/basta/Projects/bakalarka-openfoam/bakalarka-openfoam/MHD_control_cooling/src/controllers/mpc_alter.jl:680
┌ Debug: AM Iteration 5/5
└ @ Main /home/basta/Projects/bakalarka-openfoam/bakalarka-openfoam/MHD_control_cooling/src/controllers/mpc_alter.jl:561
┌ Debug:   U-Step OK. Status: LOCALLY_SOLVED, Primal: FEASIBLE_POINT. New U norm: 0.0
└ @ Main /home/basta/Projects/bakalarka-openfoam/bakalarka-openfoam/MHD_control_cooling/src/controllers/mpc_alter.jl:605
┌ Debug:   V-Step OK. Status: LOCALLY_SOLVED, Primal: FEASIBLE_POINT. New V norm: 0.0
└ @ Main /home/basta/Projects/bakalarka-openfoam/bakalarka-openfoam/MHD_control_cooling/src/controllers/mpc_alter.jl:662
┌ Debug:   AM Iter 5 took 10.27 ms. U Status: LOCALLY_SOLVED, V Status: LOCALLY_SOLVED
└ @ Main /home/basta/Projects/bakalarka-openfoam/bakalarka-openfoam/MHD_control_cooling/src/controllers/mpc_alter.jl:680
┌ Debug: AM finished after 5 iterations.
└ @ Main /home/basta/Projects/bakalarka-openfoam/bakalarka-openfoam/MHD_control_cooling/src/controllers/mpc_alter.jl:697
┌ Debug: Final U norm: 0.0, Final V norm: 0.0
└ @ Main /home/basta/Projects/bakalarka-openfoam/bakalarka-openfoam/MHD_control_cooling/src/controllers/mpc_alter.jl:698
┌ Debug: Physical Bounds Hit: U_min=false, U_max=false, V_min=false, V_max=false
└ @ Main /home/basta/Projects/bakalarka-openfoam/bakalarka-openfoam/MHD_control_cooling/src/controllers/mpc_alter.jl:704
┌ Debug: Storing effective theta_k (for next step): Norm=0.0, First 5=[0.0, 0.0, 0.0, 0.0, 0.0]
└ @ Main /home/basta/Projects/bakalarka-openfoam/bakalarka-openfoam/MHD_control_cooling/src/controllers/mpc_alter.jl:733
┌ Info: Control action computed in 87.39 ms. Sending input u[1]=0.0, v[1]=0.0...
└ @ Main /home/basta/Projects/bakalarka-openfoam/bakalarka-openfoam/MHD_control_cooling/src/controllers/mpc_alter.jl:753
┌ Info: ("Sending input", [0.0, 0.0, 0.0, 0.0, 0.0, 0.0, 0.0, 0.0])
└ @ Main /home/basta/Projects/bakalarka-openfoam/bakalarka-openfoam/MHD_control_cooling/src/scripts/sock_field_server.jl:287
┌ Debug: update_controller_state! called at time 19.140062. No action implemented.
└ @ Main /home/basta/Projects/bakalarka-openfoam/bakalarka-openfoam/MHD_control_cooling/src/controllers/mpc_alter.jl:763
┌ Debug: update_controller_state! called at time 19.140062. No action implemented.
└ @ Main /home/basta/Projects/bakalarka-openfoam/bakalarka-openfoam/MHD_control_cooling/src/controllers/mpc_alter.jl:763
┌ Debug: Raw Measurement 'wallheatflux' value: -0.5708313125
└ @ Main /home/basta/Projects/bakalarka-openfoam/bakalarka-openfoam/MHD_control_cooling/src/controllers/mpc_alter.jl:455
┌ Debug: Centered Measurement yk: -0.5708313125
└ @ Main /home/basta/Projects/bakalarka-openfoam/bakalarka-openfoam/MHD_control_cooling/src/controllers/mpc_alter.jl:458
┌ Debug: Constructed state xk[1:5] = [-0.5708, -0.5705, -0.5702, -0.57, -0.5699]... | Norm: 2.9698
└ @ Main /home/basta/Projects/bakalarka-openfoam/bakalarka-openfoam/MHD_control_cooling/src/controllers/mpc_alter.jl:504
┌ Debug: State error (output) xk[1]-xref[1]: 0.4292 | Full error norm: 29.1128
└ @ Main /home/basta/Projects/bakalarka-openfoam/bakalarka-openfoam/MHD_control_cooling/src/controllers/mpc_alter.jl:514
┌ Debug: State bounds check: any(l_st_k .> u_st_k) = false
└ @ Main /home/basta/Projects/bakalarka-openfoam/bakalarka-openfoam/MHD_control_cooling/src/controllers/mpc_alter.jl:515
┌ Debug: Initializing U randomly.
└ @ Main /home/basta/Projects/bakalarka-openfoam/bakalarka-openfoam/MHD_control_cooling/src/controllers/mpc_alter.jl:531
┌ Debug: Initializing V randomly.
└ @ Main /home/basta/Projects/bakalarka-openfoam/bakalarka-openfoam/MHD_control_cooling/src/controllers/mpc_alter.jl:540
┌ Debug: Initial U norm: 1.2399, Initial V norm: 1.1327
└ @ Main /home/basta/Projects/bakalarka-openfoam/bakalarka-openfoam/MHD_control_cooling/src/controllers/mpc_alter.jl:544
┌ Debug: Using QP Regularization: 0.0001
└ @ Main /home/basta/Projects/bakalarka-openfoam/bakalarka-openfoam/MHD_control_cooling/src/controllers/mpc_alter.jl:549
┌ Debug: AM Iteration 1/5
└ @ Main /home/basta/Projects/bakalarka-openfoam/bakalarka-openfoam/MHD_control_cooling/src/controllers/mpc_alter.jl:561
┌ Debug:   U-Step OK. Status: LOCALLY_SOLVED, Primal: FEASIBLE_POINT. New U norm: 0.5008
└ @ Main /home/basta/Projects/bakalarka-openfoam/bakalarka-openfoam/MHD_control_cooling/src/controllers/mpc_alter.jl:605
┌ Debug:   V-Step OK. Status: LOCALLY_SOLVED, Primal: FEASIBLE_POINT. New V norm: 1.0748
└ @ Main /home/basta/Projects/bakalarka-openfoam/bakalarka-openfoam/MHD_control_cooling/src/controllers/mpc_alter.jl:662
┌ Debug:   AM Iter 1 took 49.38 ms. U Status: LOCALLY_SOLVED, V Status: LOCALLY_SOLVED
└ @ Main /home/basta/Projects/bakalarka-openfoam/bakalarka-openfoam/MHD_control_cooling/src/controllers/mpc_alter.jl:680
┌ Debug: AM Iteration 2/5
└ @ Main /home/basta/Projects/bakalarka-openfoam/bakalarka-openfoam/MHD_control_cooling/src/controllers/mpc_alter.jl:561
┌ Debug:   U-Step OK. Status: LOCALLY_SOLVED, Primal: FEASIBLE_POINT. New U norm: 0.5661
└ @ Main /home/basta/Projects/bakalarka-openfoam/bakalarka-openfoam/MHD_control_cooling/src/controllers/mpc_alter.jl:605
┌ Debug:   V-Step OK. Status: LOCALLY_SOLVED, Primal: FEASIBLE_POINT. New V norm: 1.2023
└ @ Main /home/basta/Projects/bakalarka-openfoam/bakalarka-openfoam/MHD_control_cooling/src/controllers/mpc_alter.jl:662
┌ Debug:   AM Iter 2 took 50.44 ms. U Status: LOCALLY_SOLVED, V Status: LOCALLY_SOLVED
└ @ Main /home/basta/Projects/bakalarka-openfoam/bakalarka-openfoam/MHD_control_cooling/src/controllers/mpc_alter.jl:680
┌ Debug: AM Iteration 3/5
└ @ Main /home/basta/Projects/bakalarka-openfoam/bakalarka-openfoam/MHD_control_cooling/src/controllers/mpc_alter.jl:561
┌ Debug:   U-Step OK. Status: LOCALLY_SOLVED, Primal: FEASIBLE_POINT. New U norm: 0.5609
└ @ Main /home/basta/Projects/bakalarka-openfoam/bakalarka-openfoam/MHD_control_cooling/src/controllers/mpc_alter.jl:605
┌ Debug:   V-Step OK. Status: LOCALLY_SOLVED, Primal: FEASIBLE_POINT. New V norm: 1.1939
└ @ Main /home/basta/Projects/bakalarka-openfoam/bakalarka-openfoam/MHD_control_cooling/src/controllers/mpc_alter.jl:662
┌ Debug:   AM Iter 3 took 49.74 ms. U Status: LOCALLY_SOLVED, V Status: LOCALLY_SOLVED
└ @ Main /home/basta/Projects/bakalarka-openfoam/bakalarka-openfoam/MHD_control_cooling/src/controllers/mpc_alter.jl:680
┌ Debug: AM Iteration 4/5
└ @ Main /home/basta/Projects/bakalarka-openfoam/bakalarka-openfoam/MHD_control_cooling/src/controllers/mpc_alter.jl:561
┌ Debug:   U-Step OK. Status: LOCALLY_SOLVED, Primal: FEASIBLE_POINT. New U norm: 0.5586
└ @ Main /home/basta/Projects/bakalarka-openfoam/bakalarka-openfoam/MHD_control_cooling/src/controllers/mpc_alter.jl:605
┌ Debug:   V-Step OK. Status: LOCALLY_SOLVED, Primal: FEASIBLE_POINT. New V norm: 1.1846
└ @ Main /home/basta/Projects/bakalarka-openfoam/bakalarka-openfoam/MHD_control_cooling/src/controllers/mpc_alter.jl:662
┌ Debug:   AM Iter 4 took 73.77 ms. U Status: LOCALLY_SOLVED, V Status: LOCALLY_SOLVED
└ @ Main /home/basta/Projects/bakalarka-openfoam/bakalarka-openfoam/MHD_control_cooling/src/controllers/mpc_alter.jl:680
┌ Debug: AM Iteration 5/5
└ @ Main /home/basta/Projects/bakalarka-openfoam/bakalarka-openfoam/MHD_control_cooling/src/controllers/mpc_alter.jl:561
┌ Debug:   U-Step OK. Status: LOCALLY_SOLVED, Primal: FEASIBLE_POINT. New U norm: 0.5626
└ @ Main /home/basta/Projects/bakalarka-openfoam/bakalarka-openfoam/MHD_control_cooling/src/controllers/mpc_alter.jl:605
┌ Debug:   V-Step OK. Status: LOCALLY_SOLVED, Primal: FEASIBLE_POINT. New V norm: 1.1768
└ @ Main /home/basta/Projects/bakalarka-openfoam/bakalarka-openfoam/MHD_control_cooling/src/controllers/mpc_alter.jl:662
┌ Debug:   AM Iter 5 took 47.65 ms. U Status: LOCALLY_SOLVED, V Status: LOCALLY_SOLVED
└ @ Main /home/basta/Projects/bakalarka-openfoam/bakalarka-openfoam/MHD_control_cooling/src/controllers/mpc_alter.jl:680
┌ Debug: AM finished after 5 iterations.
└ @ Main /home/basta/Projects/bakalarka-openfoam/bakalarka-openfoam/MHD_control_cooling/src/controllers/mpc_alter.jl:697
┌ Debug: Final U norm: 0.5626, Final V norm: 1.1768
└ @ Main /home/basta/Projects/bakalarka-openfoam/bakalarka-openfoam/MHD_control_cooling/src/controllers/mpc_alter.jl:698
┌ Debug: Physical Bounds Hit: U_min=false, U_max=false, V_min=false, V_max=false
└ @ Main /home/basta/Projects/bakalarka-openfoam/bakalarka-openfoam/MHD_control_cooling/src/controllers/mpc_alter.jl:704
┌ Debug: Storing effective theta_k (for next step): Norm=0.1088, First 5=[0.0349, 0.0349, -0.0, 0.0279, -0.0]
└ @ Main /home/basta/Projects/bakalarka-openfoam/bakalarka-openfoam/MHD_control_cooling/src/controllers/mpc_alter.jl:733
┌ Info: Control action computed in 303.56 ms. Sending input u[1]=0.144, v[1]=0.2426...
└ @ Main /home/basta/Projects/bakalarka-openfoam/bakalarka-openfoam/MHD_control_cooling/src/controllers/mpc_alter.jl:753
┌ Info: ("Sending input", [0.14403104396178562, 0.14403104385339058, -2.5188297904073022e-8, 0.11506250420132322, 0.24259354630659696, -6.925494308671238e-8, 0.397009755738848, -6.92889020964852e-8])
└ @ Main /home/basta/Projects/bakalarka-openfoam/bakalarka-openfoam/MHD_control_cooling/src/scripts/sock_field_server.jl:287
┌ Debug: update_controller_state! called at time 20.140062. No action implemented.
└ @ Main /home/basta/Projects/bakalarka-openfoam/bakalarka-openfoam/MHD_control_cooling/src/controllers/mpc_alter.jl:763
┌ Debug: update_controller_state! called at time 20.140062. No action implemented.
└ @ Main /home/basta/Projects/bakalarka-openfoam/bakalarka-openfoam/MHD_control_cooling/src/controllers/mpc_alter.jl:763
┌ Debug: Raw Measurement 'wallheatflux' value: -0.5712256875
└ @ Main /home/basta/Projects/bakalarka-openfoam/bakalarka-openfoam/MHD_control_cooling/src/controllers/mpc_alter.jl:455
┌ Debug: Centered Measurement yk: -0.5712256875
└ @ Main /home/basta/Projects/bakalarka-openfoam/bakalarka-openfoam/MHD_control_cooling/src/controllers/mpc_alter.jl:458
┌ Debug: Constructed state xk[1:5] = [-0.5712, -0.5708, -0.5705, -0.5702, -0.57]... | Norm: 3.0262
└ @ Main /home/basta/Projects/bakalarka-openfoam/bakalarka-openfoam/MHD_control_cooling/src/controllers/mpc_alter.jl:504
┌ Debug: State error (output) xk[1]-xref[1]: 0.4288 | Full error norm: 27.8075
└ @ Main /home/basta/Projects/bakalarka-openfoam/bakalarka-openfoam/MHD_control_cooling/src/controllers/mpc_alter.jl:514
┌ Debug: State bounds check: any(l_st_k .> u_st_k) = false
└ @ Main /home/basta/Projects/bakalarka-openfoam/bakalarka-openfoam/MHD_control_cooling/src/controllers/mpc_alter.jl:515
┌ Debug: Warm starting U from previous solution (shifted).
└ @ Main /home/basta/Projects/bakalarka-openfoam/bakalarka-openfoam/MHD_control_cooling/src/controllers/mpc_alter.jl:528
┌ Debug: Warm starting V from previous solution (shifted).
└ @ Main /home/basta/Projects/bakalarka-openfoam/bakalarka-openfoam/MHD_control_cooling/src/controllers/mpc_alter.jl:537
┌ Debug: Initial U norm: 0.5117, Initial V norm: 1.0809
└ @ Main /home/basta/Projects/bakalarka-openfoam/bakalarka-openfoam/MHD_control_cooling/src/controllers/mpc_alter.jl:544
┌ Debug: Using QP Regularization: 0.0001
└ @ Main /home/basta/Projects/bakalarka-openfoam/bakalarka-openfoam/MHD_control_cooling/src/controllers/mpc_alter.jl:549
┌ Debug: AM Iteration 1/5
└ @ Main /home/basta/Projects/bakalarka-openfoam/bakalarka-openfoam/MHD_control_cooling/src/controllers/mpc_alter.jl:561
┌ Debug:   U-Step OK. Status: LOCALLY_SOLVED, Primal: FEASIBLE_POINT. New U norm: 0.3361
└ @ Main /home/basta/Projects/bakalarka-openfoam/bakalarka-openfoam/MHD_control_cooling/src/controllers/mpc_alter.jl:605
┌ Debug:   V-Step OK. Status: LOCALLY_SOLVED, Primal: FEASIBLE_POINT. New V norm: 1.0535
└ @ Main /home/basta/Projects/bakalarka-openfoam/bakalarka-openfoam/MHD_control_cooling/src/controllers/mpc_alter.jl:662
┌ Debug:   AM Iter 1 took 41.59 ms. U Status: LOCALLY_SOLVED, V Status: LOCALLY_SOLVED
└ @ Main /home/basta/Projects/bakalarka-openfoam/bakalarka-openfoam/MHD_control_cooling/src/controllers/mpc_alter.jl:680
┌ Debug: AM Iteration 2/5
└ @ Main /home/basta/Projects/bakalarka-openfoam/bakalarka-openfoam/MHD_control_cooling/src/controllers/mpc_alter.jl:561
┌ Debug:   U-Step OK. Status: LOCALLY_SOLVED, Primal: FEASIBLE_POINT. New U norm: 0.3455
└ @ Main /home/basta/Projects/bakalarka-openfoam/bakalarka-openfoam/MHD_control_cooling/src/controllers/mpc_alter.jl:605
┌ Debug:   V-Step OK. Status: LOCALLY_SOLVED, Primal: FEASIBLE_POINT. New V norm: 1.019
└ @ Main /home/basta/Projects/bakalarka-openfoam/bakalarka-openfoam/MHD_control_cooling/src/controllers/mpc_alter.jl:662
┌ Debug:   AM Iter 2 took 36.08 ms. U Status: LOCALLY_SOLVED, V Status: LOCALLY_SOLVED
└ @ Main /home/basta/Projects/bakalarka-openfoam/bakalarka-openfoam/MHD_control_cooling/src/controllers/mpc_alter.jl:680
┌ Debug: AM Iteration 3/5
└ @ Main /home/basta/Projects/bakalarka-openfoam/bakalarka-openfoam/MHD_control_cooling/src/controllers/mpc_alter.jl:561
┌ Debug:   U-Step OK. Status: LOCALLY_SOLVED, Primal: FEASIBLE_POINT. New U norm: 0.3531
└ @ Main /home/basta/Projects/bakalarka-openfoam/bakalarka-openfoam/MHD_control_cooling/src/controllers/mpc_alter.jl:605
┌ Debug:   V-Step OK. Status: LOCALLY_SOLVED, Primal: FEASIBLE_POINT. New V norm: 0.9799
└ @ Main /home/basta/Projects/bakalarka-openfoam/bakalarka-openfoam/MHD_control_cooling/src/controllers/mpc_alter.jl:662
┌ Debug:   AM Iter 3 took 33.97 ms. U Status: LOCALLY_SOLVED, V Status: LOCALLY_SOLVED
└ @ Main /home/basta/Projects/bakalarka-openfoam/bakalarka-openfoam/MHD_control_cooling/src/controllers/mpc_alter.jl:680
┌ Debug: AM Iteration 4/5
└ @ Main /home/basta/Projects/bakalarka-openfoam/bakalarka-openfoam/MHD_control_cooling/src/controllers/mpc_alter.jl:561
┌ Debug:   U-Step OK. Status: LOCALLY_SOLVED, Primal: FEASIBLE_POINT. New U norm: 0.3568
└ @ Main /home/basta/Projects/bakalarka-openfoam/bakalarka-openfoam/MHD_control_cooling/src/controllers/mpc_alter.jl:605
┌ Debug:   V-Step OK. Status: LOCALLY_SOLVED, Primal: FEASIBLE_POINT. New V norm: 0.975
└ @ Main /home/basta/Projects/bakalarka-openfoam/bakalarka-openfoam/MHD_control_cooling/src/controllers/mpc_alter.jl:662
┌ Debug:   AM Iter 4 took 33.37 ms. U Status: LOCALLY_SOLVED, V Status: LOCALLY_SOLVED
└ @ Main /home/basta/Projects/bakalarka-openfoam/bakalarka-openfoam/MHD_control_cooling/src/controllers/mpc_alter.jl:680
┌ Debug: AM Iteration 5/5
└ @ Main /home/basta/Projects/bakalarka-openfoam/bakalarka-openfoam/MHD_control_cooling/src/controllers/mpc_alter.jl:561
┌ Debug:   U-Step OK. Status: LOCALLY_SOLVED, Primal: FEASIBLE_POINT. New U norm: 0.3587
└ @ Main /home/basta/Projects/bakalarka-openfoam/bakalarka-openfoam/MHD_control_cooling/src/controllers/mpc_alter.jl:605
┌ Debug:   V-Step OK. Status: LOCALLY_SOLVED, Primal: FEASIBLE_POINT. New V norm: 0.9749
└ @ Main /home/basta/Projects/bakalarka-openfoam/bakalarka-openfoam/MHD_control_cooling/src/controllers/mpc_alter.jl:662
┌ Debug:   AM Iter 5 took 58.14 ms. U Status: LOCALLY_SOLVED, V Status: LOCALLY_SOLVED
└ @ Main /home/basta/Projects/bakalarka-openfoam/bakalarka-openfoam/MHD_control_cooling/src/controllers/mpc_alter.jl:680
┌ Debug: AM finished after 5 iterations.
└ @ Main /home/basta/Projects/bakalarka-openfoam/bakalarka-openfoam/MHD_control_cooling/src/controllers/mpc_alter.jl:697
┌ Debug: Final U norm: 0.3587, Final V norm: 0.9749
└ @ Main /home/basta/Projects/bakalarka-openfoam/bakalarka-openfoam/MHD_control_cooling/src/controllers/mpc_alter.jl:698
┌ Debug: Physical Bounds Hit: U_min=false, U_max=false, V_min=false, V_max=false
└ @ Main /home/basta/Projects/bakalarka-openfoam/bakalarka-openfoam/MHD_control_cooling/src/controllers/mpc_alter.jl:704
┌ Debug: Storing effective theta_k (for next step): Norm=0.1029, First 5=[0.0292, 0.0209, -0.0, 0.0143, -0.0]
└ @ Main /home/basta/Projects/bakalarka-openfoam/bakalarka-openfoam/MHD_control_cooling/src/controllers/mpc_alter.jl:733
┌ Info: Control action computed in 238.87 ms. Sending input u[1]=0.1472, v[1]=0.1986...
└ @ Main /home/basta/Projects/bakalarka-openfoam/bakalarka-openfoam/MHD_control_cooling/src/controllers/mpc_alter.jl:753
┌ Info: ("Sending input", [0.1471634054148356, 0.10512090818927793, -2.0423671195213012e-8, 0.07220797246658511, 0.19864252136963537, -6.776230949856626e-8, 0.4896277699600498, -6.775410019080852e-8])
└ @ Main /home/basta/Projects/bakalarka-openfoam/bakalarka-openfoam/MHD_control_cooling/src/scripts/sock_field_server.jl:287
┌ Debug: update_controller_state! called at time 21.140062. No action implemented.
└ @ Main /home/basta/Projects/bakalarka-openfoam/bakalarka-openfoam/MHD_control_cooling/src/controllers/mpc_alter.jl:763
┌ Debug: update_controller_state! called at time 21.140062. No action implemented.
└ @ Main /home/basta/Projects/bakalarka-openfoam/bakalarka-openfoam/MHD_control_cooling/src/controllers/mpc_alter.jl:763
┌ Debug: Raw Measurement 'wallheatflux' value: -0.5715495
└ @ Main /home/basta/Projects/bakalarka-openfoam/bakalarka-openfoam/MHD_control_cooling/src/controllers/mpc_alter.jl:455
┌ Debug: Centered Measurement yk: -0.5715495
└ @ Main /home/basta/Projects/bakalarka-openfoam/bakalarka-openfoam/MHD_control_cooling/src/controllers/mpc_alter.jl:458
┌ Debug: Constructed state xk[1:5] = [-0.5715, -0.5712, -0.5708, -0.5705, -0.5702]... | Norm: 3.0814
└ @ Main /home/basta/Projects/bakalarka-openfoam/bakalarka-openfoam/MHD_control_cooling/src/controllers/mpc_alter.jl:504
┌ Debug: State error (output) xk[1]-xref[1]: 0.4285 | Full error norm: 27.1546
└ @ Main /home/basta/Projects/bakalarka-openfoam/bakalarka-openfoam/MHD_control_cooling/src/controllers/mpc_alter.jl:514
┌ Debug: State bounds check: any(l_st_k .> u_st_k) = false
└ @ Main /home/basta/Projects/bakalarka-openfoam/bakalarka-openfoam/MHD_control_cooling/src/controllers/mpc_alter.jl:515
┌ Debug: Warm starting U from previous solution (shifted).
└ @ Main /home/basta/Projects/bakalarka-openfoam/bakalarka-openfoam/MHD_control_cooling/src/controllers/mpc_alter.jl:528
┌ Debug: Warm starting V from previous solution (shifted).
└ @ Main /home/basta/Projects/bakalarka-openfoam/bakalarka-openfoam/MHD_control_cooling/src/controllers/mpc_alter.jl:537
┌ Debug: Initial U norm: 0.3012, Initial V norm: 0.8193
└ @ Main /home/basta/Projects/bakalarka-openfoam/bakalarka-openfoam/MHD_control_cooling/src/controllers/mpc_alter.jl:544
┌ Debug: Using QP Regularization: 0.0001
└ @ Main /home/basta/Projects/bakalarka-openfoam/bakalarka-openfoam/MHD_control_cooling/src/controllers/mpc_alter.jl:549
┌ Debug: AM Iteration 1/5
└ @ Main /home/basta/Projects/bakalarka-openfoam/bakalarka-openfoam/MHD_control_cooling/src/controllers/mpc_alter.jl:561
┌ Debug:   U-Step OK. Status: LOCALLY_SOLVED, Primal: FEASIBLE_POINT. New U norm: 0.0905
└ @ Main /home/basta/Projects/bakalarka-openfoam/bakalarka-openfoam/MHD_control_cooling/src/controllers/mpc_alter.jl:605
┌ Debug:   V-Step OK. Status: LOCALLY_SOLVED, Primal: FEASIBLE_POINT. New V norm: 0.7988
└ @ Main /home/basta/Projects/bakalarka-openfoam/bakalarka-openfoam/MHD_control_cooling/src/controllers/mpc_alter.jl:662
┌ Debug:   AM Iter 1 took 28.61 ms. U Status: LOCALLY_SOLVED, V Status: LOCALLY_SOLVED
└ @ Main /home/basta/Projects/bakalarka-openfoam/bakalarka-openfoam/MHD_control_cooling/src/controllers/mpc_alter.jl:680
┌ Debug: AM Iteration 2/5
└ @ Main /home/basta/Projects/bakalarka-openfoam/bakalarka-openfoam/MHD_control_cooling/src/controllers/mpc_alter.jl:561
┌ Debug:   U-Step OK. Status: LOCALLY_SOLVED, Primal: FEASIBLE_POINT. New U norm: 0.0881
└ @ Main /home/basta/Projects/bakalarka-openfoam/bakalarka-openfoam/MHD_control_cooling/src/controllers/mpc_alter.jl:605
┌ Debug:   V-Step OK. Status: LOCALLY_SOLVED, Primal: FEASIBLE_POINT. New V norm: 0.8269
└ @ Main /home/basta/Projects/bakalarka-openfoam/bakalarka-openfoam/MHD_control_cooling/src/controllers/mpc_alter.jl:662
┌ Debug:   AM Iter 2 took 37.23 ms. U Status: LOCALLY_SOLVED, V Status: LOCALLY_SOLVED
└ @ Main /home/basta/Projects/bakalarka-openfoam/bakalarka-openfoam/MHD_control_cooling/src/controllers/mpc_alter.jl:680
┌ Debug: AM Iteration 3/5
└ @ Main /home/basta/Projects/bakalarka-openfoam/bakalarka-openfoam/MHD_control_cooling/src/controllers/mpc_alter.jl:561
┌ Debug:   U-Step OK. Status: LOCALLY_SOLVED, Primal: FEASIBLE_POINT. New U norm: 0.087
└ @ Main /home/basta/Projects/bakalarka-openfoam/bakalarka-openfoam/MHD_control_cooling/src/controllers/mpc_alter.jl:605
┌ Debug:   V-Step OK. Status: LOCALLY_SOLVED, Primal: FEASIBLE_POINT. New V norm: 0.8097
└ @ Main /home/basta/Projects/bakalarka-openfoam/bakalarka-openfoam/MHD_control_cooling/src/controllers/mpc_alter.jl:662
┌ Debug:   AM Iter 3 took 36.36 ms. U Status: LOCALLY_SOLVED, V Status: LOCALLY_SOLVED
└ @ Main /home/basta/Projects/bakalarka-openfoam/bakalarka-openfoam/MHD_control_cooling/src/controllers/mpc_alter.jl:680
┌ Debug: AM Iteration 4/5
└ @ Main /home/basta/Projects/bakalarka-openfoam/bakalarka-openfoam/MHD_control_cooling/src/controllers/mpc_alter.jl:561
┌ Debug:   U-Step OK. Status: LOCALLY_SOLVED, Primal: FEASIBLE_POINT. New U norm: 0.0871
└ @ Main /home/basta/Projects/bakalarka-openfoam/bakalarka-openfoam/MHD_control_cooling/src/controllers/mpc_alter.jl:605
┌ Debug:   V-Step OK. Status: LOCALLY_SOLVED, Primal: FEASIBLE_POINT. New V norm: 0.7966
└ @ Main /home/basta/Projects/bakalarka-openfoam/bakalarka-openfoam/MHD_control_cooling/src/controllers/mpc_alter.jl:662
┌ Debug:   AM Iter 4 took 32.03 ms. U Status: LOCALLY_SOLVED, V Status: LOCALLY_SOLVED
└ @ Main /home/basta/Projects/bakalarka-openfoam/bakalarka-openfoam/MHD_control_cooling/src/controllers/mpc_alter.jl:680
┌ Debug: AM Iteration 5/5
└ @ Main /home/basta/Projects/bakalarka-openfoam/bakalarka-openfoam/MHD_control_cooling/src/controllers/mpc_alter.jl:561
┌ Debug:   U-Step OK. Status: LOCALLY_SOLVED, Primal: FEASIBLE_POINT. New U norm: 0.0875
└ @ Main /home/basta/Projects/bakalarka-openfoam/bakalarka-openfoam/MHD_control_cooling/src/controllers/mpc_alter.jl:605
┌ Debug:   V-Step OK. Status: LOCALLY_SOLVED, Primal: FEASIBLE_POINT. New V norm: 0.7853
└ @ Main /home/basta/Projects/bakalarka-openfoam/bakalarka-openfoam/MHD_control_cooling/src/controllers/mpc_alter.jl:662
┌ Debug:   AM Iter 5 took 27.47 ms. U Status: LOCALLY_SOLVED, V Status: LOCALLY_SOLVED
└ @ Main /home/basta/Projects/bakalarka-openfoam/bakalarka-openfoam/MHD_control_cooling/src/controllers/mpc_alter.jl:680
┌ Debug: AM finished after 5 iterations.
└ @ Main /home/basta/Projects/bakalarka-openfoam/bakalarka-openfoam/MHD_control_cooling/src/controllers/mpc_alter.jl:697
┌ Debug: Final U norm: 0.0875, Final V norm: 0.7853
└ @ Main /home/basta/Projects/bakalarka-openfoam/bakalarka-openfoam/MHD_control_cooling/src/controllers/mpc_alter.jl:698
┌ Debug: Physical Bounds Hit: U_min=false, U_max=false, V_min=false, V_max=false
└ @ Main /home/basta/Projects/bakalarka-openfoam/bakalarka-openfoam/MHD_control_cooling/src/controllers/mpc_alter.jl:704
┌ Debug: Storing effective theta_k (for next step): Norm=0.0308, First 5=[0.0136, -0.0, 0.0208, -0.0, -0.0]
└ @ Main /home/basta/Projects/bakalarka-openfoam/bakalarka-openfoam/MHD_control_cooling/src/controllers/mpc_alter.jl:733
┌ Info: Control action computed in 196.9 ms. Sending input u[1]=0.0414, v[1]=0.3296...
└ @ Main /home/basta/Projects/bakalarka-openfoam/bakalarka-openfoam/MHD_control_cooling/src/controllers/mpc_alter.jl:753
┌ Info: ("Sending input", [0.041409743328471194, -2.911247174934943e-8, 0.06310720696029028, -3.0293615556186205e-8, 0.3295928387378323, -1.3973573768581314e-7, -1.5763605882618124e-7, 0.24062016516234805])
└ @ Main /home/basta/Projects/bakalarka-openfoam/bakalarka-openfoam/MHD_control_cooling/src/scripts/sock_field_server.jl:287
┌ Debug: update_controller_state! called at time 22.140062. No action implemented.
└ @ Main /home/basta/Projects/bakalarka-openfoam/bakalarka-openfoam/MHD_control_cooling/src/controllers/mpc_alter.jl:763
┌ Debug: update_controller_state! called at time 22.140062. No action implemented.
└ @ Main /home/basta/Projects/bakalarka-openfoam/bakalarka-openfoam/MHD_control_cooling/src/controllers/mpc_alter.jl:763
┌ Debug: Raw Measurement 'wallheatflux' value: -0.571824875
└ @ Main /home/basta/Projects/bakalarka-openfoam/bakalarka-openfoam/MHD_control_cooling/src/controllers/mpc_alter.jl:455
┌ Debug: Centered Measurement yk: -0.571824875
└ @ Main /home/basta/Projects/bakalarka-openfoam/bakalarka-openfoam/MHD_control_cooling/src/controllers/mpc_alter.jl:458
┌ Debug: Constructed state xk[1:5] = [-0.5718, -0.5715, -0.5712, -0.5708, -0.5705]... | Norm: 3.1342
└ @ Main /home/basta/Projects/bakalarka-openfoam/bakalarka-openfoam/MHD_control_cooling/src/controllers/mpc_alter.jl:504
┌ Debug: State error (output) xk[1]-xref[1]: 0.4282 | Full error norm: 28.0322
└ @ Main /home/basta/Projects/bakalarka-openfoam/bakalarka-openfoam/MHD_control_cooling/src/controllers/mpc_alter.jl:514
┌ Debug: State bounds check: any(l_st_k .> u_st_k) = false
└ @ Main /home/basta/Projects/bakalarka-openfoam/bakalarka-openfoam/MHD_control_cooling/src/controllers/mpc_alter.jl:515
┌ Debug: Warm starting U from previous solution (shifted).
└ @ Main /home/basta/Projects/bakalarka-openfoam/bakalarka-openfoam/MHD_control_cooling/src/controllers/mpc_alter.jl:528
┌ Debug: Warm starting V from previous solution (shifted).
└ @ Main /home/basta/Projects/bakalarka-openfoam/bakalarka-openfoam/MHD_control_cooling/src/controllers/mpc_alter.jl:537
┌ Debug: Initial U norm: 0.0443, Initial V norm: 0.6709
└ @ Main /home/basta/Projects/bakalarka-openfoam/bakalarka-openfoam/MHD_control_cooling/src/controllers/mpc_alter.jl:544
┌ Debug: Using QP Regularization: 0.0001
└ @ Main /home/basta/Projects/bakalarka-openfoam/bakalarka-openfoam/MHD_control_cooling/src/controllers/mpc_alter.jl:549
┌ Debug: AM Iteration 1/5
└ @ Main /home/basta/Projects/bakalarka-openfoam/bakalarka-openfoam/MHD_control_cooling/src/controllers/mpc_alter.jl:561
┌ Debug:   U-Step OK. Status: LOCALLY_SOLVED, Primal: FEASIBLE_POINT. New U norm: 0.0675
└ @ Main /home/basta/Projects/bakalarka-openfoam/bakalarka-openfoam/MHD_control_cooling/src/controllers/mpc_alter.jl:605
┌ Debug:   V-Step OK. Status: LOCALLY_SOLVED, Primal: FEASIBLE_POINT. New V norm: 0.9293
└ @ Main /home/basta/Projects/bakalarka-openfoam/bakalarka-openfoam/MHD_control_cooling/src/controllers/mpc_alter.jl:662
┌ Debug:   AM Iter 1 took 39.37 ms. U Status: LOCALLY_SOLVED, V Status: LOCALLY_SOLVED
└ @ Main /home/basta/Projects/bakalarka-openfoam/bakalarka-openfoam/MHD_control_cooling/src/controllers/mpc_alter.jl:680
┌ Debug: AM Iteration 2/5
└ @ Main /home/basta/Projects/bakalarka-openfoam/bakalarka-openfoam/MHD_control_cooling/src/controllers/mpc_alter.jl:561
┌ Debug:   U-Step OK. Status: LOCALLY_SOLVED, Primal: FEASIBLE_POINT. New U norm: 0.068
└ @ Main /home/basta/Projects/bakalarka-openfoam/bakalarka-openfoam/MHD_control_cooling/src/controllers/mpc_alter.jl:605
┌ Debug:   V-Step OK. Status: LOCALLY_SOLVED, Primal: FEASIBLE_POINT. New V norm: 0.9466
└ @ Main /home/basta/Projects/bakalarka-openfoam/bakalarka-openfoam/MHD_control_cooling/src/controllers/mpc_alter.jl:662
┌ Debug:   AM Iter 2 took 29.08 ms. U Status: LOCALLY_SOLVED, V Status: LOCALLY_SOLVED
└ @ Main /home/basta/Projects/bakalarka-openfoam/bakalarka-openfoam/MHD_control_cooling/src/controllers/mpc_alter.jl:680
┌ Debug: AM Iteration 3/5
└ @ Main /home/basta/Projects/bakalarka-openfoam/bakalarka-openfoam/MHD_control_cooling/src/controllers/mpc_alter.jl:561
┌ Debug:   U-Step OK. Status: LOCALLY_SOLVED, Primal: FEASIBLE_POINT. New U norm: 0.0685
└ @ Main /home/basta/Projects/bakalarka-openfoam/bakalarka-openfoam/MHD_control_cooling/src/controllers/mpc_alter.jl:605
┌ Debug:   V-Step OK. Status: LOCALLY_SOLVED, Primal: FEASIBLE_POINT. New V norm: 0.9648
└ @ Main /home/basta/Projects/bakalarka-openfoam/bakalarka-openfoam/MHD_control_cooling/src/controllers/mpc_alter.jl:662
┌ Debug:   AM Iter 3 took 27.44 ms. U Status: LOCALLY_SOLVED, V Status: LOCALLY_SOLVED
└ @ Main /home/basta/Projects/bakalarka-openfoam/bakalarka-openfoam/MHD_control_cooling/src/controllers/mpc_alter.jl:680
┌ Debug: AM Iteration 4/5
└ @ Main /home/basta/Projects/bakalarka-openfoam/bakalarka-openfoam/MHD_control_cooling/src/controllers/mpc_alter.jl:561
┌ Debug:   U-Step OK. Status: LOCALLY_SOLVED, Primal: FEASIBLE_POINT. New U norm: 0.069
└ @ Main /home/basta/Projects/bakalarka-openfoam/bakalarka-openfoam/MHD_control_cooling/src/controllers/mpc_alter.jl:605
┌ Debug:   V-Step OK. Status: LOCALLY_SOLVED, Primal: FEASIBLE_POINT. New V norm: 0.9839
└ @ Main /home/basta/Projects/bakalarka-openfoam/bakalarka-openfoam/MHD_control_cooling/src/controllers/mpc_alter.jl:662
┌ Debug:   AM Iter 4 took 24.01 ms. U Status: LOCALLY_SOLVED, V Status: LOCALLY_SOLVED
└ @ Main /home/basta/Projects/bakalarka-openfoam/bakalarka-openfoam/MHD_control_cooling/src/controllers/mpc_alter.jl:680
┌ Debug: AM Iteration 5/5
└ @ Main /home/basta/Projects/bakalarka-openfoam/bakalarka-openfoam/MHD_control_cooling/src/controllers/mpc_alter.jl:561
┌ Debug:   U-Step OK. Status: LOCALLY_SOLVED, Primal: FEASIBLE_POINT. New U norm: 0.0695
└ @ Main /home/basta/Projects/bakalarka-openfoam/bakalarka-openfoam/MHD_control_cooling/src/controllers/mpc_alter.jl:605
┌ Debug:   V-Step OK. Status: LOCALLY_SOLVED, Primal: FEASIBLE_POINT. New V norm: 1.0081
└ @ Main /home/basta/Projects/bakalarka-openfoam/bakalarka-openfoam/MHD_control_cooling/src/controllers/mpc_alter.jl:662
┌ Debug:   AM Iter 5 took 62.94 ms. U Status: LOCALLY_SOLVED, V Status: LOCALLY_SOLVED
└ @ Main /home/basta/Projects/bakalarka-openfoam/bakalarka-openfoam/MHD_control_cooling/src/controllers/mpc_alter.jl:680
┌ Debug: AM finished after 5 iterations.
└ @ Main /home/basta/Projects/bakalarka-openfoam/bakalarka-openfoam/MHD_control_cooling/src/controllers/mpc_alter.jl:697
┌ Debug: Final U norm: 0.0695, Final V norm: 1.0081
└ @ Main /home/basta/Projects/bakalarka-openfoam/bakalarka-openfoam/MHD_control_cooling/src/controllers/mpc_alter.jl:698
┌ Debug: Physical Bounds Hit: U_min=false, U_max=false, V_min=false, V_max=false
└ @ Main /home/basta/Projects/bakalarka-openfoam/bakalarka-openfoam/MHD_control_cooling/src/controllers/mpc_alter.jl:704
┌ Debug: Storing effective theta_k (for next step): Norm=0.0528, First 5=[0.0215, 0.0215, -0.0, 0.0215, -0.0]
└ @ Main /home/basta/Projects/bakalarka-openfoam/bakalarka-openfoam/MHD_control_cooling/src/controllers/mpc_alter.jl:733
┌ Info: Control action computed in 218.31 ms. Sending input u[1]=0.0363, v[1]=0.594...
└ @ Main /home/basta/Projects/bakalarka-openfoam/bakalarka-openfoam/MHD_control_cooling/src/controllers/mpc_alter.jl:753
┌ Info: ("Sending input", [0.03626441708413641, 0.03626441697868645, -1.6834645036273115e-8, 0.036264416950751825, 0.594013088279194, -2.739352006864387e-7, 0.5940131184595352, -2.7452234140225946e-7])
└ @ Main /home/basta/Projects/bakalarka-openfoam/bakalarka-openfoam/MHD_control_cooling/src/scripts/sock_field_server.jl:287
┌ Debug: update_controller_state! called at time 23.140062. No action implemented.
└ @ Main /home/basta/Projects/bakalarka-openfoam/bakalarka-openfoam/MHD_control_cooling/src/controllers/mpc_alter.jl:763
┌ Debug: update_controller_state! called at time 23.140062. No action implemented.
└ @ Main /home/basta/Projects/bakalarka-openfoam/bakalarka-openfoam/MHD_control_cooling/src/controllers/mpc_alter.jl:763
┌ Debug: Raw Measurement 'wallheatflux' value: -0.572114875
└ @ Main /home/basta/Projects/bakalarka-openfoam/bakalarka-openfoam/MHD_control_cooling/src/controllers/mpc_alter.jl:455
┌ Debug: Centered Measurement yk: -0.572114875
└ @ Main /home/basta/Projects/bakalarka-openfoam/bakalarka-openfoam/MHD_control_cooling/src/controllers/mpc_alter.jl:458
┌ Debug: Constructed state xk[1:5] = [-0.5721, -0.5718, -0.5715, -0.5712, -0.5708]... | Norm: 3.1864
└ @ Main /home/basta/Projects/bakalarka-openfoam/bakalarka-openfoam/MHD_control_cooling/src/controllers/mpc_alter.jl:504
┌ Debug: State error (output) xk[1]-xref[1]: 0.4279 | Full error norm: 27.0597
└ @ Main /home/basta/Projects/bakalarka-openfoam/bakalarka-openfoam/MHD_control_cooling/src/controllers/mpc_alter.jl:514
┌ Debug: State bounds check: any(l_st_k .> u_st_k) = false
└ @ Main /home/basta/Projects/bakalarka-openfoam/bakalarka-openfoam/MHD_control_cooling/src/controllers/mpc_alter.jl:515
┌ Debug: Warm starting U from previous solution (shifted).
└ @ Main /home/basta/Projects/bakalarka-openfoam/bakalarka-openfoam/MHD_control_cooling/src/controllers/mpc_alter.jl:528
┌ Debug: Warm starting V from previous solution (shifted).
└ @ Main /home/basta/Projects/bakalarka-openfoam/bakalarka-openfoam/MHD_control_cooling/src/controllers/mpc_alter.jl:537
┌ Debug: Initial U norm: 0.0297, Initial V norm: 0.5572
└ @ Main /home/basta/Projects/bakalarka-openfoam/bakalarka-openfoam/MHD_control_cooling/src/controllers/mpc_alter.jl:544
┌ Debug: Using QP Regularization: 0.0001
└ @ Main /home/basta/Projects/bakalarka-openfoam/bakalarka-openfoam/MHD_control_cooling/src/controllers/mpc_alter.jl:549
┌ Debug: AM Iteration 1/5
└ @ Main /home/basta/Projects/bakalarka-openfoam/bakalarka-openfoam/MHD_control_cooling/src/controllers/mpc_alter.jl:561
┌ Debug:   U-Step OK. Status: LOCALLY_SOLVED, Primal: FEASIBLE_POINT. New U norm: 0.0303
└ @ Main /home/basta/Projects/bakalarka-openfoam/bakalarka-openfoam/MHD_control_cooling/src/controllers/mpc_alter.jl:605
┌ Debug:   V-Step OK. Status: LOCALLY_SOLVED, Primal: FEASIBLE_POINT. New V norm: 0.5642
└ @ Main /home/basta/Projects/bakalarka-openfoam/bakalarka-openfoam/MHD_control_cooling/src/controllers/mpc_alter.jl:662
┌ Debug:   AM Iter 1 took 22.41 ms. U Status: LOCALLY_SOLVED, V Status: LOCALLY_SOLVED
└ @ Main /home/basta/Projects/bakalarka-openfoam/bakalarka-openfoam/MHD_control_cooling/src/controllers/mpc_alter.jl:680
┌ Debug: AM Iteration 2/5
└ @ Main /home/basta/Projects/bakalarka-openfoam/bakalarka-openfoam/MHD_control_cooling/src/controllers/mpc_alter.jl:561
┌ Debug:   U-Step OK. Status: LOCALLY_SOLVED, Primal: FEASIBLE_POINT. New U norm: 0.0315
└ @ Main /home/basta/Projects/bakalarka-openfoam/bakalarka-openfoam/MHD_control_cooling/src/controllers/mpc_alter.jl:605
┌ Debug:   V-Step OK. Status: LOCALLY_SOLVED, Primal: FEASIBLE_POINT. New V norm: 0.5705
└ @ Main /home/basta/Projects/bakalarka-openfoam/bakalarka-openfoam/MHD_control_cooling/src/controllers/mpc_alter.jl:662
┌ Debug:   AM Iter 2 took 21.44 ms. U Status: LOCALLY_SOLVED, V Status: LOCALLY_SOLVED
└ @ Main /home/basta/Projects/bakalarka-openfoam/bakalarka-openfoam/MHD_control_cooling/src/controllers/mpc_alter.jl:680
┌ Debug: AM Iteration 3/5
└ @ Main /home/basta/Projects/bakalarka-openfoam/bakalarka-openfoam/MHD_control_cooling/src/controllers/mpc_alter.jl:561
┌ Debug:   U-Step OK. Status: LOCALLY_SOLVED, Primal: FEASIBLE_POINT. New U norm: 0.0329
└ @ Main /home/basta/Projects/bakalarka-openfoam/bakalarka-openfoam/MHD_control_cooling/src/controllers/mpc_alter.jl:605
┌ Debug:   V-Step OK. Status: LOCALLY_SOLVED, Primal: FEASIBLE_POINT. New V norm: 0.576
└ @ Main /home/basta/Projects/bakalarka-openfoam/bakalarka-openfoam/MHD_control_cooling/src/controllers/mpc_alter.jl:662
┌ Debug:   AM Iter 3 took 25.81 ms. U Status: LOCALLY_SOLVED, V Status: LOCALLY_SOLVED
└ @ Main /home/basta/Projects/bakalarka-openfoam/bakalarka-openfoam/MHD_control_cooling/src/controllers/mpc_alter.jl:680
┌ Debug: AM Iteration 4/5
└ @ Main /home/basta/Projects/bakalarka-openfoam/bakalarka-openfoam/MHD_control_cooling/src/controllers/mpc_alter.jl:561
┌ Debug:   U-Step OK. Status: LOCALLY_SOLVED, Primal: FEASIBLE_POINT. New U norm: 0.0347
└ @ Main /home/basta/Projects/bakalarka-openfoam/bakalarka-openfoam/MHD_control_cooling/src/controllers/mpc_alter.jl:605
┌ Debug:   V-Step OK. Status: LOCALLY_SOLVED, Primal: FEASIBLE_POINT. New V norm: 0.5806
└ @ Main /home/basta/Projects/bakalarka-openfoam/bakalarka-openfoam/MHD_control_cooling/src/controllers/mpc_alter.jl:662
┌ Debug:   AM Iter 4 took 25.99 ms. U Status: LOCALLY_SOLVED, V Status: LOCALLY_SOLVED
└ @ Main /home/basta/Projects/bakalarka-openfoam/bakalarka-openfoam/MHD_control_cooling/src/controllers/mpc_alter.jl:680
┌ Debug: AM Iteration 5/5
└ @ Main /home/basta/Projects/bakalarka-openfoam/bakalarka-openfoam/MHD_control_cooling/src/controllers/mpc_alter.jl:561
┌ Debug:   U-Step OK. Status: LOCALLY_SOLVED, Primal: FEASIBLE_POINT. New U norm: 0.0369
└ @ Main /home/basta/Projects/bakalarka-openfoam/bakalarka-openfoam/MHD_control_cooling/src/controllers/mpc_alter.jl:605
┌ Debug:   V-Step OK. Status: LOCALLY_SOLVED, Primal: FEASIBLE_POINT. New V norm: 0.5844
└ @ Main /home/basta/Projects/bakalarka-openfoam/bakalarka-openfoam/MHD_control_cooling/src/controllers/mpc_alter.jl:662
┌ Debug:   AM Iter 5 took 21.57 ms. U Status: LOCALLY_SOLVED, V Status: LOCALLY_SOLVED
└ @ Main /home/basta/Projects/bakalarka-openfoam/bakalarka-openfoam/MHD_control_cooling/src/controllers/mpc_alter.jl:680
┌ Debug: AM finished after 5 iterations.
└ @ Main /home/basta/Projects/bakalarka-openfoam/bakalarka-openfoam/MHD_control_cooling/src/controllers/mpc_alter.jl:697
┌ Debug: Final U norm: 0.0369, Final V norm: 0.5844
└ @ Main /home/basta/Projects/bakalarka-openfoam/bakalarka-openfoam/MHD_control_cooling/src/controllers/mpc_alter.jl:698
┌ Debug: Physical Bounds Hit: U_min=false, U_max=false, V_min=false, V_max=false
└ @ Main /home/basta/Projects/bakalarka-openfoam/bakalarka-openfoam/MHD_control_cooling/src/controllers/mpc_alter.jl:704
┌ Debug: Storing effective theta_k (for next step): Norm=0.0215, First 5=[0.0108, -0.0, 0.0108, -0.0, -0.0]
└ @ Main /home/basta/Projects/bakalarka-openfoam/bakalarka-openfoam/MHD_control_cooling/src/controllers/mpc_alter.jl:733
┌ Info: Control action computed in 151.44 ms. Sending input u[1]=0.0261, v[1]=0.4132...
└ @ Main /home/basta/Projects/bakalarka-openfoam/bakalarka-openfoam/MHD_control_cooling/src/controllers/mpc_alter.jl:753
┌ Info: ("Sending input", [0.026065901522815866, -2.4200237969368676e-8, 0.02606590156366647, -2.3921260383198906e-8, 0.41321907680304154, -3.812804039130845e-7, -3.807884940142519e-7, 0.4132190757915691])
└ @ Main /home/basta/Projects/bakalarka-openfoam/bakalarka-openfoam/MHD_control_cooling/src/scripts/sock_field_server.jl:287
┌ Debug: update_controller_state! called at time 24.140062. No action implemented.
└ @ Main /home/basta/Projects/bakalarka-openfoam/bakalarka-openfoam/MHD_control_cooling/src/controllers/mpc_alter.jl:763
┌ Debug: update_controller_state! called at time 24.140062. No action implemented.
└ @ Main /home/basta/Projects/bakalarka-openfoam/bakalarka-openfoam/MHD_control_cooling/src/controllers/mpc_alter.jl:763
┌ Debug: Raw Measurement 'wallheatflux' value: -0.572404125
└ @ Main /home/basta/Projects/bakalarka-openfoam/bakalarka-openfoam/MHD_control_cooling/src/controllers/mpc_alter.jl:455
┌ Debug: Centered Measurement yk: -0.572404125
└ @ Main /home/basta/Projects/bakalarka-openfoam/bakalarka-openfoam/MHD_control_cooling/src/controllers/mpc_alter.jl:458
┌ Debug: Constructed state xk[1:5] = [-0.5724, -0.5721, -0.5718, -0.5715, -0.5712]... | Norm: 3.2375
└ @ Main /home/basta/Projects/bakalarka-openfoam/bakalarka-openfoam/MHD_control_cooling/src/controllers/mpc_alter.jl:504
┌ Debug: State error (output) xk[1]-xref[1]: 0.4276 | Full error norm: 26.6819
└ @ Main /home/basta/Projects/bakalarka-openfoam/bakalarka-openfoam/MHD_control_cooling/src/controllers/mpc_alter.jl:514
┌ Debug: State bounds check: any(l_st_k .> u_st_k) = false
└ @ Main /home/basta/Projects/bakalarka-openfoam/bakalarka-openfoam/MHD_control_cooling/src/controllers/mpc_alter.jl:515
┌ Debug: Warm starting U from previous solution (shifted).
└ @ Main /home/basta/Projects/bakalarka-openfoam/bakalarka-openfoam/MHD_control_cooling/src/controllers/mpc_alter.jl:528
┌ Debug: Warm starting V from previous solution (shifted).
└ @ Main /home/basta/Projects/bakalarka-openfoam/bakalarka-openfoam/MHD_control_cooling/src/controllers/mpc_alter.jl:537
┌ Debug: Initial U norm: 0.0, Initial V norm: 0.0
└ @ Main /home/basta/Projects/bakalarka-openfoam/bakalarka-openfoam/MHD_control_cooling/src/controllers/mpc_alter.jl:544
┌ Debug: Using QP Regularization: 0.0001
└ @ Main /home/basta/Projects/bakalarka-openfoam/bakalarka-openfoam/MHD_control_cooling/src/controllers/mpc_alter.jl:549
┌ Debug: AM Iteration 1/5
└ @ Main /home/basta/Projects/bakalarka-openfoam/bakalarka-openfoam/MHD_control_cooling/src/controllers/mpc_alter.jl:561
┌ Debug:   U-Step OK. Status: LOCALLY_SOLVED, Primal: FEASIBLE_POINT. New U norm: 0.0
└ @ Main /home/basta/Projects/bakalarka-openfoam/bakalarka-openfoam/MHD_control_cooling/src/controllers/mpc_alter.jl:605
┌ Debug:   V-Step OK. Status: LOCALLY_SOLVED, Primal: FEASIBLE_POINT. New V norm: 0.0
└ @ Main /home/basta/Projects/bakalarka-openfoam/bakalarka-openfoam/MHD_control_cooling/src/controllers/mpc_alter.jl:662
┌ Debug:   AM Iter 1 took 12.24 ms. U Status: LOCALLY_SOLVED, V Status: LOCALLY_SOLVED
└ @ Main /home/basta/Projects/bakalarka-openfoam/bakalarka-openfoam/MHD_control_cooling/src/controllers/mpc_alter.jl:680
┌ Debug: AM Iteration 2/5
└ @ Main /home/basta/Projects/bakalarka-openfoam/bakalarka-openfoam/MHD_control_cooling/src/controllers/mpc_alter.jl:561
┌ Debug:   U-Step OK. Status: LOCALLY_SOLVED, Primal: FEASIBLE_POINT. New U norm: 0.0
└ @ Main /home/basta/Projects/bakalarka-openfoam/bakalarka-openfoam/MHD_control_cooling/src/controllers/mpc_alter.jl:605
┌ Debug:   V-Step OK. Status: LOCALLY_SOLVED, Primal: FEASIBLE_POINT. New V norm: 0.0
└ @ Main /home/basta/Projects/bakalarka-openfoam/bakalarka-openfoam/MHD_control_cooling/src/controllers/mpc_alter.jl:662
┌ Debug:   AM Iter 2 took 11.12 ms. U Status: LOCALLY_SOLVED, V Status: LOCALLY_SOLVED
└ @ Main /home/basta/Projects/bakalarka-openfoam/bakalarka-openfoam/MHD_control_cooling/src/controllers/mpc_alter.jl:680
┌ Debug: AM Iteration 3/5
└ @ Main /home/basta/Projects/bakalarka-openfoam/bakalarka-openfoam/MHD_control_cooling/src/controllers/mpc_alter.jl:561
┌ Debug:   U-Step OK. Status: LOCALLY_SOLVED, Primal: FEASIBLE_POINT. New U norm: 0.0
└ @ Main /home/basta/Projects/bakalarka-openfoam/bakalarka-openfoam/MHD_control_cooling/src/controllers/mpc_alter.jl:605
┌ Debug:   V-Step OK. Status: LOCALLY_SOLVED, Primal: FEASIBLE_POINT. New V norm: 0.0
└ @ Main /home/basta/Projects/bakalarka-openfoam/bakalarka-openfoam/MHD_control_cooling/src/controllers/mpc_alter.jl:662
┌ Debug:   AM Iter 3 took 9.86 ms. U Status: LOCALLY_SOLVED, V Status: LOCALLY_SOLVED
└ @ Main /home/basta/Projects/bakalarka-openfoam/bakalarka-openfoam/MHD_control_cooling/src/controllers/mpc_alter.jl:680
┌ Debug: AM Iteration 4/5
└ @ Main /home/basta/Projects/bakalarka-openfoam/bakalarka-openfoam/MHD_control_cooling/src/controllers/mpc_alter.jl:561
┌ Debug:   U-Step OK. Status: LOCALLY_SOLVED, Primal: FEASIBLE_POINT. New U norm: 0.0
└ @ Main /home/basta/Projects/bakalarka-openfoam/bakalarka-openfoam/MHD_control_cooling/src/controllers/mpc_alter.jl:605
┌ Debug:   V-Step OK. Status: LOCALLY_SOLVED, Primal: FEASIBLE_POINT. New V norm: 0.0
└ @ Main /home/basta/Projects/bakalarka-openfoam/bakalarka-openfoam/MHD_control_cooling/src/controllers/mpc_alter.jl:662
┌ Debug:   AM Iter 4 took 7.97 ms. U Status: LOCALLY_SOLVED, V Status: LOCALLY_SOLVED
└ @ Main /home/basta/Projects/bakalarka-openfoam/bakalarka-openfoam/MHD_control_cooling/src/controllers/mpc_alter.jl:680
┌ Debug: AM Iteration 5/5
└ @ Main /home/basta/Projects/bakalarka-openfoam/bakalarka-openfoam/MHD_control_cooling/src/controllers/mpc_alter.jl:561
┌ Debug:   U-Step OK. Status: LOCALLY_SOLVED, Primal: FEASIBLE_POINT. New U norm: 0.0
└ @ Main /home/basta/Projects/bakalarka-openfoam/bakalarka-openfoam/MHD_control_cooling/src/controllers/mpc_alter.jl:605
┌ Debug:   V-Step OK. Status: LOCALLY_SOLVED, Primal: FEASIBLE_POINT. New V norm: 0.0
└ @ Main /home/basta/Projects/bakalarka-openfoam/bakalarka-openfoam/MHD_control_cooling/src/controllers/mpc_alter.jl:662
┌ Debug:   AM Iter 5 took 8.31 ms. U Status: LOCALLY_SOLVED, V Status: LOCALLY_SOLVED
└ @ Main /home/basta/Projects/bakalarka-openfoam/bakalarka-openfoam/MHD_control_cooling/src/controllers/mpc_alter.jl:680
┌ Debug: AM finished after 5 iterations.
└ @ Main /home/basta/Projects/bakalarka-openfoam/bakalarka-openfoam/MHD_control_cooling/src/controllers/mpc_alter.jl:697
┌ Debug: Final U norm: 0.0, Final V norm: 0.0
└ @ Main /home/basta/Projects/bakalarka-openfoam/bakalarka-openfoam/MHD_control_cooling/src/controllers/mpc_alter.jl:698
┌ Debug: Physical Bounds Hit: U_min=false, U_max=false, V_min=false, V_max=false
└ @ Main /home/basta/Projects/bakalarka-openfoam/bakalarka-openfoam/MHD_control_cooling/src/controllers/mpc_alter.jl:704
┌ Debug: Storing effective theta_k (for next step): Norm=0.0, First 5=[0.0, 0.0, 0.0, 0.0, 0.0]
└ @ Main /home/basta/Projects/bakalarka-openfoam/bakalarka-openfoam/MHD_control_cooling/src/controllers/mpc_alter.jl:733
┌ Info: Control action computed in 82.05 ms. Sending input u[1]=0.0, v[1]=0.0...
└ @ Main /home/basta/Projects/bakalarka-openfoam/bakalarka-openfoam/MHD_control_cooling/src/controllers/mpc_alter.jl:753
┌ Info: ("Sending input", [0.0, 0.0, 0.0, 0.0, 0.0, 0.0, 0.0, 0.0])
└ @ Main /home/basta/Projects/bakalarka-openfoam/bakalarka-openfoam/MHD_control_cooling/src/scripts/sock_field_server.jl:287
┌ Debug: update_controller_state! called at time 25.140062. No action implemented.
└ @ Main /home/basta/Projects/bakalarka-openfoam/bakalarka-openfoam/MHD_control_cooling/src/controllers/mpc_alter.jl:763
┌ Debug: update_controller_state! called at time 25.140062. No action implemented.
└ @ Main /home/basta/Projects/bakalarka-openfoam/bakalarka-openfoam/MHD_control_cooling/src/controllers/mpc_alter.jl:763
┌ Debug: Raw Measurement 'wallheatflux' value: -0.5726855625
└ @ Main /home/basta/Projects/bakalarka-openfoam/bakalarka-openfoam/MHD_control_cooling/src/controllers/mpc_alter.jl:455
┌ Debug: Centered Measurement yk: -0.5726855625
└ @ Main /home/basta/Projects/bakalarka-openfoam/bakalarka-openfoam/MHD_control_cooling/src/controllers/mpc_alter.jl:458
┌ Debug: Constructed state xk[1:5] = [-0.5727, -0.5724, -0.5721, -0.5718, -0.5715]... | Norm: 3.2877
└ @ Main /home/basta/Projects/bakalarka-openfoam/bakalarka-openfoam/MHD_control_cooling/src/controllers/mpc_alter.jl:504
┌ Debug: State error (output) xk[1]-xref[1]: 0.4273 | Full error norm: 26.435
└ @ Main /home/basta/Projects/bakalarka-openfoam/bakalarka-openfoam/MHD_control_cooling/src/controllers/mpc_alter.jl:514
┌ Debug: State bounds check: any(l_st_k .> u_st_k) = false
└ @ Main /home/basta/Projects/bakalarka-openfoam/bakalarka-openfoam/MHD_control_cooling/src/controllers/mpc_alter.jl:515
┌ Debug: Initializing U randomly.
└ @ Main /home/basta/Projects/bakalarka-openfoam/bakalarka-openfoam/MHD_control_cooling/src/controllers/mpc_alter.jl:531
┌ Debug: Initializing V randomly.
└ @ Main /home/basta/Projects/bakalarka-openfoam/bakalarka-openfoam/MHD_control_cooling/src/controllers/mpc_alter.jl:540
┌ Debug: Initial U norm: 1.3092, Initial V norm: 1.4462
└ @ Main /home/basta/Projects/bakalarka-openfoam/bakalarka-openfoam/MHD_control_cooling/src/controllers/mpc_alter.jl:544
┌ Debug: Using QP Regularization: 0.0001
└ @ Main /home/basta/Projects/bakalarka-openfoam/bakalarka-openfoam/MHD_control_cooling/src/controllers/mpc_alter.jl:549
┌ Debug: AM Iteration 1/5
└ @ Main /home/basta/Projects/bakalarka-openfoam/bakalarka-openfoam/MHD_control_cooling/src/controllers/mpc_alter.jl:561
┌ Debug:   U-Step OK. Status: LOCALLY_SOLVED, Primal: FEASIBLE_POINT. New U norm: 0.2354
└ @ Main /home/basta/Projects/bakalarka-openfoam/bakalarka-openfoam/MHD_control_cooling/src/controllers/mpc_alter.jl:605
┌ Debug:   V-Step OK. Status: LOCALLY_SOLVED, Primal: FEASIBLE_POINT. New V norm: 1.4785
└ @ Main /home/basta/Projects/bakalarka-openfoam/bakalarka-openfoam/MHD_control_cooling/src/controllers/mpc_alter.jl:662
┌ Debug:   AM Iter 1 took 50.2 ms. U Status: LOCALLY_SOLVED, V Status: LOCALLY_SOLVED
└ @ Main /home/basta/Projects/bakalarka-openfoam/bakalarka-openfoam/MHD_control_cooling/src/controllers/mpc_alter.jl:680
┌ Debug: AM Iteration 2/5
└ @ Main /home/basta/Projects/bakalarka-openfoam/bakalarka-openfoam/MHD_control_cooling/src/controllers/mpc_alter.jl:561
┌ Debug:   U-Step OK. Status: LOCALLY_SOLVED, Primal: FEASIBLE_POINT. New U norm: 0.2789
└ @ Main /home/basta/Projects/bakalarka-openfoam/bakalarka-openfoam/MHD_control_cooling/src/controllers/mpc_alter.jl:605
┌ Debug:   V-Step OK. Status: LOCALLY_SOLVED, Primal: FEASIBLE_POINT. New V norm: 1.395
└ @ Main /home/basta/Projects/bakalarka-openfoam/bakalarka-openfoam/MHD_control_cooling/src/controllers/mpc_alter.jl:662
┌ Debug:   AM Iter 2 took 49.76 ms. U Status: LOCALLY_SOLVED, V Status: LOCALLY_SOLVED
└ @ Main /home/basta/Projects/bakalarka-openfoam/bakalarka-openfoam/MHD_control_cooling/src/controllers/mpc_alter.jl:680
┌ Debug: AM Iteration 3/5
└ @ Main /home/basta/Projects/bakalarka-openfoam/bakalarka-openfoam/MHD_control_cooling/src/controllers/mpc_alter.jl:561
┌ Debug:   U-Step OK. Status: LOCALLY_SOLVED, Primal: FEASIBLE_POINT. New U norm: 0.2957
└ @ Main /home/basta/Projects/bakalarka-openfoam/bakalarka-openfoam/MHD_control_cooling/src/controllers/mpc_alter.jl:605
┌ Debug:   V-Step OK. Status: LOCALLY_SOLVED, Primal: FEASIBLE_POINT. New V norm: 1.3462
└ @ Main /home/basta/Projects/bakalarka-openfoam/bakalarka-openfoam/MHD_control_cooling/src/controllers/mpc_alter.jl:662
┌ Debug:   AM Iter 3 took 43.5 ms. U Status: LOCALLY_SOLVED, V Status: LOCALLY_SOLVED
└ @ Main /home/basta/Projects/bakalarka-openfoam/bakalarka-openfoam/MHD_control_cooling/src/controllers/mpc_alter.jl:680
┌ Debug: AM Iteration 4/5
└ @ Main /home/basta/Projects/bakalarka-openfoam/bakalarka-openfoam/MHD_control_cooling/src/controllers/mpc_alter.jl:561
┌ Debug:   U-Step OK. Status: LOCALLY_SOLVED, Primal: FEASIBLE_POINT. New U norm: 0.3071
└ @ Main /home/basta/Projects/bakalarka-openfoam/bakalarka-openfoam/MHD_control_cooling/src/controllers/mpc_alter.jl:605
┌ Debug:   V-Step OK. Status: LOCALLY_SOLVED, Primal: FEASIBLE_POINT. New V norm: 1.3013
└ @ Main /home/basta/Projects/bakalarka-openfoam/bakalarka-openfoam/MHD_control_cooling/src/controllers/mpc_alter.jl:662
┌ Debug:   AM Iter 4 took 69.41 ms. U Status: LOCALLY_SOLVED, V Status: LOCALLY_SOLVED
└ @ Main /home/basta/Projects/bakalarka-openfoam/bakalarka-openfoam/MHD_control_cooling/src/controllers/mpc_alter.jl:680
┌ Debug: AM Iteration 5/5
└ @ Main /home/basta/Projects/bakalarka-openfoam/bakalarka-openfoam/MHD_control_cooling/src/controllers/mpc_alter.jl:561
┌ Debug:   U-Step OK. Status: LOCALLY_SOLVED, Primal: FEASIBLE_POINT. New U norm: 0.3165
└ @ Main /home/basta/Projects/bakalarka-openfoam/bakalarka-openfoam/MHD_control_cooling/src/controllers/mpc_alter.jl:605
┌ Debug:   V-Step OK. Status: LOCALLY_SOLVED, Primal: FEASIBLE_POINT. New V norm: 1.2688
└ @ Main /home/basta/Projects/bakalarka-openfoam/bakalarka-openfoam/MHD_control_cooling/src/controllers/mpc_alter.jl:662
┌ Debug:   AM Iter 5 took 43.54 ms. U Status: LOCALLY_SOLVED, V Status: LOCALLY_SOLVED
└ @ Main /home/basta/Projects/bakalarka-openfoam/bakalarka-openfoam/MHD_control_cooling/src/controllers/mpc_alter.jl:680
┌ Debug: AM finished after 5 iterations.
└ @ Main /home/basta/Projects/bakalarka-openfoam/bakalarka-openfoam/MHD_control_cooling/src/controllers/mpc_alter.jl:697
┌ Debug: Final U norm: 0.3165, Final V norm: 1.2688
└ @ Main /home/basta/Projects/bakalarka-openfoam/bakalarka-openfoam/MHD_control_cooling/src/controllers/mpc_alter.jl:698
┌ Debug: Physical Bounds Hit: U_min=false, U_max=false, V_min=false, V_max=false
└ @ Main /home/basta/Projects/bakalarka-openfoam/bakalarka-openfoam/MHD_control_cooling/src/controllers/mpc_alter.jl:704
┌ Debug: Storing effective theta_k (for next step): Norm=0.0929, First 5=[0.0389, 0.0244, -0.0, 0.0203, -0.0]
└ @ Main /home/basta/Projects/bakalarka-openfoam/bakalarka-openfoam/MHD_control_cooling/src/controllers/mpc_alter.jl:733
┌ Info: Control action computed in 291.52 ms. Sending input u[1]=0.105, v[1]=0.3702...
└ @ Main /home/basta/Projects/bakalarka-openfoam/bakalarka-openfoam/MHD_control_cooling/src/controllers/mpc_alter.jl:753
┌ Info: ("Sending input", [0.10496434985689046, 0.06596856855148181, -1.73368764915096e-8, 0.054943389259404285, 0.3701741879252233, -9.503987224488284e-8, 0.5768051701583539, -9.504381315441653e-8])
└ @ Main /home/basta/Projects/bakalarka-openfoam/bakalarka-openfoam/MHD_control_cooling/src/scripts/sock_field_server.jl:287
┌ Debug: update_controller_state! called at time 26.140062. No action implemented.
└ @ Main /home/basta/Projects/bakalarka-openfoam/bakalarka-openfoam/MHD_control_cooling/src/controllers/mpc_alter.jl:763
┌ Debug: update_controller_state! called at time 26.140062. No action implemented.
└ @ Main /home/basta/Projects/bakalarka-openfoam/bakalarka-openfoam/MHD_control_cooling/src/controllers/mpc_alter.jl:763
┌ Debug: Raw Measurement 'wallheatflux' value: -0.5729691875
└ @ Main /home/basta/Projects/bakalarka-openfoam/bakalarka-openfoam/MHD_control_cooling/src/controllers/mpc_alter.jl:455
┌ Debug: Centered Measurement yk: -0.5729691875
└ @ Main /home/basta/Projects/bakalarka-openfoam/bakalarka-openfoam/MHD_control_cooling/src/controllers/mpc_alter.jl:458
┌ Debug: Constructed state xk[1:5] = [-0.573, -0.5727, -0.5724, -0.5721, -0.5718]... | Norm: 3.3386
└ @ Main /home/basta/Projects/bakalarka-openfoam/bakalarka-openfoam/MHD_control_cooling/src/controllers/mpc_alter.jl:504
┌ Debug: State error (output) xk[1]-xref[1]: 0.427 | Full error norm: 26.213
└ @ Main /home/basta/Projects/bakalarka-openfoam/bakalarka-openfoam/MHD_control_cooling/src/controllers/mpc_alter.jl:514
┌ Debug: State bounds check: any(l_st_k .> u_st_k) = false
└ @ Main /home/basta/Projects/bakalarka-openfoam/bakalarka-openfoam/MHD_control_cooling/src/controllers/mpc_alter.jl:515
┌ Debug: Warm starting U from previous solution (shifted).
└ @ Main /home/basta/Projects/bakalarka-openfoam/bakalarka-openfoam/MHD_control_cooling/src/controllers/mpc_alter.jl:528
┌ Debug: Warm starting V from previous solution (shifted).
└ @ Main /home/basta/Projects/bakalarka-openfoam/bakalarka-openfoam/MHD_control_cooling/src/controllers/mpc_alter.jl:537
┌ Debug: Initial U norm: 0.286, Initial V norm: 1.0678
└ @ Main /home/basta/Projects/bakalarka-openfoam/bakalarka-openfoam/MHD_control_cooling/src/controllers/mpc_alter.jl:544
┌ Debug: Using QP Regularization: 0.0001
└ @ Main /home/basta/Projects/bakalarka-openfoam/bakalarka-openfoam/MHD_control_cooling/src/controllers/mpc_alter.jl:549
┌ Debug: AM Iteration 1/5
└ @ Main /home/basta/Projects/bakalarka-openfoam/bakalarka-openfoam/MHD_control_cooling/src/controllers/mpc_alter.jl:561
┌ Debug:   U-Step OK. Status: LOCALLY_SOLVED, Primal: FEASIBLE_POINT. New U norm: 0.2964
└ @ Main /home/basta/Projects/bakalarka-openfoam/bakalarka-openfoam/MHD_control_cooling/src/controllers/mpc_alter.jl:605
┌ Debug:   V-Step OK. Status: LOCALLY_SOLVED, Primal: FEASIBLE_POINT. New V norm: 1.1021
└ @ Main /home/basta/Projects/bakalarka-openfoam/bakalarka-openfoam/MHD_control_cooling/src/controllers/mpc_alter.jl:662
┌ Debug:   AM Iter 1 took 45.69 ms. U Status: LOCALLY_SOLVED, V Status: LOCALLY_SOLVED
└ @ Main /home/basta/Projects/bakalarka-openfoam/bakalarka-openfoam/MHD_control_cooling/src/controllers/mpc_alter.jl:680
┌ Debug: AM Iteration 2/5
└ @ Main /home/basta/Projects/bakalarka-openfoam/bakalarka-openfoam/MHD_control_cooling/src/controllers/mpc_alter.jl:561
┌ Debug:   U-Step OK. Status: LOCALLY_SOLVED, Primal: FEASIBLE_POINT. New U norm: 0.2989
└ @ Main /home/basta/Projects/bakalarka-openfoam/bakalarka-openfoam/MHD_control_cooling/src/controllers/mpc_alter.jl:605
┌ Debug:   V-Step OK. Status: LOCALLY_SOLVED, Primal: FEASIBLE_POINT. New V norm: 1.1007
└ @ Main /home/basta/Projects/bakalarka-openfoam/bakalarka-openfoam/MHD_control_cooling/src/controllers/mpc_alter.jl:662
┌ Debug:   AM Iter 2 took 58.67 ms. U Status: LOCALLY_SOLVED, V Status: LOCALLY_SOLVED
└ @ Main /home/basta/Projects/bakalarka-openfoam/bakalarka-openfoam/MHD_control_cooling/src/controllers/mpc_alter.jl:680
┌ Debug: AM Iteration 3/5
└ @ Main /home/basta/Projects/bakalarka-openfoam/bakalarka-openfoam/MHD_control_cooling/src/controllers/mpc_alter.jl:561
┌ Debug:   U-Step OK. Status: LOCALLY_SOLVED, Primal: FEASIBLE_POINT. New U norm: 0.3014
└ @ Main /home/basta/Projects/bakalarka-openfoam/bakalarka-openfoam/MHD_control_cooling/src/controllers/mpc_alter.jl:605
┌ Debug:   V-Step OK. Status: LOCALLY_SOLVED, Primal: FEASIBLE_POINT. New V norm: 1.0994
└ @ Main /home/basta/Projects/bakalarka-openfoam/bakalarka-openfoam/MHD_control_cooling/src/controllers/mpc_alter.jl:662
┌ Debug:   AM Iter 3 took 44.94 ms. U Status: LOCALLY_SOLVED, V Status: LOCALLY_SOLVED
└ @ Main /home/basta/Projects/bakalarka-openfoam/bakalarka-openfoam/MHD_control_cooling/src/controllers/mpc_alter.jl:680
┌ Debug: AM Iteration 4/5
└ @ Main /home/basta/Projects/bakalarka-openfoam/bakalarka-openfoam/MHD_control_cooling/src/controllers/mpc_alter.jl:561
┌ Debug:   U-Step OK. Status: LOCALLY_SOLVED, Primal: FEASIBLE_POINT. New U norm: 0.3039
└ @ Main /home/basta/Projects/bakalarka-openfoam/bakalarka-openfoam/MHD_control_cooling/src/controllers/mpc_alter.jl:605
┌ Debug:   V-Step OK. Status: LOCALLY_SOLVED, Primal: FEASIBLE_POINT. New V norm: 1.0984
└ @ Main /home/basta/Projects/bakalarka-openfoam/bakalarka-openfoam/MHD_control_cooling/src/controllers/mpc_alter.jl:662
┌ Debug:   AM Iter 4 took 39.67 ms. U Status: LOCALLY_SOLVED, V Status: LOCALLY_SOLVED
└ @ Main /home/basta/Projects/bakalarka-openfoam/bakalarka-openfoam/MHD_control_cooling/src/controllers/mpc_alter.jl:680
┌ Debug: AM Iteration 5/5
└ @ Main /home/basta/Projects/bakalarka-openfoam/bakalarka-openfoam/MHD_control_cooling/src/controllers/mpc_alter.jl:561
┌ Debug:   U-Step OK. Status: LOCALLY_SOLVED, Primal: FEASIBLE_POINT. New U norm: 0.3063
└ @ Main /home/basta/Projects/bakalarka-openfoam/bakalarka-openfoam/MHD_control_cooling/src/controllers/mpc_alter.jl:605
┌ Debug:   V-Step OK. Status: LOCALLY_SOLVED, Primal: FEASIBLE_POINT. New V norm: 1.0975
└ @ Main /home/basta/Projects/bakalarka-openfoam/bakalarka-openfoam/MHD_control_cooling/src/controllers/mpc_alter.jl:662
┌ Debug:   AM Iter 5 took 68.99 ms. U Status: LOCALLY_SOLVED, V Status: LOCALLY_SOLVED
└ @ Main /home/basta/Projects/bakalarka-openfoam/bakalarka-openfoam/MHD_control_cooling/src/controllers/mpc_alter.jl:680
┌ Debug: AM finished after 5 iterations.
└ @ Main /home/basta/Projects/bakalarka-openfoam/bakalarka-openfoam/MHD_control_cooling/src/controllers/mpc_alter.jl:697
┌ Debug: Final U norm: 0.3063, Final V norm: 1.0975
└ @ Main /home/basta/Projects/bakalarka-openfoam/bakalarka-openfoam/MHD_control_cooling/src/controllers/mpc_alter.jl:698
┌ Debug: Physical Bounds Hit: U_min=false, U_max=false, V_min=false, V_max=false
└ @ Main /home/basta/Projects/bakalarka-openfoam/bakalarka-openfoam/MHD_control_cooling/src/controllers/mpc_alter.jl:704
┌ Debug: Storing effective theta_k (for next step): Norm=0.1057, First 5=[0.0686, -0.0, 0.0686, -0.0, -0.0]
└ @ Main /home/basta/Projects/bakalarka-openfoam/bakalarka-openfoam/MHD_control_cooling/src/controllers/mpc_alter.jl:733
┌ Info: Control action computed in 290.85 ms. Sending input u[1]=0.1582, v[1]=0.4339...
└ @ Main /home/basta/Projects/bakalarka-openfoam/bakalarka-openfoam/MHD_control_cooling/src/controllers/mpc_alter.jl:753
┌ Info: ("Sending input", [0.158153057966157, -2.3045583724852898e-8, 0.15815306437063031, -2.260478209299046e-8, 0.4339226167840384, -6.275797171215794e-8, -6.24544035389837e-8, 0.18728787168294145])
└ @ Main /home/basta/Projects/bakalarka-openfoam/bakalarka-openfoam/MHD_control_cooling/src/scripts/sock_field_server.jl:287
┌ Debug: update_controller_state! called at time 27.140062. No action implemented.
└ @ Main /home/basta/Projects/bakalarka-openfoam/bakalarka-openfoam/MHD_control_cooling/src/controllers/mpc_alter.jl:763
┌ Debug: update_controller_state! called at time 27.140062. No action implemented.
└ @ Main /home/basta/Projects/bakalarka-openfoam/bakalarka-openfoam/MHD_control_cooling/src/controllers/mpc_alter.jl:763
┌ Debug: Raw Measurement 'wallheatflux' value: -0.573249625
└ @ Main /home/basta/Projects/bakalarka-openfoam/bakalarka-openfoam/MHD_control_cooling/src/controllers/mpc_alter.jl:455
┌ Debug: Centered Measurement yk: -0.573249625
└ @ Main /home/basta/Projects/bakalarka-openfoam/bakalarka-openfoam/MHD_control_cooling/src/controllers/mpc_alter.jl:458
┌ Debug: Constructed state xk[1:5] = [-0.5732, -0.573, -0.5727, -0.5724, -0.5721]... | Norm: 3.3891
└ @ Main /home/basta/Projects/bakalarka-openfoam/bakalarka-openfoam/MHD_control_cooling/src/controllers/mpc_alter.jl:504
┌ Debug: State error (output) xk[1]-xref[1]: 0.4268 | Full error norm: 26.0504
└ @ Main /home/basta/Projects/bakalarka-openfoam/bakalarka-openfoam/MHD_control_cooling/src/controllers/mpc_alter.jl:514
┌ Debug: State bounds check: any(l_st_k .> u_st_k) = false
└ @ Main /home/basta/Projects/bakalarka-openfoam/bakalarka-openfoam/MHD_control_cooling/src/controllers/mpc_alter.jl:515
┌ Debug: Warm starting U from previous solution (shifted).
└ @ Main /home/basta/Projects/bakalarka-openfoam/bakalarka-openfoam/MHD_control_cooling/src/controllers/mpc_alter.jl:528
┌ Debug: Warm starting V from previous solution (shifted).
└ @ Main /home/basta/Projects/bakalarka-openfoam/bakalarka-openfoam/MHD_control_cooling/src/controllers/mpc_alter.jl:537
┌ Debug: Initial U norm: 0.2092, Initial V norm: 0.9906
└ @ Main /home/basta/Projects/bakalarka-openfoam/bakalarka-openfoam/MHD_control_cooling/src/controllers/mpc_alter.jl:544
┌ Debug: Using QP Regularization: 0.0001
└ @ Main /home/basta/Projects/bakalarka-openfoam/bakalarka-openfoam/MHD_control_cooling/src/controllers/mpc_alter.jl:549
┌ Debug: AM Iteration 1/5
└ @ Main /home/basta/Projects/bakalarka-openfoam/bakalarka-openfoam/MHD_control_cooling/src/controllers/mpc_alter.jl:561
┌ Debug:   U-Step OK. Status: LOCALLY_SOLVED, Primal: FEASIBLE_POINT. New U norm: 0.2108
└ @ Main /home/basta/Projects/bakalarka-openfoam/bakalarka-openfoam/MHD_control_cooling/src/controllers/mpc_alter.jl:605
┌ Debug:   V-Step OK. Status: LOCALLY_SOLVED, Primal: FEASIBLE_POINT. New V norm: 1.0434
└ @ Main /home/basta/Projects/bakalarka-openfoam/bakalarka-openfoam/MHD_control_cooling/src/controllers/mpc_alter.jl:662
┌ Debug:   AM Iter 1 took 37.88 ms. U Status: LOCALLY_SOLVED, V Status: LOCALLY_SOLVED
└ @ Main /home/basta/Projects/bakalarka-openfoam/bakalarka-openfoam/MHD_control_cooling/src/controllers/mpc_alter.jl:680
┌ Debug: AM Iteration 2/5
└ @ Main /home/basta/Projects/bakalarka-openfoam/bakalarka-openfoam/MHD_control_cooling/src/controllers/mpc_alter.jl:561
┌ Debug:   U-Step OK. Status: LOCALLY_SOLVED, Primal: FEASIBLE_POINT. New U norm: 0.2118
└ @ Main /home/basta/Projects/bakalarka-openfoam/bakalarka-openfoam/MHD_control_cooling/src/controllers/mpc_alter.jl:605
┌ Debug:   V-Step OK. Status: LOCALLY_SOLVED, Primal: FEASIBLE_POINT. New V norm: 1.0433
└ @ Main /home/basta/Projects/bakalarka-openfoam/bakalarka-openfoam/MHD_control_cooling/src/controllers/mpc_alter.jl:662
┌ Debug:   AM Iter 2 took 35.78 ms. U Status: LOCALLY_SOLVED, V Status: LOCALLY_SOLVED
└ @ Main /home/basta/Projects/bakalarka-openfoam/bakalarka-openfoam/MHD_control_cooling/src/controllers/mpc_alter.jl:680
┌ Debug: AM Iteration 3/5
└ @ Main /home/basta/Projects/bakalarka-openfoam/bakalarka-openfoam/MHD_control_cooling/src/controllers/mpc_alter.jl:561
┌ Debug:   U-Step OK. Status: LOCALLY_SOLVED, Primal: FEASIBLE_POINT. New U norm: 0.2128
└ @ Main /home/basta/Projects/bakalarka-openfoam/bakalarka-openfoam/MHD_control_cooling/src/controllers/mpc_alter.jl:605
┌ Debug:   V-Step OK. Status: LOCALLY_SOLVED, Primal: FEASIBLE_POINT. New V norm: 1.0433
└ @ Main /home/basta/Projects/bakalarka-openfoam/bakalarka-openfoam/MHD_control_cooling/src/controllers/mpc_alter.jl:662
┌ Debug:   AM Iter 3 took 35.52 ms. U Status: LOCALLY_SOLVED, V Status: LOCALLY_SOLVED
└ @ Main /home/basta/Projects/bakalarka-openfoam/bakalarka-openfoam/MHD_control_cooling/src/controllers/mpc_alter.jl:680
┌ Debug: AM Iteration 4/5
└ @ Main /home/basta/Projects/bakalarka-openfoam/bakalarka-openfoam/MHD_control_cooling/src/controllers/mpc_alter.jl:561
┌ Debug:   U-Step OK. Status: LOCALLY_SOLVED, Primal: FEASIBLE_POINT. New U norm: 0.2137
└ @ Main /home/basta/Projects/bakalarka-openfoam/bakalarka-openfoam/MHD_control_cooling/src/controllers/mpc_alter.jl:605
┌ Debug:   V-Step OK. Status: LOCALLY_SOLVED, Primal: FEASIBLE_POINT. New V norm: 1.0432
└ @ Main /home/basta/Projects/bakalarka-openfoam/bakalarka-openfoam/MHD_control_cooling/src/controllers/mpc_alter.jl:662
┌ Debug:   AM Iter 4 took 33.37 ms. U Status: LOCALLY_SOLVED, V Status: LOCALLY_SOLVED
└ @ Main /home/basta/Projects/bakalarka-openfoam/bakalarka-openfoam/MHD_control_cooling/src/controllers/mpc_alter.jl:680
┌ Debug: AM Iteration 5/5
└ @ Main /home/basta/Projects/bakalarka-openfoam/bakalarka-openfoam/MHD_control_cooling/src/controllers/mpc_alter.jl:561
┌ Debug:   U-Step OK. Status: LOCALLY_SOLVED, Primal: FEASIBLE_POINT. New U norm: 0.2147
└ @ Main /home/basta/Projects/bakalarka-openfoam/bakalarka-openfoam/MHD_control_cooling/src/controllers/mpc_alter.jl:605
┌ Debug:   V-Step OK. Status: LOCALLY_SOLVED, Primal: FEASIBLE_POINT. New V norm: 1.0432
└ @ Main /home/basta/Projects/bakalarka-openfoam/bakalarka-openfoam/MHD_control_cooling/src/controllers/mpc_alter.jl:662
┌ Debug:   AM Iter 5 took 30.11 ms. U Status: LOCALLY_SOLVED, V Status: LOCALLY_SOLVED
└ @ Main /home/basta/Projects/bakalarka-openfoam/bakalarka-openfoam/MHD_control_cooling/src/controllers/mpc_alter.jl:680
┌ Debug: AM finished after 5 iterations.
└ @ Main /home/basta/Projects/bakalarka-openfoam/bakalarka-openfoam/MHD_control_cooling/src/controllers/mpc_alter.jl:697
┌ Debug: Final U norm: 0.2147, Final V norm: 1.0432
└ @ Main /home/basta/Projects/bakalarka-openfoam/bakalarka-openfoam/MHD_control_cooling/src/controllers/mpc_alter.jl:698
┌ Debug: Physical Bounds Hit: U_min=false, U_max=false, V_min=false, V_max=false
└ @ Main /home/basta/Projects/bakalarka-openfoam/bakalarka-openfoam/MHD_control_cooling/src/controllers/mpc_alter.jl:704
┌ Debug: Storing effective theta_k (for next step): Norm=0.0716, First 5=[0.0237, 0.0237, -0.0, 0.0237, -0.0]
└ @ Main /home/basta/Projects/bakalarka-openfoam/bakalarka-openfoam/MHD_control_cooling/src/controllers/mpc_alter.jl:733
┌ Info: Control action computed in 208.81 ms. Sending input u[1]=0.064, v[1]=0.3707...
└ @ Main /home/basta/Projects/bakalarka-openfoam/bakalarka-openfoam/MHD_control_cooling/src/controllers/mpc_alter.jl:753
┌ Info: ("Sending input", [0.06401428327657364, 0.0640142831896222, -1.8896270885976147e-8, 0.06401428258802769, 0.37068926319066536, -1.5555109302431025e-7, 0.5292049451069796, -1.5565937415545179e-7])
└ @ Main /home/basta/Projects/bakalarka-openfoam/bakalarka-openfoam/MHD_control_cooling/src/scripts/sock_field_server.jl:287
┌ Debug: update_controller_state! called at time 28.140062. No action implemented.
└ @ Main /home/basta/Projects/bakalarka-openfoam/bakalarka-openfoam/MHD_control_cooling/src/controllers/mpc_alter.jl:763
┌ Debug: update_controller_state! called at time 28.140062. No action implemented.
└ @ Main /home/basta/Projects/bakalarka-openfoam/bakalarka-openfoam/MHD_control_cooling/src/controllers/mpc_alter.jl:763
┌ Debug: Raw Measurement 'wallheatflux' value: -0.5736369375
└ @ Main /home/basta/Projects/bakalarka-openfoam/bakalarka-openfoam/MHD_control_cooling/src/controllers/mpc_alter.jl:455
┌ Debug: Centered Measurement yk: -0.5736369375
└ @ Main /home/basta/Projects/bakalarka-openfoam/bakalarka-openfoam/MHD_control_cooling/src/controllers/mpc_alter.jl:458
┌ Debug: Constructed state xk[1:5] = [-0.5736, -0.5732, -0.573, -0.5727, -0.5724]... | Norm: 3.438
└ @ Main /home/basta/Projects/bakalarka-openfoam/bakalarka-openfoam/MHD_control_cooling/src/controllers/mpc_alter.jl:504
┌ Debug: State error (output) xk[1]-xref[1]: 0.4264 | Full error norm: 25.7114
└ @ Main /home/basta/Projects/bakalarka-openfoam/bakalarka-openfoam/MHD_control_cooling/src/controllers/mpc_alter.jl:514
┌ Debug: State bounds check: any(l_st_k .> u_st_k) = false
└ @ Main /home/basta/Projects/bakalarka-openfoam/bakalarka-openfoam/MHD_control_cooling/src/controllers/mpc_alter.jl:515
┌ Debug: Warm starting U from previous solution (shifted).
└ @ Main /home/basta/Projects/bakalarka-openfoam/bakalarka-openfoam/MHD_control_cooling/src/controllers/mpc_alter.jl:528
┌ Debug: Warm starting V from previous solution (shifted).
└ @ Main /home/basta/Projects/bakalarka-openfoam/bakalarka-openfoam/MHD_control_cooling/src/controllers/mpc_alter.jl:537
┌ Debug: Initial U norm: 0.1839, Initial V norm: 0.819
└ @ Main /home/basta/Projects/bakalarka-openfoam/bakalarka-openfoam/MHD_control_cooling/src/controllers/mpc_alter.jl:544
┌ Debug: Using QP Regularization: 0.0001
└ @ Main /home/basta/Projects/bakalarka-openfoam/bakalarka-openfoam/MHD_control_cooling/src/controllers/mpc_alter.jl:549
┌ Debug: AM Iteration 1/5
└ @ Main /home/basta/Projects/bakalarka-openfoam/bakalarka-openfoam/MHD_control_cooling/src/controllers/mpc_alter.jl:561
┌ Debug:   U-Step OK. Status: LOCALLY_SOLVED, Primal: FEASIBLE_POINT. New U norm: 0.1848
└ @ Main /home/basta/Projects/bakalarka-openfoam/bakalarka-openfoam/MHD_control_cooling/src/controllers/mpc_alter.jl:605
┌ Debug:   V-Step OK. Status: LOCALLY_SOLVED, Primal: FEASIBLE_POINT. New V norm: 0.8258
└ @ Main /home/basta/Projects/bakalarka-openfoam/bakalarka-openfoam/MHD_control_cooling/src/controllers/mpc_alter.jl:662
┌ Debug:   AM Iter 1 took 31.43 ms. U Status: LOCALLY_SOLVED, V Status: LOCALLY_SOLVED
└ @ Main /home/basta/Projects/bakalarka-openfoam/bakalarka-openfoam/MHD_control_cooling/src/controllers/mpc_alter.jl:680
┌ Debug: AM Iteration 2/5
└ @ Main /home/basta/Projects/bakalarka-openfoam/bakalarka-openfoam/MHD_control_cooling/src/controllers/mpc_alter.jl:561
┌ Debug:   U-Step OK. Status: LOCALLY_SOLVED, Primal: FEASIBLE_POINT. New U norm: 0.1856
└ @ Main /home/basta/Projects/bakalarka-openfoam/bakalarka-openfoam/MHD_control_cooling/src/controllers/mpc_alter.jl:605
┌ Debug:   V-Step OK. Status: LOCALLY_SOLVED, Primal: FEASIBLE_POINT. New V norm: 0.8254
└ @ Main /home/basta/Projects/bakalarka-openfoam/bakalarka-openfoam/MHD_control_cooling/src/controllers/mpc_alter.jl:662
┌ Debug:   AM Iter 2 took 33.65 ms. U Status: LOCALLY_SOLVED, V Status: LOCALLY_SOLVED
└ @ Main /home/basta/Projects/bakalarka-openfoam/bakalarka-openfoam/MHD_control_cooling/src/controllers/mpc_alter.jl:680
┌ Debug: AM Iteration 3/5
└ @ Main /home/basta/Projects/bakalarka-openfoam/bakalarka-openfoam/MHD_control_cooling/src/controllers/mpc_alter.jl:561
┌ Debug:   U-Step OK. Status: LOCALLY_SOLVED, Primal: FEASIBLE_POINT. New U norm: 0.1865
└ @ Main /home/basta/Projects/bakalarka-openfoam/bakalarka-openfoam/MHD_control_cooling/src/controllers/mpc_alter.jl:605
┌ Debug:   V-Step OK. Status: LOCALLY_SOLVED, Primal: FEASIBLE_POINT. New V norm: 0.8251
└ @ Main /home/basta/Projects/bakalarka-openfoam/bakalarka-openfoam/MHD_control_cooling/src/controllers/mpc_alter.jl:662
┌ Debug:   AM Iter 3 took 29.86 ms. U Status: LOCALLY_SOLVED, V Status: LOCALLY_SOLVED
└ @ Main /home/basta/Projects/bakalarka-openfoam/bakalarka-openfoam/MHD_control_cooling/src/controllers/mpc_alter.jl:680
┌ Debug: AM Iteration 4/5
└ @ Main /home/basta/Projects/bakalarka-openfoam/bakalarka-openfoam/MHD_control_cooling/src/controllers/mpc_alter.jl:561
┌ Debug:   U-Step OK. Status: LOCALLY_SOLVED, Primal: FEASIBLE_POINT. New U norm: 0.1873
└ @ Main /home/basta/Projects/bakalarka-openfoam/bakalarka-openfoam/MHD_control_cooling/src/controllers/mpc_alter.jl:605
┌ Debug:   V-Step OK. Status: LOCALLY_SOLVED, Primal: FEASIBLE_POINT. New V norm: 0.8247
└ @ Main /home/basta/Projects/bakalarka-openfoam/bakalarka-openfoam/MHD_control_cooling/src/controllers/mpc_alter.jl:662
┌ Debug:   AM Iter 4 took 26.63 ms. U Status: LOCALLY_SOLVED, V Status: LOCALLY_SOLVED
└ @ Main /home/basta/Projects/bakalarka-openfoam/bakalarka-openfoam/MHD_control_cooling/src/controllers/mpc_alter.jl:680
┌ Debug: AM Iteration 5/5
└ @ Main /home/basta/Projects/bakalarka-openfoam/bakalarka-openfoam/MHD_control_cooling/src/controllers/mpc_alter.jl:561
┌ Debug:   U-Step OK. Status: LOCALLY_SOLVED, Primal: FEASIBLE_POINT. New U norm: 0.1882
└ @ Main /home/basta/Projects/bakalarka-openfoam/bakalarka-openfoam/MHD_control_cooling/src/controllers/mpc_alter.jl:605
┌ Debug:   V-Step OK. Status: LOCALLY_SOLVED, Primal: FEASIBLE_POINT. New V norm: 0.8243
└ @ Main /home/basta/Projects/bakalarka-openfoam/bakalarka-openfoam/MHD_control_cooling/src/controllers/mpc_alter.jl:662
┌ Debug:   AM Iter 5 took 61.1 ms. U Status: LOCALLY_SOLVED, V Status: LOCALLY_SOLVED
└ @ Main /home/basta/Projects/bakalarka-openfoam/bakalarka-openfoam/MHD_control_cooling/src/controllers/mpc_alter.jl:680
┌ Debug: AM finished after 5 iterations.
└ @ Main /home/basta/Projects/bakalarka-openfoam/bakalarka-openfoam/MHD_control_cooling/src/controllers/mpc_alter.jl:697
┌ Debug: Final U norm: 0.1882, Final V norm: 0.8243
└ @ Main /home/basta/Projects/bakalarka-openfoam/bakalarka-openfoam/MHD_control_cooling/src/controllers/mpc_alter.jl:698
┌ Debug: Physical Bounds Hit: U_min=false, U_max=false, V_min=false, V_max=false
└ @ Main /home/basta/Projects/bakalarka-openfoam/bakalarka-openfoam/MHD_control_cooling/src/controllers/mpc_alter.jl:704
┌ Debug: Storing effective theta_k (for next step): Norm=0.0709, First 5=[0.0386, -0.0, 0.0386, -0.0, -0.0]
└ @ Main /home/basta/Projects/bakalarka-openfoam/bakalarka-openfoam/MHD_control_cooling/src/controllers/mpc_alter.jl:733
┌ Info: Control action computed in 220.74 ms. Sending input u[1]=0.0762, v[1]=0.5067...
└ @ Main /home/basta/Projects/bakalarka-openfoam/bakalarka-openfoam/MHD_control_cooling/src/controllers/mpc_alter.jl:753
┌ Info: ("Sending input", [0.07622341939088693, -1.973703421358174e-8, 0.07622341950064038, -1.970369511128992e-8, 0.506661734935847, -1.304817122773239e-7, -1.302914152111408e-7, 0.4198724352648216])
└ @ Main /home/basta/Projects/bakalarka-openfoam/bakalarka-openfoam/MHD_control_cooling/src/scripts/sock_field_server.jl:287
┌ Debug: update_controller_state! called at time 29.140062. No action implemented.
└ @ Main /home/basta/Projects/bakalarka-openfoam/bakalarka-openfoam/MHD_control_cooling/src/controllers/mpc_alter.jl:763
┌ Debug: update_controller_state! called at time 29.140062. No action implemented.
└ @ Main /home/basta/Projects/bakalarka-openfoam/bakalarka-openfoam/MHD_control_cooling/src/controllers/mpc_alter.jl:763
┌ Debug: Raw Measurement 'wallheatflux' value: -0.574093375
└ @ Main /home/basta/Projects/bakalarka-openfoam/bakalarka-openfoam/MHD_control_cooling/src/controllers/mpc_alter.jl:455
┌ Debug: Centered Measurement yk: -0.574093375
└ @ Main /home/basta/Projects/bakalarka-openfoam/bakalarka-openfoam/MHD_control_cooling/src/controllers/mpc_alter.jl:458
┌ Debug: Constructed state xk[1:5] = [-0.5741, -0.5736, -0.5732, -0.573, -0.5727]... | Norm: 3.4864
└ @ Main /home/basta/Projects/bakalarka-openfoam/bakalarka-openfoam/MHD_control_cooling/src/controllers/mpc_alter.jl:504
┌ Debug: State error (output) xk[1]-xref[1]: 0.4259 | Full error norm: 25.2991
└ @ Main /home/basta/Projects/bakalarka-openfoam/bakalarka-openfoam/MHD_control_cooling/src/controllers/mpc_alter.jl:514
┌ Debug: State bounds check: any(l_st_k .> u_st_k) = false
└ @ Main /home/basta/Projects/bakalarka-openfoam/bakalarka-openfoam/MHD_control_cooling/src/controllers/mpc_alter.jl:515
┌ Debug: Warm starting U from previous solution (shifted).
└ @ Main /home/basta/Projects/bakalarka-openfoam/bakalarka-openfoam/MHD_control_cooling/src/controllers/mpc_alter.jl:528
┌ Debug: Warm starting V from previous solution (shifted).
└ @ Main /home/basta/Projects/bakalarka-openfoam/bakalarka-openfoam/MHD_control_cooling/src/controllers/mpc_alter.jl:537
┌ Debug: Initial U norm: 0.1542, Initial V norm: 0.4965
└ @ Main /home/basta/Projects/bakalarka-openfoam/bakalarka-openfoam/MHD_control_cooling/src/controllers/mpc_alter.jl:544
┌ Debug: Using QP Regularization: 0.0001
└ @ Main /home/basta/Projects/bakalarka-openfoam/bakalarka-openfoam/MHD_control_cooling/src/controllers/mpc_alter.jl:549
┌ Debug: AM Iteration 1/5
└ @ Main /home/basta/Projects/bakalarka-openfoam/bakalarka-openfoam/MHD_control_cooling/src/controllers/mpc_alter.jl:561
┌ Debug:   U-Step OK. Status: LOCALLY_SOLVED, Primal: FEASIBLE_POINT. New U norm: 0.1532
└ @ Main /home/basta/Projects/bakalarka-openfoam/bakalarka-openfoam/MHD_control_cooling/src/controllers/mpc_alter.jl:605
┌ Debug:   V-Step OK. Status: LOCALLY_SOLVED, Primal: FEASIBLE_POINT. New V norm: 0.5023
└ @ Main /home/basta/Projects/bakalarka-openfoam/bakalarka-openfoam/MHD_control_cooling/src/controllers/mpc_alter.jl:662
┌ Debug:   AM Iter 1 took 22.16 ms. U Status: LOCALLY_SOLVED, V Status: LOCALLY_SOLVED
└ @ Main /home/basta/Projects/bakalarka-openfoam/bakalarka-openfoam/MHD_control_cooling/src/controllers/mpc_alter.jl:680
┌ Debug: AM Iteration 2/5
└ @ Main /home/basta/Projects/bakalarka-openfoam/bakalarka-openfoam/MHD_control_cooling/src/controllers/mpc_alter.jl:561
┌ Debug:   U-Step OK. Status: LOCALLY_SOLVED, Primal: FEASIBLE_POINT. New U norm: 0.153
└ @ Main /home/basta/Projects/bakalarka-openfoam/bakalarka-openfoam/MHD_control_cooling/src/controllers/mpc_alter.jl:605
┌ Debug:   V-Step OK. Status: LOCALLY_SOLVED, Primal: FEASIBLE_POINT. New V norm: 0.5041
└ @ Main /home/basta/Projects/bakalarka-openfoam/bakalarka-openfoam/MHD_control_cooling/src/controllers/mpc_alter.jl:662
┌ Debug:   AM Iter 2 took 18.67 ms. U Status: LOCALLY_SOLVED, V Status: LOCALLY_SOLVED
└ @ Main /home/basta/Projects/bakalarka-openfoam/bakalarka-openfoam/MHD_control_cooling/src/controllers/mpc_alter.jl:680
┌ Debug: AM Iteration 3/5
└ @ Main /home/basta/Projects/bakalarka-openfoam/bakalarka-openfoam/MHD_control_cooling/src/controllers/mpc_alter.jl:561
┌ Debug:   U-Step OK. Status: LOCALLY_SOLVED, Primal: FEASIBLE_POINT. New U norm: 0.1529
└ @ Main /home/basta/Projects/bakalarka-openfoam/bakalarka-openfoam/MHD_control_cooling/src/controllers/mpc_alter.jl:605
┌ Debug:   V-Step OK. Status: LOCALLY_SOLVED, Primal: FEASIBLE_POINT. New V norm: 0.5057
└ @ Main /home/basta/Projects/bakalarka-openfoam/bakalarka-openfoam/MHD_control_cooling/src/controllers/mpc_alter.jl:662
┌ Debug:   AM Iter 3 took 21.13 ms. U Status: LOCALLY_SOLVED, V Status: LOCALLY_SOLVED
└ @ Main /home/basta/Projects/bakalarka-openfoam/bakalarka-openfoam/MHD_control_cooling/src/controllers/mpc_alter.jl:680
┌ Debug: AM Iteration 4/5
└ @ Main /home/basta/Projects/bakalarka-openfoam/bakalarka-openfoam/MHD_control_cooling/src/controllers/mpc_alter.jl:561
┌ Debug:   U-Step OK. Status: LOCALLY_SOLVED, Primal: FEASIBLE_POINT. New U norm: 0.1529
└ @ Main /home/basta/Projects/bakalarka-openfoam/bakalarka-openfoam/MHD_control_cooling/src/controllers/mpc_alter.jl:605
┌ Debug:   V-Step OK. Status: LOCALLY_SOLVED, Primal: FEASIBLE_POINT. New V norm: 0.5074
└ @ Main /home/basta/Projects/bakalarka-openfoam/bakalarka-openfoam/MHD_control_cooling/src/controllers/mpc_alter.jl:662
┌ Debug:   AM Iter 4 took 24.28 ms. U Status: LOCALLY_SOLVED, V Status: LOCALLY_SOLVED
└ @ Main /home/basta/Projects/bakalarka-openfoam/bakalarka-openfoam/MHD_control_cooling/src/controllers/mpc_alter.jl:680
┌ Debug: AM Iteration 5/5
└ @ Main /home/basta/Projects/bakalarka-openfoam/bakalarka-openfoam/MHD_control_cooling/src/controllers/mpc_alter.jl:561
┌ Debug:   U-Step OK. Status: LOCALLY_SOLVED, Primal: FEASIBLE_POINT. New U norm: 0.1528
└ @ Main /home/basta/Projects/bakalarka-openfoam/bakalarka-openfoam/MHD_control_cooling/src/controllers/mpc_alter.jl:605
┌ Debug:   V-Step OK. Status: LOCALLY_SOLVED, Primal: FEASIBLE_POINT. New V norm: 0.5091
└ @ Main /home/basta/Projects/bakalarka-openfoam/bakalarka-openfoam/MHD_control_cooling/src/controllers/mpc_alter.jl:662
┌ Debug:   AM Iter 5 took 22.0 ms. U Status: LOCALLY_SOLVED, V Status: LOCALLY_SOLVED
└ @ Main /home/basta/Projects/bakalarka-openfoam/bakalarka-openfoam/MHD_control_cooling/src/controllers/mpc_alter.jl:680
┌ Debug: AM finished after 5 iterations.
└ @ Main /home/basta/Projects/bakalarka-openfoam/bakalarka-openfoam/MHD_control_cooling/src/controllers/mpc_alter.jl:697
┌ Debug: Final U norm: 0.1528, Final V norm: 0.5091
└ @ Main /home/basta/Projects/bakalarka-openfoam/bakalarka-openfoam/MHD_control_cooling/src/controllers/mpc_alter.jl:698
┌ Debug: Physical Bounds Hit: U_min=false, U_max=false, V_min=false, V_max=false
└ @ Main /home/basta/Projects/bakalarka-openfoam/bakalarka-openfoam/MHD_control_cooling/src/controllers/mpc_alter.jl:704
┌ Debug: Storing effective theta_k (for next step): Norm=0.0778, First 5=[0.0218, 0.0218, -0.0, 0.0206, -0.0]
└ @ Main /home/basta/Projects/bakalarka-openfoam/bakalarka-openfoam/MHD_control_cooling/src/controllers/mpc_alter.jl:733
┌ Info: Control action computed in 146.29 ms. Sending input u[1]=0.0899, v[1]=0.2429...
└ @ Main /home/basta/Projects/bakalarka-openfoam/bakalarka-openfoam/MHD_control_cooling/src/controllers/mpc_alter.jl:753
┌ Info: ("Sending input", [0.08990596571819943, 0.0899059656279318, -2.2348379824992767e-8, 0.08476600699144625, 0.24288449802851095, -1.1115586405046227e-7, 0.44745972973753756, -1.1083833896881639e-7])
└ @ Main /home/basta/Projects/bakalarka-openfoam/bakalarka-openfoam/MHD_control_cooling/src/scripts/sock_field_server.jl:287
┌ Debug: update_controller_state! called at time 30.140062. No action implemented.
└ @ Main /home/basta/Projects/bakalarka-openfoam/bakalarka-openfoam/MHD_control_cooling/src/controllers/mpc_alter.jl:763
┌ Debug: update_controller_state! called at time 30.140062. No action implemented.
└ @ Main /home/basta/Projects/bakalarka-openfoam/bakalarka-openfoam/MHD_control_cooling/src/controllers/mpc_alter.jl:763
┌ Debug: Raw Measurement 'wallheatflux' value: -0.574564875
└ @ Main /home/basta/Projects/bakalarka-openfoam/bakalarka-openfoam/MHD_control_cooling/src/controllers/mpc_alter.jl:455
┌ Debug: Centered Measurement yk: -0.574564875
└ @ Main /home/basta/Projects/bakalarka-openfoam/bakalarka-openfoam/MHD_control_cooling/src/controllers/mpc_alter.jl:458
┌ Debug: Constructed state xk[1:5] = [-0.5746, -0.5741, -0.5736, -0.5732, -0.573]... | Norm: 3.5343
└ @ Main /home/basta/Projects/bakalarka-openfoam/bakalarka-openfoam/MHD_control_cooling/src/controllers/mpc_alter.jl:504
┌ Debug: State error (output) xk[1]-xref[1]: 0.4254 | Full error norm: 24.8743
└ @ Main /home/basta/Projects/bakalarka-openfoam/bakalarka-openfoam/MHD_control_cooling/src/controllers/mpc_alter.jl:514
┌ Debug: State bounds check: any(l_st_k .> u_st_k) = false
└ @ Main /home/basta/Projects/bakalarka-openfoam/bakalarka-openfoam/MHD_control_cooling/src/controllers/mpc_alter.jl:515
┌ Debug: Warm starting U from previous solution (shifted).
└ @ Main /home/basta/Projects/bakalarka-openfoam/bakalarka-openfoam/MHD_control_cooling/src/controllers/mpc_alter.jl:528
┌ Debug: Warm starting V from previous solution (shifted).
└ @ Main /home/basta/Projects/bakalarka-openfoam/bakalarka-openfoam/MHD_control_cooling/src/controllers/mpc_alter.jl:537
┌ Debug: Initial U norm: 0.0, Initial V norm: 0.0
└ @ Main /home/basta/Projects/bakalarka-openfoam/bakalarka-openfoam/MHD_control_cooling/src/controllers/mpc_alter.jl:544
┌ Debug: Using QP Regularization: 0.0001
└ @ Main /home/basta/Projects/bakalarka-openfoam/bakalarka-openfoam/MHD_control_cooling/src/controllers/mpc_alter.jl:549
┌ Debug: AM Iteration 1/5
└ @ Main /home/basta/Projects/bakalarka-openfoam/bakalarka-openfoam/MHD_control_cooling/src/controllers/mpc_alter.jl:561
┌ Debug:   U-Step OK. Status: LOCALLY_SOLVED, Primal: FEASIBLE_POINT. New U norm: 0.0
└ @ Main /home/basta/Projects/bakalarka-openfoam/bakalarka-openfoam/MHD_control_cooling/src/controllers/mpc_alter.jl:605
┌ Debug:   V-Step OK. Status: LOCALLY_SOLVED, Primal: FEASIBLE_POINT. New V norm: 0.0
└ @ Main /home/basta/Projects/bakalarka-openfoam/bakalarka-openfoam/MHD_control_cooling/src/controllers/mpc_alter.jl:662
┌ Debug:   AM Iter 1 took 11.14 ms. U Status: LOCALLY_SOLVED, V Status: LOCALLY_SOLVED
└ @ Main /home/basta/Projects/bakalarka-openfoam/bakalarka-openfoam/MHD_control_cooling/src/controllers/mpc_alter.jl:680
┌ Debug: AM Iteration 2/5
└ @ Main /home/basta/Projects/bakalarka-openfoam/bakalarka-openfoam/MHD_control_cooling/src/controllers/mpc_alter.jl:561
┌ Debug:   U-Step OK. Status: LOCALLY_SOLVED, Primal: FEASIBLE_POINT. New U norm: 0.0
└ @ Main /home/basta/Projects/bakalarka-openfoam/bakalarka-openfoam/MHD_control_cooling/src/controllers/mpc_alter.jl:605
┌ Debug:   V-Step OK. Status: LOCALLY_SOLVED, Primal: FEASIBLE_POINT. New V norm: 0.0
└ @ Main /home/basta/Projects/bakalarka-openfoam/bakalarka-openfoam/MHD_control_cooling/src/controllers/mpc_alter.jl:662
┌ Debug:   AM Iter 2 took 8.42 ms. U Status: LOCALLY_SOLVED, V Status: LOCALLY_SOLVED
└ @ Main /home/basta/Projects/bakalarka-openfoam/bakalarka-openfoam/MHD_control_cooling/src/controllers/mpc_alter.jl:680
┌ Debug: AM Iteration 3/5
└ @ Main /home/basta/Projects/bakalarka-openfoam/bakalarka-openfoam/MHD_control_cooling/src/controllers/mpc_alter.jl:561
┌ Debug:   U-Step OK. Status: LOCALLY_SOLVED, Primal: FEASIBLE_POINT. New U norm: 0.0
└ @ Main /home/basta/Projects/bakalarka-openfoam/bakalarka-openfoam/MHD_control_cooling/src/controllers/mpc_alter.jl:605
┌ Debug:   V-Step OK. Status: LOCALLY_SOLVED, Primal: FEASIBLE_POINT. New V norm: 0.0
└ @ Main /home/basta/Projects/bakalarka-openfoam/bakalarka-openfoam/MHD_control_cooling/src/controllers/mpc_alter.jl:662
┌ Debug:   AM Iter 3 took 9.2 ms. U Status: LOCALLY_SOLVED, V Status: LOCALLY_SOLVED
└ @ Main /home/basta/Projects/bakalarka-openfoam/bakalarka-openfoam/MHD_control_cooling/src/controllers/mpc_alter.jl:680
┌ Debug: AM Iteration 4/5
└ @ Main /home/basta/Projects/bakalarka-openfoam/bakalarka-openfoam/MHD_control_cooling/src/controllers/mpc_alter.jl:561
┌ Debug:   U-Step OK. Status: LOCALLY_SOLVED, Primal: FEASIBLE_POINT. New U norm: 0.0
└ @ Main /home/basta/Projects/bakalarka-openfoam/bakalarka-openfoam/MHD_control_cooling/src/controllers/mpc_alter.jl:605
┌ Debug:   V-Step OK. Status: LOCALLY_SOLVED, Primal: FEASIBLE_POINT. New V norm: 0.0
└ @ Main /home/basta/Projects/bakalarka-openfoam/bakalarka-openfoam/MHD_control_cooling/src/controllers/mpc_alter.jl:662
┌ Debug:   AM Iter 4 took 12.78 ms. U Status: LOCALLY_SOLVED, V Status: LOCALLY_SOLVED
└ @ Main /home/basta/Projects/bakalarka-openfoam/bakalarka-openfoam/MHD_control_cooling/src/controllers/mpc_alter.jl:680
┌ Debug: AM Iteration 5/5
└ @ Main /home/basta/Projects/bakalarka-openfoam/bakalarka-openfoam/MHD_control_cooling/src/controllers/mpc_alter.jl:561
┌ Debug:   U-Step OK. Status: LOCALLY_SOLVED, Primal: FEASIBLE_POINT. New U norm: 0.0
└ @ Main /home/basta/Projects/bakalarka-openfoam/bakalarka-openfoam/MHD_control_cooling/src/controllers/mpc_alter.jl:605
┌ Debug:   V-Step OK. Status: LOCALLY_SOLVED, Primal: FEASIBLE_POINT. New V norm: 0.0
└ @ Main /home/basta/Projects/bakalarka-openfoam/bakalarka-openfoam/MHD_control_cooling/src/controllers/mpc_alter.jl:662
┌ Debug:   AM Iter 5 took 9.99 ms. U Status: LOCALLY_SOLVED, V Status: LOCALLY_SOLVED
└ @ Main /home/basta/Projects/bakalarka-openfoam/bakalarka-openfoam/MHD_control_cooling/src/controllers/mpc_alter.jl:680
┌ Debug: AM finished after 5 iterations.
└ @ Main /home/basta/Projects/bakalarka-openfoam/bakalarka-openfoam/MHD_control_cooling/src/controllers/mpc_alter.jl:697
┌ Debug: Final U norm: 0.0, Final V norm: 0.0
└ @ Main /home/basta/Projects/bakalarka-openfoam/bakalarka-openfoam/MHD_control_cooling/src/controllers/mpc_alter.jl:698
┌ Debug: Physical Bounds Hit: U_min=false, U_max=false, V_min=false, V_max=false
└ @ Main /home/basta/Projects/bakalarka-openfoam/bakalarka-openfoam/MHD_control_cooling/src/controllers/mpc_alter.jl:704
┌ Debug: Storing effective theta_k (for next step): Norm=0.0, First 5=[0.0, 0.0, 0.0, 0.0, 0.0]
└ @ Main /home/basta/Projects/bakalarka-openfoam/bakalarka-openfoam/MHD_control_cooling/src/controllers/mpc_alter.jl:733
┌ Info: Control action computed in 83.52 ms. Sending input u[1]=0.0, v[1]=0.0...
└ @ Main /home/basta/Projects/bakalarka-openfoam/bakalarka-openfoam/MHD_control_cooling/src/controllers/mpc_alter.jl:753
┌ Info: ("Sending input", [0.0, 0.0, 0.0, 0.0, 0.0, 0.0, 0.0, 0.0])
└ @ Main /home/basta/Projects/bakalarka-openfoam/bakalarka-openfoam/MHD_control_cooling/src/scripts/sock_field_server.jl:287
┌ Debug: update_controller_state! called at time 31.140062. No action implemented.
└ @ Main /home/basta/Projects/bakalarka-openfoam/bakalarka-openfoam/MHD_control_cooling/src/controllers/mpc_alter.jl:763
┌ Debug: update_controller_state! called at time 31.140062. No action implemented.
└ @ Main /home/basta/Projects/bakalarka-openfoam/bakalarka-openfoam/MHD_control_cooling/src/controllers/mpc_alter.jl:763
┌ Debug: Raw Measurement 'wallheatflux' value: -0.575056875
└ @ Main /home/basta/Projects/bakalarka-openfoam/bakalarka-openfoam/MHD_control_cooling/src/controllers/mpc_alter.jl:455
┌ Debug: Centered Measurement yk: -0.575056875
└ @ Main /home/basta/Projects/bakalarka-openfoam/bakalarka-openfoam/MHD_control_cooling/src/controllers/mpc_alter.jl:458
┌ Debug: Constructed state xk[1:5] = [-0.5751, -0.5746, -0.5741, -0.5736, -0.5732]... | Norm: 3.5807
└ @ Main /home/basta/Projects/bakalarka-openfoam/bakalarka-openfoam/MHD_control_cooling/src/controllers/mpc_alter.jl:504
┌ Debug: State error (output) xk[1]-xref[1]: 0.4249 | Full error norm: 24.3567
└ @ Main /home/basta/Projects/bakalarka-openfoam/bakalarka-openfoam/MHD_control_cooling/src/controllers/mpc_alter.jl:514
┌ Debug: State bounds check: any(l_st_k .> u_st_k) = false
└ @ Main /home/basta/Projects/bakalarka-openfoam/bakalarka-openfoam/MHD_control_cooling/src/controllers/mpc_alter.jl:515
┌ Debug: Initializing U randomly.
└ @ Main /home/basta/Projects/bakalarka-openfoam/bakalarka-openfoam/MHD_control_cooling/src/controllers/mpc_alter.jl:531
┌ Debug: Initializing V randomly.
└ @ Main /home/basta/Projects/bakalarka-openfoam/bakalarka-openfoam/MHD_control_cooling/src/controllers/mpc_alter.jl:540
┌ Debug: Initial U norm: 1.2903, Initial V norm: 1.3436
└ @ Main /home/basta/Projects/bakalarka-openfoam/bakalarka-openfoam/MHD_control_cooling/src/controllers/mpc_alter.jl:544
┌ Debug: Using QP Regularization: 0.0001
└ @ Main /home/basta/Projects/bakalarka-openfoam/bakalarka-openfoam/MHD_control_cooling/src/controllers/mpc_alter.jl:549
┌ Debug: AM Iteration 1/5
└ @ Main /home/basta/Projects/bakalarka-openfoam/bakalarka-openfoam/MHD_control_cooling/src/controllers/mpc_alter.jl:561
┌ Debug:   U-Step OK. Status: LOCALLY_SOLVED, Primal: FEASIBLE_POINT. New U norm: 0.1725
└ @ Main /home/basta/Projects/bakalarka-openfoam/bakalarka-openfoam/MHD_control_cooling/src/controllers/mpc_alter.jl:605
┌ Debug:   V-Step OK. Status: LOCALLY_SOLVED, Primal: FEASIBLE_POINT. New V norm: 1.4534
└ @ Main /home/basta/Projects/bakalarka-openfoam/bakalarka-openfoam/MHD_control_cooling/src/controllers/mpc_alter.jl:662
┌ Debug:   AM Iter 1 took 46.51 ms. U Status: LOCALLY_SOLVED, V Status: LOCALLY_SOLVED
└ @ Main /home/basta/Projects/bakalarka-openfoam/bakalarka-openfoam/MHD_control_cooling/src/controllers/mpc_alter.jl:680
┌ Debug: AM Iteration 2/5
└ @ Main /home/basta/Projects/bakalarka-openfoam/bakalarka-openfoam/MHD_control_cooling/src/controllers/mpc_alter.jl:561
┌ Debug:   U-Step OK. Status: LOCALLY_SOLVED, Primal: FEASIBLE_POINT. New U norm: 0.2367
└ @ Main /home/basta/Projects/bakalarka-openfoam/bakalarka-openfoam/MHD_control_cooling/src/controllers/mpc_alter.jl:605
┌ Debug:   V-Step OK. Status: LOCALLY_SOLVED, Primal: FEASIBLE_POINT. New V norm: 1.4846
└ @ Main /home/basta/Projects/bakalarka-openfoam/bakalarka-openfoam/MHD_control_cooling/src/controllers/mpc_alter.jl:662
┌ Debug:   AM Iter 2 took 53.85 ms. U Status: LOCALLY_SOLVED, V Status: LOCALLY_SOLVED
└ @ Main /home/basta/Projects/bakalarka-openfoam/bakalarka-openfoam/MHD_control_cooling/src/controllers/mpc_alter.jl:680
┌ Debug: AM Iteration 3/5
└ @ Main /home/basta/Projects/bakalarka-openfoam/bakalarka-openfoam/MHD_control_cooling/src/controllers/mpc_alter.jl:561
┌ Debug:   U-Step OK. Status: LOCALLY_SOLVED, Primal: FEASIBLE_POINT. New U norm: 0.2404
└ @ Main /home/basta/Projects/bakalarka-openfoam/bakalarka-openfoam/MHD_control_cooling/src/controllers/mpc_alter.jl:605
┌ Debug:   V-Step OK. Status: LOCALLY_SOLVED, Primal: FEASIBLE_POINT. New V norm: 1.4694
└ @ Main /home/basta/Projects/bakalarka-openfoam/bakalarka-openfoam/MHD_control_cooling/src/controllers/mpc_alter.jl:662
┌ Debug:   AM Iter 3 took 47.87 ms. U Status: LOCALLY_SOLVED, V Status: LOCALLY_SOLVED
└ @ Main /home/basta/Projects/bakalarka-openfoam/bakalarka-openfoam/MHD_control_cooling/src/controllers/mpc_alter.jl:680
┌ Debug: AM Iteration 4/5
└ @ Main /home/basta/Projects/bakalarka-openfoam/bakalarka-openfoam/MHD_control_cooling/src/controllers/mpc_alter.jl:561
┌ Debug:   U-Step OK. Status: LOCALLY_SOLVED, Primal: FEASIBLE_POINT. New U norm: 0.2434
└ @ Main /home/basta/Projects/bakalarka-openfoam/bakalarka-openfoam/MHD_control_cooling/src/controllers/mpc_alter.jl:605
┌ Debug:   V-Step OK. Status: LOCALLY_SOLVED, Primal: FEASIBLE_POINT. New V norm: 1.4538
└ @ Main /home/basta/Projects/bakalarka-openfoam/bakalarka-openfoam/MHD_control_cooling/src/controllers/mpc_alter.jl:662
┌ Debug:   AM Iter 4 took 72.37 ms. U Status: LOCALLY_SOLVED, V Status: LOCALLY_SOLVED
└ @ Main /home/basta/Projects/bakalarka-openfoam/bakalarka-openfoam/MHD_control_cooling/src/controllers/mpc_alter.jl:680
┌ Debug: AM Iteration 5/5
└ @ Main /home/basta/Projects/bakalarka-openfoam/bakalarka-openfoam/MHD_control_cooling/src/controllers/mpc_alter.jl:561
┌ Debug:   U-Step OK. Status: LOCALLY_SOLVED, Primal: FEASIBLE_POINT. New U norm: 0.2464
└ @ Main /home/basta/Projects/bakalarka-openfoam/bakalarka-openfoam/MHD_control_cooling/src/controllers/mpc_alter.jl:605
┌ Debug:   V-Step OK. Status: LOCALLY_SOLVED, Primal: FEASIBLE_POINT. New V norm: 1.4344
└ @ Main /home/basta/Projects/bakalarka-openfoam/bakalarka-openfoam/MHD_control_cooling/src/controllers/mpc_alter.jl:662
┌ Debug:   AM Iter 5 took 43.7 ms. U Status: LOCALLY_SOLVED, V Status: LOCALLY_SOLVED
└ @ Main /home/basta/Projects/bakalarka-openfoam/bakalarka-openfoam/MHD_control_cooling/src/controllers/mpc_alter.jl:680
┌ Debug: AM finished after 5 iterations.
└ @ Main /home/basta/Projects/bakalarka-openfoam/bakalarka-openfoam/MHD_control_cooling/src/controllers/mpc_alter.jl:697
┌ Debug: Final U norm: 0.2464, Final V norm: 1.4344
└ @ Main /home/basta/Projects/bakalarka-openfoam/bakalarka-openfoam/MHD_control_cooling/src/controllers/mpc_alter.jl:698
┌ Debug: Physical Bounds Hit: U_min=false, U_max=false, V_min=false, V_max=false
└ @ Main /home/basta/Projects/bakalarka-openfoam/bakalarka-openfoam/MHD_control_cooling/src/controllers/mpc_alter.jl:704
┌ Debug: Storing effective theta_k (for next step): Norm=0.0611, First 5=[0.0152, 0.0152, -0.0, 0.0152, -0.0]
└ @ Main /home/basta/Projects/bakalarka-openfoam/bakalarka-openfoam/MHD_control_cooling/src/controllers/mpc_alter.jl:733
┌ Info: Control action computed in 297.68 ms. Sending input u[1]=0.0955, v[1]=0.1593...
└ @ Main /home/basta/Projects/bakalarka-openfoam/bakalarka-openfoam/MHD_control_cooling/src/controllers/mpc_alter.jl:753
┌ Info: ("Sending input", [0.09553503825049586, 0.09553503811175772, -3.003871537132212e-8, 0.09553503713975874, 0.15927688805885754, -1.0407361488964784e-7, 0.33290371677591074, -1.0414068854895252e-7])
└ @ Main /home/basta/Projects/bakalarka-openfoam/bakalarka-openfoam/MHD_control_cooling/src/scripts/sock_field_server.jl:287
┌ Debug: update_controller_state! called at time 32.14006. No action implemented.
└ @ Main /home/basta/Projects/bakalarka-openfoam/bakalarka-openfoam/MHD_control_cooling/src/controllers/mpc_alter.jl:763
┌ Debug: update_controller_state! called at time 32.14006. No action implemented.
└ @ Main /home/basta/Projects/bakalarka-openfoam/bakalarka-openfoam/MHD_control_cooling/src/controllers/mpc_alter.jl:763
┌ Debug: Raw Measurement 'wallheatflux' value: -0.5754936875
└ @ Main /home/basta/Projects/bakalarka-openfoam/bakalarka-openfoam/MHD_control_cooling/src/controllers/mpc_alter.jl:455
┌ Debug: Centered Measurement yk: -0.5754936875
└ @ Main /home/basta/Projects/bakalarka-openfoam/bakalarka-openfoam/MHD_control_cooling/src/controllers/mpc_alter.jl:458
┌ Debug: Constructed state xk[1:5] = [-0.5755, -0.5751, -0.5746, -0.5741, -0.5736]... | Norm: 3.6272
└ @ Main /home/basta/Projects/bakalarka-openfoam/bakalarka-openfoam/MHD_control_cooling/src/controllers/mpc_alter.jl:504
┌ Debug: State error (output) xk[1]-xref[1]: 0.4245 | Full error norm: 23.7076
└ @ Main /home/basta/Projects/bakalarka-openfoam/bakalarka-openfoam/MHD_control_cooling/src/controllers/mpc_alter.jl:514
┌ Debug: State bounds check: any(l_st_k .> u_st_k) = false
└ @ Main /home/basta/Projects/bakalarka-openfoam/bakalarka-openfoam/MHD_control_cooling/src/controllers/mpc_alter.jl:515
┌ Debug: Warm starting U from previous solution (shifted).
└ @ Main /home/basta/Projects/bakalarka-openfoam/bakalarka-openfoam/MHD_control_cooling/src/controllers/mpc_alter.jl:528
┌ Debug: Warm starting V from previous solution (shifted).
└ @ Main /home/basta/Projects/bakalarka-openfoam/bakalarka-openfoam/MHD_control_cooling/src/controllers/mpc_alter.jl:537
┌ Debug: Initial U norm: 0.1826, Initial V norm: 1.3861
└ @ Main /home/basta/Projects/bakalarka-openfoam/bakalarka-openfoam/MHD_control_cooling/src/controllers/mpc_alter.jl:544
┌ Debug: Using QP Regularization: 0.0001
└ @ Main /home/basta/Projects/bakalarka-openfoam/bakalarka-openfoam/MHD_control_cooling/src/controllers/mpc_alter.jl:549
┌ Debug: AM Iteration 1/5
└ @ Main /home/basta/Projects/bakalarka-openfoam/bakalarka-openfoam/MHD_control_cooling/src/controllers/mpc_alter.jl:561
┌ Debug:   U-Step OK. Status: LOCALLY_SOLVED, Primal: FEASIBLE_POINT. New U norm: 0.1469
└ @ Main /home/basta/Projects/bakalarka-openfoam/bakalarka-openfoam/MHD_control_cooling/src/controllers/mpc_alter.jl:605
┌ Debug:   V-Step OK. Status: LOCALLY_SOLVED, Primal: FEASIBLE_POINT. New V norm: 1.3387
└ @ Main /home/basta/Projects/bakalarka-openfoam/bakalarka-openfoam/MHD_control_cooling/src/controllers/mpc_alter.jl:662
┌ Debug:   AM Iter 1 took 45.94 ms. U Status: LOCALLY_SOLVED, V Status: LOCALLY_SOLVED
└ @ Main /home/basta/Projects/bakalarka-openfoam/bakalarka-openfoam/MHD_control_cooling/src/controllers/mpc_alter.jl:680
┌ Debug: AM Iteration 2/5
└ @ Main /home/basta/Projects/bakalarka-openfoam/bakalarka-openfoam/MHD_control_cooling/src/controllers/mpc_alter.jl:561
┌ Debug:   U-Step OK. Status: LOCALLY_SOLVED, Primal: FEASIBLE_POINT. New U norm: 0.1557
└ @ Main /home/basta/Projects/bakalarka-openfoam/bakalarka-openfoam/MHD_control_cooling/src/controllers/mpc_alter.jl:605
┌ Debug:   V-Step OK. Status: LOCALLY_SOLVED, Primal: FEASIBLE_POINT. New V norm: 1.2976
└ @ Main /home/basta/Projects/bakalarka-openfoam/bakalarka-openfoam/MHD_control_cooling/src/controllers/mpc_alter.jl:662
┌ Debug:   AM Iter 2 took 48.53 ms. U Status: LOCALLY_SOLVED, V Status: LOCALLY_SOLVED
└ @ Main /home/basta/Projects/bakalarka-openfoam/bakalarka-openfoam/MHD_control_cooling/src/controllers/mpc_alter.jl:680
┌ Debug: AM Iteration 3/5
└ @ Main /home/basta/Projects/bakalarka-openfoam/bakalarka-openfoam/MHD_control_cooling/src/controllers/mpc_alter.jl:561
┌ Debug:   U-Step OK. Status: LOCALLY_SOLVED, Primal: FEASIBLE_POINT. New U norm: 0.1614
└ @ Main /home/basta/Projects/bakalarka-openfoam/bakalarka-openfoam/MHD_control_cooling/src/controllers/mpc_alter.jl:605
┌ Debug:   V-Step OK. Status: LOCALLY_SOLVED, Primal: FEASIBLE_POINT. New V norm: 1.2661
└ @ Main /home/basta/Projects/bakalarka-openfoam/bakalarka-openfoam/MHD_control_cooling/src/controllers/mpc_alter.jl:662
┌ Debug:   AM Iter 3 took 41.27 ms. U Status: LOCALLY_SOLVED, V Status: LOCALLY_SOLVED
└ @ Main /home/basta/Projects/bakalarka-openfoam/bakalarka-openfoam/MHD_control_cooling/src/controllers/mpc_alter.jl:680
┌ Debug: AM Iteration 4/5
└ @ Main /home/basta/Projects/bakalarka-openfoam/bakalarka-openfoam/MHD_control_cooling/src/controllers/mpc_alter.jl:561
┌ Debug:   U-Step OK. Status: LOCALLY_SOLVED, Primal: FEASIBLE_POINT. New U norm: 0.1639
└ @ Main /home/basta/Projects/bakalarka-openfoam/bakalarka-openfoam/MHD_control_cooling/src/controllers/mpc_alter.jl:605
┌ Debug:   V-Step OK. Status: LOCALLY_SOLVED, Primal: FEASIBLE_POINT. New V norm: 1.2507
└ @ Main /home/basta/Projects/bakalarka-openfoam/bakalarka-openfoam/MHD_control_cooling/src/controllers/mpc_alter.jl:662
┌ Debug:   AM Iter 4 took 37.59 ms. U Status: LOCALLY_SOLVED, V Status: LOCALLY_SOLVED
└ @ Main /home/basta/Projects/bakalarka-openfoam/bakalarka-openfoam/MHD_control_cooling/src/controllers/mpc_alter.jl:680
┌ Debug: AM Iteration 5/5
└ @ Main /home/basta/Projects/bakalarka-openfoam/bakalarka-openfoam/MHD_control_cooling/src/controllers/mpc_alter.jl:561
┌ Debug:   U-Step OK. Status: LOCALLY_SOLVED, Primal: FEASIBLE_POINT. New U norm: 0.1655
└ @ Main /home/basta/Projects/bakalarka-openfoam/bakalarka-openfoam/MHD_control_cooling/src/controllers/mpc_alter.jl:605
┌ Debug:   V-Step OK. Status: LOCALLY_SOLVED, Primal: FEASIBLE_POINT. New V norm: 1.2405
└ @ Main /home/basta/Projects/bakalarka-openfoam/bakalarka-openfoam/MHD_control_cooling/src/controllers/mpc_alter.jl:662
┌ Debug:   AM Iter 5 took 63.09 ms. U Status: LOCALLY_SOLVED, V Status: LOCALLY_SOLVED
└ @ Main /home/basta/Projects/bakalarka-openfoam/bakalarka-openfoam/MHD_control_cooling/src/controllers/mpc_alter.jl:680
┌ Debug: AM finished after 5 iterations.
└ @ Main /home/basta/Projects/bakalarka-openfoam/bakalarka-openfoam/MHD_control_cooling/src/controllers/mpc_alter.jl:697
┌ Debug: Final U norm: 0.1655, Final V norm: 1.2405
└ @ Main /home/basta/Projects/bakalarka-openfoam/bakalarka-openfoam/MHD_control_cooling/src/controllers/mpc_alter.jl:698
┌ Debug: Physical Bounds Hit: U_min=false, U_max=false, V_min=false, V_max=false
└ @ Main /home/basta/Projects/bakalarka-openfoam/bakalarka-openfoam/MHD_control_cooling/src/controllers/mpc_alter.jl:704
┌ Debug: Storing effective theta_k (for next step): Norm=0.0562, First 5=[0.0074, 0.0068, -0.0, 0.0069, -0.0]
└ @ Main /home/basta/Projects/bakalarka-openfoam/bakalarka-openfoam/MHD_control_cooling/src/controllers/mpc_alter.jl:733
┌ Info: Control action computed in 272.94 ms. Sending input u[1]=0.0453, v[1]=0.1623...
└ @ Main /home/basta/Projects/bakalarka-openfoam/bakalarka-openfoam/MHD_control_cooling/src/controllers/mpc_alter.jl:753
┌ Info: ("Sending input", [0.045349470663937325, 0.04181297127865195, -1.3682107050518396e-8, 0.0426710602217931, 0.16234685005736332, -2.1966829631331285e-7, 0.730838107071088, -2.1963546708064597e-7])
└ @ Main /home/basta/Projects/bakalarka-openfoam/bakalarka-openfoam/MHD_control_cooling/src/scripts/sock_field_server.jl:287
┌ Debug: update_controller_state! called at time 33.14006. No action implemented.
└ @ Main /home/basta/Projects/bakalarka-openfoam/bakalarka-openfoam/MHD_control_cooling/src/controllers/mpc_alter.jl:763
┌ Debug: update_controller_state! called at time 33.14006. No action implemented.
└ @ Main /home/basta/Projects/bakalarka-openfoam/bakalarka-openfoam/MHD_control_cooling/src/controllers/mpc_alter.jl:763
┌ Debug: Raw Measurement 'wallheatflux' value: -0.575886875
└ @ Main /home/basta/Projects/bakalarka-openfoam/bakalarka-openfoam/MHD_control_cooling/src/controllers/mpc_alter.jl:455
┌ Debug: Centered Measurement yk: -0.575886875
└ @ Main /home/basta/Projects/bakalarka-openfoam/bakalarka-openfoam/MHD_control_cooling/src/controllers/mpc_alter.jl:458
┌ Debug: Constructed state xk[1:5] = [-0.5759, -0.5755, -0.5751, -0.5746, -0.5741]... | Norm: 3.6731
└ @ Main /home/basta/Projects/bakalarka-openfoam/bakalarka-openfoam/MHD_control_cooling/src/controllers/mpc_alter.jl:504
┌ Debug: State error (output) xk[1]-xref[1]: 0.4241 | Full error norm: 24.6731
└ @ Main /home/basta/Projects/bakalarka-openfoam/bakalarka-openfoam/MHD_control_cooling/src/controllers/mpc_alter.jl:514
┌ Debug: State bounds check: any(l_st_k .> u_st_k) = false
└ @ Main /home/basta/Projects/bakalarka-openfoam/bakalarka-openfoam/MHD_control_cooling/src/controllers/mpc_alter.jl:515
┌ Debug: Warm starting U from previous solution (shifted).
└ @ Main /home/basta/Projects/bakalarka-openfoam/bakalarka-openfoam/MHD_control_cooling/src/controllers/mpc_alter.jl:528
┌ Debug: Warm starting V from previous solution (shifted).
└ @ Main /home/basta/Projects/bakalarka-openfoam/bakalarka-openfoam/MHD_control_cooling/src/controllers/mpc_alter.jl:537
┌ Debug: Initial U norm: 0.1475, Initial V norm: 0.9892
└ @ Main /home/basta/Projects/bakalarka-openfoam/bakalarka-openfoam/MHD_control_cooling/src/controllers/mpc_alter.jl:544
┌ Debug: Using QP Regularization: 0.0001
└ @ Main /home/basta/Projects/bakalarka-openfoam/bakalarka-openfoam/MHD_control_cooling/src/controllers/mpc_alter.jl:549
┌ Debug: AM Iteration 1/5
└ @ Main /home/basta/Projects/bakalarka-openfoam/bakalarka-openfoam/MHD_control_cooling/src/controllers/mpc_alter.jl:561
┌ Debug:   U-Step OK. Status: LOCALLY_SOLVED, Primal: FEASIBLE_POINT. New U norm: 0.1529
└ @ Main /home/basta/Projects/bakalarka-openfoam/bakalarka-openfoam/MHD_control_cooling/src/controllers/mpc_alter.jl:605
┌ Debug:   V-Step OK. Status: LOCALLY_SOLVED, Primal: FEASIBLE_POINT. New V norm: 1.2771
└ @ Main /home/basta/Projects/bakalarka-openfoam/bakalarka-openfoam/MHD_control_cooling/src/controllers/mpc_alter.jl:662
┌ Debug:   AM Iter 1 took 43.61 ms. U Status: LOCALLY_SOLVED, V Status: LOCALLY_SOLVED
└ @ Main /home/basta/Projects/bakalarka-openfoam/bakalarka-openfoam/MHD_control_cooling/src/controllers/mpc_alter.jl:680
┌ Debug: AM Iteration 2/5
└ @ Main /home/basta/Projects/bakalarka-openfoam/bakalarka-openfoam/MHD_control_cooling/src/controllers/mpc_alter.jl:561
┌ Debug:   U-Step OK. Status: LOCALLY_SOLVED, Primal: FEASIBLE_POINT. New U norm: 0.1534
└ @ Main /home/basta/Projects/bakalarka-openfoam/bakalarka-openfoam/MHD_control_cooling/src/controllers/mpc_alter.jl:605
┌ Debug:   V-Step OK. Status: LOCALLY_SOLVED, Primal: FEASIBLE_POINT. New V norm: 1.3016
└ @ Main /home/basta/Projects/bakalarka-openfoam/bakalarka-openfoam/MHD_control_cooling/src/controllers/mpc_alter.jl:662
┌ Debug:   AM Iter 2 took 40.81 ms. U Status: LOCALLY_SOLVED, V Status: LOCALLY_SOLVED
└ @ Main /home/basta/Projects/bakalarka-openfoam/bakalarka-openfoam/MHD_control_cooling/src/controllers/mpc_alter.jl:680
┌ Debug: AM Iteration 3/5
└ @ Main /home/basta/Projects/bakalarka-openfoam/bakalarka-openfoam/MHD_control_cooling/src/controllers/mpc_alter.jl:561
┌ Debug:   U-Step OK. Status: LOCALLY_SOLVED, Primal: FEASIBLE_POINT. New U norm: 0.154
└ @ Main /home/basta/Projects/bakalarka-openfoam/bakalarka-openfoam/MHD_control_cooling/src/controllers/mpc_alter.jl:605
┌ Debug:   V-Step OK. Status: LOCALLY_SOLVED, Primal: FEASIBLE_POINT. New V norm: 1.3272
└ @ Main /home/basta/Projects/bakalarka-openfoam/bakalarka-openfoam/MHD_control_cooling/src/controllers/mpc_alter.jl:662
┌ Debug:   AM Iter 3 took 34.54 ms. U Status: LOCALLY_SOLVED, V Status: LOCALLY_SOLVED
└ @ Main /home/basta/Projects/bakalarka-openfoam/bakalarka-openfoam/MHD_control_cooling/src/controllers/mpc_alter.jl:680
┌ Debug: AM Iteration 4/5
└ @ Main /home/basta/Projects/bakalarka-openfoam/bakalarka-openfoam/MHD_control_cooling/src/controllers/mpc_alter.jl:561
┌ Debug:   U-Step OK. Status: LOCALLY_SOLVED, Primal: FEASIBLE_POINT. New U norm: 0.1542
└ @ Main /home/basta/Projects/bakalarka-openfoam/bakalarka-openfoam/MHD_control_cooling/src/controllers/mpc_alter.jl:605
┌ Debug:   V-Step OK. Status: LOCALLY_SOLVED, Primal: FEASIBLE_POINT. New V norm: 1.3539
└ @ Main /home/basta/Projects/bakalarka-openfoam/bakalarka-openfoam/MHD_control_cooling/src/controllers/mpc_alter.jl:662
┌ Debug:   AM Iter 4 took 32.62 ms. U Status: LOCALLY_SOLVED, V Status: LOCALLY_SOLVED
└ @ Main /home/basta/Projects/bakalarka-openfoam/bakalarka-openfoam/MHD_control_cooling/src/controllers/mpc_alter.jl:680
┌ Debug: AM Iteration 5/5
└ @ Main /home/basta/Projects/bakalarka-openfoam/bakalarka-openfoam/MHD_control_cooling/src/controllers/mpc_alter.jl:561
┌ Debug:   U-Step OK. Status: LOCALLY_SOLVED, Primal: FEASIBLE_POINT. New U norm: 0.1547
└ @ Main /home/basta/Projects/bakalarka-openfoam/bakalarka-openfoam/MHD_control_cooling/src/controllers/mpc_alter.jl:605
┌ Debug:   V-Step OK. Status: LOCALLY_SOLVED, Primal: FEASIBLE_POINT. New V norm: 1.3811
└ @ Main /home/basta/Projects/bakalarka-openfoam/bakalarka-openfoam/MHD_control_cooling/src/controllers/mpc_alter.jl:662
┌ Debug:   AM Iter 5 took 32.66 ms. U Status: LOCALLY_SOLVED, V Status: LOCALLY_SOLVED
└ @ Main /home/basta/Projects/bakalarka-openfoam/bakalarka-openfoam/MHD_control_cooling/src/controllers/mpc_alter.jl:680
┌ Debug: AM finished after 5 iterations.
└ @ Main /home/basta/Projects/bakalarka-openfoam/bakalarka-openfoam/MHD_control_cooling/src/controllers/mpc_alter.jl:697
┌ Debug: Final U norm: 0.1547, Final V norm: 1.3811
└ @ Main /home/basta/Projects/bakalarka-openfoam/bakalarka-openfoam/MHD_control_cooling/src/controllers/mpc_alter.jl:698
┌ Debug: Physical Bounds Hit: U_min=false, U_max=false, V_min=false, V_max=false
└ @ Main /home/basta/Projects/bakalarka-openfoam/bakalarka-openfoam/MHD_control_cooling/src/controllers/mpc_alter.jl:704
┌ Debug: Storing effective theta_k (for next step): Norm=0.0737, First 5=[0.0301, 0.0301, -0.0, 0.0301, -0.0]
└ @ Main /home/basta/Projects/bakalarka-openfoam/bakalarka-openfoam/MHD_control_cooling/src/controllers/mpc_alter.jl:733
┌ Info: Control action computed in 220.62 ms. Sending input u[1]=0.0757, v[1]=0.3978...
└ @ Main /home/basta/Projects/bakalarka-openfoam/bakalarka-openfoam/MHD_control_cooling/src/controllers/mpc_alter.jl:753
┌ Info: ("Sending input", [0.07566841572744544, 0.07566841537962408, -2.5139068445128234e-8, 0.07566841535019375, 0.39778669467513045, -1.3170621215197307e-7, 0.3977872139382183, -1.3178851626580244e-7])
└ @ Main /home/basta/Projects/bakalarka-openfoam/bakalarka-openfoam/MHD_control_cooling/src/scripts/sock_field_server.jl:287
┌ Debug: update_controller_state! called at time 34.14006. No action implemented.
└ @ Main /home/basta/Projects/bakalarka-openfoam/bakalarka-openfoam/MHD_control_cooling/src/controllers/mpc_alter.jl:763
┌ Debug: update_controller_state! called at time 34.14006. No action implemented.
└ @ Main /home/basta/Projects/bakalarka-openfoam/bakalarka-openfoam/MHD_control_cooling/src/controllers/mpc_alter.jl:763
┌ Debug: Raw Measurement 'wallheatflux' value: -0.5762368125
└ @ Main /home/basta/Projects/bakalarka-openfoam/bakalarka-openfoam/MHD_control_cooling/src/controllers/mpc_alter.jl:455
┌ Debug: Centered Measurement yk: -0.5762368125
└ @ Main /home/basta/Projects/bakalarka-openfoam/bakalarka-openfoam/MHD_control_cooling/src/controllers/mpc_alter.jl:458
┌ Debug: Constructed state xk[1:5] = [-0.5762, -0.5759, -0.5755, -0.5751, -0.5746]... | Norm: 3.7187
└ @ Main /home/basta/Projects/bakalarka-openfoam/bakalarka-openfoam/MHD_control_cooling/src/controllers/mpc_alter.jl:504
┌ Debug: State error (output) xk[1]-xref[1]: 0.4238 | Full error norm: 23.0174
└ @ Main /home/basta/Projects/bakalarka-openfoam/bakalarka-openfoam/MHD_control_cooling/src/controllers/mpc_alter.jl:514
┌ Debug: State bounds check: any(l_st_k .> u_st_k) = false
└ @ Main /home/basta/Projects/bakalarka-openfoam/bakalarka-openfoam/MHD_control_cooling/src/controllers/mpc_alter.jl:515
┌ Debug: Warm starting U from previous solution (shifted).
└ @ Main /home/basta/Projects/bakalarka-openfoam/bakalarka-openfoam/MHD_control_cooling/src/controllers/mpc_alter.jl:528
┌ Debug: Warm starting V from previous solution (shifted).
└ @ Main /home/basta/Projects/bakalarka-openfoam/bakalarka-openfoam/MHD_control_cooling/src/controllers/mpc_alter.jl:537
┌ Debug: Initial U norm: 0.0822, Initial V norm: 1.2613
└ @ Main /home/basta/Projects/bakalarka-openfoam/bakalarka-openfoam/MHD_control_cooling/src/controllers/mpc_alter.jl:544
┌ Debug: Using QP Regularization: 0.0001
└ @ Main /home/basta/Projects/bakalarka-openfoam/bakalarka-openfoam/MHD_control_cooling/src/controllers/mpc_alter.jl:549
┌ Debug: AM Iteration 1/5
└ @ Main /home/basta/Projects/bakalarka-openfoam/bakalarka-openfoam/MHD_control_cooling/src/controllers/mpc_alter.jl:561
┌ Debug:   U-Step OK. Status: LOCALLY_SOLVED, Primal: FEASIBLE_POINT. New U norm: 0.066
└ @ Main /home/basta/Projects/bakalarka-openfoam/bakalarka-openfoam/MHD_control_cooling/src/controllers/mpc_alter.jl:605
┌ Debug:   V-Step OK. Status: LOCALLY_SOLVED, Primal: FEASIBLE_POINT. New V norm: 1.2239
└ @ Main /home/basta/Projects/bakalarka-openfoam/bakalarka-openfoam/MHD_control_cooling/src/controllers/mpc_alter.jl:662
┌ Debug:   AM Iter 1 took 25.17 ms. U Status: LOCALLY_SOLVED, V Status: LOCALLY_SOLVED
└ @ Main /home/basta/Projects/bakalarka-openfoam/bakalarka-openfoam/MHD_control_cooling/src/controllers/mpc_alter.jl:680
┌ Debug: AM Iteration 2/5
└ @ Main /home/basta/Projects/bakalarka-openfoam/bakalarka-openfoam/MHD_control_cooling/src/controllers/mpc_alter.jl:561
┌ Debug:   U-Step OK. Status: LOCALLY_SOLVED, Primal: FEASIBLE_POINT. New U norm: 0.0671
└ @ Main /home/basta/Projects/bakalarka-openfoam/bakalarka-openfoam/MHD_control_cooling/src/controllers/mpc_alter.jl:605
┌ Debug:   V-Step OK. Status: LOCALLY_SOLVED, Primal: FEASIBLE_POINT. New V norm: 1.2012
└ @ Main /home/basta/Projects/bakalarka-openfoam/bakalarka-openfoam/MHD_control_cooling/src/controllers/mpc_alter.jl:662
┌ Debug:   AM Iter 2 took 27.44 ms. U Status: LOCALLY_SOLVED, V Status: LOCALLY_SOLVED
└ @ Main /home/basta/Projects/bakalarka-openfoam/bakalarka-openfoam/MHD_control_cooling/src/controllers/mpc_alter.jl:680
┌ Debug: AM Iteration 3/5
└ @ Main /home/basta/Projects/bakalarka-openfoam/bakalarka-openfoam/MHD_control_cooling/src/controllers/mpc_alter.jl:561
┌ Debug:   U-Step OK. Status: LOCALLY_SOLVED, Primal: FEASIBLE_POINT. New U norm: 0.0685
└ @ Main /home/basta/Projects/bakalarka-openfoam/bakalarka-openfoam/MHD_control_cooling/src/controllers/mpc_alter.jl:605
┌ Debug:   V-Step OK. Status: LOCALLY_SOLVED, Primal: FEASIBLE_POINT. New V norm: 1.1764
└ @ Main /home/basta/Projects/bakalarka-openfoam/bakalarka-openfoam/MHD_control_cooling/src/controllers/mpc_alter.jl:662
┌ Debug:   AM Iter 3 took 29.67 ms. U Status: LOCALLY_SOLVED, V Status: LOCALLY_SOLVED
└ @ Main /home/basta/Projects/bakalarka-openfoam/bakalarka-openfoam/MHD_control_cooling/src/controllers/mpc_alter.jl:680
┌ Debug: AM Iteration 4/5
└ @ Main /home/basta/Projects/bakalarka-openfoam/bakalarka-openfoam/MHD_control_cooling/src/controllers/mpc_alter.jl:561
┌ Debug:   U-Step OK. Status: LOCALLY_SOLVED, Primal: FEASIBLE_POINT. New U norm: 0.0703
└ @ Main /home/basta/Projects/bakalarka-openfoam/bakalarka-openfoam/MHD_control_cooling/src/controllers/mpc_alter.jl:605
┌ Debug:   V-Step OK. Status: LOCALLY_SOLVED, Primal: FEASIBLE_POINT. New V norm: 1.1456
└ @ Main /home/basta/Projects/bakalarka-openfoam/bakalarka-openfoam/MHD_control_cooling/src/controllers/mpc_alter.jl:662
┌ Debug:   AM Iter 4 took 26.5 ms. U Status: LOCALLY_SOLVED, V Status: LOCALLY_SOLVED
└ @ Main /home/basta/Projects/bakalarka-openfoam/bakalarka-openfoam/MHD_control_cooling/src/controllers/mpc_alter.jl:680
┌ Debug: AM Iteration 5/5
└ @ Main /home/basta/Projects/bakalarka-openfoam/bakalarka-openfoam/MHD_control_cooling/src/controllers/mpc_alter.jl:561
┌ Debug:   U-Step OK. Status: LOCALLY_SOLVED, Primal: FEASIBLE_POINT. New U norm: 0.0728
└ @ Main /home/basta/Projects/bakalarka-openfoam/bakalarka-openfoam/MHD_control_cooling/src/controllers/mpc_alter.jl:605
┌ Debug:   V-Step OK. Status: LOCALLY_SOLVED, Primal: FEASIBLE_POINT. New V norm: 1.112
└ @ Main /home/basta/Projects/bakalarka-openfoam/bakalarka-openfoam/MHD_control_cooling/src/controllers/mpc_alter.jl:662
┌ Debug:   AM Iter 5 took 68.48 ms. U Status: LOCALLY_SOLVED, V Status: LOCALLY_SOLVED
└ @ Main /home/basta/Projects/bakalarka-openfoam/bakalarka-openfoam/MHD_control_cooling/src/controllers/mpc_alter.jl:680
┌ Debug: AM finished after 5 iterations.
└ @ Main /home/basta/Projects/bakalarka-openfoam/bakalarka-openfoam/MHD_control_cooling/src/controllers/mpc_alter.jl:697
┌ Debug: Final U norm: 0.0728, Final V norm: 1.112
└ @ Main /home/basta/Projects/bakalarka-openfoam/bakalarka-openfoam/MHD_control_cooling/src/controllers/mpc_alter.jl:698
┌ Debug: Physical Bounds Hit: U_min=false, U_max=false, V_min=false, V_max=false
└ @ Main /home/basta/Projects/bakalarka-openfoam/bakalarka-openfoam/MHD_control_cooling/src/controllers/mpc_alter.jl:704
┌ Debug: Storing effective theta_k (for next step): Norm=0.0469, First 5=[0.0174, 0.009, -0.0, 0.0132, -0.0]
└ @ Main /home/basta/Projects/bakalarka-openfoam/bakalarka-openfoam/MHD_control_cooling/src/controllers/mpc_alter.jl:733
┌ Info: Control action computed in 210.57 ms. Sending input u[1]=0.04, v[1]=0.4345...
└ @ Main /home/basta/Projects/bakalarka-openfoam/bakalarka-openfoam/MHD_control_cooling/src/controllers/mpc_alter.jl:753
┌ Info: ("Sending input", [0.03998761328102409, 0.0207130967445812, -1.3409308705773044e-8, 0.030304161011857542, 0.43454638618621916, -2.491046597433055e-7, 0.7457505971885107, -2.4887905712649776e-7])
└ @ Main /home/basta/Projects/bakalarka-openfoam/bakalarka-openfoam/MHD_control_cooling/src/scripts/sock_field_server.jl:287
┌ Debug: update_controller_state! called at time 35.14006. No action implemented.
└ @ Main /home/basta/Projects/bakalarka-openfoam/bakalarka-openfoam/MHD_control_cooling/src/controllers/mpc_alter.jl:763
┌ Debug: update_controller_state! called at time 35.14006. No action implemented.
└ @ Main /home/basta/Projects/bakalarka-openfoam/bakalarka-openfoam/MHD_control_cooling/src/controllers/mpc_alter.jl:763
┌ Debug: Raw Measurement 'wallheatflux' value: -0.57655625
└ @ Main /home/basta/Projects/bakalarka-openfoam/bakalarka-openfoam/MHD_control_cooling/src/controllers/mpc_alter.jl:455
┌ Debug: Centered Measurement yk: -0.57655625
└ @ Main /home/basta/Projects/bakalarka-openfoam/bakalarka-openfoam/MHD_control_cooling/src/controllers/mpc_alter.jl:458
┌ Debug: Constructed state xk[1:5] = [-0.5766, -0.5762, -0.5759, -0.5755, -0.5751]... | Norm: 3.7634
└ @ Main /home/basta/Projects/bakalarka-openfoam/bakalarka-openfoam/MHD_control_cooling/src/controllers/mpc_alter.jl:504
┌ Debug: State error (output) xk[1]-xref[1]: 0.4234 | Full error norm: 23.0521
└ @ Main /home/basta/Projects/bakalarka-openfoam/bakalarka-openfoam/MHD_control_cooling/src/controllers/mpc_alter.jl:514
┌ Debug: State bounds check: any(l_st_k .> u_st_k) = false
└ @ Main /home/basta/Projects/bakalarka-openfoam/bakalarka-openfoam/MHD_control_cooling/src/controllers/mpc_alter.jl:515
┌ Debug: Warm starting U from previous solution (shifted).
└ @ Main /home/basta/Projects/bakalarka-openfoam/bakalarka-openfoam/MHD_control_cooling/src/controllers/mpc_alter.jl:528
┌ Debug: Warm starting V from previous solution (shifted).
└ @ Main /home/basta/Projects/bakalarka-openfoam/bakalarka-openfoam/MHD_control_cooling/src/controllers/mpc_alter.jl:537
┌ Debug: Initial U norm: 0.0485, Initial V norm: 0.701
└ @ Main /home/basta/Projects/bakalarka-openfoam/bakalarka-openfoam/MHD_control_cooling/src/controllers/mpc_alter.jl:544
┌ Debug: Using QP Regularization: 0.0001
└ @ Main /home/basta/Projects/bakalarka-openfoam/bakalarka-openfoam/MHD_control_cooling/src/controllers/mpc_alter.jl:549
┌ Debug: AM Iteration 1/5
└ @ Main /home/basta/Projects/bakalarka-openfoam/bakalarka-openfoam/MHD_control_cooling/src/controllers/mpc_alter.jl:561
┌ Debug:   U-Step OK. Status: LOCALLY_SOLVED, Primal: FEASIBLE_POINT. New U norm: 0.049
└ @ Main /home/basta/Projects/bakalarka-openfoam/bakalarka-openfoam/MHD_control_cooling/src/controllers/mpc_alter.jl:605
┌ Debug:   V-Step OK. Status: LOCALLY_SOLVED, Primal: FEASIBLE_POINT. New V norm: 0.7598
└ @ Main /home/basta/Projects/bakalarka-openfoam/bakalarka-openfoam/MHD_control_cooling/src/controllers/mpc_alter.jl:662
┌ Debug:   AM Iter 1 took 55.25 ms. U Status: LOCALLY_SOLVED, V Status: LOCALLY_SOLVED
└ @ Main /home/basta/Projects/bakalarka-openfoam/bakalarka-openfoam/MHD_control_cooling/src/controllers/mpc_alter.jl:680
┌ Debug: AM Iteration 2/5
└ @ Main /home/basta/Projects/bakalarka-openfoam/bakalarka-openfoam/MHD_control_cooling/src/controllers/mpc_alter.jl:561
┌ Debug:   U-Step OK. Status: LOCALLY_SOLVED, Primal: FEASIBLE_POINT. New U norm: 0.0513
└ @ Main /home/basta/Projects/bakalarka-openfoam/bakalarka-openfoam/MHD_control_cooling/src/controllers/mpc_alter.jl:605
┌ Debug:   V-Step OK. Status: LOCALLY_SOLVED, Primal: FEASIBLE_POINT. New V norm: 0.7652
└ @ Main /home/basta/Projects/bakalarka-openfoam/bakalarka-openfoam/MHD_control_cooling/src/controllers/mpc_alter.jl:662
┌ Debug:   AM Iter 2 took 29.48 ms. U Status: LOCALLY_SOLVED, V Status: LOCALLY_SOLVED
└ @ Main /home/basta/Projects/bakalarka-openfoam/bakalarka-openfoam/MHD_control_cooling/src/controllers/mpc_alter.jl:680
┌ Debug: AM Iteration 3/5
└ @ Main /home/basta/Projects/bakalarka-openfoam/bakalarka-openfoam/MHD_control_cooling/src/controllers/mpc_alter.jl:561
┌ Debug:   U-Step OK. Status: LOCALLY_SOLVED, Primal: FEASIBLE_POINT. New U norm: 0.0517
└ @ Main /home/basta/Projects/bakalarka-openfoam/bakalarka-openfoam/MHD_control_cooling/src/controllers/mpc_alter.jl:605
┌ Debug:   V-Step OK. Status: LOCALLY_SOLVED, Primal: FEASIBLE_POINT. New V norm: 0.7692
└ @ Main /home/basta/Projects/bakalarka-openfoam/bakalarka-openfoam/MHD_control_cooling/src/controllers/mpc_alter.jl:662
┌ Debug:   AM Iter 3 took 20.09 ms. U Status: LOCALLY_SOLVED, V Status: LOCALLY_SOLVED
└ @ Main /home/basta/Projects/bakalarka-openfoam/bakalarka-openfoam/MHD_control_cooling/src/controllers/mpc_alter.jl:680
┌ Debug: AM Iteration 4/5
└ @ Main /home/basta/Projects/bakalarka-openfoam/bakalarka-openfoam/MHD_control_cooling/src/controllers/mpc_alter.jl:561
┌ Debug:   U-Step OK. Status: LOCALLY_SOLVED, Primal: FEASIBLE_POINT. New U norm: 0.0522
└ @ Main /home/basta/Projects/bakalarka-openfoam/bakalarka-openfoam/MHD_control_cooling/src/controllers/mpc_alter.jl:605
┌ Debug:   V-Step OK. Status: LOCALLY_SOLVED, Primal: FEASIBLE_POINT. New V norm: 0.7732
└ @ Main /home/basta/Projects/bakalarka-openfoam/bakalarka-openfoam/MHD_control_cooling/src/controllers/mpc_alter.jl:662
┌ Debug:   AM Iter 4 took 18.03 ms. U Status: LOCALLY_SOLVED, V Status: LOCALLY_SOLVED
└ @ Main /home/basta/Projects/bakalarka-openfoam/bakalarka-openfoam/MHD_control_cooling/src/controllers/mpc_alter.jl:680
┌ Debug: AM Iteration 5/5
└ @ Main /home/basta/Projects/bakalarka-openfoam/bakalarka-openfoam/MHD_control_cooling/src/controllers/mpc_alter.jl:561
┌ Debug:   U-Step OK. Status: LOCALLY_SOLVED, Primal: FEASIBLE_POINT. New U norm: 0.0526
└ @ Main /home/basta/Projects/bakalarka-openfoam/bakalarka-openfoam/MHD_control_cooling/src/controllers/mpc_alter.jl:605
┌ Debug:   V-Step OK. Status: LOCALLY_SOLVED, Primal: FEASIBLE_POINT. New V norm: 0.7772
└ @ Main /home/basta/Projects/bakalarka-openfoam/bakalarka-openfoam/MHD_control_cooling/src/controllers/mpc_alter.jl:662
┌ Debug:   AM Iter 5 took 17.13 ms. U Status: LOCALLY_SOLVED, V Status: LOCALLY_SOLVED
└ @ Main /home/basta/Projects/bakalarka-openfoam/bakalarka-openfoam/MHD_control_cooling/src/controllers/mpc_alter.jl:680
┌ Debug: AM finished after 5 iterations.
└ @ Main /home/basta/Projects/bakalarka-openfoam/bakalarka-openfoam/MHD_control_cooling/src/controllers/mpc_alter.jl:697
┌ Debug: Final U norm: 0.0526, Final V norm: 0.7772
└ @ Main /home/basta/Projects/bakalarka-openfoam/bakalarka-openfoam/MHD_control_cooling/src/controllers/mpc_alter.jl:698
┌ Debug: Physical Bounds Hit: U_min=false, U_max=false, V_min=false, V_max=false
└ @ Main /home/basta/Projects/bakalarka-openfoam/bakalarka-openfoam/MHD_control_cooling/src/controllers/mpc_alter.jl:704
┌ Debug: Storing effective theta_k (for next step): Norm=0.0409, First 5=[0.0204, -0.0, 0.0204, -0.0, -0.0]
└ @ Main /home/basta/Projects/bakalarka-openfoam/bakalarka-openfoam/MHD_control_cooling/src/controllers/mpc_alter.jl:733
┌ Info: Control action computed in 178.96 ms. Sending input u[1]=0.0372, v[1]=0.5496...
└ @ Main /home/basta/Projects/bakalarka-openfoam/bakalarka-openfoam/MHD_control_cooling/src/controllers/mpc_alter.jl:753
┌ Info: ("Sending input", [0.0371713868211962, -1.819550575548915e-8, 0.037171386931272594, -1.816998597411532e-8, 0.5495862620721733, -2.6721046529024634e-7, -2.6696227850964014e-7, 0.5495862597606679])
└ @ Main /home/basta/Projects/bakalarka-openfoam/bakalarka-openfoam/MHD_control_cooling/src/scripts/sock_field_server.jl:287
┌ Debug: update_controller_state! called at time 36.14006. No action implemented.
└ @ Main /home/basta/Projects/bakalarka-openfoam/bakalarka-openfoam/MHD_control_cooling/src/controllers/mpc_alter.jl:763
┌ Debug: update_controller_state! called at time 36.14006. No action implemented.
└ @ Main /home/basta/Projects/bakalarka-openfoam/bakalarka-openfoam/MHD_control_cooling/src/controllers/mpc_alter.jl:763
┌ Debug: Raw Measurement 'wallheatflux' value: -0.57686775
└ @ Main /home/basta/Projects/bakalarka-openfoam/bakalarka-openfoam/MHD_control_cooling/src/controllers/mpc_alter.jl:455
┌ Debug: Centered Measurement yk: -0.57686775
└ @ Main /home/basta/Projects/bakalarka-openfoam/bakalarka-openfoam/MHD_control_cooling/src/controllers/mpc_alter.jl:458
┌ Debug: Constructed state xk[1:5] = [-0.5769, -0.5766, -0.5762, -0.5759, -0.5755]... | Norm: 3.8076
└ @ Main /home/basta/Projects/bakalarka-openfoam/bakalarka-openfoam/MHD_control_cooling/src/controllers/mpc_alter.jl:504
┌ Debug: State error (output) xk[1]-xref[1]: 0.4231 | Full error norm: 22.7264
└ @ Main /home/basta/Projects/bakalarka-openfoam/bakalarka-openfoam/MHD_control_cooling/src/controllers/mpc_alter.jl:514
┌ Debug: State bounds check: any(l_st_k .> u_st_k) = false
└ @ Main /home/basta/Projects/bakalarka-openfoam/bakalarka-openfoam/MHD_control_cooling/src/controllers/mpc_alter.jl:515
┌ Debug: Warm starting U from previous solution (shifted).
└ @ Main /home/basta/Projects/bakalarka-openfoam/bakalarka-openfoam/MHD_control_cooling/src/controllers/mpc_alter.jl:528
┌ Debug: Warm starting V from previous solution (shifted).
└ @ Main /home/basta/Projects/bakalarka-openfoam/bakalarka-openfoam/MHD_control_cooling/src/controllers/mpc_alter.jl:537
┌ Debug: Initial U norm: 0.0, Initial V norm: 0.0
└ @ Main /home/basta/Projects/bakalarka-openfoam/bakalarka-openfoam/MHD_control_cooling/src/controllers/mpc_alter.jl:544
┌ Debug: Using QP Regularization: 0.0001
└ @ Main /home/basta/Projects/bakalarka-openfoam/bakalarka-openfoam/MHD_control_cooling/src/controllers/mpc_alter.jl:549
┌ Debug: AM Iteration 1/5
└ @ Main /home/basta/Projects/bakalarka-openfoam/bakalarka-openfoam/MHD_control_cooling/src/controllers/mpc_alter.jl:561
┌ Debug:   U-Step OK. Status: LOCALLY_SOLVED, Primal: FEASIBLE_POINT. New U norm: 0.0
└ @ Main /home/basta/Projects/bakalarka-openfoam/bakalarka-openfoam/MHD_control_cooling/src/controllers/mpc_alter.jl:605
┌ Debug:   V-Step OK. Status: LOCALLY_SOLVED, Primal: FEASIBLE_POINT. New V norm: 0.0
└ @ Main /home/basta/Projects/bakalarka-openfoam/bakalarka-openfoam/MHD_control_cooling/src/controllers/mpc_alter.jl:662
┌ Debug:   AM Iter 1 took 12.27 ms. U Status: LOCALLY_SOLVED, V Status: LOCALLY_SOLVED
└ @ Main /home/basta/Projects/bakalarka-openfoam/bakalarka-openfoam/MHD_control_cooling/src/controllers/mpc_alter.jl:680
┌ Debug: AM Iteration 2/5
└ @ Main /home/basta/Projects/bakalarka-openfoam/bakalarka-openfoam/MHD_control_cooling/src/controllers/mpc_alter.jl:561
┌ Debug:   U-Step OK. Status: LOCALLY_SOLVED, Primal: FEASIBLE_POINT. New U norm: 0.0
└ @ Main /home/basta/Projects/bakalarka-openfoam/bakalarka-openfoam/MHD_control_cooling/src/controllers/mpc_alter.jl:605
┌ Debug:   V-Step OK. Status: LOCALLY_SOLVED, Primal: FEASIBLE_POINT. New V norm: 0.0
└ @ Main /home/basta/Projects/bakalarka-openfoam/bakalarka-openfoam/MHD_control_cooling/src/controllers/mpc_alter.jl:662
┌ Debug:   AM Iter 2 took 14.43 ms. U Status: LOCALLY_SOLVED, V Status: LOCALLY_SOLVED
└ @ Main /home/basta/Projects/bakalarka-openfoam/bakalarka-openfoam/MHD_control_cooling/src/controllers/mpc_alter.jl:680
┌ Debug: AM Iteration 3/5
└ @ Main /home/basta/Projects/bakalarka-openfoam/bakalarka-openfoam/MHD_control_cooling/src/controllers/mpc_alter.jl:561
┌ Debug:   U-Step OK. Status: LOCALLY_SOLVED, Primal: FEASIBLE_POINT. New U norm: 0.0
└ @ Main /home/basta/Projects/bakalarka-openfoam/bakalarka-openfoam/MHD_control_cooling/src/controllers/mpc_alter.jl:605
┌ Debug:   V-Step OK. Status: LOCALLY_SOLVED, Primal: FEASIBLE_POINT. New V norm: 0.0
└ @ Main /home/basta/Projects/bakalarka-openfoam/bakalarka-openfoam/MHD_control_cooling/src/controllers/mpc_alter.jl:662
┌ Debug:   AM Iter 3 took 13.18 ms. U Status: LOCALLY_SOLVED, V Status: LOCALLY_SOLVED
└ @ Main /home/basta/Projects/bakalarka-openfoam/bakalarka-openfoam/MHD_control_cooling/src/controllers/mpc_alter.jl:680
┌ Debug: AM Iteration 4/5
└ @ Main /home/basta/Projects/bakalarka-openfoam/bakalarka-openfoam/MHD_control_cooling/src/controllers/mpc_alter.jl:561
┌ Debug:   U-Step OK. Status: LOCALLY_SOLVED, Primal: FEASIBLE_POINT. New U norm: 0.0
└ @ Main /home/basta/Projects/bakalarka-openfoam/bakalarka-openfoam/MHD_control_cooling/src/controllers/mpc_alter.jl:605
┌ Debug:   V-Step OK. Status: LOCALLY_SOLVED, Primal: FEASIBLE_POINT. New V norm: 0.0
└ @ Main /home/basta/Projects/bakalarka-openfoam/bakalarka-openfoam/MHD_control_cooling/src/controllers/mpc_alter.jl:662
┌ Debug:   AM Iter 4 took 14.22 ms. U Status: LOCALLY_SOLVED, V Status: LOCALLY_SOLVED
└ @ Main /home/basta/Projects/bakalarka-openfoam/bakalarka-openfoam/MHD_control_cooling/src/controllers/mpc_alter.jl:680
┌ Debug: AM Iteration 5/5
└ @ Main /home/basta/Projects/bakalarka-openfoam/bakalarka-openfoam/MHD_control_cooling/src/controllers/mpc_alter.jl:561
┌ Debug:   U-Step OK. Status: LOCALLY_SOLVED, Primal: FEASIBLE_POINT. New U norm: 0.0
└ @ Main /home/basta/Projects/bakalarka-openfoam/bakalarka-openfoam/MHD_control_cooling/src/controllers/mpc_alter.jl:605
┌ Debug:   V-Step OK. Status: LOCALLY_SOLVED, Primal: FEASIBLE_POINT. New V norm: 0.0
└ @ Main /home/basta/Projects/bakalarka-openfoam/bakalarka-openfoam/MHD_control_cooling/src/controllers/mpc_alter.jl:662
┌ Debug:   AM Iter 5 took 12.52 ms. U Status: LOCALLY_SOLVED, V Status: LOCALLY_SOLVED
└ @ Main /home/basta/Projects/bakalarka-openfoam/bakalarka-openfoam/MHD_control_cooling/src/controllers/mpc_alter.jl:680
┌ Debug: AM finished after 5 iterations.
└ @ Main /home/basta/Projects/bakalarka-openfoam/bakalarka-openfoam/MHD_control_cooling/src/controllers/mpc_alter.jl:697
┌ Debug: Final U norm: 0.0, Final V norm: 0.0
└ @ Main /home/basta/Projects/bakalarka-openfoam/bakalarka-openfoam/MHD_control_cooling/src/controllers/mpc_alter.jl:698
┌ Debug: Physical Bounds Hit: U_min=false, U_max=false, V_min=false, V_max=false
└ @ Main /home/basta/Projects/bakalarka-openfoam/bakalarka-openfoam/MHD_control_cooling/src/controllers/mpc_alter.jl:704
┌ Debug: Storing effective theta_k (for next step): Norm=0.0, First 5=[0.0, 0.0, 0.0, 0.0, 0.0]
└ @ Main /home/basta/Projects/bakalarka-openfoam/bakalarka-openfoam/MHD_control_cooling/src/controllers/mpc_alter.jl:733
┌ Info: Control action computed in 104.33 ms. Sending input u[1]=0.0, v[1]=0.0...
└ @ Main /home/basta/Projects/bakalarka-openfoam/bakalarka-openfoam/MHD_control_cooling/src/controllers/mpc_alter.jl:753
┌ Info: ("Sending input", [0.0, 0.0, 0.0, 0.0, 0.0, 0.0, 0.0, 0.0])
└ @ Main /home/basta/Projects/bakalarka-openfoam/bakalarka-openfoam/MHD_control_cooling/src/scripts/sock_field_server.jl:287
┌ Debug: update_controller_state! called at time 37.14006. No action implemented.
└ @ Main /home/basta/Projects/bakalarka-openfoam/bakalarka-openfoam/MHD_control_cooling/src/controllers/mpc_alter.jl:763
┌ Debug: update_controller_state! called at time 37.14006. No action implemented.
└ @ Main /home/basta/Projects/bakalarka-openfoam/bakalarka-openfoam/MHD_control_cooling/src/controllers/mpc_alter.jl:763
┌ Debug: Raw Measurement 'wallheatflux' value: -0.57721825
└ @ Main /home/basta/Projects/bakalarka-openfoam/bakalarka-openfoam/MHD_control_cooling/src/controllers/mpc_alter.jl:455
┌ Debug: Centered Measurement yk: -0.57721825
└ @ Main /home/basta/Projects/bakalarka-openfoam/bakalarka-openfoam/MHD_control_cooling/src/controllers/mpc_alter.jl:458
┌ Debug: Constructed state xk[1:5] = [-0.5772, -0.5769, -0.5766, -0.5762, -0.5759]... | Norm: 3.8511
└ @ Main /home/basta/Projects/bakalarka-openfoam/bakalarka-openfoam/MHD_control_cooling/src/controllers/mpc_alter.jl:504
┌ Debug: State error (output) xk[1]-xref[1]: 0.4228 | Full error norm: 22.8159
└ @ Main /home/basta/Projects/bakalarka-openfoam/bakalarka-openfoam/MHD_control_cooling/src/controllers/mpc_alter.jl:514
┌ Debug: State bounds check: any(l_st_k .> u_st_k) = false
└ @ Main /home/basta/Projects/bakalarka-openfoam/bakalarka-openfoam/MHD_control_cooling/src/controllers/mpc_alter.jl:515
┌ Debug: Initializing U randomly.
└ @ Main /home/basta/Projects/bakalarka-openfoam/bakalarka-openfoam/MHD_control_cooling/src/controllers/mpc_alter.jl:531
┌ Debug: Initializing V randomly.
└ @ Main /home/basta/Projects/bakalarka-openfoam/bakalarka-openfoam/MHD_control_cooling/src/controllers/mpc_alter.jl:540
┌ Debug: Initial U norm: 1.329, Initial V norm: 1.2517
└ @ Main /home/basta/Projects/bakalarka-openfoam/bakalarka-openfoam/MHD_control_cooling/src/controllers/mpc_alter.jl:544
┌ Debug: Using QP Regularization: 0.0001
└ @ Main /home/basta/Projects/bakalarka-openfoam/bakalarka-openfoam/MHD_control_cooling/src/controllers/mpc_alter.jl:549
┌ Debug: AM Iteration 1/5
└ @ Main /home/basta/Projects/bakalarka-openfoam/bakalarka-openfoam/MHD_control_cooling/src/controllers/mpc_alter.jl:561
┌ Debug:   U-Step OK. Status: LOCALLY_SOLVED, Primal: FEASIBLE_POINT. New U norm: 0.2935
└ @ Main /home/basta/Projects/bakalarka-openfoam/bakalarka-openfoam/MHD_control_cooling/src/controllers/mpc_alter.jl:605
┌ Debug:   V-Step OK. Status: LOCALLY_SOLVED, Primal: FEASIBLE_POINT. New V norm: 1.1143
└ @ Main /home/basta/Projects/bakalarka-openfoam/bakalarka-openfoam/MHD_control_cooling/src/controllers/mpc_alter.jl:662
┌ Debug:   AM Iter 1 took 45.34 ms. U Status: LOCALLY_SOLVED, V Status: LOCALLY_SOLVED
└ @ Main /home/basta/Projects/bakalarka-openfoam/bakalarka-openfoam/MHD_control_cooling/src/controllers/mpc_alter.jl:680
┌ Debug: AM Iteration 2/5
└ @ Main /home/basta/Projects/bakalarka-openfoam/bakalarka-openfoam/MHD_control_cooling/src/controllers/mpc_alter.jl:561
┌ Debug:   U-Step OK. Status: LOCALLY_SOLVED, Primal: FEASIBLE_POINT. New U norm: 0.3443
└ @ Main /home/basta/Projects/bakalarka-openfoam/bakalarka-openfoam/MHD_control_cooling/src/controllers/mpc_alter.jl:605
┌ Debug:   V-Step OK. Status: LOCALLY_SOLVED, Primal: FEASIBLE_POINT. New V norm: 1.6166
└ @ Main /home/basta/Projects/bakalarka-openfoam/bakalarka-openfoam/MHD_control_cooling/src/controllers/mpc_alter.jl:662
┌ Debug:   AM Iter 2 took 51.5 ms. U Status: LOCALLY_SOLVED, V Status: LOCALLY_SOLVED
└ @ Main /home/basta/Projects/bakalarka-openfoam/bakalarka-openfoam/MHD_control_cooling/src/controllers/mpc_alter.jl:680
┌ Debug: AM Iteration 3/5
└ @ Main /home/basta/Projects/bakalarka-openfoam/bakalarka-openfoam/MHD_control_cooling/src/controllers/mpc_alter.jl:561
┌ Debug:   U-Step OK. Status: LOCALLY_SOLVED, Primal: FEASIBLE_POINT. New U norm: 0.3441
└ @ Main /home/basta/Projects/bakalarka-openfoam/bakalarka-openfoam/MHD_control_cooling/src/controllers/mpc_alter.jl:605
┌ Debug:   V-Step OK. Status: LOCALLY_SOLVED, Primal: FEASIBLE_POINT. New V norm: 1.9691
└ @ Main /home/basta/Projects/bakalarka-openfoam/bakalarka-openfoam/MHD_control_cooling/src/controllers/mpc_alter.jl:662
┌ Debug:   AM Iter 3 took 48.19 ms. U Status: LOCALLY_SOLVED, V Status: LOCALLY_SOLVED
└ @ Main /home/basta/Projects/bakalarka-openfoam/bakalarka-openfoam/MHD_control_cooling/src/controllers/mpc_alter.jl:680
┌ Debug: AM Iteration 4/5
└ @ Main /home/basta/Projects/bakalarka-openfoam/bakalarka-openfoam/MHD_control_cooling/src/controllers/mpc_alter.jl:561
┌ Debug:   U-Step OK. Status: LOCALLY_SOLVED, Primal: FEASIBLE_POINT. New U norm: 0.3484
└ @ Main /home/basta/Projects/bakalarka-openfoam/bakalarka-openfoam/MHD_control_cooling/src/controllers/mpc_alter.jl:605
┌ Debug:   V-Step OK. Status: LOCALLY_SOLVED, Primal: FEASIBLE_POINT. New V norm: 1.8863
└ @ Main /home/basta/Projects/bakalarka-openfoam/bakalarka-openfoam/MHD_control_cooling/src/controllers/mpc_alter.jl:662
┌ Debug:   AM Iter 4 took 71.01 ms. U Status: LOCALLY_SOLVED, V Status: LOCALLY_SOLVED
└ @ Main /home/basta/Projects/bakalarka-openfoam/bakalarka-openfoam/MHD_control_cooling/src/controllers/mpc_alter.jl:680
┌ Debug: AM Iteration 5/5
└ @ Main /home/basta/Projects/bakalarka-openfoam/bakalarka-openfoam/MHD_control_cooling/src/controllers/mpc_alter.jl:561
┌ Debug:   U-Step OK. Status: LOCALLY_SOLVED, Primal: FEASIBLE_POINT. New U norm: 0.3534
└ @ Main /home/basta/Projects/bakalarka-openfoam/bakalarka-openfoam/MHD_control_cooling/src/controllers/mpc_alter.jl:605
┌ Debug:   V-Step OK. Status: LOCALLY_SOLVED, Primal: FEASIBLE_POINT. New V norm: 1.824
└ @ Main /home/basta/Projects/bakalarka-openfoam/bakalarka-openfoam/MHD_control_cooling/src/controllers/mpc_alter.jl:662
┌ Debug:   AM Iter 5 took 43.69 ms. U Status: LOCALLY_SOLVED, V Status: LOCALLY_SOLVED
└ @ Main /home/basta/Projects/bakalarka-openfoam/bakalarka-openfoam/MHD_control_cooling/src/controllers/mpc_alter.jl:680
┌ Debug: AM finished after 5 iterations.
└ @ Main /home/basta/Projects/bakalarka-openfoam/bakalarka-openfoam/MHD_control_cooling/src/controllers/mpc_alter.jl:697
┌ Debug: Final U norm: 0.3534, Final V norm: 1.824
└ @ Main /home/basta/Projects/bakalarka-openfoam/bakalarka-openfoam/MHD_control_cooling/src/controllers/mpc_alter.jl:698
┌ Debug: Physical Bounds Hit: U_min=false, U_max=false, V_min=false, V_max=false
└ @ Main /home/basta/Projects/bakalarka-openfoam/bakalarka-openfoam/MHD_control_cooling/src/controllers/mpc_alter.jl:704
┌ Debug: Storing effective theta_k (for next step): Norm=0.089, First 5=[0.0535, -0.0, 0.0535, -0.0, -0.0]
└ @ Main /home/basta/Projects/bakalarka-openfoam/bakalarka-openfoam/MHD_control_cooling/src/controllers/mpc_alter.jl:733
┌ Info: Control action computed in 296.88 ms. Sending input u[1]=0.1048, v[1]=0.5106...
└ @ Main /home/basta/Projects/bakalarka-openfoam/bakalarka-openfoam/MHD_control_cooling/src/controllers/mpc_alter.jl:753
┌ Info: ("Sending input", [0.10475400974436357, -1.958293086714912e-8, 0.10475400986366494, -1.9485028463753835e-8, 0.5106487923255547, -9.497505185220905e-8, -9.480118839487208e-8, 0.3164027707229444])
└ @ Main /home/basta/Projects/bakalarka-openfoam/bakalarka-openfoam/MHD_control_cooling/src/scripts/sock_field_server.jl:287
┌ Debug: update_controller_state! called at time 38.14006. No action implemented.
└ @ Main /home/basta/Projects/bakalarka-openfoam/bakalarka-openfoam/MHD_control_cooling/src/controllers/mpc_alter.jl:763
┌ Debug: update_controller_state! called at time 38.14006. No action implemented.
└ @ Main /home/basta/Projects/bakalarka-openfoam/bakalarka-openfoam/MHD_control_cooling/src/controllers/mpc_alter.jl:763
┌ Debug: Raw Measurement 'wallheatflux' value: -0.577596125
└ @ Main /home/basta/Projects/bakalarka-openfoam/bakalarka-openfoam/MHD_control_cooling/src/controllers/mpc_alter.jl:455
┌ Debug: Centered Measurement yk: -0.577596125
└ @ Main /home/basta/Projects/bakalarka-openfoam/bakalarka-openfoam/MHD_control_cooling/src/controllers/mpc_alter.jl:458
┌ Debug: Constructed state xk[1:5] = [-0.5776, -0.5772, -0.5769, -0.5766, -0.5762]... | Norm: 3.8952
└ @ Main /home/basta/Projects/bakalarka-openfoam/bakalarka-openfoam/MHD_control_cooling/src/controllers/mpc_alter.jl:504
┌ Debug: State error (output) xk[1]-xref[1]: 0.4224 | Full error norm: 22.6751
└ @ Main /home/basta/Projects/bakalarka-openfoam/bakalarka-openfoam/MHD_control_cooling/src/controllers/mpc_alter.jl:514
┌ Debug: State bounds check: any(l_st_k .> u_st_k) = false
└ @ Main /home/basta/Projects/bakalarka-openfoam/bakalarka-openfoam/MHD_control_cooling/src/controllers/mpc_alter.jl:515
┌ Debug: Warm starting U from previous solution (shifted).
└ @ Main /home/basta/Projects/bakalarka-openfoam/bakalarka-openfoam/MHD_control_cooling/src/controllers/mpc_alter.jl:528
┌ Debug: Warm starting V from previous solution (shifted).
└ @ Main /home/basta/Projects/bakalarka-openfoam/bakalarka-openfoam/MHD_control_cooling/src/controllers/mpc_alter.jl:537
┌ Debug: Initial U norm: 0.3209, Initial V norm: 1.7222
└ @ Main /home/basta/Projects/bakalarka-openfoam/bakalarka-openfoam/MHD_control_cooling/src/controllers/mpc_alter.jl:544
┌ Debug: Using QP Regularization: 0.0001
└ @ Main /home/basta/Projects/bakalarka-openfoam/bakalarka-openfoam/MHD_control_cooling/src/controllers/mpc_alter.jl:549
┌ Debug: AM Iteration 1/5
└ @ Main /home/basta/Projects/bakalarka-openfoam/bakalarka-openfoam/MHD_control_cooling/src/controllers/mpc_alter.jl:561
┌ Debug:   U-Step OK. Status: LOCALLY_SOLVED, Primal: FEASIBLE_POINT. New U norm: 0.3324
└ @ Main /home/basta/Projects/bakalarka-openfoam/bakalarka-openfoam/MHD_control_cooling/src/controllers/mpc_alter.jl:605
┌ Debug:   V-Step OK. Status: LOCALLY_SOLVED, Primal: FEASIBLE_POINT. New V norm: 1.6773
└ @ Main /home/basta/Projects/bakalarka-openfoam/bakalarka-openfoam/MHD_control_cooling/src/controllers/mpc_alter.jl:662
┌ Debug:   AM Iter 1 took 40.65 ms. U Status: LOCALLY_SOLVED, V Status: LOCALLY_SOLVED
└ @ Main /home/basta/Projects/bakalarka-openfoam/bakalarka-openfoam/MHD_control_cooling/src/controllers/mpc_alter.jl:680
┌ Debug: AM Iteration 2/5
└ @ Main /home/basta/Projects/bakalarka-openfoam/bakalarka-openfoam/MHD_control_cooling/src/controllers/mpc_alter.jl:561
┌ Debug:   U-Step OK. Status: LOCALLY_SOLVED, Primal: FEASIBLE_POINT. New U norm: 0.3387
└ @ Main /home/basta/Projects/bakalarka-openfoam/bakalarka-openfoam/MHD_control_cooling/src/controllers/mpc_alter.jl:605
┌ Debug:   V-Step OK. Status: LOCALLY_SOLVED, Primal: FEASIBLE_POINT. New V norm: 1.6313
└ @ Main /home/basta/Projects/bakalarka-openfoam/bakalarka-openfoam/MHD_control_cooling/src/controllers/mpc_alter.jl:662
┌ Debug:   AM Iter 2 took 41.29 ms. U Status: LOCALLY_SOLVED, V Status: LOCALLY_SOLVED
└ @ Main /home/basta/Projects/bakalarka-openfoam/bakalarka-openfoam/MHD_control_cooling/src/controllers/mpc_alter.jl:680
┌ Debug: AM Iteration 3/5
└ @ Main /home/basta/Projects/bakalarka-openfoam/bakalarka-openfoam/MHD_control_cooling/src/controllers/mpc_alter.jl:561
┌ Debug:   U-Step OK. Status: LOCALLY_SOLVED, Primal: FEASIBLE_POINT. New U norm: 0.3449
└ @ Main /home/basta/Projects/bakalarka-openfoam/bakalarka-openfoam/MHD_control_cooling/src/controllers/mpc_alter.jl:605
┌ Debug:   V-Step OK. Status: LOCALLY_SOLVED, Primal: FEASIBLE_POINT. New V norm: 1.5965
└ @ Main /home/basta/Projects/bakalarka-openfoam/bakalarka-openfoam/MHD_control_cooling/src/controllers/mpc_alter.jl:662
┌ Debug:   AM Iter 3 took 38.41 ms. U Status: LOCALLY_SOLVED, V Status: LOCALLY_SOLVED
└ @ Main /home/basta/Projects/bakalarka-openfoam/bakalarka-openfoam/MHD_control_cooling/src/controllers/mpc_alter.jl:680
┌ Debug: AM Iteration 4/5
└ @ Main /home/basta/Projects/bakalarka-openfoam/bakalarka-openfoam/MHD_control_cooling/src/controllers/mpc_alter.jl:561
┌ Debug:   U-Step OK. Status: LOCALLY_SOLVED, Primal: FEASIBLE_POINT. New U norm: 0.3504
└ @ Main /home/basta/Projects/bakalarka-openfoam/bakalarka-openfoam/MHD_control_cooling/src/controllers/mpc_alter.jl:605
┌ Debug:   V-Step OK. Status: LOCALLY_SOLVED, Primal: FEASIBLE_POINT. New V norm: 1.5735
└ @ Main /home/basta/Projects/bakalarka-openfoam/bakalarka-openfoam/MHD_control_cooling/src/controllers/mpc_alter.jl:662
┌ Debug:   AM Iter 4 took 37.09 ms. U Status: LOCALLY_SOLVED, V Status: LOCALLY_SOLVED
└ @ Main /home/basta/Projects/bakalarka-openfoam/bakalarka-openfoam/MHD_control_cooling/src/controllers/mpc_alter.jl:680
┌ Debug: AM Iteration 5/5
└ @ Main /home/basta/Projects/bakalarka-openfoam/bakalarka-openfoam/MHD_control_cooling/src/controllers/mpc_alter.jl:561
┌ Debug:   U-Step OK. Status: LOCALLY_SOLVED, Primal: FEASIBLE_POINT. New U norm: 0.3543
└ @ Main /home/basta/Projects/bakalarka-openfoam/bakalarka-openfoam/MHD_control_cooling/src/controllers/mpc_alter.jl:605
┌ Debug:   V-Step OK. Status: LOCALLY_SOLVED, Primal: FEASIBLE_POINT. New V norm: 1.5655
└ @ Main /home/basta/Projects/bakalarka-openfoam/bakalarka-openfoam/MHD_control_cooling/src/controllers/mpc_alter.jl:662
┌ Debug:   AM Iter 5 took 67.2 ms. U Status: LOCALLY_SOLVED, V Status: LOCALLY_SOLVED
└ @ Main /home/basta/Projects/bakalarka-openfoam/bakalarka-openfoam/MHD_control_cooling/src/controllers/mpc_alter.jl:680
┌ Debug: AM finished after 5 iterations.
└ @ Main /home/basta/Projects/bakalarka-openfoam/bakalarka-openfoam/MHD_control_cooling/src/controllers/mpc_alter.jl:697
┌ Debug: Final U norm: 0.3543, Final V norm: 1.5655
└ @ Main /home/basta/Projects/bakalarka-openfoam/bakalarka-openfoam/MHD_control_cooling/src/controllers/mpc_alter.jl:698
┌ Debug: Physical Bounds Hit: U_min=false, U_max=false, V_min=false, V_max=false
└ @ Main /home/basta/Projects/bakalarka-openfoam/bakalarka-openfoam/MHD_control_cooling/src/controllers/mpc_alter.jl:704
┌ Debug: Storing effective theta_k (for next step): Norm=0.098, First 5=[0.0594, -0.0, 0.0594, -0.0, -0.0]
└ @ Main /home/basta/Projects/bakalarka-openfoam/bakalarka-openfoam/MHD_control_cooling/src/controllers/mpc_alter.jl:733
┌ Info: Control action computed in 258.08 ms. Sending input u[1]=0.1692, v[1]=0.3507...
└ @ Main /home/basta/Projects/bakalarka-openfoam/bakalarka-openfoam/MHD_control_cooling/src/controllers/mpc_alter.jl:753
┌ Info: ("Sending input", [0.16922087461427057, -2.85111194562122e-8, 0.16922087490576987, -2.8227485858286545e-8, 0.35074034933088016, -5.881857470981789e-8, -5.8709262179114286e-8, 0.21163241451314602])
└ @ Main /home/basta/Projects/bakalarka-openfoam/bakalarka-openfoam/MHD_control_cooling/src/scripts/sock_field_server.jl:287
┌ Debug: update_controller_state! called at time 39.14006. No action implemented.
└ @ Main /home/basta/Projects/bakalarka-openfoam/bakalarka-openfoam/MHD_control_cooling/src/controllers/mpc_alter.jl:763
┌ Debug: update_controller_state! called at time 39.14006. No action implemented.
└ @ Main /home/basta/Projects/bakalarka-openfoam/bakalarka-openfoam/MHD_control_cooling/src/controllers/mpc_alter.jl:763
┌ Debug: Raw Measurement 'wallheatflux' value: -0.5780395
└ @ Main /home/basta/Projects/bakalarka-openfoam/bakalarka-openfoam/MHD_control_cooling/src/controllers/mpc_alter.jl:455
┌ Debug: Centered Measurement yk: -0.5780395
└ @ Main /home/basta/Projects/bakalarka-openfoam/bakalarka-openfoam/MHD_control_cooling/src/controllers/mpc_alter.jl:458
┌ Debug: Constructed state xk[1:5] = [-0.578, -0.5776, -0.5772, -0.5769, -0.5766]... | Norm: 3.9391
└ @ Main /home/basta/Projects/bakalarka-openfoam/bakalarka-openfoam/MHD_control_cooling/src/controllers/mpc_alter.jl:504
┌ Debug: State error (output) xk[1]-xref[1]: 0.422 | Full error norm: 21.1255
└ @ Main /home/basta/Projects/bakalarka-openfoam/bakalarka-openfoam/MHD_control_cooling/src/controllers/mpc_alter.jl:514
┌ Debug: State bounds check: any(l_st_k .> u_st_k) = false
└ @ Main /home/basta/Projects/bakalarka-openfoam/bakalarka-openfoam/MHD_control_cooling/src/controllers/mpc_alter.jl:515
┌ Debug: Warm starting U from previous solution (shifted).
└ @ Main /home/basta/Projects/bakalarka-openfoam/bakalarka-openfoam/MHD_control_cooling/src/controllers/mpc_alter.jl:528
┌ Debug: Warm starting V from previous solution (shifted).
└ @ Main /home/basta/Projects/bakalarka-openfoam/bakalarka-openfoam/MHD_control_cooling/src/controllers/mpc_alter.jl:537
┌ Debug: Initial U norm: 0.2613, Initial V norm: 1.5109
└ @ Main /home/basta/Projects/bakalarka-openfoam/bakalarka-openfoam/MHD_control_cooling/src/controllers/mpc_alter.jl:544
┌ Debug: Using QP Regularization: 0.0001
└ @ Main /home/basta/Projects/bakalarka-openfoam/bakalarka-openfoam/MHD_control_cooling/src/controllers/mpc_alter.jl:549
┌ Debug: AM Iteration 1/5
└ @ Main /home/basta/Projects/bakalarka-openfoam/bakalarka-openfoam/MHD_control_cooling/src/controllers/mpc_alter.jl:561
┌ Debug:   U-Step OK. Status: LOCALLY_SOLVED, Primal: FEASIBLE_POINT. New U norm: 0.0321
└ @ Main /home/basta/Projects/bakalarka-openfoam/bakalarka-openfoam/MHD_control_cooling/src/controllers/mpc_alter.jl:605
┌ Debug:   V-Step OK. Status: LOCALLY_SOLVED, Primal: FEASIBLE_POINT. New V norm: 2.0345
└ @ Main /home/basta/Projects/bakalarka-openfoam/bakalarka-openfoam/MHD_control_cooling/src/controllers/mpc_alter.jl:662
┌ Debug:   AM Iter 1 took 33.1 ms. U Status: LOCALLY_SOLVED, V Status: LOCALLY_SOLVED
└ @ Main /home/basta/Projects/bakalarka-openfoam/bakalarka-openfoam/MHD_control_cooling/src/controllers/mpc_alter.jl:680
┌ Debug: AM Iteration 2/5
└ @ Main /home/basta/Projects/bakalarka-openfoam/bakalarka-openfoam/MHD_control_cooling/src/controllers/mpc_alter.jl:561
┌ Debug:   U-Step OK. Status: LOCALLY_SOLVED, Primal: FEASIBLE_POINT. New U norm: 0.0358
└ @ Main /home/basta/Projects/bakalarka-openfoam/bakalarka-openfoam/MHD_control_cooling/src/controllers/mpc_alter.jl:605
┌ Debug:   V-Step OK. Status: LOCALLY_SOLVED, Primal: FEASIBLE_POINT. New V norm: 2.0527
└ @ Main /home/basta/Projects/bakalarka-openfoam/bakalarka-openfoam/MHD_control_cooling/src/controllers/mpc_alter.jl:662
┌ Debug:   AM Iter 2 took 39.35 ms. U Status: LOCALLY_SOLVED, V Status: LOCALLY_SOLVED
└ @ Main /home/basta/Projects/bakalarka-openfoam/bakalarka-openfoam/MHD_control_cooling/src/controllers/mpc_alter.jl:680
┌ Debug: AM Iteration 3/5
└ @ Main /home/basta/Projects/bakalarka-openfoam/bakalarka-openfoam/MHD_control_cooling/src/controllers/mpc_alter.jl:561
┌ Debug:   U-Step OK. Status: LOCALLY_SOLVED, Primal: FEASIBLE_POINT. New U norm: 0.0359
└ @ Main /home/basta/Projects/bakalarka-openfoam/bakalarka-openfoam/MHD_control_cooling/src/controllers/mpc_alter.jl:605
┌ Debug:   V-Step OK. Status: LOCALLY_SOLVED, Primal: FEASIBLE_POINT. New V norm: 2.0715
└ @ Main /home/basta/Projects/bakalarka-openfoam/bakalarka-openfoam/MHD_control_cooling/src/controllers/mpc_alter.jl:662
┌ Debug:   AM Iter 3 took 36.49 ms. U Status: LOCALLY_SOLVED, V Status: LOCALLY_SOLVED
└ @ Main /home/basta/Projects/bakalarka-openfoam/bakalarka-openfoam/MHD_control_cooling/src/controllers/mpc_alter.jl:680
┌ Debug: AM Iteration 4/5
└ @ Main /home/basta/Projects/bakalarka-openfoam/bakalarka-openfoam/MHD_control_cooling/src/controllers/mpc_alter.jl:561
┌ Debug:   U-Step OK. Status: LOCALLY_SOLVED, Primal: FEASIBLE_POINT. New U norm: 0.036
└ @ Main /home/basta/Projects/bakalarka-openfoam/bakalarka-openfoam/MHD_control_cooling/src/controllers/mpc_alter.jl:605
┌ Debug:   V-Step OK. Status: LOCALLY_SOLVED, Primal: FEASIBLE_POINT. New V norm: 2.0886
└ @ Main /home/basta/Projects/bakalarka-openfoam/bakalarka-openfoam/MHD_control_cooling/src/controllers/mpc_alter.jl:662
┌ Debug:   AM Iter 4 took 32.09 ms. U Status: LOCALLY_SOLVED, V Status: LOCALLY_SOLVED
└ @ Main /home/basta/Projects/bakalarka-openfoam/bakalarka-openfoam/MHD_control_cooling/src/controllers/mpc_alter.jl:680
┌ Debug: AM Iteration 5/5
└ @ Main /home/basta/Projects/bakalarka-openfoam/bakalarka-openfoam/MHD_control_cooling/src/controllers/mpc_alter.jl:561
┌ Debug:   U-Step OK. Status: LOCALLY_SOLVED, Primal: FEASIBLE_POINT. New U norm: 0.0361
└ @ Main /home/basta/Projects/bakalarka-openfoam/bakalarka-openfoam/MHD_control_cooling/src/controllers/mpc_alter.jl:605
┌ Debug:   V-Step OK. Status: LOCALLY_SOLVED, Primal: FEASIBLE_POINT. New V norm: 2.1056
└ @ Main /home/basta/Projects/bakalarka-openfoam/bakalarka-openfoam/MHD_control_cooling/src/controllers/mpc_alter.jl:662
┌ Debug:   AM Iter 5 took 28.56 ms. U Status: LOCALLY_SOLVED, V Status: LOCALLY_SOLVED
└ @ Main /home/basta/Projects/bakalarka-openfoam/bakalarka-openfoam/MHD_control_cooling/src/controllers/mpc_alter.jl:680
┌ Debug: AM finished after 5 iterations.
└ @ Main /home/basta/Projects/bakalarka-openfoam/bakalarka-openfoam/MHD_control_cooling/src/controllers/mpc_alter.jl:697
┌ Debug: Final U norm: 0.0361, Final V norm: 2.1056
└ @ Main /home/basta/Projects/bakalarka-openfoam/bakalarka-openfoam/MHD_control_cooling/src/controllers/mpc_alter.jl:698
┌ Debug: Physical Bounds Hit: U_min=false, U_max=false, V_min=false, V_max=false
└ @ Main /home/basta/Projects/bakalarka-openfoam/bakalarka-openfoam/MHD_control_cooling/src/controllers/mpc_alter.jl:704
┌ Debug: Storing effective theta_k (for next step): Norm=0.0097, First 5=[0.0, 0.0, -0.0, -0.0, -0.0]
└ @ Main /home/basta/Projects/bakalarka-openfoam/bakalarka-openfoam/MHD_control_cooling/src/controllers/mpc_alter.jl:733
┌ Info: Control action computed in 202.69 ms. Sending input u[1]=-0.0, v[1]=-0.0...
└ @ Main /home/basta/Projects/bakalarka-openfoam/bakalarka-openfoam/MHD_control_cooling/src/controllers/mpc_alter.jl:753
┌ Info: ("Sending input", [-2.7885229043758054e-8, -2.7888162272021296e-8, 0.009650404582611101, 0.016625883507206687, -5.981947363277788e-7, 0.3585750729683024, 0.35857507566621305, -5.398318478420178e-7])
└ @ Main /home/basta/Projects/bakalarka-openfoam/bakalarka-openfoam/MHD_control_cooling/src/scripts/sock_field_server.jl:287
┌ Debug: update_controller_state! called at time 40.14006. No action implemented.
└ @ Main /home/basta/Projects/bakalarka-openfoam/bakalarka-openfoam/MHD_control_cooling/src/controllers/mpc_alter.jl:763
┌ Debug: update_controller_state! called at time 40.14006. No action implemented.
└ @ Main /home/basta/Projects/bakalarka-openfoam/bakalarka-openfoam/MHD_control_cooling/src/controllers/mpc_alter.jl:763
┌ Debug: Raw Measurement 'wallheatflux' value: -0.57864125
└ @ Main /home/basta/Projects/bakalarka-openfoam/bakalarka-openfoam/MHD_control_cooling/src/controllers/mpc_alter.jl:455
┌ Debug: Centered Measurement yk: -0.57864125
└ @ Main /home/basta/Projects/bakalarka-openfoam/bakalarka-openfoam/MHD_control_cooling/src/controllers/mpc_alter.jl:458
┌ Debug: Constructed state xk[1:5] = [-0.5786, -0.578, -0.5776, -0.5772, -0.5769]... | Norm: 3.9814
└ @ Main /home/basta/Projects/bakalarka-openfoam/bakalarka-openfoam/MHD_control_cooling/src/controllers/mpc_alter.jl:504
┌ Debug: State error (output) xk[1]-xref[1]: 0.4214 | Full error norm: 21.9946
└ @ Main /home/basta/Projects/bakalarka-openfoam/bakalarka-openfoam/MHD_control_cooling/src/controllers/mpc_alter.jl:514
┌ Debug: State bounds check: any(l_st_k .> u_st_k) = false
└ @ Main /home/basta/Projects/bakalarka-openfoam/bakalarka-openfoam/MHD_control_cooling/src/controllers/mpc_alter.jl:515
┌ Debug: Warm starting U from previous solution (shifted).
└ @ Main /home/basta/Projects/bakalarka-openfoam/bakalarka-openfoam/MHD_control_cooling/src/controllers/mpc_alter.jl:528
┌ Debug: Warm starting V from previous solution (shifted).
└ @ Main /home/basta/Projects/bakalarka-openfoam/bakalarka-openfoam/MHD_control_cooling/src/controllers/mpc_alter.jl:537
┌ Debug: Initial U norm: 0.0306, Initial V norm: 2.0436
└ @ Main /home/basta/Projects/bakalarka-openfoam/bakalarka-openfoam/MHD_control_cooling/src/controllers/mpc_alter.jl:544
┌ Debug: Using QP Regularization: 0.0001
└ @ Main /home/basta/Projects/bakalarka-openfoam/bakalarka-openfoam/MHD_control_cooling/src/controllers/mpc_alter.jl:549
┌ Debug: AM Iteration 1/5
└ @ Main /home/basta/Projects/bakalarka-openfoam/bakalarka-openfoam/MHD_control_cooling/src/controllers/mpc_alter.jl:561
┌ Debug:   U-Step OK. Status: LOCALLY_SOLVED, Primal: FEASIBLE_POINT. New U norm: 0.0386
└ @ Main /home/basta/Projects/bakalarka-openfoam/bakalarka-openfoam/MHD_control_cooling/src/controllers/mpc_alter.jl:605
┌ Debug:   V-Step OK. Status: LOCALLY_SOLVED, Primal: FEASIBLE_POINT. New V norm: 2.0622
└ @ Main /home/basta/Projects/bakalarka-openfoam/bakalarka-openfoam/MHD_control_cooling/src/controllers/mpc_alter.jl:662
┌ Debug:   AM Iter 1 took 27.74 ms. U Status: LOCALLY_SOLVED, V Status: LOCALLY_SOLVED
└ @ Main /home/basta/Projects/bakalarka-openfoam/bakalarka-openfoam/MHD_control_cooling/src/controllers/mpc_alter.jl:680
┌ Debug: AM Iteration 2/5
└ @ Main /home/basta/Projects/bakalarka-openfoam/bakalarka-openfoam/MHD_control_cooling/src/controllers/mpc_alter.jl:561
┌ Debug:   U-Step OK. Status: LOCALLY_SOLVED, Primal: FEASIBLE_POINT. New U norm: 0.0477
└ @ Main /home/basta/Projects/bakalarka-openfoam/bakalarka-openfoam/MHD_control_cooling/src/controllers/mpc_alter.jl:605
┌ Debug:   V-Step OK. Status: LOCALLY_SOLVED, Primal: FEASIBLE_POINT. New V norm: 2.1866
└ @ Main /home/basta/Projects/bakalarka-openfoam/bakalarka-openfoam/MHD_control_cooling/src/controllers/mpc_alter.jl:662
┌ Debug:   AM Iter 2 took 31.11 ms. U Status: LOCALLY_SOLVED, V Status: LOCALLY_SOLVED
└ @ Main /home/basta/Projects/bakalarka-openfoam/bakalarka-openfoam/MHD_control_cooling/src/controllers/mpc_alter.jl:680
┌ Debug: AM Iteration 3/5
└ @ Main /home/basta/Projects/bakalarka-openfoam/bakalarka-openfoam/MHD_control_cooling/src/controllers/mpc_alter.jl:561
┌ Debug:   U-Step OK. Status: LOCALLY_SOLVED, Primal: FEASIBLE_POINT. New U norm: 0.0479
└ @ Main /home/basta/Projects/bakalarka-openfoam/bakalarka-openfoam/MHD_control_cooling/src/controllers/mpc_alter.jl:605
┌ Debug:   V-Step OK. Status: LOCALLY_SOLVED, Primal: FEASIBLE_POINT. New V norm: 2.3256
└ @ Main /home/basta/Projects/bakalarka-openfoam/bakalarka-openfoam/MHD_control_cooling/src/controllers/mpc_alter.jl:662
┌ Debug:   AM Iter 3 took 30.99 ms. U Status: LOCALLY_SOLVED, V Status: LOCALLY_SOLVED
└ @ Main /home/basta/Projects/bakalarka-openfoam/bakalarka-openfoam/MHD_control_cooling/src/controllers/mpc_alter.jl:680
┌ Debug: AM Iteration 4/5
└ @ Main /home/basta/Projects/bakalarka-openfoam/bakalarka-openfoam/MHD_control_cooling/src/controllers/mpc_alter.jl:561
┌ Debug:   U-Step OK. Status: LOCALLY_SOLVED, Primal: FEASIBLE_POINT. New U norm: 0.048
└ @ Main /home/basta/Projects/bakalarka-openfoam/bakalarka-openfoam/MHD_control_cooling/src/controllers/mpc_alter.jl:605
┌ Debug:   V-Step OK. Status: LOCALLY_SOLVED, Primal: FEASIBLE_POINT. New V norm: 2.482
└ @ Main /home/basta/Projects/bakalarka-openfoam/bakalarka-openfoam/MHD_control_cooling/src/controllers/mpc_alter.jl:662
┌ Debug:   AM Iter 4 took 26.96 ms. U Status: LOCALLY_SOLVED, V Status: LOCALLY_SOLVED
└ @ Main /home/basta/Projects/bakalarka-openfoam/bakalarka-openfoam/MHD_control_cooling/src/controllers/mpc_alter.jl:680
┌ Debug: AM Iteration 5/5
└ @ Main /home/basta/Projects/bakalarka-openfoam/bakalarka-openfoam/MHD_control_cooling/src/controllers/mpc_alter.jl:561
┌ Debug:   U-Step OK. Status: LOCALLY_SOLVED, Primal: FEASIBLE_POINT. New U norm: 0.0482
└ @ Main /home/basta/Projects/bakalarka-openfoam/bakalarka-openfoam/MHD_control_cooling/src/controllers/mpc_alter.jl:605
┌ Debug:   V-Step OK. Status: LOCALLY_SOLVED, Primal: FEASIBLE_POINT. New V norm: 2.6591
└ @ Main /home/basta/Projects/bakalarka-openfoam/bakalarka-openfoam/MHD_control_cooling/src/controllers/mpc_alter.jl:662
┌ Debug:   AM Iter 5 took 60.32 ms. U Status: LOCALLY_SOLVED, V Status: LOCALLY_SOLVED
└ @ Main /home/basta/Projects/bakalarka-openfoam/bakalarka-openfoam/MHD_control_cooling/src/controllers/mpc_alter.jl:680
┌ Debug: AM finished after 5 iterations.
└ @ Main /home/basta/Projects/bakalarka-openfoam/bakalarka-openfoam/MHD_control_cooling/src/controllers/mpc_alter.jl:697
┌ Debug: Final U norm: 0.0482, Final V norm: 2.6591
└ @ Main /home/basta/Projects/bakalarka-openfoam/bakalarka-openfoam/MHD_control_cooling/src/controllers/mpc_alter.jl:698
┌ Debug: Physical Bounds Hit: U_min=false, U_max=false, V_min=false, V_max=false
└ @ Main /home/basta/Projects/bakalarka-openfoam/bakalarka-openfoam/MHD_control_cooling/src/controllers/mpc_alter.jl:704
┌ Debug: Storing effective theta_k (for next step): Norm=0.0549, First 5=[0.0224, 0.0224, -0.0, 0.0224, -0.0]
└ @ Main /home/basta/Projects/bakalarka-openfoam/bakalarka-openfoam/MHD_control_cooling/src/controllers/mpc_alter.jl:733
┌ Info: Control action computed in 211.62 ms. Sending input u[1]=0.0266, v[1]=0.8434...
└ @ Main /home/basta/Projects/bakalarka-openfoam/bakalarka-openfoam/MHD_control_cooling/src/controllers/mpc_alter.jl:753
┌ Info: ("Sending input", [0.026583380169191605, 0.0265833799377239, -1.1857435462756242e-8, 0.026583379928212327, 0.8433526780074292, -3.748071552589638e-7, 0.8433526818273731, -3.750570966892663e-7])
└ @ Main /home/basta/Projects/bakalarka-openfoam/bakalarka-openfoam/MHD_control_cooling/src/scripts/sock_field_server.jl:287
┌ Debug: update_controller_state! called at time 41.14006. No action implemented.
└ @ Main /home/basta/Projects/bakalarka-openfoam/bakalarka-openfoam/MHD_control_cooling/src/controllers/mpc_alter.jl:763
┌ Debug: update_controller_state! called at time 41.14006. No action implemented.
└ @ Main /home/basta/Projects/bakalarka-openfoam/bakalarka-openfoam/MHD_control_cooling/src/controllers/mpc_alter.jl:763
┌ Debug: Raw Measurement 'wallheatflux' value: -0.5792885
└ @ Main /home/basta/Projects/bakalarka-openfoam/bakalarka-openfoam/MHD_control_cooling/src/controllers/mpc_alter.jl:455
┌ Debug: Centered Measurement yk: -0.5792885
└ @ Main /home/basta/Projects/bakalarka-openfoam/bakalarka-openfoam/MHD_control_cooling/src/controllers/mpc_alter.jl:458
┌ Debug: Constructed state xk[1:5] = [-0.5793, -0.5786, -0.578, -0.5776, -0.5772]... | Norm: 4.0237
└ @ Main /home/basta/Projects/bakalarka-openfoam/bakalarka-openfoam/MHD_control_cooling/src/controllers/mpc_alter.jl:504
┌ Debug: State error (output) xk[1]-xref[1]: 0.4207 | Full error norm: 22.5617
└ @ Main /home/basta/Projects/bakalarka-openfoam/bakalarka-openfoam/MHD_control_cooling/src/controllers/mpc_alter.jl:514
┌ Debug: State bounds check: any(l_st_k .> u_st_k) = false
└ @ Main /home/basta/Projects/bakalarka-openfoam/bakalarka-openfoam/MHD_control_cooling/src/controllers/mpc_alter.jl:515
┌ Debug: Warm starting U from previous solution (shifted).
└ @ Main /home/basta/Projects/bakalarka-openfoam/bakalarka-openfoam/MHD_control_cooling/src/controllers/mpc_alter.jl:528
┌ Debug: Warm starting V from previous solution (shifted).
└ @ Main /home/basta/Projects/bakalarka-openfoam/bakalarka-openfoam/MHD_control_cooling/src/controllers/mpc_alter.jl:537
┌ Debug: Initial U norm: 0.0141, Initial V norm: 2.3766
└ @ Main /home/basta/Projects/bakalarka-openfoam/bakalarka-openfoam/MHD_control_cooling/src/controllers/mpc_alter.jl:544
┌ Debug: Using QP Regularization: 0.0001
└ @ Main /home/basta/Projects/bakalarka-openfoam/bakalarka-openfoam/MHD_control_cooling/src/controllers/mpc_alter.jl:549
┌ Debug: AM Iteration 1/5
└ @ Main /home/basta/Projects/bakalarka-openfoam/bakalarka-openfoam/MHD_control_cooling/src/controllers/mpc_alter.jl:561
┌ Debug:   U-Step OK. Status: LOCALLY_SOLVED, Primal: FEASIBLE_POINT. New U norm: 0.0141
└ @ Main /home/basta/Projects/bakalarka-openfoam/bakalarka-openfoam/MHD_control_cooling/src/controllers/mpc_alter.jl:605
┌ Debug:   V-Step OK. Status: LOCALLY_SOLVED, Primal: FEASIBLE_POINT. New V norm: 2.8284
└ @ Main /home/basta/Projects/bakalarka-openfoam/bakalarka-openfoam/MHD_control_cooling/src/controllers/mpc_alter.jl:662
┌ Debug:   AM Iter 1 took 22.82 ms. U Status: LOCALLY_SOLVED, V Status: LOCALLY_SOLVED
└ @ Main /home/basta/Projects/bakalarka-openfoam/bakalarka-openfoam/MHD_control_cooling/src/controllers/mpc_alter.jl:680
┌ Debug: AM Iteration 2/5
└ @ Main /home/basta/Projects/bakalarka-openfoam/bakalarka-openfoam/MHD_control_cooling/src/controllers/mpc_alter.jl:561
┌ Debug:   U-Step OK. Status: LOCALLY_SOLVED, Primal: FEASIBLE_POINT. New U norm: 0.0142
└ @ Main /home/basta/Projects/bakalarka-openfoam/bakalarka-openfoam/MHD_control_cooling/src/controllers/mpc_alter.jl:605
┌ Debug:   V-Step OK. Status: LOCALLY_SOLVED, Primal: FEASIBLE_POINT. New V norm: 2.8284
└ @ Main /home/basta/Projects/bakalarka-openfoam/bakalarka-openfoam/MHD_control_cooling/src/controllers/mpc_alter.jl:662
┌ Debug:   AM Iter 2 took 20.96 ms. U Status: LOCALLY_SOLVED, V Status: LOCALLY_SOLVED
└ @ Main /home/basta/Projects/bakalarka-openfoam/bakalarka-openfoam/MHD_control_cooling/src/controllers/mpc_alter.jl:680
┌ Debug: AM Iteration 3/5
└ @ Main /home/basta/Projects/bakalarka-openfoam/bakalarka-openfoam/MHD_control_cooling/src/controllers/mpc_alter.jl:561
┌ Debug:   U-Step OK. Status: LOCALLY_SOLVED, Primal: FEASIBLE_POINT. New U norm: 0.0142
└ @ Main /home/basta/Projects/bakalarka-openfoam/bakalarka-openfoam/MHD_control_cooling/src/controllers/mpc_alter.jl:605
┌ Debug:   V-Step OK. Status: LOCALLY_SOLVED, Primal: FEASIBLE_POINT. New V norm: 2.8284
└ @ Main /home/basta/Projects/bakalarka-openfoam/bakalarka-openfoam/MHD_control_cooling/src/controllers/mpc_alter.jl:662
┌ Debug:   AM Iter 3 took 20.97 ms. U Status: LOCALLY_SOLVED, V Status: LOCALLY_SOLVED
└ @ Main /home/basta/Projects/bakalarka-openfoam/bakalarka-openfoam/MHD_control_cooling/src/controllers/mpc_alter.jl:680
┌ Debug: AM Iteration 4/5
└ @ Main /home/basta/Projects/bakalarka-openfoam/bakalarka-openfoam/MHD_control_cooling/src/controllers/mpc_alter.jl:561
┌ Debug:   U-Step OK. Status: LOCALLY_SOLVED, Primal: FEASIBLE_POINT. New U norm: 0.0142
└ @ Main /home/basta/Projects/bakalarka-openfoam/bakalarka-openfoam/MHD_control_cooling/src/controllers/mpc_alter.jl:605
┌ Debug:   V-Step OK. Status: LOCALLY_SOLVED, Primal: FEASIBLE_POINT. New V norm: 2.8284
└ @ Main /home/basta/Projects/bakalarka-openfoam/bakalarka-openfoam/MHD_control_cooling/src/controllers/mpc_alter.jl:662
┌ Debug:   AM Iter 4 took 21.27 ms. U Status: LOCALLY_SOLVED, V Status: LOCALLY_SOLVED
└ @ Main /home/basta/Projects/bakalarka-openfoam/bakalarka-openfoam/MHD_control_cooling/src/controllers/mpc_alter.jl:680
┌ Debug: AM Iteration 5/5
└ @ Main /home/basta/Projects/bakalarka-openfoam/bakalarka-openfoam/MHD_control_cooling/src/controllers/mpc_alter.jl:561
┌ Debug:   U-Step OK. Status: LOCALLY_SOLVED, Primal: FEASIBLE_POINT. New U norm: 0.0143
└ @ Main /home/basta/Projects/bakalarka-openfoam/bakalarka-openfoam/MHD_control_cooling/src/controllers/mpc_alter.jl:605
┌ Debug:   V-Step OK. Status: LOCALLY_SOLVED, Primal: FEASIBLE_POINT. New V norm: 2.8284
└ @ Main /home/basta/Projects/bakalarka-openfoam/bakalarka-openfoam/MHD_control_cooling/src/controllers/mpc_alter.jl:662
┌ Debug:   AM Iter 5 took 19.2 ms. U Status: LOCALLY_SOLVED, V Status: LOCALLY_SOLVED
└ @ Main /home/basta/Projects/bakalarka-openfoam/bakalarka-openfoam/MHD_control_cooling/src/controllers/mpc_alter.jl:680
┌ Debug: AM finished after 5 iterations.
└ @ Main /home/basta/Projects/bakalarka-openfoam/bakalarka-openfoam/MHD_control_cooling/src/controllers/mpc_alter.jl:697
┌ Debug: Final U norm: 0.0143, Final V norm: 2.8284
└ @ Main /home/basta/Projects/bakalarka-openfoam/bakalarka-openfoam/MHD_control_cooling/src/controllers/mpc_alter.jl:698
┌ Debug: Physical Bounds Hit: U_min=false, U_max=false, V_min=false, V_max=true
└ @ Main /home/basta/Projects/bakalarka-openfoam/bakalarka-openfoam/MHD_control_cooling/src/controllers/mpc_alter.jl:704
┌ Debug: Storing effective theta_k (for next step): Norm=0.0404, First 5=[0.0165, 0.0165, -0.0, 0.0165, -0.0]
└ @ Main /home/basta/Projects/bakalarka-openfoam/bakalarka-openfoam/MHD_control_cooling/src/controllers/mpc_alter.jl:733
┌ Info: Control action computed in 138.5 ms. Sending input u[1]=0.0082, v[1]=2.0...
└ @ Main /home/basta/Projects/bakalarka-openfoam/bakalarka-openfoam/MHD_control_cooling/src/controllers/mpc_alter.jl:753
┌ Info: ("Sending input", [0.008241711480939232, 0.008241711409451121, -4.080525287706671e-9, 0.008241711382418164, 2.0000000176905375, -1.2098602464448222e-6, 2.000000019459714, -1.2105413704639869e-6])
└ @ Main /home/basta/Projects/bakalarka-openfoam/bakalarka-openfoam/MHD_control_cooling/src/scripts/sock_field_server.jl:287
┌ Debug: update_controller_state! called at time 42.14006. No action implemented.
└ @ Main /home/basta/Projects/bakalarka-openfoam/bakalarka-openfoam/MHD_control_cooling/src/controllers/mpc_alter.jl:763
┌ Debug: update_controller_state! called at time 42.14006. No action implemented.
└ @ Main /home/basta/Projects/bakalarka-openfoam/bakalarka-openfoam/MHD_control_cooling/src/controllers/mpc_alter.jl:763
┌ Debug: Raw Measurement 'wallheatflux' value: -0.5798625625
└ @ Main /home/basta/Projects/bakalarka-openfoam/bakalarka-openfoam/MHD_control_cooling/src/controllers/mpc_alter.jl:455
┌ Debug: Centered Measurement yk: -0.5798625625
└ @ Main /home/basta/Projects/bakalarka-openfoam/bakalarka-openfoam/MHD_control_cooling/src/controllers/mpc_alter.jl:458
┌ Debug: Constructed state xk[1:5] = [-0.5799, -0.5793, -0.5786, -0.578, -0.5776]... | Norm: 4.0654
└ @ Main /home/basta/Projects/bakalarka-openfoam/bakalarka-openfoam/MHD_control_cooling/src/controllers/mpc_alter.jl:504
┌ Debug: State error (output) xk[1]-xref[1]: 0.4201 | Full error norm: 19.9373
└ @ Main /home/basta/Projects/bakalarka-openfoam/bakalarka-openfoam/MHD_control_cooling/src/controllers/mpc_alter.jl:514
┌ Debug: State bounds check: any(l_st_k .> u_st_k) = false
└ @ Main /home/basta/Projects/bakalarka-openfoam/bakalarka-openfoam/MHD_control_cooling/src/controllers/mpc_alter.jl:515
┌ Debug: Warm starting U from previous solution (shifted).
└ @ Main /home/basta/Projects/bakalarka-openfoam/bakalarka-openfoam/MHD_control_cooling/src/controllers/mpc_alter.jl:528
┌ Debug: Warm starting V from previous solution (shifted).
└ @ Main /home/basta/Projects/bakalarka-openfoam/bakalarka-openfoam/MHD_control_cooling/src/controllers/mpc_alter.jl:537
┌ Debug: Initial U norm: 0.0, Initial V norm: 0.0
└ @ Main /home/basta/Projects/bakalarka-openfoam/bakalarka-openfoam/MHD_control_cooling/src/controllers/mpc_alter.jl:544
┌ Debug: Using QP Regularization: 0.0001
└ @ Main /home/basta/Projects/bakalarka-openfoam/bakalarka-openfoam/MHD_control_cooling/src/controllers/mpc_alter.jl:549
┌ Debug: AM Iteration 1/5
└ @ Main /home/basta/Projects/bakalarka-openfoam/bakalarka-openfoam/MHD_control_cooling/src/controllers/mpc_alter.jl:561
┌ Debug:   U-Step OK. Status: LOCALLY_SOLVED, Primal: FEASIBLE_POINT. New U norm: 0.0
└ @ Main /home/basta/Projects/bakalarka-openfoam/bakalarka-openfoam/MHD_control_cooling/src/controllers/mpc_alter.jl:605
┌ Debug:   V-Step OK. Status: LOCALLY_SOLVED, Primal: FEASIBLE_POINT. New V norm: 0.0
└ @ Main /home/basta/Projects/bakalarka-openfoam/bakalarka-openfoam/MHD_control_cooling/src/controllers/mpc_alter.jl:662
┌ Debug:   AM Iter 1 took 11.47 ms. U Status: LOCALLY_SOLVED, V Status: LOCALLY_SOLVED
└ @ Main /home/basta/Projects/bakalarka-openfoam/bakalarka-openfoam/MHD_control_cooling/src/controllers/mpc_alter.jl:680
┌ Debug: AM Iteration 2/5
└ @ Main /home/basta/Projects/bakalarka-openfoam/bakalarka-openfoam/MHD_control_cooling/src/controllers/mpc_alter.jl:561
┌ Debug:   U-Step OK. Status: LOCALLY_SOLVED, Primal: FEASIBLE_POINT. New U norm: 0.0
└ @ Main /home/basta/Projects/bakalarka-openfoam/bakalarka-openfoam/MHD_control_cooling/src/controllers/mpc_alter.jl:605
┌ Debug:   V-Step OK. Status: LOCALLY_SOLVED, Primal: FEASIBLE_POINT. New V norm: 0.0
└ @ Main /home/basta/Projects/bakalarka-openfoam/bakalarka-openfoam/MHD_control_cooling/src/controllers/mpc_alter.jl:662
┌ Debug:   AM Iter 2 took 9.06 ms. U Status: LOCALLY_SOLVED, V Status: LOCALLY_SOLVED
└ @ Main /home/basta/Projects/bakalarka-openfoam/bakalarka-openfoam/MHD_control_cooling/src/controllers/mpc_alter.jl:680
┌ Debug: AM Iteration 3/5
└ @ Main /home/basta/Projects/bakalarka-openfoam/bakalarka-openfoam/MHD_control_cooling/src/controllers/mpc_alter.jl:561
┌ Debug:   U-Step OK. Status: LOCALLY_SOLVED, Primal: FEASIBLE_POINT. New U norm: 0.0
└ @ Main /home/basta/Projects/bakalarka-openfoam/bakalarka-openfoam/MHD_control_cooling/src/controllers/mpc_alter.jl:605
┌ Debug:   V-Step OK. Status: LOCALLY_SOLVED, Primal: FEASIBLE_POINT. New V norm: 0.0
└ @ Main /home/basta/Projects/bakalarka-openfoam/bakalarka-openfoam/MHD_control_cooling/src/controllers/mpc_alter.jl:662
┌ Debug:   AM Iter 3 took 9.74 ms. U Status: LOCALLY_SOLVED, V Status: LOCALLY_SOLVED
└ @ Main /home/basta/Projects/bakalarka-openfoam/bakalarka-openfoam/MHD_control_cooling/src/controllers/mpc_alter.jl:680
┌ Debug: AM Iteration 4/5
└ @ Main /home/basta/Projects/bakalarka-openfoam/bakalarka-openfoam/MHD_control_cooling/src/controllers/mpc_alter.jl:561
┌ Debug:   U-Step OK. Status: LOCALLY_SOLVED, Primal: FEASIBLE_POINT. New U norm: 0.0
└ @ Main /home/basta/Projects/bakalarka-openfoam/bakalarka-openfoam/MHD_control_cooling/src/controllers/mpc_alter.jl:605
┌ Debug:   V-Step OK. Status: LOCALLY_SOLVED, Primal: FEASIBLE_POINT. New V norm: 0.0
└ @ Main /home/basta/Projects/bakalarka-openfoam/bakalarka-openfoam/MHD_control_cooling/src/controllers/mpc_alter.jl:662
┌ Debug:   AM Iter 4 took 9.57 ms. U Status: LOCALLY_SOLVED, V Status: LOCALLY_SOLVED
└ @ Main /home/basta/Projects/bakalarka-openfoam/bakalarka-openfoam/MHD_control_cooling/src/controllers/mpc_alter.jl:680
┌ Debug: AM Iteration 5/5
└ @ Main /home/basta/Projects/bakalarka-openfoam/bakalarka-openfoam/MHD_control_cooling/src/controllers/mpc_alter.jl:561
┌ Debug:   U-Step OK. Status: LOCALLY_SOLVED, Primal: FEASIBLE_POINT. New U norm: 0.0
└ @ Main /home/basta/Projects/bakalarka-openfoam/bakalarka-openfoam/MHD_control_cooling/src/controllers/mpc_alter.jl:605
┌ Debug:   V-Step OK. Status: LOCALLY_SOLVED, Primal: FEASIBLE_POINT. New V norm: 0.0
└ @ Main /home/basta/Projects/bakalarka-openfoam/bakalarka-openfoam/MHD_control_cooling/src/controllers/mpc_alter.jl:662
┌ Debug:   AM Iter 5 took 16.18 ms. U Status: LOCALLY_SOLVED, V Status: LOCALLY_SOLVED
└ @ Main /home/basta/Projects/bakalarka-openfoam/bakalarka-openfoam/MHD_control_cooling/src/controllers/mpc_alter.jl:680
┌ Debug: AM finished after 5 iterations.
└ @ Main /home/basta/Projects/bakalarka-openfoam/bakalarka-openfoam/MHD_control_cooling/src/controllers/mpc_alter.jl:697
┌ Debug: Final U norm: 0.0, Final V norm: 0.0
└ @ Main /home/basta/Projects/bakalarka-openfoam/bakalarka-openfoam/MHD_control_cooling/src/controllers/mpc_alter.jl:698
┌ Debug: Physical Bounds Hit: U_min=false, U_max=false, V_min=false, V_max=false
└ @ Main /home/basta/Projects/bakalarka-openfoam/bakalarka-openfoam/MHD_control_cooling/src/controllers/mpc_alter.jl:704
┌ Debug: Storing effective theta_k (for next step): Norm=0.0, First 5=[0.0, 0.0, 0.0, 0.0, 0.0]
└ @ Main /home/basta/Projects/bakalarka-openfoam/bakalarka-openfoam/MHD_control_cooling/src/controllers/mpc_alter.jl:733
┌ Info: Control action computed in 89.93 ms. Sending input u[1]=0.0, v[1]=0.0...
└ @ Main /home/basta/Projects/bakalarka-openfoam/bakalarka-openfoam/MHD_control_cooling/src/controllers/mpc_alter.jl:753
┌ Info: ("Sending input", [0.0, 0.0, 0.0, 0.0, 0.0, 0.0, 0.0, 0.0])
└ @ Main /home/basta/Projects/bakalarka-openfoam/bakalarka-openfoam/MHD_control_cooling/src/scripts/sock_field_server.jl:287
┌ Debug: update_controller_state! called at time 43.14006. No action implemented.
└ @ Main /home/basta/Projects/bakalarka-openfoam/bakalarka-openfoam/MHD_control_cooling/src/controllers/mpc_alter.jl:763
┌ Debug: update_controller_state! called at time 43.14006. No action implemented.
└ @ Main /home/basta/Projects/bakalarka-openfoam/bakalarka-openfoam/MHD_control_cooling/src/controllers/mpc_alter.jl:763
┌ Debug: Raw Measurement 'wallheatflux' value: -0.5803760625
└ @ Main /home/basta/Projects/bakalarka-openfoam/bakalarka-openfoam/MHD_control_cooling/src/controllers/mpc_alter.jl:455
┌ Debug: Centered Measurement yk: -0.5803760625
└ @ Main /home/basta/Projects/bakalarka-openfoam/bakalarka-openfoam/MHD_control_cooling/src/controllers/mpc_alter.jl:458
┌ Debug: Constructed state xk[1:5] = [-0.5804, -0.5799, -0.5793, -0.5786, -0.578]... | Norm: 4.1067
└ @ Main /home/basta/Projects/bakalarka-openfoam/bakalarka-openfoam/MHD_control_cooling/src/controllers/mpc_alter.jl:504
┌ Debug: State error (output) xk[1]-xref[1]: 0.4196 | Full error norm: 19.8417
└ @ Main /home/basta/Projects/bakalarka-openfoam/bakalarka-openfoam/MHD_control_cooling/src/controllers/mpc_alter.jl:514
┌ Debug: State bounds check: any(l_st_k .> u_st_k) = false
└ @ Main /home/basta/Projects/bakalarka-openfoam/bakalarka-openfoam/MHD_control_cooling/src/controllers/mpc_alter.jl:515
┌ Debug: Initializing U randomly.
└ @ Main /home/basta/Projects/bakalarka-openfoam/bakalarka-openfoam/MHD_control_cooling/src/controllers/mpc_alter.jl:531
┌ Debug: Initializing V randomly.
└ @ Main /home/basta/Projects/bakalarka-openfoam/bakalarka-openfoam/MHD_control_cooling/src/controllers/mpc_alter.jl:540
┌ Debug: Initial U norm: 1.244, Initial V norm: 1.1697
└ @ Main /home/basta/Projects/bakalarka-openfoam/bakalarka-openfoam/MHD_control_cooling/src/controllers/mpc_alter.jl:544
┌ Debug: Using QP Regularization: 0.0001
└ @ Main /home/basta/Projects/bakalarka-openfoam/bakalarka-openfoam/MHD_control_cooling/src/controllers/mpc_alter.jl:549
┌ Debug: AM Iteration 1/5
└ @ Main /home/basta/Projects/bakalarka-openfoam/bakalarka-openfoam/MHD_control_cooling/src/controllers/mpc_alter.jl:561
┌ Debug:   U-Step OK. Status: LOCALLY_SOLVED, Primal: FEASIBLE_POINT. New U norm: 0.2545
└ @ Main /home/basta/Projects/bakalarka-openfoam/bakalarka-openfoam/MHD_control_cooling/src/controllers/mpc_alter.jl:605
┌ Debug:   V-Step OK. Status: LOCALLY_SOLVED, Primal: FEASIBLE_POINT. New V norm: 1.0702
└ @ Main /home/basta/Projects/bakalarka-openfoam/bakalarka-openfoam/MHD_control_cooling/src/controllers/mpc_alter.jl:662
┌ Debug:   AM Iter 1 took 46.04 ms. U Status: LOCALLY_SOLVED, V Status: LOCALLY_SOLVED
└ @ Main /home/basta/Projects/bakalarka-openfoam/bakalarka-openfoam/MHD_control_cooling/src/controllers/mpc_alter.jl:680
┌ Debug: AM Iteration 2/5
└ @ Main /home/basta/Projects/bakalarka-openfoam/bakalarka-openfoam/MHD_control_cooling/src/controllers/mpc_alter.jl:561
┌ Debug:   U-Step OK. Status: LOCALLY_SOLVED, Primal: FEASIBLE_POINT. New U norm: 0.307
└ @ Main /home/basta/Projects/bakalarka-openfoam/bakalarka-openfoam/MHD_control_cooling/src/controllers/mpc_alter.jl:605
┌ Debug:   V-Step OK. Status: LOCALLY_SOLVED, Primal: FEASIBLE_POINT. New V norm: 1.4452
└ @ Main /home/basta/Projects/bakalarka-openfoam/bakalarka-openfoam/MHD_control_cooling/src/controllers/mpc_alter.jl:662
┌ Debug:   AM Iter 2 took 51.83 ms. U Status: LOCALLY_SOLVED, V Status: LOCALLY_SOLVED
└ @ Main /home/basta/Projects/bakalarka-openfoam/bakalarka-openfoam/MHD_control_cooling/src/controllers/mpc_alter.jl:680
┌ Debug: AM Iteration 3/5
└ @ Main /home/basta/Projects/bakalarka-openfoam/bakalarka-openfoam/MHD_control_cooling/src/controllers/mpc_alter.jl:561
┌ Debug:   U-Step OK. Status: LOCALLY_SOLVED, Primal: FEASIBLE_POINT. New U norm: 0.3142
└ @ Main /home/basta/Projects/bakalarka-openfoam/bakalarka-openfoam/MHD_control_cooling/src/controllers/mpc_alter.jl:605
┌ Debug:   V-Step OK. Status: LOCALLY_SOLVED, Primal: FEASIBLE_POINT. New V norm: 1.4005
└ @ Main /home/basta/Projects/bakalarka-openfoam/bakalarka-openfoam/MHD_control_cooling/src/controllers/mpc_alter.jl:662
┌ Debug:   AM Iter 3 took 46.35 ms. U Status: LOCALLY_SOLVED, V Status: LOCALLY_SOLVED
└ @ Main /home/basta/Projects/bakalarka-openfoam/bakalarka-openfoam/MHD_control_cooling/src/controllers/mpc_alter.jl:680
┌ Debug: AM Iteration 4/5
└ @ Main /home/basta/Projects/bakalarka-openfoam/bakalarka-openfoam/MHD_control_cooling/src/controllers/mpc_alter.jl:561
┌ Debug:   U-Step OK. Status: LOCALLY_SOLVED, Primal: FEASIBLE_POINT. New U norm: 0.3235
└ @ Main /home/basta/Projects/bakalarka-openfoam/bakalarka-openfoam/MHD_control_cooling/src/controllers/mpc_alter.jl:605
┌ Debug:   V-Step OK. Status: LOCALLY_SOLVED, Primal: FEASIBLE_POINT. New V norm: 1.3666
└ @ Main /home/basta/Projects/bakalarka-openfoam/bakalarka-openfoam/MHD_control_cooling/src/controllers/mpc_alter.jl:662
┌ Debug:   AM Iter 4 took 72.74 ms. U Status: LOCALLY_SOLVED, V Status: LOCALLY_SOLVED
└ @ Main /home/basta/Projects/bakalarka-openfoam/bakalarka-openfoam/MHD_control_cooling/src/controllers/mpc_alter.jl:680
┌ Debug: AM Iteration 5/5
└ @ Main /home/basta/Projects/bakalarka-openfoam/bakalarka-openfoam/MHD_control_cooling/src/controllers/mpc_alter.jl:561
┌ Debug:   U-Step OK. Status: LOCALLY_SOLVED, Primal: FEASIBLE_POINT. New U norm: 0.3315
└ @ Main /home/basta/Projects/bakalarka-openfoam/bakalarka-openfoam/MHD_control_cooling/src/controllers/mpc_alter.jl:605
┌ Debug:   V-Step OK. Status: LOCALLY_SOLVED, Primal: FEASIBLE_POINT. New V norm: 1.3437
└ @ Main /home/basta/Projects/bakalarka-openfoam/bakalarka-openfoam/MHD_control_cooling/src/controllers/mpc_alter.jl:662
┌ Debug:   AM Iter 5 took 45.96 ms. U Status: LOCALLY_SOLVED, V Status: LOCALLY_SOLVED
└ @ Main /home/basta/Projects/bakalarka-openfoam/bakalarka-openfoam/MHD_control_cooling/src/controllers/mpc_alter.jl:680
┌ Debug: AM finished after 5 iterations.
└ @ Main /home/basta/Projects/bakalarka-openfoam/bakalarka-openfoam/MHD_control_cooling/src/controllers/mpc_alter.jl:697
┌ Debug: Final U norm: 0.3315, Final V norm: 1.3437
└ @ Main /home/basta/Projects/bakalarka-openfoam/bakalarka-openfoam/MHD_control_cooling/src/controllers/mpc_alter.jl:698
┌ Debug: Physical Bounds Hit: U_min=false, U_max=false, V_min=false, V_max=false
└ @ Main /home/basta/Projects/bakalarka-openfoam/bakalarka-openfoam/MHD_control_cooling/src/controllers/mpc_alter.jl:704
┌ Debug: Storing effective theta_k (for next step): Norm=0.0696, First 5=[0.0154, 0.0154, -0.0, 0.0137, -0.0]
└ @ Main /home/basta/Projects/bakalarka-openfoam/bakalarka-openfoam/MHD_control_cooling/src/controllers/mpc_alter.jl:733
┌ Info: Control action computed in 296.04 ms. Sending input u[1]=0.1086, v[1]=0.1418...
└ @ Main /home/basta/Projects/bakalarka-openfoam/bakalarka-openfoam/MHD_control_cooling/src/controllers/mpc_alter.jl:753
┌ Info: ("Sending input", [0.10864900599222693, 0.10864900582929092, -2.8067787569829913e-8, 0.09678052195296898, 0.14177733147354019, -9.164558010076992e-8, 0.35628030774861114, -9.168365779755414e-8])
└ @ Main /home/basta/Projects/bakalarka-openfoam/bakalarka-openfoam/MHD_control_cooling/src/scripts/sock_field_server.jl:287
┌ Debug: update_controller_state! called at time 44.14006. No action implemented.
└ @ Main /home/basta/Projects/bakalarka-openfoam/bakalarka-openfoam/MHD_control_cooling/src/controllers/mpc_alter.jl:763
┌ Debug: update_controller_state! called at time 44.14006. No action implemented.
└ @ Main /home/basta/Projects/bakalarka-openfoam/bakalarka-openfoam/MHD_control_cooling/src/controllers/mpc_alter.jl:763
┌ Debug: Raw Measurement 'wallheatflux' value: -0.5808458125
└ @ Main /home/basta/Projects/bakalarka-openfoam/bakalarka-openfoam/MHD_control_cooling/src/controllers/mpc_alter.jl:455
┌ Debug: Centered Measurement yk: -0.5808458125
└ @ Main /home/basta/Projects/bakalarka-openfoam/bakalarka-openfoam/MHD_control_cooling/src/controllers/mpc_alter.jl:458
┌ Debug: Constructed state xk[1:5] = [-0.5808, -0.5804, -0.5799, -0.5793, -0.5786]... | Norm: 4.1481
└ @ Main /home/basta/Projects/bakalarka-openfoam/bakalarka-openfoam/MHD_control_cooling/src/controllers/mpc_alter.jl:504
┌ Debug: State error (output) xk[1]-xref[1]: 0.4192 | Full error norm: 19.623
└ @ Main /home/basta/Projects/bakalarka-openfoam/bakalarka-openfoam/MHD_control_cooling/src/controllers/mpc_alter.jl:514
┌ Debug: State bounds check: any(l_st_k .> u_st_k) = false
└ @ Main /home/basta/Projects/bakalarka-openfoam/bakalarka-openfoam/MHD_control_cooling/src/controllers/mpc_alter.jl:515
┌ Debug: Warm starting U from previous solution (shifted).
└ @ Main /home/basta/Projects/bakalarka-openfoam/bakalarka-openfoam/MHD_control_cooling/src/controllers/mpc_alter.jl:528
┌ Debug: Warm starting V from previous solution (shifted).
└ @ Main /home/basta/Projects/bakalarka-openfoam/bakalarka-openfoam/MHD_control_cooling/src/controllers/mpc_alter.jl:537
┌ Debug: Initial U norm: 0.2773, Initial V norm: 1.2878
└ @ Main /home/basta/Projects/bakalarka-openfoam/bakalarka-openfoam/MHD_control_cooling/src/controllers/mpc_alter.jl:544
┌ Debug: Using QP Regularization: 0.0001
└ @ Main /home/basta/Projects/bakalarka-openfoam/bakalarka-openfoam/MHD_control_cooling/src/controllers/mpc_alter.jl:549
┌ Debug: AM Iteration 1/5
└ @ Main /home/basta/Projects/bakalarka-openfoam/bakalarka-openfoam/MHD_control_cooling/src/controllers/mpc_alter.jl:561
┌ Debug:   U-Step OK. Status: LOCALLY_SOLVED, Primal: FEASIBLE_POINT. New U norm: 0.3098
└ @ Main /home/basta/Projects/bakalarka-openfoam/bakalarka-openfoam/MHD_control_cooling/src/controllers/mpc_alter.jl:605
┌ Debug:   V-Step OK. Status: LOCALLY_SOLVED, Primal: FEASIBLE_POINT. New V norm: 1.2829
└ @ Main /home/basta/Projects/bakalarka-openfoam/bakalarka-openfoam/MHD_control_cooling/src/controllers/mpc_alter.jl:662
┌ Debug:   AM Iter 1 took 38.76 ms. U Status: LOCALLY_SOLVED, V Status: LOCALLY_SOLVED
└ @ Main /home/basta/Projects/bakalarka-openfoam/bakalarka-openfoam/MHD_control_cooling/src/controllers/mpc_alter.jl:680
┌ Debug: AM Iteration 2/5
└ @ Main /home/basta/Projects/bakalarka-openfoam/bakalarka-openfoam/MHD_control_cooling/src/controllers/mpc_alter.jl:561
┌ Debug:   U-Step OK. Status: LOCALLY_SOLVED, Primal: FEASIBLE_POINT. New U norm: 0.3175
└ @ Main /home/basta/Projects/bakalarka-openfoam/bakalarka-openfoam/MHD_control_cooling/src/controllers/mpc_alter.jl:605
┌ Debug:   V-Step OK. Status: LOCALLY_SOLVED, Primal: FEASIBLE_POINT. New V norm: 1.2636
└ @ Main /home/basta/Projects/bakalarka-openfoam/bakalarka-openfoam/MHD_control_cooling/src/controllers/mpc_alter.jl:662
┌ Debug:   AM Iter 2 took 46.7 ms. U Status: LOCALLY_SOLVED, V Status: LOCALLY_SOLVED
└ @ Main /home/basta/Projects/bakalarka-openfoam/bakalarka-openfoam/MHD_control_cooling/src/controllers/mpc_alter.jl:680
┌ Debug: AM Iteration 3/5
└ @ Main /home/basta/Projects/bakalarka-openfoam/bakalarka-openfoam/MHD_control_cooling/src/controllers/mpc_alter.jl:561
┌ Debug:   U-Step OK. Status: LOCALLY_SOLVED, Primal: FEASIBLE_POINT. New U norm: 0.3193
└ @ Main /home/basta/Projects/bakalarka-openfoam/bakalarka-openfoam/MHD_control_cooling/src/controllers/mpc_alter.jl:605
┌ Debug:   V-Step OK. Status: LOCALLY_SOLVED, Primal: FEASIBLE_POINT. New V norm: 1.2656
└ @ Main /home/basta/Projects/bakalarka-openfoam/bakalarka-openfoam/MHD_control_cooling/src/controllers/mpc_alter.jl:662
┌ Debug:   AM Iter 3 took 39.82 ms. U Status: LOCALLY_SOLVED, V Status: LOCALLY_SOLVED
└ @ Main /home/basta/Projects/bakalarka-openfoam/bakalarka-openfoam/MHD_control_cooling/src/controllers/mpc_alter.jl:680
┌ Debug: AM Iteration 4/5
└ @ Main /home/basta/Projects/bakalarka-openfoam/bakalarka-openfoam/MHD_control_cooling/src/controllers/mpc_alter.jl:561
┌ Debug:   U-Step OK. Status: LOCALLY_SOLVED, Primal: FEASIBLE_POINT. New U norm: 0.3206
└ @ Main /home/basta/Projects/bakalarka-openfoam/bakalarka-openfoam/MHD_control_cooling/src/controllers/mpc_alter.jl:605
┌ Debug:   V-Step OK. Status: LOCALLY_SOLVED, Primal: FEASIBLE_POINT. New V norm: 1.268
└ @ Main /home/basta/Projects/bakalarka-openfoam/bakalarka-openfoam/MHD_control_cooling/src/controllers/mpc_alter.jl:662
┌ Debug:   AM Iter 4 took 36.31 ms. U Status: LOCALLY_SOLVED, V Status: LOCALLY_SOLVED
└ @ Main /home/basta/Projects/bakalarka-openfoam/bakalarka-openfoam/MHD_control_cooling/src/controllers/mpc_alter.jl:680
┌ Debug: AM Iteration 5/5
└ @ Main /home/basta/Projects/bakalarka-openfoam/bakalarka-openfoam/MHD_control_cooling/src/controllers/mpc_alter.jl:561
┌ Debug:   U-Step OK. Status: LOCALLY_SOLVED, Primal: FEASIBLE_POINT. New U norm: 0.3219
└ @ Main /home/basta/Projects/bakalarka-openfoam/bakalarka-openfoam/MHD_control_cooling/src/controllers/mpc_alter.jl:605
┌ Debug:   V-Step OK. Status: LOCALLY_SOLVED, Primal: FEASIBLE_POINT. New V norm: 1.2705
└ @ Main /home/basta/Projects/bakalarka-openfoam/bakalarka-openfoam/MHD_control_cooling/src/controllers/mpc_alter.jl:662
┌ Debug:   AM Iter 5 took 61.22 ms. U Status: LOCALLY_SOLVED, V Status: LOCALLY_SOLVED
└ @ Main /home/basta/Projects/bakalarka-openfoam/bakalarka-openfoam/MHD_control_cooling/src/controllers/mpc_alter.jl:680
┌ Debug: AM finished after 5 iterations.
└ @ Main /home/basta/Projects/bakalarka-openfoam/bakalarka-openfoam/MHD_control_cooling/src/controllers/mpc_alter.jl:697
┌ Debug: Final U norm: 0.3219, Final V norm: 1.2705
└ @ Main /home/basta/Projects/bakalarka-openfoam/bakalarka-openfoam/MHD_control_cooling/src/controllers/mpc_alter.jl:698
┌ Debug: Physical Bounds Hit: U_min=false, U_max=false, V_min=false, V_max=false
└ @ Main /home/basta/Projects/bakalarka-openfoam/bakalarka-openfoam/MHD_control_cooling/src/controllers/mpc_alter.jl:704
┌ Debug: Storing effective theta_k (for next step): Norm=0.0506, First 5=[0.0185, 0.0185, -0.0, 0.0185, -0.0]
└ @ Main /home/basta/Projects/bakalarka-openfoam/bakalarka-openfoam/MHD_control_cooling/src/controllers/mpc_alter.jl:733
┌ Info: Control action computed in 258.11 ms. Sending input u[1]=0.0569, v[1]=0.3244...
└ @ Main /home/basta/Projects/bakalarka-openfoam/bakalarka-openfoam/MHD_control_cooling/src/controllers/mpc_alter.jl:753
┌ Info: ("Sending input", [0.05690204266840078, 0.056902042456602256, -2.5137595580052103e-8, 0.056902042423345664, 0.32439923193447884, -1.7484539455543243e-7, 0.39781052103581527, -1.7496953425775328e-7])
└ @ Main /home/basta/Projects/bakalarka-openfoam/bakalarka-openfoam/MHD_control_cooling/src/scripts/sock_field_server.jl:287
┌ Debug: update_controller_state! called at time 45.14006. No action implemented.
└ @ Main /home/basta/Projects/bakalarka-openfoam/bakalarka-openfoam/MHD_control_cooling/src/controllers/mpc_alter.jl:763
┌ Debug: update_controller_state! called at time 45.14006. No action implemented.
└ @ Main /home/basta/Projects/bakalarka-openfoam/bakalarka-openfoam/MHD_control_cooling/src/controllers/mpc_alter.jl:763
┌ Debug: Raw Measurement 'wallheatflux' value: -0.5812741875
└ @ Main /home/basta/Projects/bakalarka-openfoam/bakalarka-openfoam/MHD_control_cooling/src/controllers/mpc_alter.jl:455
┌ Debug: Centered Measurement yk: -0.5812741875
└ @ Main /home/basta/Projects/bakalarka-openfoam/bakalarka-openfoam/MHD_control_cooling/src/controllers/mpc_alter.jl:458
┌ Debug: Constructed state xk[1:5] = [-0.5813, -0.5808, -0.5804, -0.5799, -0.5793]... | Norm: 4.1889
└ @ Main /home/basta/Projects/bakalarka-openfoam/bakalarka-openfoam/MHD_control_cooling/src/controllers/mpc_alter.jl:504
┌ Debug: State error (output) xk[1]-xref[1]: 0.4187 | Full error norm: 19.281
└ @ Main /home/basta/Projects/bakalarka-openfoam/bakalarka-openfoam/MHD_control_cooling/src/controllers/mpc_alter.jl:514
┌ Debug: State bounds check: any(l_st_k .> u_st_k) = false
└ @ Main /home/basta/Projects/bakalarka-openfoam/bakalarka-openfoam/MHD_control_cooling/src/controllers/mpc_alter.jl:515
┌ Debug: Warm starting U from previous solution (shifted).
└ @ Main /home/basta/Projects/bakalarka-openfoam/bakalarka-openfoam/MHD_control_cooling/src/controllers/mpc_alter.jl:528
┌ Debug: Warm starting V from previous solution (shifted).
└ @ Main /home/basta/Projects/bakalarka-openfoam/bakalarka-openfoam/MHD_control_cooling/src/controllers/mpc_alter.jl:537
┌ Debug: Initial U norm: 0.3065, Initial V norm: 1.1622
└ @ Main /home/basta/Projects/bakalarka-openfoam/bakalarka-openfoam/MHD_control_cooling/src/controllers/mpc_alter.jl:544
┌ Debug: Using QP Regularization: 0.0001
└ @ Main /home/basta/Projects/bakalarka-openfoam/bakalarka-openfoam/MHD_control_cooling/src/controllers/mpc_alter.jl:549
┌ Debug: AM Iteration 1/5
└ @ Main /home/basta/Projects/bakalarka-openfoam/bakalarka-openfoam/MHD_control_cooling/src/controllers/mpc_alter.jl:561
┌ Debug:   U-Step OK. Status: LOCALLY_SOLVED, Primal: FEASIBLE_POINT. New U norm: 0.3081
└ @ Main /home/basta/Projects/bakalarka-openfoam/bakalarka-openfoam/MHD_control_cooling/src/controllers/mpc_alter.jl:605
┌ Debug:   V-Step OK. Status: LOCALLY_SOLVED, Primal: FEASIBLE_POINT. New V norm: 1.185
└ @ Main /home/basta/Projects/bakalarka-openfoam/bakalarka-openfoam/MHD_control_cooling/src/controllers/mpc_alter.jl:662
┌ Debug:   AM Iter 1 took 32.31 ms. U Status: LOCALLY_SOLVED, V Status: LOCALLY_SOLVED
└ @ Main /home/basta/Projects/bakalarka-openfoam/bakalarka-openfoam/MHD_control_cooling/src/controllers/mpc_alter.jl:680
┌ Debug: AM Iteration 2/5
└ @ Main /home/basta/Projects/bakalarka-openfoam/bakalarka-openfoam/MHD_control_cooling/src/controllers/mpc_alter.jl:561
┌ Debug:   U-Step OK. Status: LOCALLY_SOLVED, Primal: FEASIBLE_POINT. New U norm: 0.3087
└ @ Main /home/basta/Projects/bakalarka-openfoam/bakalarka-openfoam/MHD_control_cooling/src/controllers/mpc_alter.jl:605
┌ Debug:   V-Step OK. Status: LOCALLY_SOLVED, Primal: FEASIBLE_POINT. New V norm: 1.1873
└ @ Main /home/basta/Projects/bakalarka-openfoam/bakalarka-openfoam/MHD_control_cooling/src/controllers/mpc_alter.jl:662
┌ Debug:   AM Iter 2 took 34.45 ms. U Status: LOCALLY_SOLVED, V Status: LOCALLY_SOLVED
└ @ Main /home/basta/Projects/bakalarka-openfoam/bakalarka-openfoam/MHD_control_cooling/src/controllers/mpc_alter.jl:680
┌ Debug: AM Iteration 3/5
└ @ Main /home/basta/Projects/bakalarka-openfoam/bakalarka-openfoam/MHD_control_cooling/src/controllers/mpc_alter.jl:561
┌ Debug:   U-Step OK. Status: LOCALLY_SOLVED, Primal: FEASIBLE_POINT. New U norm: 0.3096
└ @ Main /home/basta/Projects/bakalarka-openfoam/bakalarka-openfoam/MHD_control_cooling/src/controllers/mpc_alter.jl:605
┌ Debug:   V-Step OK. Status: LOCALLY_SOLVED, Primal: FEASIBLE_POINT. New V norm: 1.1895
└ @ Main /home/basta/Projects/bakalarka-openfoam/bakalarka-openfoam/MHD_control_cooling/src/controllers/mpc_alter.jl:662
┌ Debug:   AM Iter 3 took 34.66 ms. U Status: LOCALLY_SOLVED, V Status: LOCALLY_SOLVED
└ @ Main /home/basta/Projects/bakalarka-openfoam/bakalarka-openfoam/MHD_control_cooling/src/controllers/mpc_alter.jl:680
┌ Debug: AM Iteration 4/5
└ @ Main /home/basta/Projects/bakalarka-openfoam/bakalarka-openfoam/MHD_control_cooling/src/controllers/mpc_alter.jl:561
┌ Debug:   U-Step OK. Status: LOCALLY_SOLVED, Primal: FEASIBLE_POINT. New U norm: 0.3105
└ @ Main /home/basta/Projects/bakalarka-openfoam/bakalarka-openfoam/MHD_control_cooling/src/controllers/mpc_alter.jl:605
┌ Debug:   V-Step OK. Status: LOCALLY_SOLVED, Primal: FEASIBLE_POINT. New V norm: 1.1917
└ @ Main /home/basta/Projects/bakalarka-openfoam/bakalarka-openfoam/MHD_control_cooling/src/controllers/mpc_alter.jl:662
┌ Debug:   AM Iter 4 took 31.54 ms. U Status: LOCALLY_SOLVED, V Status: LOCALLY_SOLVED
└ @ Main /home/basta/Projects/bakalarka-openfoam/bakalarka-openfoam/MHD_control_cooling/src/controllers/mpc_alter.jl:680
┌ Debug: AM Iteration 5/5
└ @ Main /home/basta/Projects/bakalarka-openfoam/bakalarka-openfoam/MHD_control_cooling/src/controllers/mpc_alter.jl:561
┌ Debug:   U-Step OK. Status: LOCALLY_SOLVED, Primal: FEASIBLE_POINT. New U norm: 0.3113
└ @ Main /home/basta/Projects/bakalarka-openfoam/bakalarka-openfoam/MHD_control_cooling/src/controllers/mpc_alter.jl:605
┌ Debug:   V-Step OK. Status: LOCALLY_SOLVED, Primal: FEASIBLE_POINT. New V norm: 1.1939
└ @ Main /home/basta/Projects/bakalarka-openfoam/bakalarka-openfoam/MHD_control_cooling/src/controllers/mpc_alter.jl:662
┌ Debug:   AM Iter 5 took 29.54 ms. U Status: LOCALLY_SOLVED, V Status: LOCALLY_SOLVED
└ @ Main /home/basta/Projects/bakalarka-openfoam/bakalarka-openfoam/MHD_control_cooling/src/controllers/mpc_alter.jl:680
┌ Debug: AM finished after 5 iterations.
└ @ Main /home/basta/Projects/bakalarka-openfoam/bakalarka-openfoam/MHD_control_cooling/src/controllers/mpc_alter.jl:697
┌ Debug: Final U norm: 0.3113, Final V norm: 1.1939
└ @ Main /home/basta/Projects/bakalarka-openfoam/bakalarka-openfoam/MHD_control_cooling/src/controllers/mpc_alter.jl:698
┌ Debug: Physical Bounds Hit: U_min=false, U_max=false, V_min=false, V_max=false
└ @ Main /home/basta/Projects/bakalarka-openfoam/bakalarka-openfoam/MHD_control_cooling/src/controllers/mpc_alter.jl:704
┌ Debug: Storing effective theta_k (for next step): Norm=0.0955, First 5=[0.0212, 0.0212, -0.0, 0.0139, -0.0]
└ @ Main /home/basta/Projects/bakalarka-openfoam/bakalarka-openfoam/MHD_control_cooling/src/controllers/mpc_alter.jl:733
┌ Info: Control action computed in 197.11 ms. Sending input u[1]=0.1679, v[1]=0.1265...
└ @ Main /home/basta/Projects/bakalarka-openfoam/bakalarka-openfoam/MHD_control_cooling/src/controllers/mpc_alter.jl:753
┌ Info: ("Sending input", [0.1679086354512693, 0.16790863510877402, -2.9234927277627086e-8, 0.11021343095640383, 0.12650074377078319, -5.930308711993248e-8, 0.34205660577433367, -5.9333855416063534e-8])
└ @ Main /home/basta/Projects/bakalarka-openfoam/bakalarka-openfoam/MHD_control_cooling/src/scripts/sock_field_server.jl:287
┌ Debug: update_controller_state! called at time 46.14006. No action implemented.
└ @ Main /home/basta/Projects/bakalarka-openfoam/bakalarka-openfoam/MHD_control_cooling/src/controllers/mpc_alter.jl:763
┌ Debug: update_controller_state! called at time 46.14006. No action implemented.
└ @ Main /home/basta/Projects/bakalarka-openfoam/bakalarka-openfoam/MHD_control_cooling/src/controllers/mpc_alter.jl:763
┌ Debug: Raw Measurement 'wallheatflux' value: -0.5816663125
└ @ Main /home/basta/Projects/bakalarka-openfoam/bakalarka-openfoam/MHD_control_cooling/src/controllers/mpc_alter.jl:455
┌ Debug: Centered Measurement yk: -0.5816663125
└ @ Main /home/basta/Projects/bakalarka-openfoam/bakalarka-openfoam/MHD_control_cooling/src/controllers/mpc_alter.jl:458
┌ Debug: Constructed state xk[1:5] = [-0.5817, -0.5813, -0.5808, -0.5804, -0.5799]... | Norm: 4.2302
└ @ Main /home/basta/Projects/bakalarka-openfoam/bakalarka-openfoam/MHD_control_cooling/src/controllers/mpc_alter.jl:504
┌ Debug: State error (output) xk[1]-xref[1]: 0.4183 | Full error norm: 18.8162
└ @ Main /home/basta/Projects/bakalarka-openfoam/bakalarka-openfoam/MHD_control_cooling/src/controllers/mpc_alter.jl:514
┌ Debug: State bounds check: any(l_st_k .> u_st_k) = false
└ @ Main /home/basta/Projects/bakalarka-openfoam/bakalarka-openfoam/MHD_control_cooling/src/controllers/mpc_alter.jl:515
┌ Debug: Warm starting U from previous solution (shifted).
└ @ Main /home/basta/Projects/bakalarka-openfoam/bakalarka-openfoam/MHD_control_cooling/src/controllers/mpc_alter.jl:528
┌ Debug: Warm starting V from previous solution (shifted).
└ @ Main /home/basta/Projects/bakalarka-openfoam/bakalarka-openfoam/MHD_control_cooling/src/controllers/mpc_alter.jl:537
┌ Debug: Initial U norm: 0.1685, Initial V norm: 1.1369
└ @ Main /home/basta/Projects/bakalarka-openfoam/bakalarka-openfoam/MHD_control_cooling/src/controllers/mpc_alter.jl:544
┌ Debug: Using QP Regularization: 0.0001
└ @ Main /home/basta/Projects/bakalarka-openfoam/bakalarka-openfoam/MHD_control_cooling/src/controllers/mpc_alter.jl:549
┌ Debug: AM Iteration 1/5
└ @ Main /home/basta/Projects/bakalarka-openfoam/bakalarka-openfoam/MHD_control_cooling/src/controllers/mpc_alter.jl:561
┌ Debug:   U-Step OK. Status: LOCALLY_SOLVED, Primal: FEASIBLE_POINT. New U norm: 0.1674
└ @ Main /home/basta/Projects/bakalarka-openfoam/bakalarka-openfoam/MHD_control_cooling/src/controllers/mpc_alter.jl:605
┌ Debug:   V-Step OK. Status: LOCALLY_SOLVED, Primal: FEASIBLE_POINT. New V norm: 1.1479
└ @ Main /home/basta/Projects/bakalarka-openfoam/bakalarka-openfoam/MHD_control_cooling/src/controllers/mpc_alter.jl:662
┌ Debug:   AM Iter 1 took 26.24 ms. U Status: LOCALLY_SOLVED, V Status: LOCALLY_SOLVED
└ @ Main /home/basta/Projects/bakalarka-openfoam/bakalarka-openfoam/MHD_control_cooling/src/controllers/mpc_alter.jl:680
┌ Debug: AM Iteration 2/5
└ @ Main /home/basta/Projects/bakalarka-openfoam/bakalarka-openfoam/MHD_control_cooling/src/controllers/mpc_alter.jl:561
┌ Debug:   U-Step OK. Status: LOCALLY_SOLVED, Primal: FEASIBLE_POINT. New U norm: 0.1671
└ @ Main /home/basta/Projects/bakalarka-openfoam/bakalarka-openfoam/MHD_control_cooling/src/controllers/mpc_alter.jl:605
┌ Debug:   V-Step OK. Status: LOCALLY_SOLVED, Primal: FEASIBLE_POINT. New V norm: 1.1504
└ @ Main /home/basta/Projects/bakalarka-openfoam/bakalarka-openfoam/MHD_control_cooling/src/controllers/mpc_alter.jl:662
┌ Debug:   AM Iter 2 took 30.88 ms. U Status: LOCALLY_SOLVED, V Status: LOCALLY_SOLVED
└ @ Main /home/basta/Projects/bakalarka-openfoam/bakalarka-openfoam/MHD_control_cooling/src/controllers/mpc_alter.jl:680
┌ Debug: AM Iteration 3/5
└ @ Main /home/basta/Projects/bakalarka-openfoam/bakalarka-openfoam/MHD_control_cooling/src/controllers/mpc_alter.jl:561
┌ Debug:   U-Step OK. Status: LOCALLY_SOLVED, Primal: FEASIBLE_POINT. New U norm: 0.1672
└ @ Main /home/basta/Projects/bakalarka-openfoam/bakalarka-openfoam/MHD_control_cooling/src/controllers/mpc_alter.jl:605
┌ Debug:   V-Step OK. Status: LOCALLY_SOLVED, Primal: FEASIBLE_POINT. New V norm: 1.1527
└ @ Main /home/basta/Projects/bakalarka-openfoam/bakalarka-openfoam/MHD_control_cooling/src/controllers/mpc_alter.jl:662
┌ Debug:   AM Iter 3 took 25.55 ms. U Status: LOCALLY_SOLVED, V Status: LOCALLY_SOLVED
└ @ Main /home/basta/Projects/bakalarka-openfoam/bakalarka-openfoam/MHD_control_cooling/src/controllers/mpc_alter.jl:680
┌ Debug: AM Iteration 4/5
└ @ Main /home/basta/Projects/bakalarka-openfoam/bakalarka-openfoam/MHD_control_cooling/src/controllers/mpc_alter.jl:561
┌ Debug:   U-Step OK. Status: LOCALLY_SOLVED, Primal: FEASIBLE_POINT. New U norm: 0.1674
└ @ Main /home/basta/Projects/bakalarka-openfoam/bakalarka-openfoam/MHD_control_cooling/src/controllers/mpc_alter.jl:605
┌ Debug:   V-Step OK. Status: LOCALLY_SOLVED, Primal: FEASIBLE_POINT. New V norm: 1.1551
└ @ Main /home/basta/Projects/bakalarka-openfoam/bakalarka-openfoam/MHD_control_cooling/src/controllers/mpc_alter.jl:662
┌ Debug:   AM Iter 4 took 26.25 ms. U Status: LOCALLY_SOLVED, V Status: LOCALLY_SOLVED
└ @ Main /home/basta/Projects/bakalarka-openfoam/bakalarka-openfoam/MHD_control_cooling/src/controllers/mpc_alter.jl:680
┌ Debug: AM Iteration 5/5
└ @ Main /home/basta/Projects/bakalarka-openfoam/bakalarka-openfoam/MHD_control_cooling/src/controllers/mpc_alter.jl:561
┌ Debug:   U-Step OK. Status: LOCALLY_SOLVED, Primal: FEASIBLE_POINT. New U norm: 0.1676
└ @ Main /home/basta/Projects/bakalarka-openfoam/bakalarka-openfoam/MHD_control_cooling/src/controllers/mpc_alter.jl:605
┌ Debug:   V-Step OK. Status: LOCALLY_SOLVED, Primal: FEASIBLE_POINT. New V norm: 1.1574
└ @ Main /home/basta/Projects/bakalarka-openfoam/bakalarka-openfoam/MHD_control_cooling/src/controllers/mpc_alter.jl:662
┌ Debug:   AM Iter 5 took 58.85 ms. U Status: LOCALLY_SOLVED, V Status: LOCALLY_SOLVED
└ @ Main /home/basta/Projects/bakalarka-openfoam/bakalarka-openfoam/MHD_control_cooling/src/controllers/mpc_alter.jl:680
┌ Debug: AM finished after 5 iterations.
└ @ Main /home/basta/Projects/bakalarka-openfoam/bakalarka-openfoam/MHD_control_cooling/src/controllers/mpc_alter.jl:697
┌ Debug: Final U norm: 0.1676, Final V norm: 1.1574
└ @ Main /home/basta/Projects/bakalarka-openfoam/bakalarka-openfoam/MHD_control_cooling/src/controllers/mpc_alter.jl:698
┌ Debug: Physical Bounds Hit: U_min=false, U_max=false, V_min=false, V_max=false
└ @ Main /home/basta/Projects/bakalarka-openfoam/bakalarka-openfoam/MHD_control_cooling/src/controllers/mpc_alter.jl:704
┌ Debug: Storing effective theta_k (for next step): Norm=0.092, First 5=[0.0202, 0.0202, -0.0, 0.0136, -0.0]
└ @ Main /home/basta/Projects/bakalarka-openfoam/bakalarka-openfoam/MHD_control_cooling/src/controllers/mpc_alter.jl:733
┌ Info: Control action computed in 201.15 ms. Sending input u[1]=0.0565, v[1]=0.3567...
└ @ Main /home/basta/Projects/bakalarka-openfoam/bakalarka-openfoam/MHD_control_cooling/src/controllers/mpc_alter.jl:753
┌ Info: ("Sending input", [0.05651139382567565, 0.05651139369205941, -1.0245379530731284e-8, 0.03804420349498121, 0.35669910659788756, -1.7617521153578354e-7, 0.9760497367711923, -1.7627257215428987e-7])
└ @ Main /home/basta/Projects/bakalarka-openfoam/bakalarka-openfoam/MHD_control_cooling/src/scripts/sock_field_server.jl:287
┌ Debug: update_controller_state! called at time 47.14006. No action implemented.
└ @ Main /home/basta/Projects/bakalarka-openfoam/bakalarka-openfoam/MHD_control_cooling/src/controllers/mpc_alter.jl:763
┌ Debug: update_controller_state! called at time 47.14006. No action implemented.
└ @ Main /home/basta/Projects/bakalarka-openfoam/bakalarka-openfoam/MHD_control_cooling/src/controllers/mpc_alter.jl:763
┌ Debug: Raw Measurement 'wallheatflux' value: -0.5820365625
└ @ Main /home/basta/Projects/bakalarka-openfoam/bakalarka-openfoam/MHD_control_cooling/src/controllers/mpc_alter.jl:455
┌ Debug: Centered Measurement yk: -0.5820365625
└ @ Main /home/basta/Projects/bakalarka-openfoam/bakalarka-openfoam/MHD_control_cooling/src/controllers/mpc_alter.jl:458
┌ Debug: Constructed state xk[1:5] = [-0.582, -0.5817, -0.5813, -0.5808, -0.5804]... | Norm: 4.2711
└ @ Main /home/basta/Projects/bakalarka-openfoam/bakalarka-openfoam/MHD_control_cooling/src/controllers/mpc_alter.jl:504
┌ Debug: State error (output) xk[1]-xref[1]: 0.418 | Full error norm: 18.3813
└ @ Main /home/basta/Projects/bakalarka-openfoam/bakalarka-openfoam/MHD_control_cooling/src/controllers/mpc_alter.jl:514
┌ Debug: State bounds check: any(l_st_k .> u_st_k) = false
└ @ Main /home/basta/Projects/bakalarka-openfoam/bakalarka-openfoam/MHD_control_cooling/src/controllers/mpc_alter.jl:515
┌ Debug: Warm starting U from previous solution (shifted).
└ @ Main /home/basta/Projects/bakalarka-openfoam/bakalarka-openfoam/MHD_control_cooling/src/controllers/mpc_alter.jl:528
┌ Debug: Warm starting V from previous solution (shifted).
└ @ Main /home/basta/Projects/bakalarka-openfoam/bakalarka-openfoam/MHD_control_cooling/src/controllers/mpc_alter.jl:537
┌ Debug: Initial U norm: 0.1424, Initial V norm: 0.5096
└ @ Main /home/basta/Projects/bakalarka-openfoam/bakalarka-openfoam/MHD_control_cooling/src/controllers/mpc_alter.jl:544
┌ Debug: Using QP Regularization: 0.0001
└ @ Main /home/basta/Projects/bakalarka-openfoam/bakalarka-openfoam/MHD_control_cooling/src/controllers/mpc_alter.jl:549
┌ Debug: AM Iteration 1/5
└ @ Main /home/basta/Projects/bakalarka-openfoam/bakalarka-openfoam/MHD_control_cooling/src/controllers/mpc_alter.jl:561
┌ Debug:   U-Step OK. Status: LOCALLY_SOLVED, Primal: FEASIBLE_POINT. New U norm: 0.1418
└ @ Main /home/basta/Projects/bakalarka-openfoam/bakalarka-openfoam/MHD_control_cooling/src/controllers/mpc_alter.jl:605
┌ Debug:   V-Step OK. Status: LOCALLY_SOLVED, Primal: FEASIBLE_POINT. New V norm: 0.5182
└ @ Main /home/basta/Projects/bakalarka-openfoam/bakalarka-openfoam/MHD_control_cooling/src/controllers/mpc_alter.jl:662
┌ Debug:   AM Iter 1 took 21.1 ms. U Status: LOCALLY_SOLVED, V Status: LOCALLY_SOLVED
└ @ Main /home/basta/Projects/bakalarka-openfoam/bakalarka-openfoam/MHD_control_cooling/src/controllers/mpc_alter.jl:680
┌ Debug: AM Iteration 2/5
└ @ Main /home/basta/Projects/bakalarka-openfoam/bakalarka-openfoam/MHD_control_cooling/src/controllers/mpc_alter.jl:561
┌ Debug:   U-Step OK. Status: LOCALLY_SOLVED, Primal: FEASIBLE_POINT. New U norm: 0.1415
└ @ Main /home/basta/Projects/bakalarka-openfoam/bakalarka-openfoam/MHD_control_cooling/src/controllers/mpc_alter.jl:605
┌ Debug:   V-Step OK. Status: LOCALLY_SOLVED, Primal: FEASIBLE_POINT. New V norm: 0.5202
└ @ Main /home/basta/Projects/bakalarka-openfoam/bakalarka-openfoam/MHD_control_cooling/src/controllers/mpc_alter.jl:662
┌ Debug:   AM Iter 2 took 18.85 ms. U Status: LOCALLY_SOLVED, V Status: LOCALLY_SOLVED
└ @ Main /home/basta/Projects/bakalarka-openfoam/bakalarka-openfoam/MHD_control_cooling/src/controllers/mpc_alter.jl:680
┌ Debug: AM Iteration 3/5
└ @ Main /home/basta/Projects/bakalarka-openfoam/bakalarka-openfoam/MHD_control_cooling/src/controllers/mpc_alter.jl:561
┌ Debug:   U-Step OK. Status: LOCALLY_SOLVED, Primal: FEASIBLE_POINT. New U norm: 0.1417
└ @ Main /home/basta/Projects/bakalarka-openfoam/bakalarka-openfoam/MHD_control_cooling/src/controllers/mpc_alter.jl:605
┌ Debug:   V-Step OK. Status: LOCALLY_SOLVED, Primal: FEASIBLE_POINT. New V norm: 0.5219
└ @ Main /home/basta/Projects/bakalarka-openfoam/bakalarka-openfoam/MHD_control_cooling/src/controllers/mpc_alter.jl:662
┌ Debug:   AM Iter 3 took 19.15 ms. U Status: LOCALLY_SOLVED, V Status: LOCALLY_SOLVED
└ @ Main /home/basta/Projects/bakalarka-openfoam/bakalarka-openfoam/MHD_control_cooling/src/controllers/mpc_alter.jl:680
┌ Debug: AM Iteration 4/5
└ @ Main /home/basta/Projects/bakalarka-openfoam/bakalarka-openfoam/MHD_control_cooling/src/controllers/mpc_alter.jl:561
┌ Debug:   U-Step OK. Status: LOCALLY_SOLVED, Primal: FEASIBLE_POINT. New U norm: 0.1419
└ @ Main /home/basta/Projects/bakalarka-openfoam/bakalarka-openfoam/MHD_control_cooling/src/controllers/mpc_alter.jl:605
┌ Debug:   V-Step OK. Status: LOCALLY_SOLVED, Primal: FEASIBLE_POINT. New V norm: 0.5236
└ @ Main /home/basta/Projects/bakalarka-openfoam/bakalarka-openfoam/MHD_control_cooling/src/controllers/mpc_alter.jl:662
┌ Debug:   AM Iter 4 took 19.5 ms. U Status: LOCALLY_SOLVED, V Status: LOCALLY_SOLVED
└ @ Main /home/basta/Projects/bakalarka-openfoam/bakalarka-openfoam/MHD_control_cooling/src/controllers/mpc_alter.jl:680
┌ Debug: AM Iteration 5/5
└ @ Main /home/basta/Projects/bakalarka-openfoam/bakalarka-openfoam/MHD_control_cooling/src/controllers/mpc_alter.jl:561
┌ Debug:   U-Step OK. Status: LOCALLY_SOLVED, Primal: FEASIBLE_POINT. New U norm: 0.1421
└ @ Main /home/basta/Projects/bakalarka-openfoam/bakalarka-openfoam/MHD_control_cooling/src/controllers/mpc_alter.jl:605
┌ Debug:   V-Step OK. Status: LOCALLY_SOLVED, Primal: FEASIBLE_POINT. New V norm: 0.5253
└ @ Main /home/basta/Projects/bakalarka-openfoam/bakalarka-openfoam/MHD_control_cooling/src/controllers/mpc_alter.jl:662
┌ Debug:   AM Iter 5 took 21.57 ms. U Status: LOCALLY_SOLVED, V Status: LOCALLY_SOLVED
└ @ Main /home/basta/Projects/bakalarka-openfoam/bakalarka-openfoam/MHD_control_cooling/src/controllers/mpc_alter.jl:680
┌ Debug: AM finished after 5 iterations.
└ @ Main /home/basta/Projects/bakalarka-openfoam/bakalarka-openfoam/MHD_control_cooling/src/controllers/mpc_alter.jl:697
┌ Debug: Final U norm: 0.1421, Final V norm: 0.5253
└ @ Main /home/basta/Projects/bakalarka-openfoam/bakalarka-openfoam/MHD_control_cooling/src/controllers/mpc_alter.jl:698
┌ Debug: Physical Bounds Hit: U_min=false, U_max=false, V_min=false, V_max=false
└ @ Main /home/basta/Projects/bakalarka-openfoam/bakalarka-openfoam/MHD_control_cooling/src/controllers/mpc_alter.jl:704
┌ Debug: Storing effective theta_k (for next step): Norm=0.0747, First 5=[0.0185, 0.0185, -0.0, 0.0161, -0.0]
└ @ Main /home/basta/Projects/bakalarka-openfoam/bakalarka-openfoam/MHD_control_cooling/src/controllers/mpc_alter.jl:733
┌ Info: Control action computed in 138.47 ms. Sending input u[1]=0.0856, v[1]=0.2163...
└ @ Main /home/basta/Projects/bakalarka-openfoam/bakalarka-openfoam/MHD_control_cooling/src/controllers/mpc_alter.jl:753
┌ Info: ("Sending input", [0.08556566200145314, 0.08556566189356662, -2.0892838129517633e-8, 0.07454080293358245, 0.21634724171867636, -1.1639555260014444e-7, 0.4786329139735003, -1.1647321902335963e-7])
└ @ Main /home/basta/Projects/bakalarka-openfoam/bakalarka-openfoam/MHD_control_cooling/src/scripts/sock_field_server.jl:287
┌ Debug: update_controller_state! called at time 48.14006. No action implemented.
└ @ Main /home/basta/Projects/bakalarka-openfoam/bakalarka-openfoam/MHD_control_cooling/src/controllers/mpc_alter.jl:763
┌ Debug: update_controller_state! called at time 48.14006. No action implemented.
└ @ Main /home/basta/Projects/bakalarka-openfoam/bakalarka-openfoam/MHD_control_cooling/src/controllers/mpc_alter.jl:763
┌ Debug: Raw Measurement 'wallheatflux' value: -0.5823991875
└ @ Main /home/basta/Projects/bakalarka-openfoam/bakalarka-openfoam/MHD_control_cooling/src/controllers/mpc_alter.jl:455
┌ Debug: Centered Measurement yk: -0.5823991875
└ @ Main /home/basta/Projects/bakalarka-openfoam/bakalarka-openfoam/MHD_control_cooling/src/controllers/mpc_alter.jl:458
┌ Debug: Constructed state xk[1:5] = [-0.5824, -0.582, -0.5817, -0.5813, -0.5808]... | Norm: 4.3112
└ @ Main /home/basta/Projects/bakalarka-openfoam/bakalarka-openfoam/MHD_control_cooling/src/controllers/mpc_alter.jl:504
┌ Debug: State error (output) xk[1]-xref[1]: 0.4176 | Full error norm: 18.1475
└ @ Main /home/basta/Projects/bakalarka-openfoam/bakalarka-openfoam/MHD_control_cooling/src/controllers/mpc_alter.jl:514
┌ Debug: State bounds check: any(l_st_k .> u_st_k) = false
└ @ Main /home/basta/Projects/bakalarka-openfoam/bakalarka-openfoam/MHD_control_cooling/src/controllers/mpc_alter.jl:515
┌ Debug: Warm starting U from previous solution (shifted).
└ @ Main /home/basta/Projects/bakalarka-openfoam/bakalarka-openfoam/MHD_control_cooling/src/controllers/mpc_alter.jl:528
┌ Debug: Warm starting V from previous solution (shifted).
└ @ Main /home/basta/Projects/bakalarka-openfoam/bakalarka-openfoam/MHD_control_cooling/src/controllers/mpc_alter.jl:537
┌ Debug: Initial U norm: 0.0, Initial V norm: 0.0
└ @ Main /home/basta/Projects/bakalarka-openfoam/bakalarka-openfoam/MHD_control_cooling/src/controllers/mpc_alter.jl:544
┌ Debug: Using QP Regularization: 0.0001
└ @ Main /home/basta/Projects/bakalarka-openfoam/bakalarka-openfoam/MHD_control_cooling/src/controllers/mpc_alter.jl:549
┌ Debug: AM Iteration 1/5
└ @ Main /home/basta/Projects/bakalarka-openfoam/bakalarka-openfoam/MHD_control_cooling/src/controllers/mpc_alter.jl:561
┌ Debug:   U-Step OK. Status: LOCALLY_SOLVED, Primal: FEASIBLE_POINT. New U norm: 0.0
└ @ Main /home/basta/Projects/bakalarka-openfoam/bakalarka-openfoam/MHD_control_cooling/src/controllers/mpc_alter.jl:605
┌ Debug:   V-Step OK. Status: LOCALLY_SOLVED, Primal: FEASIBLE_POINT. New V norm: 0.0
└ @ Main /home/basta/Projects/bakalarka-openfoam/bakalarka-openfoam/MHD_control_cooling/src/controllers/mpc_alter.jl:662
┌ Debug:   AM Iter 1 took 23.39 ms. U Status: LOCALLY_SOLVED, V Status: LOCALLY_SOLVED
└ @ Main /home/basta/Projects/bakalarka-openfoam/bakalarka-openfoam/MHD_control_cooling/src/controllers/mpc_alter.jl:680
┌ Debug: AM Iteration 2/5
└ @ Main /home/basta/Projects/bakalarka-openfoam/bakalarka-openfoam/MHD_control_cooling/src/controllers/mpc_alter.jl:561
┌ Debug:   U-Step OK. Status: LOCALLY_SOLVED, Primal: FEASIBLE_POINT. New U norm: 0.0
└ @ Main /home/basta/Projects/bakalarka-openfoam/bakalarka-openfoam/MHD_control_cooling/src/controllers/mpc_alter.jl:605
┌ Debug:   V-Step OK. Status: LOCALLY_SOLVED, Primal: FEASIBLE_POINT. New V norm: 0.0
└ @ Main /home/basta/Projects/bakalarka-openfoam/bakalarka-openfoam/MHD_control_cooling/src/controllers/mpc_alter.jl:662
┌ Debug:   AM Iter 2 took 12.1 ms. U Status: LOCALLY_SOLVED, V Status: LOCALLY_SOLVED
└ @ Main /home/basta/Projects/bakalarka-openfoam/bakalarka-openfoam/MHD_control_cooling/src/controllers/mpc_alter.jl:680
┌ Debug: AM Iteration 3/5
└ @ Main /home/basta/Projects/bakalarka-openfoam/bakalarka-openfoam/MHD_control_cooling/src/controllers/mpc_alter.jl:561
┌ Debug:   U-Step OK. Status: LOCALLY_SOLVED, Primal: FEASIBLE_POINT. New U norm: 0.0
└ @ Main /home/basta/Projects/bakalarka-openfoam/bakalarka-openfoam/MHD_control_cooling/src/controllers/mpc_alter.jl:605
┌ Debug:   V-Step OK. Status: LOCALLY_SOLVED, Primal: FEASIBLE_POINT. New V norm: 0.0
└ @ Main /home/basta/Projects/bakalarka-openfoam/bakalarka-openfoam/MHD_control_cooling/src/controllers/mpc_alter.jl:662
┌ Debug:   AM Iter 3 took 12.8 ms. U Status: LOCALLY_SOLVED, V Status: LOCALLY_SOLVED
└ @ Main /home/basta/Projects/bakalarka-openfoam/bakalarka-openfoam/MHD_control_cooling/src/controllers/mpc_alter.jl:680
┌ Debug: AM Iteration 4/5
└ @ Main /home/basta/Projects/bakalarka-openfoam/bakalarka-openfoam/MHD_control_cooling/src/controllers/mpc_alter.jl:561
┌ Debug:   U-Step OK. Status: LOCALLY_SOLVED, Primal: FEASIBLE_POINT. New U norm: 0.0
└ @ Main /home/basta/Projects/bakalarka-openfoam/bakalarka-openfoam/MHD_control_cooling/src/controllers/mpc_alter.jl:605
┌ Debug:   V-Step OK. Status: LOCALLY_SOLVED, Primal: FEASIBLE_POINT. New V norm: 0.0
└ @ Main /home/basta/Projects/bakalarka-openfoam/bakalarka-openfoam/MHD_control_cooling/src/controllers/mpc_alter.jl:662
┌ Debug:   AM Iter 4 took 12.47 ms. U Status: LOCALLY_SOLVED, V Status: LOCALLY_SOLVED
└ @ Main /home/basta/Projects/bakalarka-openfoam/bakalarka-openfoam/MHD_control_cooling/src/controllers/mpc_alter.jl:680
┌ Debug: AM Iteration 5/5
└ @ Main /home/basta/Projects/bakalarka-openfoam/bakalarka-openfoam/MHD_control_cooling/src/controllers/mpc_alter.jl:561
┌ Debug:   U-Step OK. Status: LOCALLY_SOLVED, Primal: FEASIBLE_POINT. New U norm: 0.0
└ @ Main /home/basta/Projects/bakalarka-openfoam/bakalarka-openfoam/MHD_control_cooling/src/controllers/mpc_alter.jl:605
┌ Debug:   V-Step OK. Status: LOCALLY_SOLVED, Primal: FEASIBLE_POINT. New V norm: 0.0
└ @ Main /home/basta/Projects/bakalarka-openfoam/bakalarka-openfoam/MHD_control_cooling/src/controllers/mpc_alter.jl:662
┌ Debug:   AM Iter 5 took 11.58 ms. U Status: LOCALLY_SOLVED, V Status: LOCALLY_SOLVED
└ @ Main /home/basta/Projects/bakalarka-openfoam/bakalarka-openfoam/MHD_control_cooling/src/controllers/mpc_alter.jl:680
┌ Debug: AM finished after 5 iterations.
└ @ Main /home/basta/Projects/bakalarka-openfoam/bakalarka-openfoam/MHD_control_cooling/src/controllers/mpc_alter.jl:697
┌ Debug: Final U norm: 0.0, Final V norm: 0.0
└ @ Main /home/basta/Projects/bakalarka-openfoam/bakalarka-openfoam/MHD_control_cooling/src/controllers/mpc_alter.jl:698
┌ Debug: Physical Bounds Hit: U_min=false, U_max=false, V_min=false, V_max=false
└ @ Main /home/basta/Projects/bakalarka-openfoam/bakalarka-openfoam/MHD_control_cooling/src/controllers/mpc_alter.jl:704
┌ Debug: Storing effective theta_k (for next step): Norm=0.0, First 5=[0.0, 0.0, 0.0, 0.0, 0.0]
└ @ Main /home/basta/Projects/bakalarka-openfoam/bakalarka-openfoam/MHD_control_cooling/src/controllers/mpc_alter.jl:733
┌ Info: Control action computed in 107.57 ms. Sending input u[1]=0.0, v[1]=0.0...
└ @ Main /home/basta/Projects/bakalarka-openfoam/bakalarka-openfoam/MHD_control_cooling/src/controllers/mpc_alter.jl:753
┌ Info: ("Sending input", [0.0, 0.0, 0.0, 0.0, 0.0, 0.0, 0.0, 0.0])
└ @ Main /home/basta/Projects/bakalarka-openfoam/bakalarka-openfoam/MHD_control_cooling/src/scripts/sock_field_server.jl:287
┌ Debug: update_controller_state! called at time 49.14006. No action implemented.
└ @ Main /home/basta/Projects/bakalarka-openfoam/bakalarka-openfoam/MHD_control_cooling/src/controllers/mpc_alter.jl:763
┌ Debug: update_controller_state! called at time 49.14006. No action implemented.
└ @ Main /home/basta/Projects/bakalarka-openfoam/bakalarka-openfoam/MHD_control_cooling/src/controllers/mpc_alter.jl:763
┌ Debug: Raw Measurement 'wallheatflux' value: -0.5827615625
└ @ Main /home/basta/Projects/bakalarka-openfoam/bakalarka-openfoam/MHD_control_cooling/src/controllers/mpc_alter.jl:455
┌ Debug: Centered Measurement yk: -0.5827615625
└ @ Main /home/basta/Projects/bakalarka-openfoam/bakalarka-openfoam/MHD_control_cooling/src/controllers/mpc_alter.jl:458
┌ Debug: Constructed state xk[1:5] = [-0.5828, -0.5824, -0.582, -0.5817, -0.5813]... | Norm: 4.3504
└ @ Main /home/basta/Projects/bakalarka-openfoam/bakalarka-openfoam/MHD_control_cooling/src/controllers/mpc_alter.jl:504
┌ Debug: State error (output) xk[1]-xref[1]: 0.4172 | Full error norm: 17.6181
└ @ Main /home/basta/Projects/bakalarka-openfoam/bakalarka-openfoam/MHD_control_cooling/src/controllers/mpc_alter.jl:514
┌ Debug: State bounds check: any(l_st_k .> u_st_k) = false
└ @ Main /home/basta/Projects/bakalarka-openfoam/bakalarka-openfoam/MHD_control_cooling/src/controllers/mpc_alter.jl:515
┌ Debug: Initializing U randomly.
└ @ Main /home/basta/Projects/bakalarka-openfoam/bakalarka-openfoam/MHD_control_cooling/src/controllers/mpc_alter.jl:531
┌ Debug: Initializing V randomly.
└ @ Main /home/basta/Projects/bakalarka-openfoam/bakalarka-openfoam/MHD_control_cooling/src/controllers/mpc_alter.jl:540
┌ Debug: Initial U norm: 1.3413, Initial V norm: 1.2942
└ @ Main /home/basta/Projects/bakalarka-openfoam/bakalarka-openfoam/MHD_control_cooling/src/controllers/mpc_alter.jl:544
┌ Debug: Using QP Regularization: 0.0001
└ @ Main /home/basta/Projects/bakalarka-openfoam/bakalarka-openfoam/MHD_control_cooling/src/controllers/mpc_alter.jl:549
┌ Debug: AM Iteration 1/5
└ @ Main /home/basta/Projects/bakalarka-openfoam/bakalarka-openfoam/MHD_control_cooling/src/controllers/mpc_alter.jl:561
┌ Debug:   U-Step OK. Status: LOCALLY_SOLVED, Primal: FEASIBLE_POINT. New U norm: 0.3598
└ @ Main /home/basta/Projects/bakalarka-openfoam/bakalarka-openfoam/MHD_control_cooling/src/controllers/mpc_alter.jl:605
┌ Debug:   V-Step OK. Status: LOCALLY_SOLVED, Primal: FEASIBLE_POINT. New V norm: 1.275
└ @ Main /home/basta/Projects/bakalarka-openfoam/bakalarka-openfoam/MHD_control_cooling/src/controllers/mpc_alter.jl:662
┌ Debug:   AM Iter 1 took 41.15 ms. U Status: LOCALLY_SOLVED, V Status: LOCALLY_SOLVED
└ @ Main /home/basta/Projects/bakalarka-openfoam/bakalarka-openfoam/MHD_control_cooling/src/controllers/mpc_alter.jl:680
┌ Debug: AM Iteration 2/5
└ @ Main /home/basta/Projects/bakalarka-openfoam/bakalarka-openfoam/MHD_control_cooling/src/controllers/mpc_alter.jl:561
┌ Debug:   U-Step OK. Status: LOCALLY_SOLVED, Primal: FEASIBLE_POINT. New U norm: 0.4031
└ @ Main /home/basta/Projects/bakalarka-openfoam/bakalarka-openfoam/MHD_control_cooling/src/controllers/mpc_alter.jl:605
┌ Debug:   V-Step OK. Status: LOCALLY_SOLVED, Primal: FEASIBLE_POINT. New V norm: 1.2618
└ @ Main /home/basta/Projects/bakalarka-openfoam/bakalarka-openfoam/MHD_control_cooling/src/controllers/mpc_alter.jl:662
┌ Debug:   AM Iter 2 took 47.29 ms. U Status: LOCALLY_SOLVED, V Status: LOCALLY_SOLVED
└ @ Main /home/basta/Projects/bakalarka-openfoam/bakalarka-openfoam/MHD_control_cooling/src/controllers/mpc_alter.jl:680
┌ Debug: AM Iteration 3/5
└ @ Main /home/basta/Projects/bakalarka-openfoam/bakalarka-openfoam/MHD_control_cooling/src/controllers/mpc_alter.jl:561
┌ Debug:   U-Step OK. Status: LOCALLY_SOLVED, Primal: FEASIBLE_POINT. New U norm: 0.3987
└ @ Main /home/basta/Projects/bakalarka-openfoam/bakalarka-openfoam/MHD_control_cooling/src/controllers/mpc_alter.jl:605
┌ Debug:   V-Step OK. Status: LOCALLY_SOLVED, Primal: FEASIBLE_POINT. New V norm: 1.2326
└ @ Main /home/basta/Projects/bakalarka-openfoam/bakalarka-openfoam/MHD_control_cooling/src/controllers/mpc_alter.jl:662
┌ Debug:   AM Iter 3 took 46.87 ms. U Status: LOCALLY_SOLVED, V Status: LOCALLY_SOLVED
└ @ Main /home/basta/Projects/bakalarka-openfoam/bakalarka-openfoam/MHD_control_cooling/src/controllers/mpc_alter.jl:680
┌ Debug: AM Iteration 4/5
└ @ Main /home/basta/Projects/bakalarka-openfoam/bakalarka-openfoam/MHD_control_cooling/src/controllers/mpc_alter.jl:561
┌ Debug:   U-Step OK. Status: LOCALLY_SOLVED, Primal: FEASIBLE_POINT. New U norm: 0.4
└ @ Main /home/basta/Projects/bakalarka-openfoam/bakalarka-openfoam/MHD_control_cooling/src/controllers/mpc_alter.jl:605
┌ Debug:   V-Step OK. Status: LOCALLY_SOLVED, Primal: FEASIBLE_POINT. New V norm: 1.1972
└ @ Main /home/basta/Projects/bakalarka-openfoam/bakalarka-openfoam/MHD_control_cooling/src/controllers/mpc_alter.jl:662
┌ Debug:   AM Iter 4 took 70.57 ms. U Status: LOCALLY_SOLVED, V Status: LOCALLY_SOLVED
└ @ Main /home/basta/Projects/bakalarka-openfoam/bakalarka-openfoam/MHD_control_cooling/src/controllers/mpc_alter.jl:680
┌ Debug: AM Iteration 5/5
└ @ Main /home/basta/Projects/bakalarka-openfoam/bakalarka-openfoam/MHD_control_cooling/src/controllers/mpc_alter.jl:561
┌ Debug:   U-Step OK. Status: LOCALLY_SOLVED, Primal: FEASIBLE_POINT. New U norm: 0.4033
└ @ Main /home/basta/Projects/bakalarka-openfoam/bakalarka-openfoam/MHD_control_cooling/src/controllers/mpc_alter.jl:605
┌ Debug:   V-Step OK. Status: LOCALLY_SOLVED, Primal: FEASIBLE_POINT. New V norm: 1.1613
└ @ Main /home/basta/Projects/bakalarka-openfoam/bakalarka-openfoam/MHD_control_cooling/src/controllers/mpc_alter.jl:662
┌ Debug:   AM Iter 5 took 42.21 ms. U Status: LOCALLY_SOLVED, V Status: LOCALLY_SOLVED
└ @ Main /home/basta/Projects/bakalarka-openfoam/bakalarka-openfoam/MHD_control_cooling/src/controllers/mpc_alter.jl:680
┌ Debug: AM finished after 5 iterations.
└ @ Main /home/basta/Projects/bakalarka-openfoam/bakalarka-openfoam/MHD_control_cooling/src/controllers/mpc_alter.jl:697
┌ Debug: Final U norm: 0.4033, Final V norm: 1.1613
└ @ Main /home/basta/Projects/bakalarka-openfoam/bakalarka-openfoam/MHD_control_cooling/src/controllers/mpc_alter.jl:698
┌ Debug: Physical Bounds Hit: U_min=false, U_max=false, V_min=false, V_max=false
└ @ Main /home/basta/Projects/bakalarka-openfoam/bakalarka-openfoam/MHD_control_cooling/src/controllers/mpc_alter.jl:704
┌ Debug: Storing effective theta_k (for next step): Norm=0.102, First 5=[0.0352, 0.0222, -0.0, 0.0161, -0.0]
└ @ Main /home/basta/Projects/bakalarka-openfoam/bakalarka-openfoam/MHD_control_cooling/src/controllers/mpc_alter.jl:733
┌ Info: Control action computed in 280.73 ms. Sending input u[1]=0.1227, v[1]=0.2871...
└ @ Main /home/basta/Projects/bakalarka-openfoam/bakalarka-openfoam/MHD_control_cooling/src/controllers/mpc_alter.jl:753
┌ Info: ("Sending input", [0.1226972024104281, 0.07721223529634938, -1.6957678958821932e-8, 0.05623098156006125, 0.28707025575017747, -8.127212412074697e-8, 0.589703343273429, -8.126246977577853e-8])
└ @ Main /home/basta/Projects/bakalarka-openfoam/bakalarka-openfoam/MHD_control_cooling/src/scripts/sock_field_server.jl:287
┌ Debug: update_controller_state! called at time 50.14006. No action implemented.
└ @ Main /home/basta/Projects/bakalarka-openfoam/bakalarka-openfoam/MHD_control_cooling/src/controllers/mpc_alter.jl:763
┌ Debug: update_controller_state! called at time 50.14006. No action implemented.
└ @ Main /home/basta/Projects/bakalarka-openfoam/bakalarka-openfoam/MHD_control_cooling/src/controllers/mpc_alter.jl:763
┌ Debug: Raw Measurement 'wallheatflux' value: -0.5831301875
└ @ Main /home/basta/Projects/bakalarka-openfoam/bakalarka-openfoam/MHD_control_cooling/src/controllers/mpc_alter.jl:455
┌ Debug: Centered Measurement yk: -0.5831301875
└ @ Main /home/basta/Projects/bakalarka-openfoam/bakalarka-openfoam/MHD_control_cooling/src/controllers/mpc_alter.jl:458
┌ Debug: Constructed state xk[1:5] = [-0.5831, -0.5828, -0.5824, -0.582, -0.5817]... | Norm: 4.3905
└ @ Main /home/basta/Projects/bakalarka-openfoam/bakalarka-openfoam/MHD_control_cooling/src/controllers/mpc_alter.jl:504
┌ Debug: State error (output) xk[1]-xref[1]: 0.4169 | Full error norm: 16.7589
└ @ Main /home/basta/Projects/bakalarka-openfoam/bakalarka-openfoam/MHD_control_cooling/src/controllers/mpc_alter.jl:514
┌ Debug: State bounds check: any(l_st_k .> u_st_k) = false
└ @ Main /home/basta/Projects/bakalarka-openfoam/bakalarka-openfoam/MHD_control_cooling/src/controllers/mpc_alter.jl:515
┌ Debug: Warm starting U from previous solution (shifted).
└ @ Main /home/basta/Projects/bakalarka-openfoam/bakalarka-openfoam/MHD_control_cooling/src/controllers/mpc_alter.jl:528
┌ Debug: Warm starting V from previous solution (shifted).
└ @ Main /home/basta/Projects/bakalarka-openfoam/bakalarka-openfoam/MHD_control_cooling/src/controllers/mpc_alter.jl:537
┌ Debug: Initial U norm: 0.3721, Initial V norm: 0.9584
└ @ Main /home/basta/Projects/bakalarka-openfoam/bakalarka-openfoam/MHD_control_cooling/src/controllers/mpc_alter.jl:544
┌ Debug: Using QP Regularization: 0.0001
└ @ Main /home/basta/Projects/bakalarka-openfoam/bakalarka-openfoam/MHD_control_cooling/src/controllers/mpc_alter.jl:549
┌ Debug: AM Iteration 1/5
└ @ Main /home/basta/Projects/bakalarka-openfoam/bakalarka-openfoam/MHD_control_cooling/src/controllers/mpc_alter.jl:561
┌ Debug:   U-Step OK. Status: LOCALLY_SOLVED, Primal: FEASIBLE_POINT. New U norm: 0.2671
└ @ Main /home/basta/Projects/bakalarka-openfoam/bakalarka-openfoam/MHD_control_cooling/src/controllers/mpc_alter.jl:605
┌ Debug:   V-Step OK. Status: LOCALLY_SOLVED, Primal: FEASIBLE_POINT. New V norm: 0.935
└ @ Main /home/basta/Projects/bakalarka-openfoam/bakalarka-openfoam/MHD_control_cooling/src/controllers/mpc_alter.jl:662
┌ Debug:   AM Iter 1 took 42.31 ms. U Status: LOCALLY_SOLVED, V Status: LOCALLY_SOLVED
└ @ Main /home/basta/Projects/bakalarka-openfoam/bakalarka-openfoam/MHD_control_cooling/src/controllers/mpc_alter.jl:680
┌ Debug: AM Iteration 2/5
└ @ Main /home/basta/Projects/bakalarka-openfoam/bakalarka-openfoam/MHD_control_cooling/src/controllers/mpc_alter.jl:561
┌ Debug:   U-Step OK. Status: LOCALLY_SOLVED, Primal: FEASIBLE_POINT. New U norm: 0.2728
└ @ Main /home/basta/Projects/bakalarka-openfoam/bakalarka-openfoam/MHD_control_cooling/src/controllers/mpc_alter.jl:605
┌ Debug:   V-Step OK. Status: LOCALLY_SOLVED, Primal: FEASIBLE_POINT. New V norm: 0.9253
└ @ Main /home/basta/Projects/bakalarka-openfoam/bakalarka-openfoam/MHD_control_cooling/src/controllers/mpc_alter.jl:662
┌ Debug:   AM Iter 2 took 42.85 ms. U Status: LOCALLY_SOLVED, V Status: LOCALLY_SOLVED
└ @ Main /home/basta/Projects/bakalarka-openfoam/bakalarka-openfoam/MHD_control_cooling/src/controllers/mpc_alter.jl:680
┌ Debug: AM Iteration 3/5
└ @ Main /home/basta/Projects/bakalarka-openfoam/bakalarka-openfoam/MHD_control_cooling/src/controllers/mpc_alter.jl:561
┌ Debug:   U-Step OK. Status: LOCALLY_SOLVED, Primal: FEASIBLE_POINT. New U norm: 0.2783
└ @ Main /home/basta/Projects/bakalarka-openfoam/bakalarka-openfoam/MHD_control_cooling/src/controllers/mpc_alter.jl:605
┌ Debug:   V-Step OK. Status: LOCALLY_SOLVED, Primal: FEASIBLE_POINT. New V norm: 0.921
└ @ Main /home/basta/Projects/bakalarka-openfoam/bakalarka-openfoam/MHD_control_cooling/src/controllers/mpc_alter.jl:662
┌ Debug:   AM Iter 3 took 32.97 ms. U Status: LOCALLY_SOLVED, V Status: LOCALLY_SOLVED
└ @ Main /home/basta/Projects/bakalarka-openfoam/bakalarka-openfoam/MHD_control_cooling/src/controllers/mpc_alter.jl:680
┌ Debug: AM Iteration 4/5
└ @ Main /home/basta/Projects/bakalarka-openfoam/bakalarka-openfoam/MHD_control_cooling/src/controllers/mpc_alter.jl:561
┌ Debug:   U-Step OK. Status: LOCALLY_SOLVED, Primal: FEASIBLE_POINT. New U norm: 0.2827
└ @ Main /home/basta/Projects/bakalarka-openfoam/bakalarka-openfoam/MHD_control_cooling/src/controllers/mpc_alter.jl:605
┌ Debug:   V-Step OK. Status: LOCALLY_SOLVED, Primal: FEASIBLE_POINT. New V norm: 0.9186
└ @ Main /home/basta/Projects/bakalarka-openfoam/bakalarka-openfoam/MHD_control_cooling/src/controllers/mpc_alter.jl:662
┌ Debug:   AM Iter 4 took 31.95 ms. U Status: LOCALLY_SOLVED, V Status: LOCALLY_SOLVED
└ @ Main /home/basta/Projects/bakalarka-openfoam/bakalarka-openfoam/MHD_control_cooling/src/controllers/mpc_alter.jl:680
┌ Debug: AM Iteration 5/5
└ @ Main /home/basta/Projects/bakalarka-openfoam/bakalarka-openfoam/MHD_control_cooling/src/controllers/mpc_alter.jl:561
┌ Debug:   U-Step OK. Status: LOCALLY_SOLVED, Primal: FEASIBLE_POINT. New U norm: 0.2845
└ @ Main /home/basta/Projects/bakalarka-openfoam/bakalarka-openfoam/MHD_control_cooling/src/controllers/mpc_alter.jl:605
┌ Debug:   V-Step OK. Status: LOCALLY_SOLVED, Primal: FEASIBLE_POINT. New V norm: 0.9182
└ @ Main /home/basta/Projects/bakalarka-openfoam/bakalarka-openfoam/MHD_control_cooling/src/controllers/mpc_alter.jl:662
┌ Debug:   AM Iter 5 took 59.78 ms. U Status: LOCALLY_SOLVED, V Status: LOCALLY_SOLVED
└ @ Main /home/basta/Projects/bakalarka-openfoam/bakalarka-openfoam/MHD_control_cooling/src/controllers/mpc_alter.jl:680
┌ Debug: AM finished after 5 iterations.
└ @ Main /home/basta/Projects/bakalarka-openfoam/bakalarka-openfoam/MHD_control_cooling/src/controllers/mpc_alter.jl:697
┌ Debug: Final U norm: 0.2845, Final V norm: 0.9182
└ @ Main /home/basta/Projects/bakalarka-openfoam/bakalarka-openfoam/MHD_control_cooling/src/controllers/mpc_alter.jl:698
┌ Debug: Physical Bounds Hit: U_min=false, U_max=false, V_min=false, V_max=false
└ @ Main /home/basta/Projects/bakalarka-openfoam/bakalarka-openfoam/MHD_control_cooling/src/controllers/mpc_alter.jl:704
┌ Debug: Storing effective theta_k (for next step): Norm=0.0639, First 5=[0.0326, -0.0, 0.0469, -0.0, -0.0]
└ @ Main /home/basta/Projects/bakalarka-openfoam/bakalarka-openfoam/MHD_control_cooling/src/controllers/mpc_alter.jl:733
┌ Info: Control action computed in 245.55 ms. Sending input u[1]=0.1127, v[1]=0.289...
└ @ Main /home/basta/Projects/bakalarka-openfoam/bakalarka-openfoam/MHD_control_cooling/src/controllers/mpc_alter.jl:753
┌ Info: ("Sending input", [0.1127080709681935, -3.4413127026585336e-8, 0.16244098369977136, -3.43383724282513e-8, 0.28901296731485177, -6.096078595105921e-8, -6.133150720472428e-8, 0.14425167773589168])
└ @ Main /home/basta/Projects/bakalarka-openfoam/bakalarka-openfoam/MHD_control_cooling/src/scripts/sock_field_server.jl:287
┌ Debug: update_controller_state! called at time 51.14006. No action implemented.
└ @ Main /home/basta/Projects/bakalarka-openfoam/bakalarka-openfoam/MHD_control_cooling/src/controllers/mpc_alter.jl:763
┌ Debug: update_controller_state! called at time 51.14006. No action implemented.
└ @ Main /home/basta/Projects/bakalarka-openfoam/bakalarka-openfoam/MHD_control_cooling/src/controllers/mpc_alter.jl:763
┌ Debug: Raw Measurement 'wallheatflux' value: -0.583534875
└ @ Main /home/basta/Projects/bakalarka-openfoam/bakalarka-openfoam/MHD_control_cooling/src/controllers/mpc_alter.jl:455
┌ Debug: Centered Measurement yk: -0.583534875
└ @ Main /home/basta/Projects/bakalarka-openfoam/bakalarka-openfoam/MHD_control_cooling/src/controllers/mpc_alter.jl:458
┌ Debug: Constructed state xk[1:5] = [-0.5835, -0.5831, -0.5828, -0.5824, -0.582]... | Norm: 4.4296
└ @ Main /home/basta/Projects/bakalarka-openfoam/bakalarka-openfoam/MHD_control_cooling/src/controllers/mpc_alter.jl:504
┌ Debug: State error (output) xk[1]-xref[1]: 0.4165 | Full error norm: 16.2473
└ @ Main /home/basta/Projects/bakalarka-openfoam/bakalarka-openfoam/MHD_control_cooling/src/controllers/mpc_alter.jl:514
┌ Debug: State bounds check: any(l_st_k .> u_st_k) = false
└ @ Main /home/basta/Projects/bakalarka-openfoam/bakalarka-openfoam/MHD_control_cooling/src/controllers/mpc_alter.jl:515
┌ Debug: Warm starting U from previous solution (shifted).
└ @ Main /home/basta/Projects/bakalarka-openfoam/bakalarka-openfoam/MHD_control_cooling/src/controllers/mpc_alter.jl:528
┌ Debug: Warm starting V from previous solution (shifted).
└ @ Main /home/basta/Projects/bakalarka-openfoam/bakalarka-openfoam/MHD_control_cooling/src/controllers/mpc_alter.jl:537
┌ Debug: Initial U norm: 0.2046, Initial V norm: 0.8595
└ @ Main /home/basta/Projects/bakalarka-openfoam/bakalarka-openfoam/MHD_control_cooling/src/controllers/mpc_alter.jl:544
┌ Debug: Using QP Regularization: 0.0001
└ @ Main /home/basta/Projects/bakalarka-openfoam/bakalarka-openfoam/MHD_control_cooling/src/controllers/mpc_alter.jl:549
┌ Debug: AM Iteration 1/5
└ @ Main /home/basta/Projects/bakalarka-openfoam/bakalarka-openfoam/MHD_control_cooling/src/controllers/mpc_alter.jl:561
┌ Debug:   U-Step OK. Status: LOCALLY_SOLVED, Primal: FEASIBLE_POINT. New U norm: 0.1195
└ @ Main /home/basta/Projects/bakalarka-openfoam/bakalarka-openfoam/MHD_control_cooling/src/controllers/mpc_alter.jl:605
┌ Debug:   V-Step OK. Status: LOCALLY_SOLVED, Primal: FEASIBLE_POINT. New V norm: 0.8759
└ @ Main /home/basta/Projects/bakalarka-openfoam/bakalarka-openfoam/MHD_control_cooling/src/controllers/mpc_alter.jl:662
┌ Debug:   AM Iter 1 took 28.52 ms. U Status: LOCALLY_SOLVED, V Status: LOCALLY_SOLVED
└ @ Main /home/basta/Projects/bakalarka-openfoam/bakalarka-openfoam/MHD_control_cooling/src/controllers/mpc_alter.jl:680
┌ Debug: AM Iteration 2/5
└ @ Main /home/basta/Projects/bakalarka-openfoam/bakalarka-openfoam/MHD_control_cooling/src/controllers/mpc_alter.jl:561
┌ Debug:   U-Step OK. Status: LOCALLY_SOLVED, Primal: FEASIBLE_POINT. New U norm: 0.1177
└ @ Main /home/basta/Projects/bakalarka-openfoam/bakalarka-openfoam/MHD_control_cooling/src/controllers/mpc_alter.jl:605
┌ Debug:   V-Step OK. Status: LOCALLY_SOLVED, Primal: FEASIBLE_POINT. New V norm: 0.9015
└ @ Main /home/basta/Projects/bakalarka-openfoam/bakalarka-openfoam/MHD_control_cooling/src/controllers/mpc_alter.jl:662
┌ Debug:   AM Iter 2 took 32.99 ms. U Status: LOCALLY_SOLVED, V Status: LOCALLY_SOLVED
└ @ Main /home/basta/Projects/bakalarka-openfoam/bakalarka-openfoam/MHD_control_cooling/src/controllers/mpc_alter.jl:680
┌ Debug: AM Iteration 3/5
└ @ Main /home/basta/Projects/bakalarka-openfoam/bakalarka-openfoam/MHD_control_cooling/src/controllers/mpc_alter.jl:561
┌ Debug:   U-Step OK. Status: LOCALLY_SOLVED, Primal: FEASIBLE_POINT. New U norm: 0.1171
└ @ Main /home/basta/Projects/bakalarka-openfoam/bakalarka-openfoam/MHD_control_cooling/src/controllers/mpc_alter.jl:605
┌ Debug:   V-Step OK. Status: LOCALLY_SOLVED, Primal: FEASIBLE_POINT. New V norm: 0.9201
└ @ Main /home/basta/Projects/bakalarka-openfoam/bakalarka-openfoam/MHD_control_cooling/src/controllers/mpc_alter.jl:662
┌ Debug:   AM Iter 3 took 33.45 ms. U Status: LOCALLY_SOLVED, V Status: LOCALLY_SOLVED
└ @ Main /home/basta/Projects/bakalarka-openfoam/bakalarka-openfoam/MHD_control_cooling/src/controllers/mpc_alter.jl:680
┌ Debug: AM Iteration 4/5
└ @ Main /home/basta/Projects/bakalarka-openfoam/bakalarka-openfoam/MHD_control_cooling/src/controllers/mpc_alter.jl:561
┌ Debug:   U-Step OK. Status: LOCALLY_SOLVED, Primal: FEASIBLE_POINT. New U norm: 0.1168
└ @ Main /home/basta/Projects/bakalarka-openfoam/bakalarka-openfoam/MHD_control_cooling/src/controllers/mpc_alter.jl:605
┌ Debug:   V-Step OK. Status: LOCALLY_SOLVED, Primal: FEASIBLE_POINT. New V norm: 0.9265
└ @ Main /home/basta/Projects/bakalarka-openfoam/bakalarka-openfoam/MHD_control_cooling/src/controllers/mpc_alter.jl:662
┌ Debug:   AM Iter 4 took 30.8 ms. U Status: LOCALLY_SOLVED, V Status: LOCALLY_SOLVED
└ @ Main /home/basta/Projects/bakalarka-openfoam/bakalarka-openfoam/MHD_control_cooling/src/controllers/mpc_alter.jl:680
┌ Debug: AM Iteration 5/5
└ @ Main /home/basta/Projects/bakalarka-openfoam/bakalarka-openfoam/MHD_control_cooling/src/controllers/mpc_alter.jl:561
┌ Debug:   U-Step OK. Status: LOCALLY_SOLVED, Primal: FEASIBLE_POINT. New U norm: 0.1168
└ @ Main /home/basta/Projects/bakalarka-openfoam/bakalarka-openfoam/MHD_control_cooling/src/controllers/mpc_alter.jl:605
┌ Debug:   V-Step OK. Status: LOCALLY_SOLVED, Primal: FEASIBLE_POINT. New V norm: 0.9288
└ @ Main /home/basta/Projects/bakalarka-openfoam/bakalarka-openfoam/MHD_control_cooling/src/controllers/mpc_alter.jl:662
┌ Debug:   AM Iter 5 took 27.84 ms. U Status: LOCALLY_SOLVED, V Status: LOCALLY_SOLVED
└ @ Main /home/basta/Projects/bakalarka-openfoam/bakalarka-openfoam/MHD_control_cooling/src/controllers/mpc_alter.jl:680
┌ Debug: AM finished after 5 iterations.
└ @ Main /home/basta/Projects/bakalarka-openfoam/bakalarka-openfoam/MHD_control_cooling/src/controllers/mpc_alter.jl:697
┌ Debug: Final U norm: 0.1168, Final V norm: 0.9288
└ @ Main /home/basta/Projects/bakalarka-openfoam/bakalarka-openfoam/MHD_control_cooling/src/controllers/mpc_alter.jl:698
┌ Debug: Physical Bounds Hit: U_min=false, U_max=false, V_min=false, V_max=false
└ @ Main /home/basta/Projects/bakalarka-openfoam/bakalarka-openfoam/MHD_control_cooling/src/controllers/mpc_alter.jl:704
┌ Debug: Storing effective theta_k (for next step): Norm=0.0262, First 5=[0.0115, -0.0, 0.0177, -0.0, -0.0]
└ @ Main /home/basta/Projects/bakalarka-openfoam/bakalarka-openfoam/MHD_control_cooling/src/controllers/mpc_alter.jl:733
┌ Info: Control action computed in 190.41 ms. Sending input u[1]=0.0602, v[1]=0.1918...
└ @ Main /home/basta/Projects/bakalarka-openfoam/bakalarka-openfoam/MHD_control_cooling/src/controllers/mpc_alter.jl:753
┌ Info: ("Sending input", [0.06020447806811238, -5.043526049826853e-8, 0.09224030740248008, -5.177619114535994e-8, 0.191808860659748, -9.944573827662122e-8, -1.0775195014566863e-7, 0.14108669334068522])
└ @ Main /home/basta/Projects/bakalarka-openfoam/bakalarka-openfoam/MHD_control_cooling/src/scripts/sock_field_server.jl:287
┌ Debug: update_controller_state! called at time 52.14006. No action implemented.
└ @ Main /home/basta/Projects/bakalarka-openfoam/bakalarka-openfoam/MHD_control_cooling/src/controllers/mpc_alter.jl:763
┌ Debug: update_controller_state! called at time 52.14006. No action implemented.
└ @ Main /home/basta/Projects/bakalarka-openfoam/bakalarka-openfoam/MHD_control_cooling/src/controllers/mpc_alter.jl:763
┌ Debug: Raw Measurement 'wallheatflux' value: -0.584022125
└ @ Main /home/basta/Projects/bakalarka-openfoam/bakalarka-openfoam/MHD_control_cooling/src/controllers/mpc_alter.jl:455
┌ Debug: Centered Measurement yk: -0.584022125
└ @ Main /home/basta/Projects/bakalarka-openfoam/bakalarka-openfoam/MHD_control_cooling/src/controllers/mpc_alter.jl:458
┌ Debug: Constructed state xk[1:5] = [-0.584, -0.5835, -0.5831, -0.5828, -0.5824]... | Norm: 4.468
└ @ Main /home/basta/Projects/bakalarka-openfoam/bakalarka-openfoam/MHD_control_cooling/src/controllers/mpc_alter.jl:504
┌ Debug: State error (output) xk[1]-xref[1]: 0.416 | Full error norm: 16.3282
└ @ Main /home/basta/Projects/bakalarka-openfoam/bakalarka-openfoam/MHD_control_cooling/src/controllers/mpc_alter.jl:514
┌ Debug: State bounds check: any(l_st_k .> u_st_k) = false
└ @ Main /home/basta/Projects/bakalarka-openfoam/bakalarka-openfoam/MHD_control_cooling/src/controllers/mpc_alter.jl:515
┌ Debug: Warm starting U from previous solution (shifted).
└ @ Main /home/basta/Projects/bakalarka-openfoam/bakalarka-openfoam/MHD_control_cooling/src/controllers/mpc_alter.jl:528
┌ Debug: Warm starting V from previous solution (shifted).
└ @ Main /home/basta/Projects/bakalarka-openfoam/bakalarka-openfoam/MHD_control_cooling/src/controllers/mpc_alter.jl:537
┌ Debug: Initial U norm: 0.0387, Initial V norm: 0.8978
└ @ Main /home/basta/Projects/bakalarka-openfoam/bakalarka-openfoam/MHD_control_cooling/src/controllers/mpc_alter.jl:544
┌ Debug: Using QP Regularization: 0.0001
└ @ Main /home/basta/Projects/bakalarka-openfoam/bakalarka-openfoam/MHD_control_cooling/src/controllers/mpc_alter.jl:549
┌ Debug: AM Iteration 1/5
└ @ Main /home/basta/Projects/bakalarka-openfoam/bakalarka-openfoam/MHD_control_cooling/src/controllers/mpc_alter.jl:561
┌ Debug:   U-Step OK. Status: LOCALLY_SOLVED, Primal: FEASIBLE_POINT. New U norm: 0.0597
└ @ Main /home/basta/Projects/bakalarka-openfoam/bakalarka-openfoam/MHD_control_cooling/src/controllers/mpc_alter.jl:605
┌ Debug:   V-Step OK. Status: LOCALLY_SOLVED, Primal: FEASIBLE_POINT. New V norm: 1.0305
└ @ Main /home/basta/Projects/bakalarka-openfoam/bakalarka-openfoam/MHD_control_cooling/src/controllers/mpc_alter.jl:662
┌ Debug:   AM Iter 1 took 28.27 ms. U Status: LOCALLY_SOLVED, V Status: LOCALLY_SOLVED
└ @ Main /home/basta/Projects/bakalarka-openfoam/bakalarka-openfoam/MHD_control_cooling/src/controllers/mpc_alter.jl:680
┌ Debug: AM Iteration 2/5
└ @ Main /home/basta/Projects/bakalarka-openfoam/bakalarka-openfoam/MHD_control_cooling/src/controllers/mpc_alter.jl:561
┌ Debug:   U-Step OK. Status: LOCALLY_SOLVED, Primal: FEASIBLE_POINT. New U norm: 0.0611
└ @ Main /home/basta/Projects/bakalarka-openfoam/bakalarka-openfoam/MHD_control_cooling/src/controllers/mpc_alter.jl:605
┌ Debug:   V-Step OK. Status: LOCALLY_SOLVED, Primal: FEASIBLE_POINT. New V norm: 1.0345
└ @ Main /home/basta/Projects/bakalarka-openfoam/bakalarka-openfoam/MHD_control_cooling/src/controllers/mpc_alter.jl:662
┌ Debug:   AM Iter 2 took 30.46 ms. U Status: LOCALLY_SOLVED, V Status: LOCALLY_SOLVED
└ @ Main /home/basta/Projects/bakalarka-openfoam/bakalarka-openfoam/MHD_control_cooling/src/controllers/mpc_alter.jl:680
┌ Debug: AM Iteration 3/5
└ @ Main /home/basta/Projects/bakalarka-openfoam/bakalarka-openfoam/MHD_control_cooling/src/controllers/mpc_alter.jl:561
┌ Debug:   U-Step OK. Status: LOCALLY_SOLVED, Primal: FEASIBLE_POINT. New U norm: 0.0622
└ @ Main /home/basta/Projects/bakalarka-openfoam/bakalarka-openfoam/MHD_control_cooling/src/controllers/mpc_alter.jl:605
┌ Debug:   V-Step OK. Status: LOCALLY_SOLVED, Primal: FEASIBLE_POINT. New V norm: 1.0392
└ @ Main /home/basta/Projects/bakalarka-openfoam/bakalarka-openfoam/MHD_control_cooling/src/controllers/mpc_alter.jl:662
┌ Debug:   AM Iter 3 took 29.21 ms. U Status: LOCALLY_SOLVED, V Status: LOCALLY_SOLVED
└ @ Main /home/basta/Projects/bakalarka-openfoam/bakalarka-openfoam/MHD_control_cooling/src/controllers/mpc_alter.jl:680
┌ Debug: AM Iteration 4/5
└ @ Main /home/basta/Projects/bakalarka-openfoam/bakalarka-openfoam/MHD_control_cooling/src/controllers/mpc_alter.jl:561
┌ Debug:   U-Step OK. Status: LOCALLY_SOLVED, Primal: FEASIBLE_POINT. New U norm: 0.0626
└ @ Main /home/basta/Projects/bakalarka-openfoam/bakalarka-openfoam/MHD_control_cooling/src/controllers/mpc_alter.jl:605
┌ Debug:   V-Step OK. Status: LOCALLY_SOLVED, Primal: FEASIBLE_POINT. New V norm: 1.0442
└ @ Main /home/basta/Projects/bakalarka-openfoam/bakalarka-openfoam/MHD_control_cooling/src/controllers/mpc_alter.jl:662
┌ Debug:   AM Iter 4 took 25.84 ms. U Status: LOCALLY_SOLVED, V Status: LOCALLY_SOLVED
└ @ Main /home/basta/Projects/bakalarka-openfoam/bakalarka-openfoam/MHD_control_cooling/src/controllers/mpc_alter.jl:680
┌ Debug: AM Iteration 5/5
└ @ Main /home/basta/Projects/bakalarka-openfoam/bakalarka-openfoam/MHD_control_cooling/src/controllers/mpc_alter.jl:561
┌ Debug:   U-Step OK. Status: LOCALLY_SOLVED, Primal: FEASIBLE_POINT. New U norm: 0.063
└ @ Main /home/basta/Projects/bakalarka-openfoam/bakalarka-openfoam/MHD_control_cooling/src/controllers/mpc_alter.jl:605
┌ Debug:   V-Step OK. Status: LOCALLY_SOLVED, Primal: FEASIBLE_POINT. New V norm: 1.0492
└ @ Main /home/basta/Projects/bakalarka-openfoam/bakalarka-openfoam/MHD_control_cooling/src/controllers/mpc_alter.jl:662
┌ Debug:   AM Iter 5 took 62.41 ms. U Status: LOCALLY_SOLVED, V Status: LOCALLY_SOLVED
└ @ Main /home/basta/Projects/bakalarka-openfoam/bakalarka-openfoam/MHD_control_cooling/src/controllers/mpc_alter.jl:680
┌ Debug: AM finished after 5 iterations.
└ @ Main /home/basta/Projects/bakalarka-openfoam/bakalarka-openfoam/MHD_control_cooling/src/controllers/mpc_alter.jl:697
┌ Debug: Final U norm: 0.063, Final V norm: 1.0492
└ @ Main /home/basta/Projects/bakalarka-openfoam/bakalarka-openfoam/MHD_control_cooling/src/controllers/mpc_alter.jl:698
┌ Debug: Physical Bounds Hit: U_min=false, U_max=false, V_min=false, V_max=false
└ @ Main /home/basta/Projects/bakalarka-openfoam/bakalarka-openfoam/MHD_control_cooling/src/controllers/mpc_alter.jl:704
┌ Debug: Storing effective theta_k (for next step): Norm=0.0258, First 5=[0.0129, -0.0, 0.0129, -0.0, -0.0]
└ @ Main /home/basta/Projects/bakalarka-openfoam/bakalarka-openfoam/MHD_control_cooling/src/controllers/mpc_alter.jl:733
┌ Info: Control action computed in 211.17 ms. Sending input u[1]=0.0245, v[1]=0.5264...
└ @ Main /home/basta/Projects/bakalarka-openfoam/bakalarka-openfoam/MHD_control_cooling/src/controllers/mpc_alter.jl:753
┌ Info: ("Sending input", [0.024534655439770386, -1.8996821818622857e-8, 0.024534655496201707, -1.8966098388670323e-8, 0.5264038419574821, -4.041937977778707e-7, -4.036782297482856e-7, 0.5264038384629045])
└ @ Main /home/basta/Projects/bakalarka-openfoam/bakalarka-openfoam/MHD_control_cooling/src/scripts/sock_field_server.jl:287
┌ Debug: update_controller_state! called at time 53.14006. No action implemented.
└ @ Main /home/basta/Projects/bakalarka-openfoam/bakalarka-openfoam/MHD_control_cooling/src/controllers/mpc_alter.jl:763
┌ Debug: update_controller_state! called at time 53.14006. No action implemented.
└ @ Main /home/basta/Projects/bakalarka-openfoam/bakalarka-openfoam/MHD_control_cooling/src/controllers/mpc_alter.jl:763
┌ Debug: Raw Measurement 'wallheatflux' value: -0.58457175
└ @ Main /home/basta/Projects/bakalarka-openfoam/bakalarka-openfoam/MHD_control_cooling/src/controllers/mpc_alter.jl:455
┌ Debug: Centered Measurement yk: -0.58457175
└ @ Main /home/basta/Projects/bakalarka-openfoam/bakalarka-openfoam/MHD_control_cooling/src/controllers/mpc_alter.jl:458
┌ Debug: Constructed state xk[1:5] = [-0.5846, -0.584, -0.5835, -0.5831, -0.5828]... | Norm: 4.5062
└ @ Main /home/basta/Projects/bakalarka-openfoam/bakalarka-openfoam/MHD_control_cooling/src/controllers/mpc_alter.jl:504
┌ Debug: State error (output) xk[1]-xref[1]: 0.4154 | Full error norm: 21.9539
└ @ Main /home/basta/Projects/bakalarka-openfoam/bakalarka-openfoam/MHD_control_cooling/src/controllers/mpc_alter.jl:514
┌ Debug: State bounds check: any(l_st_k .> u_st_k) = false
└ @ Main /home/basta/Projects/bakalarka-openfoam/bakalarka-openfoam/MHD_control_cooling/src/controllers/mpc_alter.jl:515
┌ Debug: Warm starting U from previous solution (shifted).
└ @ Main /home/basta/Projects/bakalarka-openfoam/bakalarka-openfoam/MHD_control_cooling/src/controllers/mpc_alter.jl:528
┌ Debug: Warm starting V from previous solution (shifted).
└ @ Main /home/basta/Projects/bakalarka-openfoam/bakalarka-openfoam/MHD_control_cooling/src/controllers/mpc_alter.jl:537
┌ Debug: Initial U norm: 0.0526, Initial V norm: 0.7393
└ @ Main /home/basta/Projects/bakalarka-openfoam/bakalarka-openfoam/MHD_control_cooling/src/controllers/mpc_alter.jl:544
┌ Debug: Using QP Regularization: 0.0001
└ @ Main /home/basta/Projects/bakalarka-openfoam/bakalarka-openfoam/MHD_control_cooling/src/controllers/mpc_alter.jl:549
┌ Debug: AM Iteration 1/5
└ @ Main /home/basta/Projects/bakalarka-openfoam/bakalarka-openfoam/MHD_control_cooling/src/controllers/mpc_alter.jl:561
┌ Debug:   U-Step OK. Status: LOCALLY_SOLVED, Primal: FEASIBLE_POINT. New U norm: 0.053
└ @ Main /home/basta/Projects/bakalarka-openfoam/bakalarka-openfoam/MHD_control_cooling/src/controllers/mpc_alter.jl:605
┌ Debug:   V-Step OK. Status: LOCALLY_SOLVED, Primal: FEASIBLE_POINT. New V norm: 0.8615
└ @ Main /home/basta/Projects/bakalarka-openfoam/bakalarka-openfoam/MHD_control_cooling/src/controllers/mpc_alter.jl:662
┌ Debug:   AM Iter 1 took 26.55 ms. U Status: LOCALLY_SOLVED, V Status: LOCALLY_SOLVED
└ @ Main /home/basta/Projects/bakalarka-openfoam/bakalarka-openfoam/MHD_control_cooling/src/controllers/mpc_alter.jl:680
┌ Debug: AM Iteration 2/5
└ @ Main /home/basta/Projects/bakalarka-openfoam/bakalarka-openfoam/MHD_control_cooling/src/controllers/mpc_alter.jl:561
┌ Debug:   U-Step OK. Status: LOCALLY_SOLVED, Primal: FEASIBLE_POINT. New U norm: 0.053
└ @ Main /home/basta/Projects/bakalarka-openfoam/bakalarka-openfoam/MHD_control_cooling/src/controllers/mpc_alter.jl:605
┌ Debug:   V-Step OK. Status: LOCALLY_SOLVED, Primal: FEASIBLE_POINT. New V norm: 1.1796
└ @ Main /home/basta/Projects/bakalarka-openfoam/bakalarka-openfoam/MHD_control_cooling/src/controllers/mpc_alter.jl:662
┌ Debug:   AM Iter 2 took 19.28 ms. U Status: LOCALLY_SOLVED, V Status: LOCALLY_SOLVED
└ @ Main /home/basta/Projects/bakalarka-openfoam/bakalarka-openfoam/MHD_control_cooling/src/controllers/mpc_alter.jl:680
┌ Debug: AM Iteration 3/5
└ @ Main /home/basta/Projects/bakalarka-openfoam/bakalarka-openfoam/MHD_control_cooling/src/controllers/mpc_alter.jl:561
┌ Debug:   U-Step OK. Status: LOCALLY_SOLVED, Primal: FEASIBLE_POINT. New U norm: 0.0531
└ @ Main /home/basta/Projects/bakalarka-openfoam/bakalarka-openfoam/MHD_control_cooling/src/controllers/mpc_alter.jl:605
┌ Debug:   V-Step OK. Status: LOCALLY_SOLVED, Primal: FEASIBLE_POINT. New V norm: 2.8157
└ @ Main /home/basta/Projects/bakalarka-openfoam/bakalarka-openfoam/MHD_control_cooling/src/controllers/mpc_alter.jl:662
┌ Debug:   AM Iter 3 took 15.74 ms. U Status: LOCALLY_SOLVED, V Status: LOCALLY_SOLVED
└ @ Main /home/basta/Projects/bakalarka-openfoam/bakalarka-openfoam/MHD_control_cooling/src/controllers/mpc_alter.jl:680
┌ Debug: AM Iteration 4/5
└ @ Main /home/basta/Projects/bakalarka-openfoam/bakalarka-openfoam/MHD_control_cooling/src/controllers/mpc_alter.jl:561
┌ Debug:   U-Step OK. Status: LOCALLY_SOLVED, Primal: FEASIBLE_POINT. New U norm: 0.0529
└ @ Main /home/basta/Projects/bakalarka-openfoam/bakalarka-openfoam/MHD_control_cooling/src/controllers/mpc_alter.jl:605
┌ Debug:   V-Step OK. Status: LOCALLY_SOLVED, Primal: FEASIBLE_POINT. New V norm: 2.8186
└ @ Main /home/basta/Projects/bakalarka-openfoam/bakalarka-openfoam/MHD_control_cooling/src/controllers/mpc_alter.jl:662
┌ Debug:   AM Iter 4 took 18.53 ms. U Status: LOCALLY_SOLVED, V Status: LOCALLY_SOLVED
└ @ Main /home/basta/Projects/bakalarka-openfoam/bakalarka-openfoam/MHD_control_cooling/src/controllers/mpc_alter.jl:680
┌ Debug: AM Iteration 5/5
└ @ Main /home/basta/Projects/bakalarka-openfoam/bakalarka-openfoam/MHD_control_cooling/src/controllers/mpc_alter.jl:561
┌ Debug:   U-Step OK. Status: LOCALLY_SOLVED, Primal: FEASIBLE_POINT. New U norm: 0.053
└ @ Main /home/basta/Projects/bakalarka-openfoam/bakalarka-openfoam/MHD_control_cooling/src/controllers/mpc_alter.jl:605
┌ Debug:   V-Step OK. Status: LOCALLY_SOLVED, Primal: FEASIBLE_POINT. New V norm: 2.8174
└ @ Main /home/basta/Projects/bakalarka-openfoam/bakalarka-openfoam/MHD_control_cooling/src/controllers/mpc_alter.jl:662
┌ Debug:   AM Iter 5 took 18.69 ms. U Status: LOCALLY_SOLVED, V Status: LOCALLY_SOLVED
└ @ Main /home/basta/Projects/bakalarka-openfoam/bakalarka-openfoam/MHD_control_cooling/src/controllers/mpc_alter.jl:680
┌ Debug: AM finished after 5 iterations.
└ @ Main /home/basta/Projects/bakalarka-openfoam/bakalarka-openfoam/MHD_control_cooling/src/controllers/mpc_alter.jl:697
┌ Debug: Final U norm: 0.053, Final V norm: 2.8174
└ @ Main /home/basta/Projects/bakalarka-openfoam/bakalarka-openfoam/MHD_control_cooling/src/controllers/mpc_alter.jl:698
┌ Debug: Physical Bounds Hit: U_min=false, U_max=false, V_min=false, V_max=true
└ @ Main /home/basta/Projects/bakalarka-openfoam/bakalarka-openfoam/MHD_control_cooling/src/controllers/mpc_alter.jl:704
┌ Debug: Storing effective theta_k (for next step): Norm=0.1492, First 5=[0.0611, 0.0611, -0.0, 0.0599, -0.0]
└ @ Main /home/basta/Projects/bakalarka-openfoam/bakalarka-openfoam/MHD_control_cooling/src/controllers/mpc_alter.jl:733
┌ Info: Control action computed in 133.18 ms. Sending input u[1]=0.0308, v[1]=1.9843...
└ @ Main /home/basta/Projects/bakalarka-openfoam/bakalarka-openfoam/MHD_control_cooling/src/controllers/mpc_alter.jl:753
┌ Info: ("Sending input", [0.03077018979649334, 0.030770189712788172, -4.849068929189765e-9, 0.030190475933158684, 1.9843381565100053, -3.2459703281295344e-7, 2.0000000198643133, -3.244940910434528e-7])
└ @ Main /home/basta/Projects/bakalarka-openfoam/bakalarka-openfoam/MHD_control_cooling/src/scripts/sock_field_server.jl:287
┌ Debug: update_controller_state! called at time 54.14006. No action implemented.
└ @ Main /home/basta/Projects/bakalarka-openfoam/bakalarka-openfoam/MHD_control_cooling/src/controllers/mpc_alter.jl:763
┌ Debug: update_controller_state! called at time 54.14006. No action implemented.
└ @ Main /home/basta/Projects/bakalarka-openfoam/bakalarka-openfoam/MHD_control_cooling/src/controllers/mpc_alter.jl:763
┌ Debug: Raw Measurement 'wallheatflux' value: -0.585143875
└ @ Main /home/basta/Projects/bakalarka-openfoam/bakalarka-openfoam/MHD_control_cooling/src/controllers/mpc_alter.jl:455
┌ Debug: Centered Measurement yk: -0.585143875
└ @ Main /home/basta/Projects/bakalarka-openfoam/bakalarka-openfoam/MHD_control_cooling/src/controllers/mpc_alter.jl:458
┌ Debug: Constructed state xk[1:5] = [-0.5851, -0.5846, -0.584, -0.5835, -0.5831]... | Norm: 4.5464
└ @ Main /home/basta/Projects/bakalarka-openfoam/bakalarka-openfoam/MHD_control_cooling/src/controllers/mpc_alter.jl:504
┌ Debug: State error (output) xk[1]-xref[1]: 0.4149 | Full error norm: 23.4205
└ @ Main /home/basta/Projects/bakalarka-openfoam/bakalarka-openfoam/MHD_control_cooling/src/controllers/mpc_alter.jl:514
┌ Debug: State bounds check: any(l_st_k .> u_st_k) = false
└ @ Main /home/basta/Projects/bakalarka-openfoam/bakalarka-openfoam/MHD_control_cooling/src/controllers/mpc_alter.jl:515
┌ Debug: Warm starting U from previous solution (shifted).
└ @ Main /home/basta/Projects/bakalarka-openfoam/bakalarka-openfoam/MHD_control_cooling/src/controllers/mpc_alter.jl:528
┌ Debug: Warm starting V from previous solution (shifted).
└ @ Main /home/basta/Projects/bakalarka-openfoam/bakalarka-openfoam/MHD_control_cooling/src/controllers/mpc_alter.jl:537
┌ Debug: Initial U norm: 0.0, Initial V norm: 0.0
└ @ Main /home/basta/Projects/bakalarka-openfoam/bakalarka-openfoam/MHD_control_cooling/src/controllers/mpc_alter.jl:544
┌ Debug: Using QP Regularization: 0.0001
└ @ Main /home/basta/Projects/bakalarka-openfoam/bakalarka-openfoam/MHD_control_cooling/src/controllers/mpc_alter.jl:549
┌ Debug: AM Iteration 1/5
└ @ Main /home/basta/Projects/bakalarka-openfoam/bakalarka-openfoam/MHD_control_cooling/src/controllers/mpc_alter.jl:561
┌ Debug:   U-Step OK. Status: LOCALLY_SOLVED, Primal: FEASIBLE_POINT. New U norm: 0.0
└ @ Main /home/basta/Projects/bakalarka-openfoam/bakalarka-openfoam/MHD_control_cooling/src/controllers/mpc_alter.jl:605
┌ Debug:   V-Step OK. Status: LOCALLY_SOLVED, Primal: FEASIBLE_POINT. New V norm: 0.0
└ @ Main /home/basta/Projects/bakalarka-openfoam/bakalarka-openfoam/MHD_control_cooling/src/controllers/mpc_alter.jl:662
┌ Debug:   AM Iter 1 took 14.35 ms. U Status: LOCALLY_SOLVED, V Status: LOCALLY_SOLVED
└ @ Main /home/basta/Projects/bakalarka-openfoam/bakalarka-openfoam/MHD_control_cooling/src/controllers/mpc_alter.jl:680
┌ Debug: AM Iteration 2/5
└ @ Main /home/basta/Projects/bakalarka-openfoam/bakalarka-openfoam/MHD_control_cooling/src/controllers/mpc_alter.jl:561
┌ Debug:   U-Step OK. Status: LOCALLY_SOLVED, Primal: FEASIBLE_POINT. New U norm: 0.0
└ @ Main /home/basta/Projects/bakalarka-openfoam/bakalarka-openfoam/MHD_control_cooling/src/controllers/mpc_alter.jl:605
┌ Debug:   V-Step OK. Status: LOCALLY_SOLVED, Primal: FEASIBLE_POINT. New V norm: 0.0
└ @ Main /home/basta/Projects/bakalarka-openfoam/bakalarka-openfoam/MHD_control_cooling/src/controllers/mpc_alter.jl:662
┌ Debug:   AM Iter 2 took 13.29 ms. U Status: LOCALLY_SOLVED, V Status: LOCALLY_SOLVED
└ @ Main /home/basta/Projects/bakalarka-openfoam/bakalarka-openfoam/MHD_control_cooling/src/controllers/mpc_alter.jl:680
┌ Debug: AM Iteration 3/5
└ @ Main /home/basta/Projects/bakalarka-openfoam/bakalarka-openfoam/MHD_control_cooling/src/controllers/mpc_alter.jl:561
┌ Debug:   U-Step OK. Status: LOCALLY_SOLVED, Primal: FEASIBLE_POINT. New U norm: 0.0
└ @ Main /home/basta/Projects/bakalarka-openfoam/bakalarka-openfoam/MHD_control_cooling/src/controllers/mpc_alter.jl:605
┌ Debug:   V-Step OK. Status: LOCALLY_SOLVED, Primal: FEASIBLE_POINT. New V norm: 0.0
└ @ Main /home/basta/Projects/bakalarka-openfoam/bakalarka-openfoam/MHD_control_cooling/src/controllers/mpc_alter.jl:662
┌ Debug:   AM Iter 3 took 14.71 ms. U Status: LOCALLY_SOLVED, V Status: LOCALLY_SOLVED
└ @ Main /home/basta/Projects/bakalarka-openfoam/bakalarka-openfoam/MHD_control_cooling/src/controllers/mpc_alter.jl:680
┌ Debug: AM Iteration 4/5
└ @ Main /home/basta/Projects/bakalarka-openfoam/bakalarka-openfoam/MHD_control_cooling/src/controllers/mpc_alter.jl:561
┌ Debug:   U-Step OK. Status: LOCALLY_SOLVED, Primal: FEASIBLE_POINT. New U norm: 0.0
└ @ Main /home/basta/Projects/bakalarka-openfoam/bakalarka-openfoam/MHD_control_cooling/src/controllers/mpc_alter.jl:605
┌ Debug:   V-Step OK. Status: LOCALLY_SOLVED, Primal: FEASIBLE_POINT. New V norm: 0.0
└ @ Main /home/basta/Projects/bakalarka-openfoam/bakalarka-openfoam/MHD_control_cooling/src/controllers/mpc_alter.jl:662
┌ Debug:   AM Iter 4 took 14.01 ms. U Status: LOCALLY_SOLVED, V Status: LOCALLY_SOLVED
└ @ Main /home/basta/Projects/bakalarka-openfoam/bakalarka-openfoam/MHD_control_cooling/src/controllers/mpc_alter.jl:680
┌ Debug: AM Iteration 5/5
└ @ Main /home/basta/Projects/bakalarka-openfoam/bakalarka-openfoam/MHD_control_cooling/src/controllers/mpc_alter.jl:561
┌ Debug:   U-Step OK. Status: LOCALLY_SOLVED, Primal: FEASIBLE_POINT. New U norm: 0.0
└ @ Main /home/basta/Projects/bakalarka-openfoam/bakalarka-openfoam/MHD_control_cooling/src/controllers/mpc_alter.jl:605
┌ Debug:   V-Step OK. Status: LOCALLY_SOLVED, Primal: FEASIBLE_POINT. New V norm: 0.0
└ @ Main /home/basta/Projects/bakalarka-openfoam/bakalarka-openfoam/MHD_control_cooling/src/controllers/mpc_alter.jl:662
┌ Debug:   AM Iter 5 took 11.84 ms. U Status: LOCALLY_SOLVED, V Status: LOCALLY_SOLVED
└ @ Main /home/basta/Projects/bakalarka-openfoam/bakalarka-openfoam/MHD_control_cooling/src/controllers/mpc_alter.jl:680
┌ Debug: AM finished after 5 iterations.
└ @ Main /home/basta/Projects/bakalarka-openfoam/bakalarka-openfoam/MHD_control_cooling/src/controllers/mpc_alter.jl:697
┌ Debug: Final U norm: 0.0, Final V norm: 0.0
└ @ Main /home/basta/Projects/bakalarka-openfoam/bakalarka-openfoam/MHD_control_cooling/src/controllers/mpc_alter.jl:698
┌ Debug: Physical Bounds Hit: U_min=false, U_max=false, V_min=false, V_max=false
└ @ Main /home/basta/Projects/bakalarka-openfoam/bakalarka-openfoam/MHD_control_cooling/src/controllers/mpc_alter.jl:704
┌ Debug: Storing effective theta_k (for next step): Norm=0.0, First 5=[0.0, 0.0, 0.0, 0.0, 0.0]
└ @ Main /home/basta/Projects/bakalarka-openfoam/bakalarka-openfoam/MHD_control_cooling/src/controllers/mpc_alter.jl:733
┌ Info: Control action computed in 105.45 ms. Sending input u[1]=0.0, v[1]=0.0...
└ @ Main /home/basta/Projects/bakalarka-openfoam/bakalarka-openfoam/MHD_control_cooling/src/controllers/mpc_alter.jl:753
┌ Info: ("Sending input", [0.0, 0.0, 0.0, 0.0, 0.0, 0.0, 0.0, 0.0])
└ @ Main /home/basta/Projects/bakalarka-openfoam/bakalarka-openfoam/MHD_control_cooling/src/scripts/sock_field_server.jl:287
┌ Debug: update_controller_state! called at time 55.14006. No action implemented.
└ @ Main /home/basta/Projects/bakalarka-openfoam/bakalarka-openfoam/MHD_control_cooling/src/controllers/mpc_alter.jl:763
┌ Debug: update_controller_state! called at time 55.14006. No action implemented.
└ @ Main /home/basta/Projects/bakalarka-openfoam/bakalarka-openfoam/MHD_control_cooling/src/controllers/mpc_alter.jl:763
┌ Debug: Raw Measurement 'wallheatflux' value: -0.5857088125
└ @ Main /home/basta/Projects/bakalarka-openfoam/bakalarka-openfoam/MHD_control_cooling/src/controllers/mpc_alter.jl:455
┌ Debug: Centered Measurement yk: -0.5857088125
└ @ Main /home/basta/Projects/bakalarka-openfoam/bakalarka-openfoam/MHD_control_cooling/src/controllers/mpc_alter.jl:458
┌ Debug: Constructed state xk[1:5] = [-0.5857, -0.5851, -0.5846, -0.584, -0.5835]... | Norm: 4.584
└ @ Main /home/basta/Projects/bakalarka-openfoam/bakalarka-openfoam/MHD_control_cooling/src/controllers/mpc_alter.jl:504
┌ Debug: State error (output) xk[1]-xref[1]: 0.4143 | Full error norm: 15.7026
└ @ Main /home/basta/Projects/bakalarka-openfoam/bakalarka-openfoam/MHD_control_cooling/src/controllers/mpc_alter.jl:514
┌ Debug: State bounds check: any(l_st_k .> u_st_k) = false
└ @ Main /home/basta/Projects/bakalarka-openfoam/bakalarka-openfoam/MHD_control_cooling/src/controllers/mpc_alter.jl:515
┌ Debug: Initializing U randomly.
└ @ Main /home/basta/Projects/bakalarka-openfoam/bakalarka-openfoam/MHD_control_cooling/src/controllers/mpc_alter.jl:531
┌ Debug: Initializing V randomly.
└ @ Main /home/basta/Projects/bakalarka-openfoam/bakalarka-openfoam/MHD_control_cooling/src/controllers/mpc_alter.jl:540
┌ Debug: Initial U norm: 1.4351, Initial V norm: 1.3021
└ @ Main /home/basta/Projects/bakalarka-openfoam/bakalarka-openfoam/MHD_control_cooling/src/controllers/mpc_alter.jl:544
┌ Debug: Using QP Regularization: 0.0001
└ @ Main /home/basta/Projects/bakalarka-openfoam/bakalarka-openfoam/MHD_control_cooling/src/controllers/mpc_alter.jl:549
┌ Debug: AM Iteration 1/5
└ @ Main /home/basta/Projects/bakalarka-openfoam/bakalarka-openfoam/MHD_control_cooling/src/controllers/mpc_alter.jl:561
┌ Debug:   U-Step OK. Status: LOCALLY_SOLVED, Primal: FEASIBLE_POINT. New U norm: 0.1123
└ @ Main /home/basta/Projects/bakalarka-openfoam/bakalarka-openfoam/MHD_control_cooling/src/controllers/mpc_alter.jl:605
┌ Debug:   V-Step OK. Status: LOCALLY_SOLVED, Primal: FEASIBLE_POINT. New V norm: 1.4552
└ @ Main /home/basta/Projects/bakalarka-openfoam/bakalarka-openfoam/MHD_control_cooling/src/controllers/mpc_alter.jl:662
┌ Debug:   AM Iter 1 took 49.23 ms. U Status: LOCALLY_SOLVED, V Status: LOCALLY_SOLVED
└ @ Main /home/basta/Projects/bakalarka-openfoam/bakalarka-openfoam/MHD_control_cooling/src/controllers/mpc_alter.jl:680
┌ Debug: AM Iteration 2/5
└ @ Main /home/basta/Projects/bakalarka-openfoam/bakalarka-openfoam/MHD_control_cooling/src/controllers/mpc_alter.jl:561
┌ Debug:   U-Step OK. Status: LOCALLY_SOLVED, Primal: FEASIBLE_POINT. New U norm: 0.1188
└ @ Main /home/basta/Projects/bakalarka-openfoam/bakalarka-openfoam/MHD_control_cooling/src/controllers/mpc_alter.jl:605
┌ Debug:   V-Step OK. Status: LOCALLY_SOLVED, Primal: FEASIBLE_POINT. New V norm: 1.4093
└ @ Main /home/basta/Projects/bakalarka-openfoam/bakalarka-openfoam/MHD_control_cooling/src/controllers/mpc_alter.jl:662
┌ Debug:   AM Iter 2 took 50.01 ms. U Status: LOCALLY_SOLVED, V Status: LOCALLY_SOLVED
└ @ Main /home/basta/Projects/bakalarka-openfoam/bakalarka-openfoam/MHD_control_cooling/src/controllers/mpc_alter.jl:680
┌ Debug: AM Iteration 3/5
└ @ Main /home/basta/Projects/bakalarka-openfoam/bakalarka-openfoam/MHD_control_cooling/src/controllers/mpc_alter.jl:561
┌ Debug:   U-Step OK. Status: LOCALLY_SOLVED, Primal: FEASIBLE_POINT. New U norm: 0.121
└ @ Main /home/basta/Projects/bakalarka-openfoam/bakalarka-openfoam/MHD_control_cooling/src/controllers/mpc_alter.jl:605
┌ Debug:   V-Step OK. Status: LOCALLY_SOLVED, Primal: FEASIBLE_POINT. New V norm: 1.4241
└ @ Main /home/basta/Projects/bakalarka-openfoam/bakalarka-openfoam/MHD_control_cooling/src/controllers/mpc_alter.jl:662
┌ Debug:   AM Iter 3 took 43.66 ms. U Status: LOCALLY_SOLVED, V Status: LOCALLY_SOLVED
└ @ Main /home/basta/Projects/bakalarka-openfoam/bakalarka-openfoam/MHD_control_cooling/src/controllers/mpc_alter.jl:680
┌ Debug: AM Iteration 4/5
└ @ Main /home/basta/Projects/bakalarka-openfoam/bakalarka-openfoam/MHD_control_cooling/src/controllers/mpc_alter.jl:561
┌ Debug:   U-Step OK. Status: LOCALLY_SOLVED, Primal: FEASIBLE_POINT. New U norm: 0.1116
└ @ Main /home/basta/Projects/bakalarka-openfoam/bakalarka-openfoam/MHD_control_cooling/src/controllers/mpc_alter.jl:605
┌ Debug:   V-Step OK. Status: LOCALLY_SOLVED, Primal: FEASIBLE_POINT. New V norm: 1.4315
└ @ Main /home/basta/Projects/bakalarka-openfoam/bakalarka-openfoam/MHD_control_cooling/src/controllers/mpc_alter.jl:662
┌ Debug:   AM Iter 4 took 72.8 ms. U Status: LOCALLY_SOLVED, V Status: LOCALLY_SOLVED
└ @ Main /home/basta/Projects/bakalarka-openfoam/bakalarka-openfoam/MHD_control_cooling/src/controllers/mpc_alter.jl:680
┌ Debug: AM Iteration 5/5
└ @ Main /home/basta/Projects/bakalarka-openfoam/bakalarka-openfoam/MHD_control_cooling/src/controllers/mpc_alter.jl:561
┌ Debug:   U-Step OK. Status: LOCALLY_SOLVED, Primal: FEASIBLE_POINT. New U norm: 0.1111
└ @ Main /home/basta/Projects/bakalarka-openfoam/bakalarka-openfoam/MHD_control_cooling/src/controllers/mpc_alter.jl:605
┌ Debug:   V-Step OK. Status: LOCALLY_SOLVED, Primal: FEASIBLE_POINT. New V norm: 1.4406
└ @ Main /home/basta/Projects/bakalarka-openfoam/bakalarka-openfoam/MHD_control_cooling/src/controllers/mpc_alter.jl:662
┌ Debug:   AM Iter 5 took 42.2 ms. U Status: LOCALLY_SOLVED, V Status: LOCALLY_SOLVED
└ @ Main /home/basta/Projects/bakalarka-openfoam/bakalarka-openfoam/MHD_control_cooling/src/controllers/mpc_alter.jl:680
┌ Debug: AM finished after 5 iterations.
└ @ Main /home/basta/Projects/bakalarka-openfoam/bakalarka-openfoam/MHD_control_cooling/src/controllers/mpc_alter.jl:697
┌ Debug: Final U norm: 0.1111, Final V norm: 1.4406
└ @ Main /home/basta/Projects/bakalarka-openfoam/bakalarka-openfoam/MHD_control_cooling/src/controllers/mpc_alter.jl:698
┌ Debug: Physical Bounds Hit: U_min=false, U_max=false, V_min=false, V_max=false
└ @ Main /home/basta/Projects/bakalarka-openfoam/bakalarka-openfoam/MHD_control_cooling/src/controllers/mpc_alter.jl:704
┌ Debug: Storing effective theta_k (for next step): Norm=0.0036, First 5=[0.0, 0.0, -0.0, -0.0, -0.0]
└ @ Main /home/basta/Projects/bakalarka-openfoam/bakalarka-openfoam/MHD_control_cooling/src/controllers/mpc_alter.jl:733
┌ Info: Control action computed in 292.63 ms. Sending input u[1]=-0.0, v[1]=-0.0...
└ @ Main /home/basta/Projects/bakalarka-openfoam/bakalarka-openfoam/MHD_control_cooling/src/controllers/mpc_alter.jl:753
┌ Info: ("Sending input", [-2.232113768120504e-8, -2.2332199877006646e-8, 0.003889992729379477, 0.0038899927756857484, -2.5597505355866553e-6, 0.44778391252915734, 0.44778391332056694, 0.12724145596994924])
└ @ Main /home/basta/Projects/bakalarka-openfoam/bakalarka-openfoam/MHD_control_cooling/src/scripts/sock_field_server.jl:287
┌ Debug: update_controller_state! called at time 56.14006. No action implemented.
└ @ Main /home/basta/Projects/bakalarka-openfoam/bakalarka-openfoam/MHD_control_cooling/src/controllers/mpc_alter.jl:763
┌ Debug: update_controller_state! called at time 56.14006. No action implemented.
└ @ Main /home/basta/Projects/bakalarka-openfoam/bakalarka-openfoam/MHD_control_cooling/src/controllers/mpc_alter.jl:763
┌ Debug: Raw Measurement 'wallheatflux' value: -0.5862438125
└ @ Main /home/basta/Projects/bakalarka-openfoam/bakalarka-openfoam/MHD_control_cooling/src/controllers/mpc_alter.jl:455
┌ Debug: Centered Measurement yk: -0.5862438125
└ @ Main /home/basta/Projects/bakalarka-openfoam/bakalarka-openfoam/MHD_control_cooling/src/controllers/mpc_alter.jl:458
┌ Debug: Constructed state xk[1:5] = [-0.5862, -0.5857, -0.5851, -0.5846, -0.584]... | Norm: 4.6214
└ @ Main /home/basta/Projects/bakalarka-openfoam/bakalarka-openfoam/MHD_control_cooling/src/controllers/mpc_alter.jl:504
┌ Debug: State error (output) xk[1]-xref[1]: 0.4138 | Full error norm: 15.9922
└ @ Main /home/basta/Projects/bakalarka-openfoam/bakalarka-openfoam/MHD_control_cooling/src/controllers/mpc_alter.jl:514
┌ Debug: State bounds check: any(l_st_k .> u_st_k) = false
└ @ Main /home/basta/Projects/bakalarka-openfoam/bakalarka-openfoam/MHD_control_cooling/src/controllers/mpc_alter.jl:515
┌ Debug: Warm starting U from previous solution (shifted).
└ @ Main /home/basta/Projects/bakalarka-openfoam/bakalarka-openfoam/MHD_control_cooling/src/controllers/mpc_alter.jl:528
┌ Debug: Warm starting V from previous solution (shifted).
└ @ Main /home/basta/Projects/bakalarka-openfoam/bakalarka-openfoam/MHD_control_cooling/src/controllers/mpc_alter.jl:537
┌ Debug: Initial U norm: 0.111, Initial V norm: 1.2877
└ @ Main /home/basta/Projects/bakalarka-openfoam/bakalarka-openfoam/MHD_control_cooling/src/controllers/mpc_alter.jl:544
┌ Debug: Using QP Regularization: 0.0001
└ @ Main /home/basta/Projects/bakalarka-openfoam/bakalarka-openfoam/MHD_control_cooling/src/controllers/mpc_alter.jl:549
┌ Debug: AM Iteration 1/5
└ @ Main /home/basta/Projects/bakalarka-openfoam/bakalarka-openfoam/MHD_control_cooling/src/controllers/mpc_alter.jl:561
┌ Debug:   U-Step OK. Status: LOCALLY_SOLVED, Primal: FEASIBLE_POINT. New U norm: 0.1213
└ @ Main /home/basta/Projects/bakalarka-openfoam/bakalarka-openfoam/MHD_control_cooling/src/controllers/mpc_alter.jl:605
┌ Debug:   V-Step OK. Status: LOCALLY_SOLVED, Primal: FEASIBLE_POINT. New V norm: 1.3274
└ @ Main /home/basta/Projects/bakalarka-openfoam/bakalarka-openfoam/MHD_control_cooling/src/controllers/mpc_alter.jl:662
┌ Debug:   AM Iter 1 took 38.17 ms. U Status: LOCALLY_SOLVED, V Status: LOCALLY_SOLVED
└ @ Main /home/basta/Projects/bakalarka-openfoam/bakalarka-openfoam/MHD_control_cooling/src/controllers/mpc_alter.jl:680
┌ Debug: AM Iteration 2/5
└ @ Main /home/basta/Projects/bakalarka-openfoam/bakalarka-openfoam/MHD_control_cooling/src/controllers/mpc_alter.jl:561
┌ Debug:   U-Step OK. Status: LOCALLY_SOLVED, Primal: FEASIBLE_POINT. New U norm: 0.1225
└ @ Main /home/basta/Projects/bakalarka-openfoam/bakalarka-openfoam/MHD_control_cooling/src/controllers/mpc_alter.jl:605
┌ Debug:   V-Step OK. Status: LOCALLY_SOLVED, Primal: FEASIBLE_POINT. New V norm: 1.3343
└ @ Main /home/basta/Projects/bakalarka-openfoam/bakalarka-openfoam/MHD_control_cooling/src/controllers/mpc_alter.jl:662
┌ Debug:   AM Iter 2 took 39.87 ms. U Status: LOCALLY_SOLVED, V Status: LOCALLY_SOLVED
└ @ Main /home/basta/Projects/bakalarka-openfoam/bakalarka-openfoam/MHD_control_cooling/src/controllers/mpc_alter.jl:680
┌ Debug: AM Iteration 3/5
└ @ Main /home/basta/Projects/bakalarka-openfoam/bakalarka-openfoam/MHD_control_cooling/src/controllers/mpc_alter.jl:561
┌ Debug:   U-Step OK. Status: LOCALLY_SOLVED, Primal: FEASIBLE_POINT. New U norm: 0.1227
└ @ Main /home/basta/Projects/bakalarka-openfoam/bakalarka-openfoam/MHD_control_cooling/src/controllers/mpc_alter.jl:605
┌ Debug:   V-Step OK. Status: LOCALLY_SOLVED, Primal: FEASIBLE_POINT. New V norm: 1.3413
└ @ Main /home/basta/Projects/bakalarka-openfoam/bakalarka-openfoam/MHD_control_cooling/src/controllers/mpc_alter.jl:662
┌ Debug:   AM Iter 3 took 41.6 ms. U Status: LOCALLY_SOLVED, V Status: LOCALLY_SOLVED
└ @ Main /home/basta/Projects/bakalarka-openfoam/bakalarka-openfoam/MHD_control_cooling/src/controllers/mpc_alter.jl:680
┌ Debug: AM Iteration 4/5
└ @ Main /home/basta/Projects/bakalarka-openfoam/bakalarka-openfoam/MHD_control_cooling/src/controllers/mpc_alter.jl:561
┌ Debug:   U-Step OK. Status: LOCALLY_SOLVED, Primal: FEASIBLE_POINT. New U norm: 0.1228
└ @ Main /home/basta/Projects/bakalarka-openfoam/bakalarka-openfoam/MHD_control_cooling/src/controllers/mpc_alter.jl:605
┌ Debug:   V-Step OK. Status: LOCALLY_SOLVED, Primal: FEASIBLE_POINT. New V norm: 1.3484
└ @ Main /home/basta/Projects/bakalarka-openfoam/bakalarka-openfoam/MHD_control_cooling/src/controllers/mpc_alter.jl:662
┌ Debug:   AM Iter 4 took 38.45 ms. U Status: LOCALLY_SOLVED, V Status: LOCALLY_SOLVED
└ @ Main /home/basta/Projects/bakalarka-openfoam/bakalarka-openfoam/MHD_control_cooling/src/controllers/mpc_alter.jl:680
┌ Debug: AM Iteration 5/5
└ @ Main /home/basta/Projects/bakalarka-openfoam/bakalarka-openfoam/MHD_control_cooling/src/controllers/mpc_alter.jl:561
┌ Debug:   U-Step OK. Status: LOCALLY_SOLVED, Primal: FEASIBLE_POINT. New U norm: 0.1229
└ @ Main /home/basta/Projects/bakalarka-openfoam/bakalarka-openfoam/MHD_control_cooling/src/controllers/mpc_alter.jl:605
┌ Debug:   V-Step OK. Status: LOCALLY_SOLVED, Primal: FEASIBLE_POINT. New V norm: 1.3555
└ @ Main /home/basta/Projects/bakalarka-openfoam/bakalarka-openfoam/MHD_control_cooling/src/controllers/mpc_alter.jl:662
┌ Debug:   AM Iter 5 took 68.3 ms. U Status: LOCALLY_SOLVED, V Status: LOCALLY_SOLVED
└ @ Main /home/basta/Projects/bakalarka-openfoam/bakalarka-openfoam/MHD_control_cooling/src/controllers/mpc_alter.jl:680
┌ Debug: AM finished after 5 iterations.
└ @ Main /home/basta/Projects/bakalarka-openfoam/bakalarka-openfoam/MHD_control_cooling/src/controllers/mpc_alter.jl:697
┌ Debug: Final U norm: 0.1229, Final V norm: 1.3555
└ @ Main /home/basta/Projects/bakalarka-openfoam/bakalarka-openfoam/MHD_control_cooling/src/controllers/mpc_alter.jl:698
┌ Debug: Physical Bounds Hit: U_min=false, U_max=false, V_min=false, V_max=false
└ @ Main /home/basta/Projects/bakalarka-openfoam/bakalarka-openfoam/MHD_control_cooling/src/controllers/mpc_alter.jl:704
┌ Debug: Storing effective theta_k (for next step): Norm=0.0084, First 5=[-0.0, 0.0059, -0.0, -0.0, 0.0]
└ @ Main /home/basta/Projects/bakalarka-openfoam/bakalarka-openfoam/MHD_control_cooling/src/controllers/mpc_alter.jl:733
┌ Info: Control action computed in 262.92 ms. Sending input u[1]=-0.0, v[1]=0.5205...
└ @ Main /home/basta/Projects/bakalarka-openfoam/bakalarka-openfoam/MHD_control_cooling/src/controllers/mpc_alter.jl:753
┌ Info: ("Sending input", [-1.913156628123521e-8, 0.011416687914968129, -1.9211117698963402e-8, -1.8998901984265144e-8, 0.5205319119387601, -8.681323959460146e-7, -8.744857477648643e-7, 0.520531917868129])
└ @ Main /home/basta/Projects/bakalarka-openfoam/bakalarka-openfoam/MHD_control_cooling/src/scripts/sock_field_server.jl:287
┌ Debug: update_controller_state! called at time 57.14006. No action implemented.
└ @ Main /home/basta/Projects/bakalarka-openfoam/bakalarka-openfoam/MHD_control_cooling/src/controllers/mpc_alter.jl:763
┌ Debug: update_controller_state! called at time 57.14006. No action implemented.
└ @ Main /home/basta/Projects/bakalarka-openfoam/bakalarka-openfoam/MHD_control_cooling/src/controllers/mpc_alter.jl:763
┌ Debug: Raw Measurement 'wallheatflux' value: -0.5867565625
└ @ Main /home/basta/Projects/bakalarka-openfoam/bakalarka-openfoam/MHD_control_cooling/src/controllers/mpc_alter.jl:455
┌ Debug: Centered Measurement yk: -0.5867565625
└ @ Main /home/basta/Projects/bakalarka-openfoam/bakalarka-openfoam/MHD_control_cooling/src/controllers/mpc_alter.jl:458
┌ Debug: Constructed state xk[1:5] = [-0.5868, -0.5862, -0.5857, -0.5851, -0.5846]... | Norm: 4.6585
└ @ Main /home/basta/Projects/bakalarka-openfoam/bakalarka-openfoam/MHD_control_cooling/src/controllers/mpc_alter.jl:504
┌ Debug: State error (output) xk[1]-xref[1]: 0.4132 | Full error norm: 17.5544
└ @ Main /home/basta/Projects/bakalarka-openfoam/bakalarka-openfoam/MHD_control_cooling/src/controllers/mpc_alter.jl:514
┌ Debug: State bounds check: any(l_st_k .> u_st_k) = false
└ @ Main /home/basta/Projects/bakalarka-openfoam/bakalarka-openfoam/MHD_control_cooling/src/controllers/mpc_alter.jl:515
┌ Debug: Warm starting U from previous solution (shifted).
└ @ Main /home/basta/Projects/bakalarka-openfoam/bakalarka-openfoam/MHD_control_cooling/src/controllers/mpc_alter.jl:528
┌ Debug: Warm starting V from previous solution (shifted).
└ @ Main /home/basta/Projects/bakalarka-openfoam/bakalarka-openfoam/MHD_control_cooling/src/controllers/mpc_alter.jl:537
┌ Debug: Initial U norm: 0.1224, Initial V norm: 1.1382
└ @ Main /home/basta/Projects/bakalarka-openfoam/bakalarka-openfoam/MHD_control_cooling/src/controllers/mpc_alter.jl:544
┌ Debug: Using QP Regularization: 0.0001
└ @ Main /home/basta/Projects/bakalarka-openfoam/bakalarka-openfoam/MHD_control_cooling/src/controllers/mpc_alter.jl:549
┌ Debug: AM Iteration 1/5
└ @ Main /home/basta/Projects/bakalarka-openfoam/bakalarka-openfoam/MHD_control_cooling/src/controllers/mpc_alter.jl:561
┌ Debug:   U-Step OK. Status: LOCALLY_SOLVED, Primal: FEASIBLE_POINT. New U norm: 0.1238
└ @ Main /home/basta/Projects/bakalarka-openfoam/bakalarka-openfoam/MHD_control_cooling/src/controllers/mpc_alter.jl:605
┌ Debug:   V-Step OK. Status: LOCALLY_SOLVED, Primal: FEASIBLE_POINT. New V norm: 1.1417
└ @ Main /home/basta/Projects/bakalarka-openfoam/bakalarka-openfoam/MHD_control_cooling/src/controllers/mpc_alter.jl:662
┌ Debug:   AM Iter 1 took 40.84 ms. U Status: LOCALLY_SOLVED, V Status: LOCALLY_SOLVED
└ @ Main /home/basta/Projects/bakalarka-openfoam/bakalarka-openfoam/MHD_control_cooling/src/controllers/mpc_alter.jl:680
┌ Debug: AM Iteration 2/5
└ @ Main /home/basta/Projects/bakalarka-openfoam/bakalarka-openfoam/MHD_control_cooling/src/controllers/mpc_alter.jl:561
┌ Debug:   U-Step OK. Status: LOCALLY_SOLVED, Primal: FEASIBLE_POINT. New U norm: 0.1533
└ @ Main /home/basta/Projects/bakalarka-openfoam/bakalarka-openfoam/MHD_control_cooling/src/controllers/mpc_alter.jl:605
┌ Debug:   V-Step OK. Status: LOCALLY_SOLVED, Primal: FEASIBLE_POINT. New V norm: 1.1613
└ @ Main /home/basta/Projects/bakalarka-openfoam/bakalarka-openfoam/MHD_control_cooling/src/controllers/mpc_alter.jl:662
┌ Debug:   AM Iter 2 took 36.67 ms. U Status: LOCALLY_SOLVED, V Status: LOCALLY_SOLVED
└ @ Main /home/basta/Projects/bakalarka-openfoam/bakalarka-openfoam/MHD_control_cooling/src/controllers/mpc_alter.jl:680
┌ Debug: AM Iteration 3/5
└ @ Main /home/basta/Projects/bakalarka-openfoam/bakalarka-openfoam/MHD_control_cooling/src/controllers/mpc_alter.jl:561
┌ Debug:   U-Step OK. Status: LOCALLY_SOLVED, Primal: FEASIBLE_POINT. New U norm: 0.154
└ @ Main /home/basta/Projects/bakalarka-openfoam/bakalarka-openfoam/MHD_control_cooling/src/controllers/mpc_alter.jl:605
┌ Debug:   V-Step OK. Status: LOCALLY_SOLVED, Primal: FEASIBLE_POINT. New V norm: 1.1815
└ @ Main /home/basta/Projects/bakalarka-openfoam/bakalarka-openfoam/MHD_control_cooling/src/controllers/mpc_alter.jl:662
┌ Debug:   AM Iter 3 took 35.44 ms. U Status: LOCALLY_SOLVED, V Status: LOCALLY_SOLVED
└ @ Main /home/basta/Projects/bakalarka-openfoam/bakalarka-openfoam/MHD_control_cooling/src/controllers/mpc_alter.jl:680
┌ Debug: AM Iteration 4/5
└ @ Main /home/basta/Projects/bakalarka-openfoam/bakalarka-openfoam/MHD_control_cooling/src/controllers/mpc_alter.jl:561
┌ Debug:   U-Step OK. Status: LOCALLY_SOLVED, Primal: FEASIBLE_POINT. New U norm: 0.1541
└ @ Main /home/basta/Projects/bakalarka-openfoam/bakalarka-openfoam/MHD_control_cooling/src/controllers/mpc_alter.jl:605
┌ Debug:   V-Step OK. Status: LOCALLY_SOLVED, Primal: FEASIBLE_POINT. New V norm: 1.2023
└ @ Main /home/basta/Projects/bakalarka-openfoam/bakalarka-openfoam/MHD_control_cooling/src/controllers/mpc_alter.jl:662
┌ Debug:   AM Iter 4 took 32.4 ms. U Status: LOCALLY_SOLVED, V Status: LOCALLY_SOLVED
└ @ Main /home/basta/Projects/bakalarka-openfoam/bakalarka-openfoam/MHD_control_cooling/src/controllers/mpc_alter.jl:680
┌ Debug: AM Iteration 5/5
└ @ Main /home/basta/Projects/bakalarka-openfoam/bakalarka-openfoam/MHD_control_cooling/src/controllers/mpc_alter.jl:561
┌ Debug:   U-Step OK. Status: LOCALLY_SOLVED, Primal: FEASIBLE_POINT. New U norm: 0.1543
└ @ Main /home/basta/Projects/bakalarka-openfoam/bakalarka-openfoam/MHD_control_cooling/src/controllers/mpc_alter.jl:605
┌ Debug:   V-Step OK. Status: LOCALLY_SOLVED, Primal: FEASIBLE_POINT. New V norm: 1.2239
└ @ Main /home/basta/Projects/bakalarka-openfoam/bakalarka-openfoam/MHD_control_cooling/src/controllers/mpc_alter.jl:662
┌ Debug:   AM Iter 5 took 33.88 ms. U Status: LOCALLY_SOLVED, V Status: LOCALLY_SOLVED
└ @ Main /home/basta/Projects/bakalarka-openfoam/bakalarka-openfoam/MHD_control_cooling/src/controllers/mpc_alter.jl:680
┌ Debug: AM finished after 5 iterations.
└ @ Main /home/basta/Projects/bakalarka-openfoam/bakalarka-openfoam/MHD_control_cooling/src/controllers/mpc_alter.jl:697
┌ Debug: Final U norm: 0.1543, Final V norm: 1.2239
└ @ Main /home/basta/Projects/bakalarka-openfoam/bakalarka-openfoam/MHD_control_cooling/src/controllers/mpc_alter.jl:698
┌ Debug: Physical Bounds Hit: U_min=false, U_max=false, V_min=false, V_max=false
└ @ Main /home/basta/Projects/bakalarka-openfoam/bakalarka-openfoam/MHD_control_cooling/src/controllers/mpc_alter.jl:704
┌ Debug: Storing effective theta_k (for next step): Norm=0.0753, First 5=[0.0307, 0.0307, -0.0, 0.0307, -0.0]
└ @ Main /home/basta/Projects/bakalarka-openfoam/bakalarka-openfoam/MHD_control_cooling/src/controllers/mpc_alter.jl:733
┌ Info: Control action computed in 214.33 ms. Sending input u[1]=0.0653, v[1]=0.4706...
└ @ Main /home/basta/Projects/bakalarka-openfoam/bakalarka-openfoam/MHD_control_cooling/src/controllers/mpc_alter.jl:753
┌ Info: ("Sending input", [0.06530901302379974, 0.06530901285625833, -2.125117320189409e-8, 0.06530901278677016, 0.47056225543857155, -1.5295209458732068e-7, 0.4705622557558958, -1.5298523770398833e-7])
└ @ Main /home/basta/Projects/bakalarka-openfoam/bakalarka-openfoam/MHD_control_cooling/src/scripts/sock_field_server.jl:287
┌ Debug: update_controller_state! called at time 58.14006. No action implemented.
└ @ Main /home/basta/Projects/bakalarka-openfoam/bakalarka-openfoam/MHD_control_cooling/src/controllers/mpc_alter.jl:763
┌ Debug: update_controller_state! called at time 58.14006. No action implemented.
└ @ Main /home/basta/Projects/bakalarka-openfoam/bakalarka-openfoam/MHD_control_cooling/src/controllers/mpc_alter.jl:763
┌ Debug: Raw Measurement 'wallheatflux' value: -0.587244375
└ @ Main /home/basta/Projects/bakalarka-openfoam/bakalarka-openfoam/MHD_control_cooling/src/controllers/mpc_alter.jl:455
┌ Debug: Centered Measurement yk: -0.587244375
└ @ Main /home/basta/Projects/bakalarka-openfoam/bakalarka-openfoam/MHD_control_cooling/src/controllers/mpc_alter.jl:458
┌ Debug: Constructed state xk[1:5] = [-0.5872, -0.5868, -0.5862, -0.5857, -0.5851]... | Norm: 4.6959
└ @ Main /home/basta/Projects/bakalarka-openfoam/bakalarka-openfoam/MHD_control_cooling/src/controllers/mpc_alter.jl:504
┌ Debug: State error (output) xk[1]-xref[1]: 0.4128 | Full error norm: 15.098
└ @ Main /home/basta/Projects/bakalarka-openfoam/bakalarka-openfoam/MHD_control_cooling/src/controllers/mpc_alter.jl:514
┌ Debug: State bounds check: any(l_st_k .> u_st_k) = false
└ @ Main /home/basta/Projects/bakalarka-openfoam/bakalarka-openfoam/MHD_control_cooling/src/controllers/mpc_alter.jl:515
┌ Debug: Warm starting U from previous solution (shifted).
└ @ Main /home/basta/Projects/bakalarka-openfoam/bakalarka-openfoam/MHD_control_cooling/src/controllers/mpc_alter.jl:528
┌ Debug: Warm starting V from previous solution (shifted).
└ @ Main /home/basta/Projects/bakalarka-openfoam/bakalarka-openfoam/MHD_control_cooling/src/controllers/mpc_alter.jl:537
┌ Debug: Initial U norm: 0.1049, Initial V norm: 1.0272
└ @ Main /home/basta/Projects/bakalarka-openfoam/bakalarka-openfoam/MHD_control_cooling/src/controllers/mpc_alter.jl:544
┌ Debug: Using QP Regularization: 0.0001
└ @ Main /home/basta/Projects/bakalarka-openfoam/bakalarka-openfoam/MHD_control_cooling/src/controllers/mpc_alter.jl:549
┌ Debug: AM Iteration 1/5
└ @ Main /home/basta/Projects/bakalarka-openfoam/bakalarka-openfoam/MHD_control_cooling/src/controllers/mpc_alter.jl:561
┌ Debug:   U-Step OK. Status: LOCALLY_SOLVED, Primal: FEASIBLE_POINT. New U norm: 0.0882
└ @ Main /home/basta/Projects/bakalarka-openfoam/bakalarka-openfoam/MHD_control_cooling/src/controllers/mpc_alter.jl:605
┌ Debug:   V-Step OK. Status: LOCALLY_SOLVED, Primal: FEASIBLE_POINT. New V norm: 1.0421
└ @ Main /home/basta/Projects/bakalarka-openfoam/bakalarka-openfoam/MHD_control_cooling/src/controllers/mpc_alter.jl:662
┌ Debug:   AM Iter 1 took 27.85 ms. U Status: LOCALLY_SOLVED, V Status: LOCALLY_SOLVED
└ @ Main /home/basta/Projects/bakalarka-openfoam/bakalarka-openfoam/MHD_control_cooling/src/controllers/mpc_alter.jl:680
┌ Debug: AM Iteration 2/5
└ @ Main /home/basta/Projects/bakalarka-openfoam/bakalarka-openfoam/MHD_control_cooling/src/controllers/mpc_alter.jl:561
┌ Debug:   U-Step OK. Status: LOCALLY_SOLVED, Primal: FEASIBLE_POINT. New U norm: 0.0906
└ @ Main /home/basta/Projects/bakalarka-openfoam/bakalarka-openfoam/MHD_control_cooling/src/controllers/mpc_alter.jl:605
┌ Debug:   V-Step OK. Status: LOCALLY_SOLVED, Primal: FEASIBLE_POINT. New V norm: 1.0273
└ @ Main /home/basta/Projects/bakalarka-openfoam/bakalarka-openfoam/MHD_control_cooling/src/controllers/mpc_alter.jl:662
┌ Debug:   AM Iter 2 took 26.76 ms. U Status: LOCALLY_SOLVED, V Status: LOCALLY_SOLVED
└ @ Main /home/basta/Projects/bakalarka-openfoam/bakalarka-openfoam/MHD_control_cooling/src/controllers/mpc_alter.jl:680
┌ Debug: AM Iteration 3/5
└ @ Main /home/basta/Projects/bakalarka-openfoam/bakalarka-openfoam/MHD_control_cooling/src/controllers/mpc_alter.jl:561
┌ Debug:   U-Step OK. Status: LOCALLY_SOLVED, Primal: FEASIBLE_POINT. New U norm: 0.0964
└ @ Main /home/basta/Projects/bakalarka-openfoam/bakalarka-openfoam/MHD_control_cooling/src/controllers/mpc_alter.jl:605
┌ Debug:   V-Step OK. Status: LOCALLY_SOLVED, Primal: FEASIBLE_POINT. New V norm: 1.0024
└ @ Main /home/basta/Projects/bakalarka-openfoam/bakalarka-openfoam/MHD_control_cooling/src/controllers/mpc_alter.jl:662
┌ Debug:   AM Iter 3 took 25.96 ms. U Status: LOCALLY_SOLVED, V Status: LOCALLY_SOLVED
└ @ Main /home/basta/Projects/bakalarka-openfoam/bakalarka-openfoam/MHD_control_cooling/src/controllers/mpc_alter.jl:680
┌ Debug: AM Iteration 4/5
└ @ Main /home/basta/Projects/bakalarka-openfoam/bakalarka-openfoam/MHD_control_cooling/src/controllers/mpc_alter.jl:561
┌ Debug:   U-Step OK. Status: LOCALLY_SOLVED, Primal: FEASIBLE_POINT. New U norm: 0.1048
└ @ Main /home/basta/Projects/bakalarka-openfoam/bakalarka-openfoam/MHD_control_cooling/src/controllers/mpc_alter.jl:605
┌ Debug:   V-Step OK. Status: LOCALLY_SOLVED, Primal: FEASIBLE_POINT. New V norm: 0.9844
└ @ Main /home/basta/Projects/bakalarka-openfoam/bakalarka-openfoam/MHD_control_cooling/src/controllers/mpc_alter.jl:662
┌ Debug:   AM Iter 4 took 26.13 ms. U Status: LOCALLY_SOLVED, V Status: LOCALLY_SOLVED
└ @ Main /home/basta/Projects/bakalarka-openfoam/bakalarka-openfoam/MHD_control_cooling/src/controllers/mpc_alter.jl:680
┌ Debug: AM Iteration 5/5
└ @ Main /home/basta/Projects/bakalarka-openfoam/bakalarka-openfoam/MHD_control_cooling/src/controllers/mpc_alter.jl:561
┌ Debug:   U-Step OK. Status: LOCALLY_SOLVED, Primal: FEASIBLE_POINT. New U norm: 0.1066
└ @ Main /home/basta/Projects/bakalarka-openfoam/bakalarka-openfoam/MHD_control_cooling/src/controllers/mpc_alter.jl:605
┌ Debug:   V-Step OK. Status: LOCALLY_SOLVED, Primal: FEASIBLE_POINT. New V norm: 0.9882
└ @ Main /home/basta/Projects/bakalarka-openfoam/bakalarka-openfoam/MHD_control_cooling/src/controllers/mpc_alter.jl:662
┌ Debug:   AM Iter 5 took 59.61 ms. U Status: LOCALLY_SOLVED, V Status: LOCALLY_SOLVED
└ @ Main /home/basta/Projects/bakalarka-openfoam/bakalarka-openfoam/MHD_control_cooling/src/controllers/mpc_alter.jl:680
┌ Debug: AM finished after 5 iterations.
└ @ Main /home/basta/Projects/bakalarka-openfoam/bakalarka-openfoam/MHD_control_cooling/src/controllers/mpc_alter.jl:697
┌ Debug: Final U norm: 0.1066, Final V norm: 0.9882
└ @ Main /home/basta/Projects/bakalarka-openfoam/bakalarka-openfoam/MHD_control_cooling/src/controllers/mpc_alter.jl:698
┌ Debug: Physical Bounds Hit: U_min=false, U_max=false, V_min=false, V_max=false
└ @ Main /home/basta/Projects/bakalarka-openfoam/bakalarka-openfoam/MHD_control_cooling/src/controllers/mpc_alter.jl:704
┌ Debug: Storing effective theta_k (for next step): Norm=0.0277, First 5=[0.0138, -0.0, 0.0138, -0.0, -0.0]
└ @ Main /home/basta/Projects/bakalarka-openfoam/bakalarka-openfoam/MHD_control_cooling/src/controllers/mpc_alter.jl:733
┌ Info: Control action computed in 198.97 ms. Sending input u[1]=0.0246, v[1]=0.5629...
└ @ Main /home/basta/Projects/bakalarka-openfoam/bakalarka-openfoam/MHD_control_cooling/src/controllers/mpc_alter.jl:753
┌ Info: ("Sending input", [0.024566232755799278, -1.776539686267817e-8, 0.02456623280631843, -1.7748687340529772e-8, 0.5628920124422016, -4.011636765565663e-7, -4.0021786433424894e-7, 0.562892008471852])
└ @ Main /home/basta/Projects/bakalarka-openfoam/bakalarka-openfoam/MHD_control_cooling/src/scripts/sock_field_server.jl:287
┌ Debug: update_controller_state! called at time 59.14006. No action implemented.
└ @ Main /home/basta/Projects/bakalarka-openfoam/bakalarka-openfoam/MHD_control_cooling/src/controllers/mpc_alter.jl:763
┌ Debug: update_controller_state! called at time 59.14006. No action implemented.
└ @ Main /home/basta/Projects/bakalarka-openfoam/bakalarka-openfoam/MHD_control_cooling/src/controllers/mpc_alter.jl:763
┌ Debug: Raw Measurement 'wallheatflux' value: -0.587707
└ @ Main /home/basta/Projects/bakalarka-openfoam/bakalarka-openfoam/MHD_control_cooling/src/controllers/mpc_alter.jl:455
┌ Debug: Centered Measurement yk: -0.587707
└ @ Main /home/basta/Projects/bakalarka-openfoam/bakalarka-openfoam/MHD_control_cooling/src/controllers/mpc_alter.jl:458
┌ Debug: Constructed state xk[1:5] = [-0.5877, -0.5872, -0.5868, -0.5862, -0.5857]... | Norm: 4.7326
└ @ Main /home/basta/Projects/bakalarka-openfoam/bakalarka-openfoam/MHD_control_cooling/src/controllers/mpc_alter.jl:504
┌ Debug: State error (output) xk[1]-xref[1]: 0.4123 | Full error norm: 15.4796
└ @ Main /home/basta/Projects/bakalarka-openfoam/bakalarka-openfoam/MHD_control_cooling/src/controllers/mpc_alter.jl:514
┌ Debug: State bounds check: any(l_st_k .> u_st_k) = false
└ @ Main /home/basta/Projects/bakalarka-openfoam/bakalarka-openfoam/MHD_control_cooling/src/controllers/mpc_alter.jl:515
┌ Debug: Warm starting U from previous solution (shifted).
└ @ Main /home/basta/Projects/bakalarka-openfoam/bakalarka-openfoam/MHD_control_cooling/src/controllers/mpc_alter.jl:528
┌ Debug: Warm starting V from previous solution (shifted).
└ @ Main /home/basta/Projects/bakalarka-openfoam/bakalarka-openfoam/MHD_control_cooling/src/controllers/mpc_alter.jl:537
┌ Debug: Initial U norm: 0.1008, Initial V norm: 0.5855
└ @ Main /home/basta/Projects/bakalarka-openfoam/bakalarka-openfoam/MHD_control_cooling/src/controllers/mpc_alter.jl:544
┌ Debug: Using QP Regularization: 0.0001
└ @ Main /home/basta/Projects/bakalarka-openfoam/bakalarka-openfoam/MHD_control_cooling/src/controllers/mpc_alter.jl:549
┌ Debug: AM Iteration 1/5
└ @ Main /home/basta/Projects/bakalarka-openfoam/bakalarka-openfoam/MHD_control_cooling/src/controllers/mpc_alter.jl:561
┌ Debug:   U-Step OK. Status: LOCALLY_SOLVED, Primal: FEASIBLE_POINT. New U norm: 0.1015
└ @ Main /home/basta/Projects/bakalarka-openfoam/bakalarka-openfoam/MHD_control_cooling/src/controllers/mpc_alter.jl:605
┌ Debug:   V-Step OK. Status: LOCALLY_SOLVED, Primal: FEASIBLE_POINT. New V norm: 0.6572
└ @ Main /home/basta/Projects/bakalarka-openfoam/bakalarka-openfoam/MHD_control_cooling/src/controllers/mpc_alter.jl:662
┌ Debug:   AM Iter 1 took 25.18 ms. U Status: LOCALLY_SOLVED, V Status: LOCALLY_SOLVED
└ @ Main /home/basta/Projects/bakalarka-openfoam/bakalarka-openfoam/MHD_control_cooling/src/controllers/mpc_alter.jl:680
┌ Debug: AM Iteration 2/5
└ @ Main /home/basta/Projects/bakalarka-openfoam/bakalarka-openfoam/MHD_control_cooling/src/controllers/mpc_alter.jl:561
┌ Debug:   U-Step OK. Status: LOCALLY_SOLVED, Primal: FEASIBLE_POINT. New U norm: 0.1018
└ @ Main /home/basta/Projects/bakalarka-openfoam/bakalarka-openfoam/MHD_control_cooling/src/controllers/mpc_alter.jl:605
┌ Debug:   V-Step OK. Status: LOCALLY_SOLVED, Primal: FEASIBLE_POINT. New V norm: 0.6576
└ @ Main /home/basta/Projects/bakalarka-openfoam/bakalarka-openfoam/MHD_control_cooling/src/controllers/mpc_alter.jl:662
┌ Debug:   AM Iter 2 took 24.29 ms. U Status: LOCALLY_SOLVED, V Status: LOCALLY_SOLVED
└ @ Main /home/basta/Projects/bakalarka-openfoam/bakalarka-openfoam/MHD_control_cooling/src/controllers/mpc_alter.jl:680
┌ Debug: AM Iteration 3/5
└ @ Main /home/basta/Projects/bakalarka-openfoam/bakalarka-openfoam/MHD_control_cooling/src/controllers/mpc_alter.jl:561
┌ Debug:   U-Step OK. Status: LOCALLY_SOLVED, Primal: FEASIBLE_POINT. New U norm: 0.1022
└ @ Main /home/basta/Projects/bakalarka-openfoam/bakalarka-openfoam/MHD_control_cooling/src/controllers/mpc_alter.jl:605
┌ Debug:   V-Step OK. Status: LOCALLY_SOLVED, Primal: FEASIBLE_POINT. New V norm: 0.658
└ @ Main /home/basta/Projects/bakalarka-openfoam/bakalarka-openfoam/MHD_control_cooling/src/controllers/mpc_alter.jl:662
┌ Debug:   AM Iter 3 took 21.17 ms. U Status: LOCALLY_SOLVED, V Status: LOCALLY_SOLVED
└ @ Main /home/basta/Projects/bakalarka-openfoam/bakalarka-openfoam/MHD_control_cooling/src/controllers/mpc_alter.jl:680
┌ Debug: AM Iteration 4/5
└ @ Main /home/basta/Projects/bakalarka-openfoam/bakalarka-openfoam/MHD_control_cooling/src/controllers/mpc_alter.jl:561
┌ Debug:   U-Step OK. Status: LOCALLY_SOLVED, Primal: FEASIBLE_POINT. New U norm: 0.1026
└ @ Main /home/basta/Projects/bakalarka-openfoam/bakalarka-openfoam/MHD_control_cooling/src/controllers/mpc_alter.jl:605
┌ Debug:   V-Step OK. Status: LOCALLY_SOLVED, Primal: FEASIBLE_POINT. New V norm: 0.6585
└ @ Main /home/basta/Projects/bakalarka-openfoam/bakalarka-openfoam/MHD_control_cooling/src/controllers/mpc_alter.jl:662
┌ Debug:   AM Iter 4 took 24.23 ms. U Status: LOCALLY_SOLVED, V Status: LOCALLY_SOLVED
└ @ Main /home/basta/Projects/bakalarka-openfoam/bakalarka-openfoam/MHD_control_cooling/src/controllers/mpc_alter.jl:680
┌ Debug: AM Iteration 5/5
└ @ Main /home/basta/Projects/bakalarka-openfoam/bakalarka-openfoam/MHD_control_cooling/src/controllers/mpc_alter.jl:561
┌ Debug:   U-Step OK. Status: LOCALLY_SOLVED, Primal: FEASIBLE_POINT. New U norm: 0.103
└ @ Main /home/basta/Projects/bakalarka-openfoam/bakalarka-openfoam/MHD_control_cooling/src/controllers/mpc_alter.jl:605
┌ Debug:   V-Step OK. Status: LOCALLY_SOLVED, Primal: FEASIBLE_POINT. New V norm: 0.6581
└ @ Main /home/basta/Projects/bakalarka-openfoam/bakalarka-openfoam/MHD_control_cooling/src/controllers/mpc_alter.jl:662
┌ Debug:   AM Iter 5 took 20.43 ms. U Status: LOCALLY_SOLVED, V Status: LOCALLY_SOLVED
└ @ Main /home/basta/Projects/bakalarka-openfoam/bakalarka-openfoam/MHD_control_cooling/src/controllers/mpc_alter.jl:680
┌ Debug: AM finished after 5 iterations.
└ @ Main /home/basta/Projects/bakalarka-openfoam/bakalarka-openfoam/MHD_control_cooling/src/controllers/mpc_alter.jl:697
┌ Debug: Final U norm: 0.103, Final V norm: 0.6581
└ @ Main /home/basta/Projects/bakalarka-openfoam/bakalarka-openfoam/MHD_control_cooling/src/controllers/mpc_alter.jl:698
┌ Debug: Physical Bounds Hit: U_min=false, U_max=false, V_min=false, V_max=false
└ @ Main /home/basta/Projects/bakalarka-openfoam/bakalarka-openfoam/MHD_control_cooling/src/controllers/mpc_alter.jl:704
┌ Debug: Storing effective theta_k (for next step): Norm=0.0678, First 5=[0.022, 0.022, -0.0, 0.022, -0.0]
└ @ Main /home/basta/Projects/bakalarka-openfoam/bakalarka-openfoam/MHD_control_cooling/src/controllers/mpc_alter.jl:733
┌ Info: Control action computed in 147.13 ms. Sending input u[1]=0.0595, v[1]=0.3702...
└ @ Main /home/basta/Projects/bakalarka-openfoam/bakalarka-openfoam/MHD_control_cooling/src/controllers/mpc_alter.jl:753
┌ Info: ("Sending input", [0.05947479369304867, 0.05947479366193484, -1.8378286561374625e-8, 0.0594747933351989, 0.3701957024302088, -1.673763929133889e-7, 0.5441203652545344, -1.674972309863373e-7])
└ @ Main /home/basta/Projects/bakalarka-openfoam/bakalarka-openfoam/MHD_control_cooling/src/scripts/sock_field_server.jl:287
┌ Debug: update_controller_state! called at time 60.14006. No action implemented.
└ @ Main /home/basta/Projects/bakalarka-openfoam/bakalarka-openfoam/MHD_control_cooling/src/controllers/mpc_alter.jl:763
┌ Debug: update_controller_state! called at time 60.14006. No action implemented.
└ @ Main /home/basta/Projects/bakalarka-openfoam/bakalarka-openfoam/MHD_control_cooling/src/controllers/mpc_alter.jl:763
┌ Debug: Raw Measurement 'wallheatflux' value: -0.5881754375
└ @ Main /home/basta/Projects/bakalarka-openfoam/bakalarka-openfoam/MHD_control_cooling/src/controllers/mpc_alter.jl:455
┌ Debug: Centered Measurement yk: -0.5881754375
└ @ Main /home/basta/Projects/bakalarka-openfoam/bakalarka-openfoam/MHD_control_cooling/src/controllers/mpc_alter.jl:458
┌ Debug: Constructed state xk[1:5] = [-0.5882, -0.5877, -0.5872, -0.5868, -0.5862]... | Norm: 4.7695
└ @ Main /home/basta/Projects/bakalarka-openfoam/bakalarka-openfoam/MHD_control_cooling/src/controllers/mpc_alter.jl:504
┌ Debug: State error (output) xk[1]-xref[1]: 0.4118 | Full error norm: 15.1755
└ @ Main /home/basta/Projects/bakalarka-openfoam/bakalarka-openfoam/MHD_control_cooling/src/controllers/mpc_alter.jl:514
┌ Debug: State bounds check: any(l_st_k .> u_st_k) = false
└ @ Main /home/basta/Projects/bakalarka-openfoam/bakalarka-openfoam/MHD_control_cooling/src/controllers/mpc_alter.jl:515
┌ Debug: Warm starting U from previous solution (shifted).
└ @ Main /home/basta/Projects/bakalarka-openfoam/bakalarka-openfoam/MHD_control_cooling/src/controllers/mpc_alter.jl:528
┌ Debug: Warm starting V from previous solution (shifted).
└ @ Main /home/basta/Projects/bakalarka-openfoam/bakalarka-openfoam/MHD_control_cooling/src/controllers/mpc_alter.jl:537
┌ Debug: Initial U norm: 0.0, Initial V norm: 0.0
└ @ Main /home/basta/Projects/bakalarka-openfoam/bakalarka-openfoam/MHD_control_cooling/src/controllers/mpc_alter.jl:544
┌ Debug: Using QP Regularization: 0.0001
└ @ Main /home/basta/Projects/bakalarka-openfoam/bakalarka-openfoam/MHD_control_cooling/src/controllers/mpc_alter.jl:549
┌ Debug: AM Iteration 1/5
└ @ Main /home/basta/Projects/bakalarka-openfoam/bakalarka-openfoam/MHD_control_cooling/src/controllers/mpc_alter.jl:561
┌ Debug:   U-Step OK. Status: LOCALLY_SOLVED, Primal: FEASIBLE_POINT. New U norm: 0.0
└ @ Main /home/basta/Projects/bakalarka-openfoam/bakalarka-openfoam/MHD_control_cooling/src/controllers/mpc_alter.jl:605
┌ Debug:   V-Step OK. Status: LOCALLY_SOLVED, Primal: FEASIBLE_POINT. New V norm: 0.0
└ @ Main /home/basta/Projects/bakalarka-openfoam/bakalarka-openfoam/MHD_control_cooling/src/controllers/mpc_alter.jl:662
┌ Debug:   AM Iter 1 took 12.26 ms. U Status: LOCALLY_SOLVED, V Status: LOCALLY_SOLVED
└ @ Main /home/basta/Projects/bakalarka-openfoam/bakalarka-openfoam/MHD_control_cooling/src/controllers/mpc_alter.jl:680
┌ Debug: AM Iteration 2/5
└ @ Main /home/basta/Projects/bakalarka-openfoam/bakalarka-openfoam/MHD_control_cooling/src/controllers/mpc_alter.jl:561
┌ Debug:   U-Step OK. Status: LOCALLY_SOLVED, Primal: FEASIBLE_POINT. New U norm: 0.0
└ @ Main /home/basta/Projects/bakalarka-openfoam/bakalarka-openfoam/MHD_control_cooling/src/controllers/mpc_alter.jl:605
┌ Debug:   V-Step OK. Status: LOCALLY_SOLVED, Primal: FEASIBLE_POINT. New V norm: 0.0
└ @ Main /home/basta/Projects/bakalarka-openfoam/bakalarka-openfoam/MHD_control_cooling/src/controllers/mpc_alter.jl:662
┌ Debug:   AM Iter 2 took 10.91 ms. U Status: LOCALLY_SOLVED, V Status: LOCALLY_SOLVED
└ @ Main /home/basta/Projects/bakalarka-openfoam/bakalarka-openfoam/MHD_control_cooling/src/controllers/mpc_alter.jl:680
┌ Debug: AM Iteration 3/5
└ @ Main /home/basta/Projects/bakalarka-openfoam/bakalarka-openfoam/MHD_control_cooling/src/controllers/mpc_alter.jl:561
┌ Debug:   U-Step OK. Status: LOCALLY_SOLVED, Primal: FEASIBLE_POINT. New U norm: 0.0
└ @ Main /home/basta/Projects/bakalarka-openfoam/bakalarka-openfoam/MHD_control_cooling/src/controllers/mpc_alter.jl:605
┌ Debug:   V-Step OK. Status: LOCALLY_SOLVED, Primal: FEASIBLE_POINT. New V norm: 0.0
└ @ Main /home/basta/Projects/bakalarka-openfoam/bakalarka-openfoam/MHD_control_cooling/src/controllers/mpc_alter.jl:662
┌ Debug:   AM Iter 3 took 10.9 ms. U Status: LOCALLY_SOLVED, V Status: LOCALLY_SOLVED
└ @ Main /home/basta/Projects/bakalarka-openfoam/bakalarka-openfoam/MHD_control_cooling/src/controllers/mpc_alter.jl:680
┌ Debug: AM Iteration 4/5
└ @ Main /home/basta/Projects/bakalarka-openfoam/bakalarka-openfoam/MHD_control_cooling/src/controllers/mpc_alter.jl:561
┌ Debug:   U-Step OK. Status: LOCALLY_SOLVED, Primal: FEASIBLE_POINT. New U norm: 0.0
└ @ Main /home/basta/Projects/bakalarka-openfoam/bakalarka-openfoam/MHD_control_cooling/src/controllers/mpc_alter.jl:605
┌ Debug:   V-Step OK. Status: LOCALLY_SOLVED, Primal: FEASIBLE_POINT. New V norm: 0.0
└ @ Main /home/basta/Projects/bakalarka-openfoam/bakalarka-openfoam/MHD_control_cooling/src/controllers/mpc_alter.jl:662
┌ Debug:   AM Iter 4 took 9.12 ms. U Status: LOCALLY_SOLVED, V Status: LOCALLY_SOLVED
└ @ Main /home/basta/Projects/bakalarka-openfoam/bakalarka-openfoam/MHD_control_cooling/src/controllers/mpc_alter.jl:680
┌ Debug: AM Iteration 5/5
└ @ Main /home/basta/Projects/bakalarka-openfoam/bakalarka-openfoam/MHD_control_cooling/src/controllers/mpc_alter.jl:561
┌ Debug:   U-Step OK. Status: LOCALLY_SOLVED, Primal: FEASIBLE_POINT. New U norm: 0.0
└ @ Main /home/basta/Projects/bakalarka-openfoam/bakalarka-openfoam/MHD_control_cooling/src/controllers/mpc_alter.jl:605
┌ Debug:   V-Step OK. Status: LOCALLY_SOLVED, Primal: FEASIBLE_POINT. New V norm: 0.0
└ @ Main /home/basta/Projects/bakalarka-openfoam/bakalarka-openfoam/MHD_control_cooling/src/controllers/mpc_alter.jl:662
┌ Debug:   AM Iter 5 took 10.39 ms. U Status: LOCALLY_SOLVED, V Status: LOCALLY_SOLVED
└ @ Main /home/basta/Projects/bakalarka-openfoam/bakalarka-openfoam/MHD_control_cooling/src/controllers/mpc_alter.jl:680
┌ Debug: AM finished after 5 iterations.
└ @ Main /home/basta/Projects/bakalarka-openfoam/bakalarka-openfoam/MHD_control_cooling/src/controllers/mpc_alter.jl:697
┌ Debug: Final U norm: 0.0, Final V norm: 0.0
└ @ Main /home/basta/Projects/bakalarka-openfoam/bakalarka-openfoam/MHD_control_cooling/src/controllers/mpc_alter.jl:698
┌ Debug: Physical Bounds Hit: U_min=false, U_max=false, V_min=false, V_max=false
└ @ Main /home/basta/Projects/bakalarka-openfoam/bakalarka-openfoam/MHD_control_cooling/src/controllers/mpc_alter.jl:704
┌ Debug: Storing effective theta_k (for next step): Norm=0.0, First 5=[0.0, 0.0, 0.0, 0.0, 0.0]
└ @ Main /home/basta/Projects/bakalarka-openfoam/bakalarka-openfoam/MHD_control_cooling/src/controllers/mpc_alter.jl:733
┌ Info: Control action computed in 84.24 ms. Sending input u[1]=0.0, v[1]=0.0...
└ @ Main /home/basta/Projects/bakalarka-openfoam/bakalarka-openfoam/MHD_control_cooling/src/controllers/mpc_alter.jl:753
┌ Info: ("Sending input", [0.0, 0.0, 0.0, 0.0, 0.0, 0.0, 0.0, 0.0])
└ @ Main /home/basta/Projects/bakalarka-openfoam/bakalarka-openfoam/MHD_control_cooling/src/scripts/sock_field_server.jl:287
┌ Debug: update_controller_state! called at time 61.14006. No action implemented.
└ @ Main /home/basta/Projects/bakalarka-openfoam/bakalarka-openfoam/MHD_control_cooling/src/controllers/mpc_alter.jl:763
┌ Debug: update_controller_state! called at time 61.14006. No action implemented.
└ @ Main /home/basta/Projects/bakalarka-openfoam/bakalarka-openfoam/MHD_control_cooling/src/controllers/mpc_alter.jl:763
┌ Debug: Raw Measurement 'wallheatflux' value: -0.588648
└ @ Main /home/basta/Projects/bakalarka-openfoam/bakalarka-openfoam/MHD_control_cooling/src/controllers/mpc_alter.jl:455
┌ Debug: Centered Measurement yk: -0.588648
└ @ Main /home/basta/Projects/bakalarka-openfoam/bakalarka-openfoam/MHD_control_cooling/src/controllers/mpc_alter.jl:458
┌ Debug: Constructed state xk[1:5] = [-0.5886, -0.5882, -0.5877, -0.5872, -0.5868]... | Norm: 4.8057
└ @ Main /home/basta/Projects/bakalarka-openfoam/bakalarka-openfoam/MHD_control_cooling/src/controllers/mpc_alter.jl:504
┌ Debug: State error (output) xk[1]-xref[1]: 0.4114 | Full error norm: 14.9026
└ @ Main /home/basta/Projects/bakalarka-openfoam/bakalarka-openfoam/MHD_control_cooling/src/controllers/mpc_alter.jl:514
┌ Debug: State bounds check: any(l_st_k .> u_st_k) = false
└ @ Main /home/basta/Projects/bakalarka-openfoam/bakalarka-openfoam/MHD_control_cooling/src/controllers/mpc_alter.jl:515
┌ Debug: Initializing U randomly.
└ @ Main /home/basta/Projects/bakalarka-openfoam/bakalarka-openfoam/MHD_control_cooling/src/controllers/mpc_alter.jl:531
┌ Debug: Initializing V randomly.
└ @ Main /home/basta/Projects/bakalarka-openfoam/bakalarka-openfoam/MHD_control_cooling/src/controllers/mpc_alter.jl:540
┌ Debug: Initial U norm: 1.1753, Initial V norm: 1.3231
└ @ Main /home/basta/Projects/bakalarka-openfoam/bakalarka-openfoam/MHD_control_cooling/src/controllers/mpc_alter.jl:544
┌ Debug: Using QP Regularization: 0.0001
└ @ Main /home/basta/Projects/bakalarka-openfoam/bakalarka-openfoam/MHD_control_cooling/src/controllers/mpc_alter.jl:549
┌ Debug: AM Iteration 1/5
└ @ Main /home/basta/Projects/bakalarka-openfoam/bakalarka-openfoam/MHD_control_cooling/src/controllers/mpc_alter.jl:561
┌ Debug:   U-Step OK. Status: LOCALLY_SOLVED, Primal: FEASIBLE_POINT. New U norm: 0.1597
└ @ Main /home/basta/Projects/bakalarka-openfoam/bakalarka-openfoam/MHD_control_cooling/src/controllers/mpc_alter.jl:605
┌ Debug:   V-Step OK. Status: LOCALLY_SOLVED, Primal: FEASIBLE_POINT. New V norm: 1.1613
└ @ Main /home/basta/Projects/bakalarka-openfoam/bakalarka-openfoam/MHD_control_cooling/src/controllers/mpc_alter.jl:662
┌ Debug:   AM Iter 1 took 42.6 ms. U Status: LOCALLY_SOLVED, V Status: LOCALLY_SOLVED
└ @ Main /home/basta/Projects/bakalarka-openfoam/bakalarka-openfoam/MHD_control_cooling/src/controllers/mpc_alter.jl:680
┌ Debug: AM Iteration 2/5
└ @ Main /home/basta/Projects/bakalarka-openfoam/bakalarka-openfoam/MHD_control_cooling/src/controllers/mpc_alter.jl:561
┌ Debug:   U-Step OK. Status: LOCALLY_SOLVED, Primal: FEASIBLE_POINT. New U norm: 0.2028
└ @ Main /home/basta/Projects/bakalarka-openfoam/bakalarka-openfoam/MHD_control_cooling/src/controllers/mpc_alter.jl:605
┌ Debug:   V-Step OK. Status: LOCALLY_SOLVED, Primal: FEASIBLE_POINT. New V norm: 1.1168
└ @ Main /home/basta/Projects/bakalarka-openfoam/bakalarka-openfoam/MHD_control_cooling/src/controllers/mpc_alter.jl:662
┌ Debug:   AM Iter 2 took 55.76 ms. U Status: LOCALLY_SOLVED, V Status: LOCALLY_SOLVED
└ @ Main /home/basta/Projects/bakalarka-openfoam/bakalarka-openfoam/MHD_control_cooling/src/controllers/mpc_alter.jl:680
┌ Debug: AM Iteration 3/5
└ @ Main /home/basta/Projects/bakalarka-openfoam/bakalarka-openfoam/MHD_control_cooling/src/controllers/mpc_alter.jl:561
┌ Debug:   U-Step OK. Status: LOCALLY_SOLVED, Primal: FEASIBLE_POINT. New U norm: 0.208
└ @ Main /home/basta/Projects/bakalarka-openfoam/bakalarka-openfoam/MHD_control_cooling/src/controllers/mpc_alter.jl:605
┌ Debug:   V-Step OK. Status: LOCALLY_SOLVED, Primal: FEASIBLE_POINT. New V norm: 1.0986
└ @ Main /home/basta/Projects/bakalarka-openfoam/bakalarka-openfoam/MHD_control_cooling/src/controllers/mpc_alter.jl:662
┌ Debug:   AM Iter 3 took 49.42 ms. U Status: LOCALLY_SOLVED, V Status: LOCALLY_SOLVED
└ @ Main /home/basta/Projects/bakalarka-openfoam/bakalarka-openfoam/MHD_control_cooling/src/controllers/mpc_alter.jl:680
┌ Debug: AM Iteration 4/5
└ @ Main /home/basta/Projects/bakalarka-openfoam/bakalarka-openfoam/MHD_control_cooling/src/controllers/mpc_alter.jl:561
┌ Debug:   U-Step OK. Status: LOCALLY_SOLVED, Primal: FEASIBLE_POINT. New U norm: 0.2132
└ @ Main /home/basta/Projects/bakalarka-openfoam/bakalarka-openfoam/MHD_control_cooling/src/controllers/mpc_alter.jl:605
┌ Debug:   V-Step OK. Status: LOCALLY_SOLVED, Primal: FEASIBLE_POINT. New V norm: 1.0836
└ @ Main /home/basta/Projects/bakalarka-openfoam/bakalarka-openfoam/MHD_control_cooling/src/controllers/mpc_alter.jl:662
┌ Debug:   AM Iter 4 took 71.85 ms. U Status: LOCALLY_SOLVED, V Status: LOCALLY_SOLVED
└ @ Main /home/basta/Projects/bakalarka-openfoam/bakalarka-openfoam/MHD_control_cooling/src/controllers/mpc_alter.jl:680
┌ Debug: AM Iteration 5/5
└ @ Main /home/basta/Projects/bakalarka-openfoam/bakalarka-openfoam/MHD_control_cooling/src/controllers/mpc_alter.jl:561
┌ Debug:   U-Step OK. Status: LOCALLY_SOLVED, Primal: FEASIBLE_POINT. New U norm: 0.2206
└ @ Main /home/basta/Projects/bakalarka-openfoam/bakalarka-openfoam/MHD_control_cooling/src/controllers/mpc_alter.jl:605
┌ Debug:   V-Step OK. Status: LOCALLY_SOLVED, Primal: FEASIBLE_POINT. New V norm: 1.0685
└ @ Main /home/basta/Projects/bakalarka-openfoam/bakalarka-openfoam/MHD_control_cooling/src/controllers/mpc_alter.jl:662
┌ Debug:   AM Iter 5 took 48.09 ms. U Status: LOCALLY_SOLVED, V Status: LOCALLY_SOLVED
└ @ Main /home/basta/Projects/bakalarka-openfoam/bakalarka-openfoam/MHD_control_cooling/src/controllers/mpc_alter.jl:680
┌ Debug: AM finished after 5 iterations.
└ @ Main /home/basta/Projects/bakalarka-openfoam/bakalarka-openfoam/MHD_control_cooling/src/controllers/mpc_alter.jl:697
┌ Debug: Final U norm: 0.2206, Final V norm: 1.0685
└ @ Main /home/basta/Projects/bakalarka-openfoam/bakalarka-openfoam/MHD_control_cooling/src/controllers/mpc_alter.jl:698
┌ Debug: Physical Bounds Hit: U_min=false, U_max=false, V_min=false, V_max=false
└ @ Main /home/basta/Projects/bakalarka-openfoam/bakalarka-openfoam/MHD_control_cooling/src/controllers/mpc_alter.jl:704
┌ Debug: Storing effective theta_k (for next step): Norm=0.0798, First 5=[0.0216, 0.02, -0.0, 0.0149, -0.0]
└ @ Main /home/basta/Projects/bakalarka-openfoam/bakalarka-openfoam/MHD_control_cooling/src/controllers/mpc_alter.jl:733
┌ Info: Control action computed in 300.47 ms. Sending input u[1]=0.094, v[1]=0.23...
└ @ Main /home/basta/Projects/bakalarka-openfoam/bakalarka-openfoam/MHD_control_cooling/src/controllers/mpc_alter.jl:753
┌ Info: ("Sending input", [0.09402349200769551, 0.08706495857959745, -1.9780730869953957e-8, 0.06500846615388939, 0.2299620545996839, -1.0612840273375808e-7, 0.5055424928652826, -1.0613599281320511e-7])
└ @ Main /home/basta/Projects/bakalarka-openfoam/bakalarka-openfoam/MHD_control_cooling/src/scripts/sock_field_server.jl:287
┌ Debug: update_controller_state! called at time 62.14006. No action implemented.
└ @ Main /home/basta/Projects/bakalarka-openfoam/bakalarka-openfoam/MHD_control_cooling/src/controllers/mpc_alter.jl:763
┌ Debug: update_controller_state! called at time 62.14006. No action implemented.
└ @ Main /home/basta/Projects/bakalarka-openfoam/bakalarka-openfoam/MHD_control_cooling/src/controllers/mpc_alter.jl:763
┌ Debug: Raw Measurement 'wallheatflux' value: -0.589097625
└ @ Main /home/basta/Projects/bakalarka-openfoam/bakalarka-openfoam/MHD_control_cooling/src/controllers/mpc_alter.jl:455
┌ Debug: Centered Measurement yk: -0.589097625
└ @ Main /home/basta/Projects/bakalarka-openfoam/bakalarka-openfoam/MHD_control_cooling/src/controllers/mpc_alter.jl:458
┌ Debug: Constructed state xk[1:5] = [-0.5891, -0.5886, -0.5882, -0.5877, -0.5872]... | Norm: 4.6955
└ @ Main /home/basta/Projects/bakalarka-openfoam/bakalarka-openfoam/MHD_control_cooling/src/controllers/mpc_alter.jl:504
┌ Debug: State error (output) xk[1]-xref[1]: 0.4109 | Full error norm: 14.7956
└ @ Main /home/basta/Projects/bakalarka-openfoam/bakalarka-openfoam/MHD_control_cooling/src/controllers/mpc_alter.jl:514
┌ Debug: State bounds check: any(l_st_k .> u_st_k) = false
└ @ Main /home/basta/Projects/bakalarka-openfoam/bakalarka-openfoam/MHD_control_cooling/src/controllers/mpc_alter.jl:515
┌ Debug: Warm starting U from previous solution (shifted).
└ @ Main /home/basta/Projects/bakalarka-openfoam/bakalarka-openfoam/MHD_control_cooling/src/controllers/mpc_alter.jl:528
┌ Debug: Warm starting V from previous solution (shifted).
└ @ Main /home/basta/Projects/bakalarka-openfoam/bakalarka-openfoam/MHD_control_cooling/src/controllers/mpc_alter.jl:537
┌ Debug: Initial U norm: 0.1674, Initial V norm: 0.9129
└ @ Main /home/basta/Projects/bakalarka-openfoam/bakalarka-openfoam/MHD_control_cooling/src/controllers/mpc_alter.jl:544
┌ Debug: Using QP Regularization: 0.0001
└ @ Main /home/basta/Projects/bakalarka-openfoam/bakalarka-openfoam/MHD_control_cooling/src/controllers/mpc_alter.jl:549
┌ Debug: AM Iteration 1/5
└ @ Main /home/basta/Projects/bakalarka-openfoam/bakalarka-openfoam/MHD_control_cooling/src/controllers/mpc_alter.jl:561
┌ Debug:   U-Step OK. Status: LOCALLY_SOLVED, Primal: FEASIBLE_POINT. New U norm: 0.1684
└ @ Main /home/basta/Projects/bakalarka-openfoam/bakalarka-openfoam/MHD_control_cooling/src/controllers/mpc_alter.jl:605
┌ Debug:   V-Step OK. Status: LOCALLY_SOLVED, Primal: FEASIBLE_POINT. New V norm: 0.9432
└ @ Main /home/basta/Projects/bakalarka-openfoam/bakalarka-openfoam/MHD_control_cooling/src/controllers/mpc_alter.jl:662
┌ Debug:   AM Iter 1 took 53.64 ms. U Status: LOCALLY_SOLVED, V Status: LOCALLY_SOLVED
└ @ Main /home/basta/Projects/bakalarka-openfoam/bakalarka-openfoam/MHD_control_cooling/src/controllers/mpc_alter.jl:680
┌ Debug: AM Iteration 2/5
└ @ Main /home/basta/Projects/bakalarka-openfoam/bakalarka-openfoam/MHD_control_cooling/src/controllers/mpc_alter.jl:561
┌ Debug:   U-Step OK. Status: LOCALLY_SOLVED, Primal: FEASIBLE_POINT. New U norm: 0.1693
└ @ Main /home/basta/Projects/bakalarka-openfoam/bakalarka-openfoam/MHD_control_cooling/src/controllers/mpc_alter.jl:605
┌ Debug:   V-Step OK. Status: LOCALLY_SOLVED, Primal: FEASIBLE_POINT. New V norm: 0.9445
└ @ Main /home/basta/Projects/bakalarka-openfoam/bakalarka-openfoam/MHD_control_cooling/src/controllers/mpc_alter.jl:662
┌ Debug:   AM Iter 2 took 49.79 ms. U Status: LOCALLY_SOLVED, V Status: LOCALLY_SOLVED
└ @ Main /home/basta/Projects/bakalarka-openfoam/bakalarka-openfoam/MHD_control_cooling/src/controllers/mpc_alter.jl:680
┌ Debug: AM Iteration 3/5
└ @ Main /home/basta/Projects/bakalarka-openfoam/bakalarka-openfoam/MHD_control_cooling/src/controllers/mpc_alter.jl:561
┌ Debug:   U-Step OK. Status: LOCALLY_SOLVED, Primal: FEASIBLE_POINT. New U norm: 0.1703
└ @ Main /home/basta/Projects/bakalarka-openfoam/bakalarka-openfoam/MHD_control_cooling/src/controllers/mpc_alter.jl:605
┌ Debug:   V-Step OK. Status: LOCALLY_SOLVED, Primal: FEASIBLE_POINT. New V norm: 0.9456
└ @ Main /home/basta/Projects/bakalarka-openfoam/bakalarka-openfoam/MHD_control_cooling/src/controllers/mpc_alter.jl:662
┌ Debug:   AM Iter 3 took 39.77 ms. U Status: LOCALLY_SOLVED, V Status: LOCALLY_SOLVED
└ @ Main /home/basta/Projects/bakalarka-openfoam/bakalarka-openfoam/MHD_control_cooling/src/controllers/mpc_alter.jl:680
┌ Debug: AM Iteration 4/5
└ @ Main /home/basta/Projects/bakalarka-openfoam/bakalarka-openfoam/MHD_control_cooling/src/controllers/mpc_alter.jl:561
┌ Debug:   U-Step OK. Status: LOCALLY_SOLVED, Primal: FEASIBLE_POINT. New U norm: 0.1712
└ @ Main /home/basta/Projects/bakalarka-openfoam/bakalarka-openfoam/MHD_control_cooling/src/controllers/mpc_alter.jl:605
┌ Debug:   V-Step OK. Status: LOCALLY_SOLVED, Primal: FEASIBLE_POINT. New V norm: 0.9468
└ @ Main /home/basta/Projects/bakalarka-openfoam/bakalarka-openfoam/MHD_control_cooling/src/controllers/mpc_alter.jl:662
┌ Debug:   AM Iter 4 took 39.49 ms. U Status: LOCALLY_SOLVED, V Status: LOCALLY_SOLVED
└ @ Main /home/basta/Projects/bakalarka-openfoam/bakalarka-openfoam/MHD_control_cooling/src/controllers/mpc_alter.jl:680
┌ Debug: AM Iteration 5/5
└ @ Main /home/basta/Projects/bakalarka-openfoam/bakalarka-openfoam/MHD_control_cooling/src/controllers/mpc_alter.jl:561
┌ Debug:   U-Step OK. Status: LOCALLY_SOLVED, Primal: FEASIBLE_POINT. New U norm: 0.1722
└ @ Main /home/basta/Projects/bakalarka-openfoam/bakalarka-openfoam/MHD_control_cooling/src/controllers/mpc_alter.jl:605
┌ Debug:   V-Step OK. Status: LOCALLY_SOLVED, Primal: FEASIBLE_POINT. New V norm: 0.9479
└ @ Main /home/basta/Projects/bakalarka-openfoam/bakalarka-openfoam/MHD_control_cooling/src/controllers/mpc_alter.jl:662
┌ Debug:   AM Iter 5 took 66.05 ms. U Status: LOCALLY_SOLVED, V Status: LOCALLY_SOLVED
└ @ Main /home/basta/Projects/bakalarka-openfoam/bakalarka-openfoam/MHD_control_cooling/src/controllers/mpc_alter.jl:680
┌ Debug: AM finished after 5 iterations.
└ @ Main /home/basta/Projects/bakalarka-openfoam/bakalarka-openfoam/MHD_control_cooling/src/controllers/mpc_alter.jl:697
┌ Debug: Final U norm: 0.1722, Final V norm: 0.9479
└ @ Main /home/basta/Projects/bakalarka-openfoam/bakalarka-openfoam/MHD_control_cooling/src/controllers/mpc_alter.jl:698
┌ Debug: Physical Bounds Hit: U_min=false, U_max=false, V_min=false, V_max=false
└ @ Main /home/basta/Projects/bakalarka-openfoam/bakalarka-openfoam/MHD_control_cooling/src/controllers/mpc_alter.jl:704
┌ Debug: Storing effective theta_k (for next step): Norm=0.0465, First 5=[0.0172, 0.0172, -0.0, 0.0172, -0.0]
└ @ Main /home/basta/Projects/bakalarka-openfoam/bakalarka-openfoam/MHD_control_cooling/src/controllers/mpc_alter.jl:733
┌ Info: Control action computed in 285.48 ms. Sending input u[1]=0.0388, v[1]=0.4422...
└ @ Main /home/basta/Projects/bakalarka-openfoam/bakalarka-openfoam/MHD_control_cooling/src/controllers/mpc_alter.jl:753
┌ Info: ("Sending input", [0.03880879408878643, 0.0388087939277436, -1.8819428958197795e-8, 0.03880879393008458, 0.4421874624727004, -2.5627800783721513e-7, 0.5313657506189359, -2.564638971528327e-7])
└ @ Main /home/basta/Projects/bakalarka-openfoam/bakalarka-openfoam/MHD_control_cooling/src/scripts/sock_field_server.jl:287
┌ Debug: update_controller_state! called at time 63.14006. No action implemented.
└ @ Main /home/basta/Projects/bakalarka-openfoam/bakalarka-openfoam/MHD_control_cooling/src/controllers/mpc_alter.jl:763
┌ Debug: update_controller_state! called at time 63.14006. No action implemented.
└ @ Main /home/basta/Projects/bakalarka-openfoam/bakalarka-openfoam/MHD_control_cooling/src/controllers/mpc_alter.jl:763
┌ Debug: Raw Measurement 'wallheatflux' value: -0.589536375
└ @ Main /home/basta/Projects/bakalarka-openfoam/bakalarka-openfoam/MHD_control_cooling/src/controllers/mpc_alter.jl:455
┌ Debug: Centered Measurement yk: -0.589536375
└ @ Main /home/basta/Projects/bakalarka-openfoam/bakalarka-openfoam/MHD_control_cooling/src/controllers/mpc_alter.jl:458
┌ Debug: Constructed state xk[1:5] = [-0.5895, -0.5891, -0.5886, -0.5882, -0.5877]... | Norm: 4.5313
└ @ Main /home/basta/Projects/bakalarka-openfoam/bakalarka-openfoam/MHD_control_cooling/src/controllers/mpc_alter.jl:504
┌ Debug: State error (output) xk[1]-xref[1]: 0.4105 | Full error norm: 14.8576
└ @ Main /home/basta/Projects/bakalarka-openfoam/bakalarka-openfoam/MHD_control_cooling/src/controllers/mpc_alter.jl:514
┌ Debug: State bounds check: any(l_st_k .> u_st_k) = false
└ @ Main /home/basta/Projects/bakalarka-openfoam/bakalarka-openfoam/MHD_control_cooling/src/controllers/mpc_alter.jl:515
┌ Debug: Warm starting U from previous solution (shifted).
└ @ Main /home/basta/Projects/bakalarka-openfoam/bakalarka-openfoam/MHD_control_cooling/src/controllers/mpc_alter.jl:528
┌ Debug: Warm starting V from previous solution (shifted).
└ @ Main /home/basta/Projects/bakalarka-openfoam/bakalarka-openfoam/MHD_control_cooling/src/controllers/mpc_alter.jl:537
┌ Debug: Initial U norm: 0.1585, Initial V norm: 0.6485
└ @ Main /home/basta/Projects/bakalarka-openfoam/bakalarka-openfoam/MHD_control_cooling/src/controllers/mpc_alter.jl:544
┌ Debug: Using QP Regularization: 0.0001
└ @ Main /home/basta/Projects/bakalarka-openfoam/bakalarka-openfoam/MHD_control_cooling/src/controllers/mpc_alter.jl:549
┌ Debug: AM Iteration 1/5
└ @ Main /home/basta/Projects/bakalarka-openfoam/bakalarka-openfoam/MHD_control_cooling/src/controllers/mpc_alter.jl:561
┌ Debug:   U-Step OK. Status: LOCALLY_SOLVED, Primal: FEASIBLE_POINT. New U norm: 0.1594
└ @ Main /home/basta/Projects/bakalarka-openfoam/bakalarka-openfoam/MHD_control_cooling/src/controllers/mpc_alter.jl:605
┌ Debug:   V-Step OK. Status: LOCALLY_SOLVED, Primal: FEASIBLE_POINT. New V norm: 0.6824
└ @ Main /home/basta/Projects/bakalarka-openfoam/bakalarka-openfoam/MHD_control_cooling/src/controllers/mpc_alter.jl:662
┌ Debug:   AM Iter 1 took 39.12 ms. U Status: LOCALLY_SOLVED, V Status: LOCALLY_SOLVED
└ @ Main /home/basta/Projects/bakalarka-openfoam/bakalarka-openfoam/MHD_control_cooling/src/controllers/mpc_alter.jl:680
┌ Debug: AM Iteration 2/5
└ @ Main /home/basta/Projects/bakalarka-openfoam/bakalarka-openfoam/MHD_control_cooling/src/controllers/mpc_alter.jl:561
┌ Debug:   U-Step OK. Status: LOCALLY_SOLVED, Primal: FEASIBLE_POINT. New U norm: 0.1602
└ @ Main /home/basta/Projects/bakalarka-openfoam/bakalarka-openfoam/MHD_control_cooling/src/controllers/mpc_alter.jl:605
┌ Debug:   V-Step OK. Status: LOCALLY_SOLVED, Primal: FEASIBLE_POINT. New V norm: 0.6835
└ @ Main /home/basta/Projects/bakalarka-openfoam/bakalarka-openfoam/MHD_control_cooling/src/controllers/mpc_alter.jl:662
┌ Debug:   AM Iter 2 took 40.16 ms. U Status: LOCALLY_SOLVED, V Status: LOCALLY_SOLVED
└ @ Main /home/basta/Projects/bakalarka-openfoam/bakalarka-openfoam/MHD_control_cooling/src/controllers/mpc_alter.jl:680
┌ Debug: AM Iteration 3/5
└ @ Main /home/basta/Projects/bakalarka-openfoam/bakalarka-openfoam/MHD_control_cooling/src/controllers/mpc_alter.jl:561
┌ Debug:   U-Step OK. Status: LOCALLY_SOLVED, Primal: FEASIBLE_POINT. New U norm: 0.1609
└ @ Main /home/basta/Projects/bakalarka-openfoam/bakalarka-openfoam/MHD_control_cooling/src/controllers/mpc_alter.jl:605
┌ Debug:   V-Step OK. Status: LOCALLY_SOLVED, Primal: FEASIBLE_POINT. New V norm: 0.6847
└ @ Main /home/basta/Projects/bakalarka-openfoam/bakalarka-openfoam/MHD_control_cooling/src/controllers/mpc_alter.jl:662
┌ Debug:   AM Iter 3 took 37.13 ms. U Status: LOCALLY_SOLVED, V Status: LOCALLY_SOLVED
└ @ Main /home/basta/Projects/bakalarka-openfoam/bakalarka-openfoam/MHD_control_cooling/src/controllers/mpc_alter.jl:680
┌ Debug: AM Iteration 4/5
└ @ Main /home/basta/Projects/bakalarka-openfoam/bakalarka-openfoam/MHD_control_cooling/src/controllers/mpc_alter.jl:561
┌ Debug:   U-Step OK. Status: LOCALLY_SOLVED, Primal: FEASIBLE_POINT. New U norm: 0.1617
└ @ Main /home/basta/Projects/bakalarka-openfoam/bakalarka-openfoam/MHD_control_cooling/src/controllers/mpc_alter.jl:605
┌ Debug:   V-Step OK. Status: LOCALLY_SOLVED, Primal: FEASIBLE_POINT. New V norm: 0.6858
└ @ Main /home/basta/Projects/bakalarka-openfoam/bakalarka-openfoam/MHD_control_cooling/src/controllers/mpc_alter.jl:662
┌ Debug:   AM Iter 4 took 36.32 ms. U Status: LOCALLY_SOLVED, V Status: LOCALLY_SOLVED
└ @ Main /home/basta/Projects/bakalarka-openfoam/bakalarka-openfoam/MHD_control_cooling/src/controllers/mpc_alter.jl:680
┌ Debug: AM Iteration 5/5
└ @ Main /home/basta/Projects/bakalarka-openfoam/bakalarka-openfoam/MHD_control_cooling/src/controllers/mpc_alter.jl:561
┌ Debug:   U-Step OK. Status: LOCALLY_SOLVED, Primal: FEASIBLE_POINT. New U norm: 0.1625
└ @ Main /home/basta/Projects/bakalarka-openfoam/bakalarka-openfoam/MHD_control_cooling/src/controllers/mpc_alter.jl:605
┌ Debug:   V-Step OK. Status: LOCALLY_SOLVED, Primal: FEASIBLE_POINT. New V norm: 0.6869
└ @ Main /home/basta/Projects/bakalarka-openfoam/bakalarka-openfoam/MHD_control_cooling/src/controllers/mpc_alter.jl:662
┌ Debug:   AM Iter 5 took 38.34 ms. U Status: LOCALLY_SOLVED, V Status: LOCALLY_SOLVED
└ @ Main /home/basta/Projects/bakalarka-openfoam/bakalarka-openfoam/MHD_control_cooling/src/controllers/mpc_alter.jl:680
┌ Debug: AM finished after 5 iterations.
└ @ Main /home/basta/Projects/bakalarka-openfoam/bakalarka-openfoam/MHD_control_cooling/src/controllers/mpc_alter.jl:697
┌ Debug: Final U norm: 0.1625, Final V norm: 0.6869
└ @ Main /home/basta/Projects/bakalarka-openfoam/bakalarka-openfoam/MHD_control_cooling/src/controllers/mpc_alter.jl:698
┌ Debug: Physical Bounds Hit: U_min=false, U_max=false, V_min=false, V_max=false
└ @ Main /home/basta/Projects/bakalarka-openfoam/bakalarka-openfoam/MHD_control_cooling/src/controllers/mpc_alter.jl:704
┌ Debug: Storing effective theta_k (for next step): Norm=0.0483, First 5=[0.0182, 0.0182, -0.0, 0.0182, -0.0]
└ @ Main /home/basta/Projects/bakalarka-openfoam/bakalarka-openfoam/MHD_control_cooling/src/controllers/mpc_alter.jl:733
┌ Info: Control action computed in 225.88 ms. Sending input u[1]=0.0728, v[1]=0.2498...
└ @ Main /home/basta/Projects/bakalarka-openfoam/bakalarka-openfoam/MHD_control_cooling/src/controllers/mpc_alter.jl:753
┌ Info: ("Sending input", [0.0728280961177472, 0.07282809580379875, -3.451911029195039e-8, 0.07282809582603615, 0.24980010418270604, -1.3659569942320816e-7, 0.28969460424680965, -1.3669527895420741e-7])
└ @ Main /home/basta/Projects/bakalarka-openfoam/bakalarka-openfoam/MHD_control_cooling/src/scripts/sock_field_server.jl:287
┌ Debug: update_controller_state! called at time 64.240059. No action implemented.
└ @ Main /home/basta/Projects/bakalarka-openfoam/bakalarka-openfoam/MHD_control_cooling/src/controllers/mpc_alter.jl:763
┌ Debug: update_controller_state! called at time 64.240059. No action implemented.
└ @ Main /home/basta/Projects/bakalarka-openfoam/bakalarka-openfoam/MHD_control_cooling/src/controllers/mpc_alter.jl:763
┌ Debug: Raw Measurement 'wallheatflux' value: -0.5900108125
└ @ Main /home/basta/Projects/bakalarka-openfoam/bakalarka-openfoam/MHD_control_cooling/src/controllers/mpc_alter.jl:455
┌ Debug: Centered Measurement yk: -0.5900108125
└ @ Main /home/basta/Projects/bakalarka-openfoam/bakalarka-openfoam/MHD_control_cooling/src/controllers/mpc_alter.jl:458
┌ Debug: Constructed state xk[1:5] = [-0.59, -0.5895, -0.5891, -0.5886, -0.5882]... | Norm: 4.5341
└ @ Main /home/basta/Projects/bakalarka-openfoam/bakalarka-openfoam/MHD_control_cooling/src/controllers/mpc_alter.jl:504
┌ Debug: State error (output) xk[1]-xref[1]: 0.41 | Full error norm: 14.8097
└ @ Main /home/basta/Projects/bakalarka-openfoam/bakalarka-openfoam/MHD_control_cooling/src/controllers/mpc_alter.jl:514
┌ Debug: State bounds check: any(l_st_k .> u_st_k) = false
└ @ Main /home/basta/Projects/bakalarka-openfoam/bakalarka-openfoam/MHD_control_cooling/src/controllers/mpc_alter.jl:515
┌ Debug: Warm starting U from previous solution (shifted).
└ @ Main /home/basta/Projects/bakalarka-openfoam/bakalarka-openfoam/MHD_control_cooling/src/controllers/mpc_alter.jl:528
┌ Debug: Warm starting V from previous solution (shifted).
└ @ Main /home/basta/Projects/bakalarka-openfoam/bakalarka-openfoam/MHD_control_cooling/src/controllers/mpc_alter.jl:537
┌ Debug: Initial U norm: 0.1024, Initial V norm: 0.5705
└ @ Main /home/basta/Projects/bakalarka-openfoam/bakalarka-openfoam/MHD_control_cooling/src/controllers/mpc_alter.jl:544
┌ Debug: Using QP Regularization: 0.0001
└ @ Main /home/basta/Projects/bakalarka-openfoam/bakalarka-openfoam/MHD_control_cooling/src/controllers/mpc_alter.jl:549
┌ Debug: AM Iteration 1/5
└ @ Main /home/basta/Projects/bakalarka-openfoam/bakalarka-openfoam/MHD_control_cooling/src/controllers/mpc_alter.jl:561
┌ Debug:   U-Step OK. Status: LOCALLY_SOLVED, Primal: FEASIBLE_POINT. New U norm: 0.1029
└ @ Main /home/basta/Projects/bakalarka-openfoam/bakalarka-openfoam/MHD_control_cooling/src/controllers/mpc_alter.jl:605
┌ Debug:   V-Step OK. Status: LOCALLY_SOLVED, Primal: FEASIBLE_POINT. New V norm: 0.5845
└ @ Main /home/basta/Projects/bakalarka-openfoam/bakalarka-openfoam/MHD_control_cooling/src/controllers/mpc_alter.jl:662
┌ Debug:   AM Iter 1 took 32.2 ms. U Status: LOCALLY_SOLVED, V Status: LOCALLY_SOLVED
└ @ Main /home/basta/Projects/bakalarka-openfoam/bakalarka-openfoam/MHD_control_cooling/src/controllers/mpc_alter.jl:680
┌ Debug: AM Iteration 2/5
└ @ Main /home/basta/Projects/bakalarka-openfoam/bakalarka-openfoam/MHD_control_cooling/src/controllers/mpc_alter.jl:561
┌ Debug:   U-Step OK. Status: LOCALLY_SOLVED, Primal: FEASIBLE_POINT. New U norm: 0.1034
└ @ Main /home/basta/Projects/bakalarka-openfoam/bakalarka-openfoam/MHD_control_cooling/src/controllers/mpc_alter.jl:605
┌ Debug:   V-Step OK. Status: LOCALLY_SOLVED, Primal: FEASIBLE_POINT. New V norm: 0.585
└ @ Main /home/basta/Projects/bakalarka-openfoam/bakalarka-openfoam/MHD_control_cooling/src/controllers/mpc_alter.jl:662
┌ Debug:   AM Iter 2 took 31.15 ms. U Status: LOCALLY_SOLVED, V Status: LOCALLY_SOLVED
└ @ Main /home/basta/Projects/bakalarka-openfoam/bakalarka-openfoam/MHD_control_cooling/src/controllers/mpc_alter.jl:680
┌ Debug: AM Iteration 3/5
└ @ Main /home/basta/Projects/bakalarka-openfoam/bakalarka-openfoam/MHD_control_cooling/src/controllers/mpc_alter.jl:561
┌ Debug:   U-Step OK. Status: LOCALLY_SOLVED, Primal: FEASIBLE_POINT. New U norm: 0.1038
└ @ Main /home/basta/Projects/bakalarka-openfoam/bakalarka-openfoam/MHD_control_cooling/src/controllers/mpc_alter.jl:605
┌ Debug:   V-Step OK. Status: LOCALLY_SOLVED, Primal: FEASIBLE_POINT. New V norm: 0.5854
└ @ Main /home/basta/Projects/bakalarka-openfoam/bakalarka-openfoam/MHD_control_cooling/src/controllers/mpc_alter.jl:662
┌ Debug:   AM Iter 3 took 32.88 ms. U Status: LOCALLY_SOLVED, V Status: LOCALLY_SOLVED
└ @ Main /home/basta/Projects/bakalarka-openfoam/bakalarka-openfoam/MHD_control_cooling/src/controllers/mpc_alter.jl:680
┌ Debug: AM Iteration 4/5
└ @ Main /home/basta/Projects/bakalarka-openfoam/bakalarka-openfoam/MHD_control_cooling/src/controllers/mpc_alter.jl:561
┌ Debug:   U-Step OK. Status: LOCALLY_SOLVED, Primal: FEASIBLE_POINT. New U norm: 0.1043
└ @ Main /home/basta/Projects/bakalarka-openfoam/bakalarka-openfoam/MHD_control_cooling/src/controllers/mpc_alter.jl:605
┌ Debug:   V-Step OK. Status: LOCALLY_SOLVED, Primal: FEASIBLE_POINT. New V norm: 0.5859
└ @ Main /home/basta/Projects/bakalarka-openfoam/bakalarka-openfoam/MHD_control_cooling/src/controllers/mpc_alter.jl:662
┌ Debug:   AM Iter 4 took 31.55 ms. U Status: LOCALLY_SOLVED, V Status: LOCALLY_SOLVED
└ @ Main /home/basta/Projects/bakalarka-openfoam/bakalarka-openfoam/MHD_control_cooling/src/controllers/mpc_alter.jl:680
┌ Debug: AM Iteration 5/5
└ @ Main /home/basta/Projects/bakalarka-openfoam/bakalarka-openfoam/MHD_control_cooling/src/controllers/mpc_alter.jl:561
┌ Debug:   U-Step OK. Status: LOCALLY_SOLVED, Primal: FEASIBLE_POINT. New U norm: 0.1048
└ @ Main /home/basta/Projects/bakalarka-openfoam/bakalarka-openfoam/MHD_control_cooling/src/controllers/mpc_alter.jl:605
┌ Debug:   V-Step OK. Status: LOCALLY_SOLVED, Primal: FEASIBLE_POINT. New V norm: 0.5864
└ @ Main /home/basta/Projects/bakalarka-openfoam/bakalarka-openfoam/MHD_control_cooling/src/controllers/mpc_alter.jl:662
┌ Debug:   AM Iter 5 took 67.23 ms. U Status: LOCALLY_SOLVED, V Status: LOCALLY_SOLVED
└ @ Main /home/basta/Projects/bakalarka-openfoam/bakalarka-openfoam/MHD_control_cooling/src/controllers/mpc_alter.jl:680
┌ Debug: AM finished after 5 iterations.
└ @ Main /home/basta/Projects/bakalarka-openfoam/bakalarka-openfoam/MHD_control_cooling/src/controllers/mpc_alter.jl:697
┌ Debug: Final U norm: 0.1048, Final V norm: 0.5864
└ @ Main /home/basta/Projects/bakalarka-openfoam/bakalarka-openfoam/MHD_control_cooling/src/controllers/mpc_alter.jl:698
┌ Debug: Physical Bounds Hit: U_min=false, U_max=false, V_min=false, V_max=false
└ @ Main /home/basta/Projects/bakalarka-openfoam/bakalarka-openfoam/MHD_control_cooling/src/controllers/mpc_alter.jl:704
┌ Debug: Storing effective theta_k (for next step): Norm=0.0608, First 5=[0.0178, 0.0178, -0.0, 0.0178, -0.0]
└ @ Main /home/basta/Projects/bakalarka-openfoam/bakalarka-openfoam/MHD_control_cooling/src/controllers/mpc_alter.jl:733
┌ Info: Control action computed in 232.99 ms. Sending input u[1]=0.0605, v[1]=0.2947...
└ @ Main /home/basta/Projects/bakalarka-openfoam/bakalarka-openfoam/MHD_control_cooling/src/controllers/mpc_alter.jl:753
┌ Info: ("Sending input", [0.060496115361772844, 0.060496115266140287, -2.0012714263596316e-8, 0.06049611469552993, 0.2947114242054794, -1.6442798155281519e-7, 0.4996823451126837, -1.6454778061667031e-7])
└ @ Main /home/basta/Projects/bakalarka-openfoam/bakalarka-openfoam/MHD_control_cooling/src/scripts/sock_field_server.jl:287
┌ Debug: update_controller_state! called at time 65.340065. No action implemented.
└ @ Main /home/basta/Projects/bakalarka-openfoam/bakalarka-openfoam/MHD_control_cooling/src/controllers/mpc_alter.jl:763
┌ Debug: update_controller_state! called at time 65.340065. No action implemented.
└ @ Main /home/basta/Projects/bakalarka-openfoam/bakalarka-openfoam/MHD_control_cooling/src/controllers/mpc_alter.jl:763
┌ Debug: Raw Measurement 'wallheatflux' value: -0.590470625
└ @ Main /home/basta/Projects/bakalarka-openfoam/bakalarka-openfoam/MHD_control_cooling/src/controllers/mpc_alter.jl:455
┌ Debug: Centered Measurement yk: -0.590470625
└ @ Main /home/basta/Projects/bakalarka-openfoam/bakalarka-openfoam/MHD_control_cooling/src/controllers/mpc_alter.jl:458
┌ Debug: Constructed state xk[1:5] = [-0.5905, -0.59, -0.5895, -0.5891, -0.5886]... | Norm: 4.5378
└ @ Main /home/basta/Projects/bakalarka-openfoam/bakalarka-openfoam/MHD_control_cooling/src/controllers/mpc_alter.jl:504
┌ Debug: State error (output) xk[1]-xref[1]: 0.4095 | Full error norm: 14.7925
└ @ Main /home/basta/Projects/bakalarka-openfoam/bakalarka-openfoam/MHD_control_cooling/src/controllers/mpc_alter.jl:514
┌ Debug: State bounds check: any(l_st_k .> u_st_k) = false
└ @ Main /home/basta/Projects/bakalarka-openfoam/bakalarka-openfoam/MHD_control_cooling/src/controllers/mpc_alter.jl:515
┌ Debug: Warm starting U from previous solution (shifted).
└ @ Main /home/basta/Projects/bakalarka-openfoam/bakalarka-openfoam/MHD_control_cooling/src/controllers/mpc_alter.jl:528
┌ Debug: Warm starting V from previous solution (shifted).
└ @ Main /home/basta/Projects/bakalarka-openfoam/bakalarka-openfoam/MHD_control_cooling/src/controllers/mpc_alter.jl:537
┌ Debug: Initial U norm: 0.0, Initial V norm: 0.0854
└ @ Main /home/basta/Projects/bakalarka-openfoam/bakalarka-openfoam/MHD_control_cooling/src/controllers/mpc_alter.jl:544
┌ Debug: Using QP Regularization: 0.0001
└ @ Main /home/basta/Projects/bakalarka-openfoam/bakalarka-openfoam/MHD_control_cooling/src/controllers/mpc_alter.jl:549
┌ Debug: AM Iteration 1/5
└ @ Main /home/basta/Projects/bakalarka-openfoam/bakalarka-openfoam/MHD_control_cooling/src/controllers/mpc_alter.jl:561
┌ Debug:   U-Step OK. Status: LOCALLY_SOLVED, Primal: FEASIBLE_POINT. New U norm: 0.0
└ @ Main /home/basta/Projects/bakalarka-openfoam/bakalarka-openfoam/MHD_control_cooling/src/controllers/mpc_alter.jl:605
┌ Debug:   V-Step OK. Status: LOCALLY_SOLVED, Primal: FEASIBLE_POINT. New V norm: 0.0854
└ @ Main /home/basta/Projects/bakalarka-openfoam/bakalarka-openfoam/MHD_control_cooling/src/controllers/mpc_alter.jl:662
┌ Debug:   AM Iter 1 took 23.06 ms. U Status: LOCALLY_SOLVED, V Status: LOCALLY_SOLVED
└ @ Main /home/basta/Projects/bakalarka-openfoam/bakalarka-openfoam/MHD_control_cooling/src/controllers/mpc_alter.jl:680
┌ Debug: AM Iteration 2/5
└ @ Main /home/basta/Projects/bakalarka-openfoam/bakalarka-openfoam/MHD_control_cooling/src/controllers/mpc_alter.jl:561
┌ Debug:   U-Step OK. Status: LOCALLY_SOLVED, Primal: FEASIBLE_POINT. New U norm: 0.0
└ @ Main /home/basta/Projects/bakalarka-openfoam/bakalarka-openfoam/MHD_control_cooling/src/controllers/mpc_alter.jl:605
┌ Debug:   V-Step OK. Status: LOCALLY_SOLVED, Primal: FEASIBLE_POINT. New V norm: 0.0855
└ @ Main /home/basta/Projects/bakalarka-openfoam/bakalarka-openfoam/MHD_control_cooling/src/controllers/mpc_alter.jl:662
┌ Debug:   AM Iter 2 took 19.34 ms. U Status: LOCALLY_SOLVED, V Status: LOCALLY_SOLVED
└ @ Main /home/basta/Projects/bakalarka-openfoam/bakalarka-openfoam/MHD_control_cooling/src/controllers/mpc_alter.jl:680
┌ Debug: AM Iteration 3/5
└ @ Main /home/basta/Projects/bakalarka-openfoam/bakalarka-openfoam/MHD_control_cooling/src/controllers/mpc_alter.jl:561
┌ Debug:   U-Step OK. Status: LOCALLY_SOLVED, Primal: FEASIBLE_POINT. New U norm: 0.0
└ @ Main /home/basta/Projects/bakalarka-openfoam/bakalarka-openfoam/MHD_control_cooling/src/controllers/mpc_alter.jl:605
┌ Debug:   V-Step OK. Status: LOCALLY_SOLVED, Primal: FEASIBLE_POINT. New V norm: 0.0856
└ @ Main /home/basta/Projects/bakalarka-openfoam/bakalarka-openfoam/MHD_control_cooling/src/controllers/mpc_alter.jl:662
┌ Debug:   AM Iter 3 took 27.36 ms. U Status: LOCALLY_SOLVED, V Status: LOCALLY_SOLVED
└ @ Main /home/basta/Projects/bakalarka-openfoam/bakalarka-openfoam/MHD_control_cooling/src/controllers/mpc_alter.jl:680
┌ Debug: AM Iteration 4/5
└ @ Main /home/basta/Projects/bakalarka-openfoam/bakalarka-openfoam/MHD_control_cooling/src/controllers/mpc_alter.jl:561
┌ Debug:   U-Step OK. Status: LOCALLY_SOLVED, Primal: FEASIBLE_POINT. New U norm: 0.0
└ @ Main /home/basta/Projects/bakalarka-openfoam/bakalarka-openfoam/MHD_control_cooling/src/controllers/mpc_alter.jl:605
┌ Debug:   V-Step OK. Status: LOCALLY_SOLVED, Primal: FEASIBLE_POINT. New V norm: 0.0858
└ @ Main /home/basta/Projects/bakalarka-openfoam/bakalarka-openfoam/MHD_control_cooling/src/controllers/mpc_alter.jl:662
┌ Debug:   AM Iter 4 took 25.0 ms. U Status: LOCALLY_SOLVED, V Status: LOCALLY_SOLVED
└ @ Main /home/basta/Projects/bakalarka-openfoam/bakalarka-openfoam/MHD_control_cooling/src/controllers/mpc_alter.jl:680
┌ Debug: AM Iteration 5/5
└ @ Main /home/basta/Projects/bakalarka-openfoam/bakalarka-openfoam/MHD_control_cooling/src/controllers/mpc_alter.jl:561
┌ Debug:   U-Step OK. Status: LOCALLY_SOLVED, Primal: FEASIBLE_POINT. New U norm: 0.0
└ @ Main /home/basta/Projects/bakalarka-openfoam/bakalarka-openfoam/MHD_control_cooling/src/controllers/mpc_alter.jl:605
┌ Debug:   V-Step OK. Status: LOCALLY_SOLVED, Primal: FEASIBLE_POINT. New V norm: 0.0859
└ @ Main /home/basta/Projects/bakalarka-openfoam/bakalarka-openfoam/MHD_control_cooling/src/controllers/mpc_alter.jl:662
┌ Debug:   AM Iter 5 took 23.42 ms. U Status: LOCALLY_SOLVED, V Status: LOCALLY_SOLVED
└ @ Main /home/basta/Projects/bakalarka-openfoam/bakalarka-openfoam/MHD_control_cooling/src/controllers/mpc_alter.jl:680
┌ Debug: AM finished after 5 iterations.
└ @ Main /home/basta/Projects/bakalarka-openfoam/bakalarka-openfoam/MHD_control_cooling/src/controllers/mpc_alter.jl:697
┌ Debug: Final U norm: 0.0, Final V norm: 0.0859
└ @ Main /home/basta/Projects/bakalarka-openfoam/bakalarka-openfoam/MHD_control_cooling/src/controllers/mpc_alter.jl:698
┌ Debug: Physical Bounds Hit: U_min=false, U_max=false, V_min=false, V_max=false
└ @ Main /home/basta/Projects/bakalarka-openfoam/bakalarka-openfoam/MHD_control_cooling/src/controllers/mpc_alter.jl:704
┌ Debug: Storing effective theta_k (for next step): Norm=0.0, First 5=[0.0, -0.0, 0.0, -0.0, -0.0]
└ @ Main /home/basta/Projects/bakalarka-openfoam/bakalarka-openfoam/MHD_control_cooling/src/controllers/mpc_alter.jl:733
┌ Info: Control action computed in 151.18 ms. Sending input u[1]=-0.0, v[1]=-0.0551...
└ @ Main /home/basta/Projects/bakalarka-openfoam/bakalarka-openfoam/MHD_control_cooling/src/controllers/mpc_alter.jl:753
┌ Info: ("Sending input", [-3.793167118273478e-7, 1.8122993409250964e-7, -3.79940657991011e-7, 1.805740181747762e-7, -0.055149903127223225, 0.024667217427163195, 0.026259624570854283, -0.05516497623375297])
└ @ Main /home/basta/Projects/bakalarka-openfoam/bakalarka-openfoam/MHD_control_cooling/src/scripts/sock_field_server.jl:287
┌ Debug: update_controller_state! called at time 66.440063. No action implemented.
└ @ Main /home/basta/Projects/bakalarka-openfoam/bakalarka-openfoam/MHD_control_cooling/src/controllers/mpc_alter.jl:763
┌ Debug: update_controller_state! called at time 66.440063. No action implemented.
└ @ Main /home/basta/Projects/bakalarka-openfoam/bakalarka-openfoam/MHD_control_cooling/src/controllers/mpc_alter.jl:763
┌ Debug: Raw Measurement 'wallheatflux' value: -0.5909149375
└ @ Main /home/basta/Projects/bakalarka-openfoam/bakalarka-openfoam/MHD_control_cooling/src/controllers/mpc_alter.jl:455
┌ Debug: Centered Measurement yk: -0.5909149375
└ @ Main /home/basta/Projects/bakalarka-openfoam/bakalarka-openfoam/MHD_control_cooling/src/controllers/mpc_alter.jl:458
┌ Debug: Constructed state xk[1:5] = [-0.5909, -0.5905, -0.59, -0.5895, -0.5891]... | Norm: 4.541
└ @ Main /home/basta/Projects/bakalarka-openfoam/bakalarka-openfoam/MHD_control_cooling/src/controllers/mpc_alter.jl:504
┌ Debug: State error (output) xk[1]-xref[1]: 0.4091 | Full error norm: 14.7683
└ @ Main /home/basta/Projects/bakalarka-openfoam/bakalarka-openfoam/MHD_control_cooling/src/controllers/mpc_alter.jl:514
┌ Debug: State bounds check: any(l_st_k .> u_st_k) = false
└ @ Main /home/basta/Projects/bakalarka-openfoam/bakalarka-openfoam/MHD_control_cooling/src/controllers/mpc_alter.jl:515
┌ Debug: Initializing U randomly.
└ @ Main /home/basta/Projects/bakalarka-openfoam/bakalarka-openfoam/MHD_control_cooling/src/controllers/mpc_alter.jl:531
┌ Debug: Warm starting V from previous solution (shifted).
└ @ Main /home/basta/Projects/bakalarka-openfoam/bakalarka-openfoam/MHD_control_cooling/src/controllers/mpc_alter.jl:537
┌ Debug: Initial U norm: 1.2913, Initial V norm: 0.0
└ @ Main /home/basta/Projects/bakalarka-openfoam/bakalarka-openfoam/MHD_control_cooling/src/controllers/mpc_alter.jl:544
┌ Debug: Using QP Regularization: 0.0001
└ @ Main /home/basta/Projects/bakalarka-openfoam/bakalarka-openfoam/MHD_control_cooling/src/controllers/mpc_alter.jl:549
┌ Debug: AM Iteration 1/5
└ @ Main /home/basta/Projects/bakalarka-openfoam/bakalarka-openfoam/MHD_control_cooling/src/controllers/mpc_alter.jl:561
┌ Debug:   U-Step OK. Status: LOCALLY_SOLVED, Primal: FEASIBLE_POINT. New U norm: 0.0
└ @ Main /home/basta/Projects/bakalarka-openfoam/bakalarka-openfoam/MHD_control_cooling/src/controllers/mpc_alter.jl:605
┌ Debug:   V-Step OK. Status: LOCALLY_SOLVED, Primal: FEASIBLE_POINT. New V norm: 0.0334
└ @ Main /home/basta/Projects/bakalarka-openfoam/bakalarka-openfoam/MHD_control_cooling/src/controllers/mpc_alter.jl:662
┌ Debug:   AM Iter 1 took 23.54 ms. U Status: LOCALLY_SOLVED, V Status: LOCALLY_SOLVED
└ @ Main /home/basta/Projects/bakalarka-openfoam/bakalarka-openfoam/MHD_control_cooling/src/controllers/mpc_alter.jl:680
┌ Debug: AM Iteration 2/5
└ @ Main /home/basta/Projects/bakalarka-openfoam/bakalarka-openfoam/MHD_control_cooling/src/controllers/mpc_alter.jl:561
┌ Debug:   U-Step OK. Status: LOCALLY_SOLVED, Primal: FEASIBLE_POINT. New U norm: 0.0
└ @ Main /home/basta/Projects/bakalarka-openfoam/bakalarka-openfoam/MHD_control_cooling/src/controllers/mpc_alter.jl:605
┌ Debug:   V-Step OK. Status: LOCALLY_SOLVED, Primal: FEASIBLE_POINT. New V norm: 0.0414
└ @ Main /home/basta/Projects/bakalarka-openfoam/bakalarka-openfoam/MHD_control_cooling/src/controllers/mpc_alter.jl:662
┌ Debug:   AM Iter 2 took 44.55 ms. U Status: LOCALLY_SOLVED, V Status: LOCALLY_SOLVED
└ @ Main /home/basta/Projects/bakalarka-openfoam/bakalarka-openfoam/MHD_control_cooling/src/controllers/mpc_alter.jl:680
┌ Debug: AM Iteration 3/5
└ @ Main /home/basta/Projects/bakalarka-openfoam/bakalarka-openfoam/MHD_control_cooling/src/controllers/mpc_alter.jl:561
┌ Debug:   U-Step OK. Status: LOCALLY_SOLVED, Primal: FEASIBLE_POINT. New U norm: 0.0
└ @ Main /home/basta/Projects/bakalarka-openfoam/bakalarka-openfoam/MHD_control_cooling/src/controllers/mpc_alter.jl:605
┌ Debug:   V-Step OK. Status: LOCALLY_SOLVED, Primal: FEASIBLE_POINT. New V norm: 0.044
└ @ Main /home/basta/Projects/bakalarka-openfoam/bakalarka-openfoam/MHD_control_cooling/src/controllers/mpc_alter.jl:662
┌ Debug:   AM Iter 3 took 45.16 ms. U Status: LOCALLY_SOLVED, V Status: LOCALLY_SOLVED
└ @ Main /home/basta/Projects/bakalarka-openfoam/bakalarka-openfoam/MHD_control_cooling/src/controllers/mpc_alter.jl:680
┌ Debug: AM Iteration 4/5
└ @ Main /home/basta/Projects/bakalarka-openfoam/bakalarka-openfoam/MHD_control_cooling/src/controllers/mpc_alter.jl:561
┌ Debug:   U-Step OK. Status: LOCALLY_SOLVED, Primal: FEASIBLE_POINT. New U norm: 0.0
└ @ Main /home/basta/Projects/bakalarka-openfoam/bakalarka-openfoam/MHD_control_cooling/src/controllers/mpc_alter.jl:605
┌ Debug:   V-Step OK. Status: LOCALLY_SOLVED, Primal: FEASIBLE_POINT. New V norm: 0.0442
└ @ Main /home/basta/Projects/bakalarka-openfoam/bakalarka-openfoam/MHD_control_cooling/src/controllers/mpc_alter.jl:662
┌ Debug:   AM Iter 4 took 43.96 ms. U Status: LOCALLY_SOLVED, V Status: LOCALLY_SOLVED
└ @ Main /home/basta/Projects/bakalarka-openfoam/bakalarka-openfoam/MHD_control_cooling/src/controllers/mpc_alter.jl:680
┌ Debug: AM Iteration 5/5
└ @ Main /home/basta/Projects/bakalarka-openfoam/bakalarka-openfoam/MHD_control_cooling/src/controllers/mpc_alter.jl:561
┌ Debug:   U-Step OK. Status: LOCALLY_SOLVED, Primal: FEASIBLE_POINT. New U norm: 0.0
└ @ Main /home/basta/Projects/bakalarka-openfoam/bakalarka-openfoam/MHD_control_cooling/src/controllers/mpc_alter.jl:605
┌ Debug:   V-Step OK. Status: LOCALLY_SOLVED, Primal: FEASIBLE_POINT. New V norm: 0.0444
└ @ Main /home/basta/Projects/bakalarka-openfoam/bakalarka-openfoam/MHD_control_cooling/src/controllers/mpc_alter.jl:662
┌ Debug:   AM Iter 5 took 65.55 ms. U Status: LOCALLY_SOLVED, V Status: LOCALLY_SOLVED
└ @ Main /home/basta/Projects/bakalarka-openfoam/bakalarka-openfoam/MHD_control_cooling/src/controllers/mpc_alter.jl:680
┌ Debug: AM finished after 5 iterations.
└ @ Main /home/basta/Projects/bakalarka-openfoam/bakalarka-openfoam/MHD_control_cooling/src/controllers/mpc_alter.jl:697
┌ Debug: Final U norm: 0.0, Final V norm: 0.0444
└ @ Main /home/basta/Projects/bakalarka-openfoam/bakalarka-openfoam/MHD_control_cooling/src/controllers/mpc_alter.jl:698
┌ Debug: Physical Bounds Hit: U_min=false, U_max=false, V_min=false, V_max=false
└ @ Main /home/basta/Projects/bakalarka-openfoam/bakalarka-openfoam/MHD_control_cooling/src/controllers/mpc_alter.jl:704
┌ Debug: Storing effective theta_k (for next step): Norm=0.0, First 5=[0.0, -0.0, 0.0, -0.0, -0.0]
└ @ Main /home/basta/Projects/bakalarka-openfoam/bakalarka-openfoam/MHD_control_cooling/src/controllers/mpc_alter.jl:733
┌ Info: Control action computed in 258.73 ms. Sending input u[1]=0.0, v[1]=0.0172...
└ @ Main /home/basta/Projects/bakalarka-openfoam/bakalarka-openfoam/MHD_control_cooling/src/controllers/mpc_alter.jl:753
┌ Info: ("Sending input", [1.106987678409461e-6, -5.820853978711402e-7, 1.1089842619445782e-6, -5.797085072249726e-7, 0.017172162794260284, -0.00884108159390812, -0.008998890147492158, 0.017165015598896834])
└ @ Main /home/basta/Projects/bakalarka-openfoam/bakalarka-openfoam/MHD_control_cooling/src/scripts/sock_field_server.jl:287
┌ Debug: update_controller_state! called at time 67.540062. No action implemented.
└ @ Main /home/basta/Projects/bakalarka-openfoam/bakalarka-openfoam/MHD_control_cooling/src/controllers/mpc_alter.jl:763
┌ Debug: update_controller_state! called at time 67.540062. No action implemented.
└ @ Main /home/basta/Projects/bakalarka-openfoam/bakalarka-openfoam/MHD_control_cooling/src/controllers/mpc_alter.jl:763
┌ Debug: Raw Measurement 'wallheatflux' value: -0.591348125
└ @ Main /home/basta/Projects/bakalarka-openfoam/bakalarka-openfoam/MHD_control_cooling/src/controllers/mpc_alter.jl:455
┌ Debug: Centered Measurement yk: -0.591348125
└ @ Main /home/basta/Projects/bakalarka-openfoam/bakalarka-openfoam/MHD_control_cooling/src/controllers/mpc_alter.jl:458
┌ Debug: Constructed state xk[1:5] = [-0.5913, -0.5909, -0.5905, -0.59, -0.5895]... | Norm: 4.5443
└ @ Main /home/basta/Projects/bakalarka-openfoam/bakalarka-openfoam/MHD_control_cooling/src/controllers/mpc_alter.jl:504
┌ Debug: State error (output) xk[1]-xref[1]: 0.4087 | Full error norm: 14.7321
└ @ Main /home/basta/Projects/bakalarka-openfoam/bakalarka-openfoam/MHD_control_cooling/src/controllers/mpc_alter.jl:514
┌ Debug: State bounds check: any(l_st_k .> u_st_k) = false
└ @ Main /home/basta/Projects/bakalarka-openfoam/bakalarka-openfoam/MHD_control_cooling/src/controllers/mpc_alter.jl:515
┌ Debug: Warm starting U from previous solution (shifted).
└ @ Main /home/basta/Projects/bakalarka-openfoam/bakalarka-openfoam/MHD_control_cooling/src/controllers/mpc_alter.jl:528
┌ Debug: Warm starting V from previous solution (shifted).
└ @ Main /home/basta/Projects/bakalarka-openfoam/bakalarka-openfoam/MHD_control_cooling/src/controllers/mpc_alter.jl:537
┌ Debug: Initial U norm: 0.0, Initial V norm: 0.0349
└ @ Main /home/basta/Projects/bakalarka-openfoam/bakalarka-openfoam/MHD_control_cooling/src/controllers/mpc_alter.jl:544
┌ Debug: Using QP Regularization: 0.0001
└ @ Main /home/basta/Projects/bakalarka-openfoam/bakalarka-openfoam/MHD_control_cooling/src/controllers/mpc_alter.jl:549
┌ Debug: AM Iteration 1/5
└ @ Main /home/basta/Projects/bakalarka-openfoam/bakalarka-openfoam/MHD_control_cooling/src/controllers/mpc_alter.jl:561
┌ Debug:   U-Step OK. Status: LOCALLY_SOLVED, Primal: FEASIBLE_POINT. New U norm: 0.0
└ @ Main /home/basta/Projects/bakalarka-openfoam/bakalarka-openfoam/MHD_control_cooling/src/controllers/mpc_alter.jl:605
┌ Debug:   V-Step OK. Status: LOCALLY_SOLVED, Primal: FEASIBLE_POINT. New V norm: 0.0351
└ @ Main /home/basta/Projects/bakalarka-openfoam/bakalarka-openfoam/MHD_control_cooling/src/controllers/mpc_alter.jl:662
┌ Debug:   AM Iter 1 took 38.53 ms. U Status: LOCALLY_SOLVED, V Status: LOCALLY_SOLVED
└ @ Main /home/basta/Projects/bakalarka-openfoam/bakalarka-openfoam/MHD_control_cooling/src/controllers/mpc_alter.jl:680
┌ Debug: AM Iteration 2/5
└ @ Main /home/basta/Projects/bakalarka-openfoam/bakalarka-openfoam/MHD_control_cooling/src/controllers/mpc_alter.jl:561
┌ Debug:   U-Step OK. Status: LOCALLY_SOLVED, Primal: FEASIBLE_POINT. New U norm: 0.0
└ @ Main /home/basta/Projects/bakalarka-openfoam/bakalarka-openfoam/MHD_control_cooling/src/controllers/mpc_alter.jl:605
┌ Debug:   V-Step OK. Status: LOCALLY_SOLVED, Primal: FEASIBLE_POINT. New V norm: 0.0353
└ @ Main /home/basta/Projects/bakalarka-openfoam/bakalarka-openfoam/MHD_control_cooling/src/controllers/mpc_alter.jl:662
┌ Debug:   AM Iter 2 took 44.3 ms. U Status: LOCALLY_SOLVED, V Status: LOCALLY_SOLVED
└ @ Main /home/basta/Projects/bakalarka-openfoam/bakalarka-openfoam/MHD_control_cooling/src/controllers/mpc_alter.jl:680
┌ Debug: AM Iteration 3/5
└ @ Main /home/basta/Projects/bakalarka-openfoam/bakalarka-openfoam/MHD_control_cooling/src/controllers/mpc_alter.jl:561
┌ Debug:   U-Step OK. Status: LOCALLY_SOLVED, Primal: FEASIBLE_POINT. New U norm: 0.0
└ @ Main /home/basta/Projects/bakalarka-openfoam/bakalarka-openfoam/MHD_control_cooling/src/controllers/mpc_alter.jl:605
┌ Debug:   V-Step OK. Status: LOCALLY_SOLVED, Primal: FEASIBLE_POINT. New V norm: 0.0355
└ @ Main /home/basta/Projects/bakalarka-openfoam/bakalarka-openfoam/MHD_control_cooling/src/controllers/mpc_alter.jl:662
┌ Debug:   AM Iter 3 took 39.95 ms. U Status: LOCALLY_SOLVED, V Status: LOCALLY_SOLVED
└ @ Main /home/basta/Projects/bakalarka-openfoam/bakalarka-openfoam/MHD_control_cooling/src/controllers/mpc_alter.jl:680
┌ Debug: AM Iteration 4/5
└ @ Main /home/basta/Projects/bakalarka-openfoam/bakalarka-openfoam/MHD_control_cooling/src/controllers/mpc_alter.jl:561
┌ Debug:   U-Step OK. Status: LOCALLY_SOLVED, Primal: FEASIBLE_POINT. New U norm: 0.0
└ @ Main /home/basta/Projects/bakalarka-openfoam/bakalarka-openfoam/MHD_control_cooling/src/controllers/mpc_alter.jl:605
┌ Debug:   V-Step OK. Status: LOCALLY_SOLVED, Primal: FEASIBLE_POINT. New V norm: 0.0357
└ @ Main /home/basta/Projects/bakalarka-openfoam/bakalarka-openfoam/MHD_control_cooling/src/controllers/mpc_alter.jl:662
┌ Debug:   AM Iter 4 took 39.05 ms. U Status: LOCALLY_SOLVED, V Status: LOCALLY_SOLVED
└ @ Main /home/basta/Projects/bakalarka-openfoam/bakalarka-openfoam/MHD_control_cooling/src/controllers/mpc_alter.jl:680
┌ Debug: AM Iteration 5/5
└ @ Main /home/basta/Projects/bakalarka-openfoam/bakalarka-openfoam/MHD_control_cooling/src/controllers/mpc_alter.jl:561
┌ Debug:   U-Step OK. Status: LOCALLY_SOLVED, Primal: FEASIBLE_POINT. New U norm: 0.0
└ @ Main /home/basta/Projects/bakalarka-openfoam/bakalarka-openfoam/MHD_control_cooling/src/controllers/mpc_alter.jl:605
┌ Debug:   V-Step OK. Status: LOCALLY_SOLVED, Primal: FEASIBLE_POINT. New V norm: 0.0359
└ @ Main /home/basta/Projects/bakalarka-openfoam/bakalarka-openfoam/MHD_control_cooling/src/controllers/mpc_alter.jl:662
┌ Debug:   AM Iter 5 took 62.74 ms. U Status: LOCALLY_SOLVED, V Status: LOCALLY_SOLVED
└ @ Main /home/basta/Projects/bakalarka-openfoam/bakalarka-openfoam/MHD_control_cooling/src/controllers/mpc_alter.jl:680
┌ Debug: AM finished after 5 iterations.
└ @ Main /home/basta/Projects/bakalarka-openfoam/bakalarka-openfoam/MHD_control_cooling/src/controllers/mpc_alter.jl:697
┌ Debug: Final U norm: 0.0, Final V norm: 0.0359
└ @ Main /home/basta/Projects/bakalarka-openfoam/bakalarka-openfoam/MHD_control_cooling/src/controllers/mpc_alter.jl:698
┌ Debug: Physical Bounds Hit: U_min=false, U_max=false, V_min=false, V_max=false
└ @ Main /home/basta/Projects/bakalarka-openfoam/bakalarka-openfoam/MHD_control_cooling/src/controllers/mpc_alter.jl:704
┌ Debug: Storing effective theta_k (for next step): Norm=0.0, First 5=[0.0, 0.0, -0.0, 0.0, -0.0]
└ @ Main /home/basta/Projects/bakalarka-openfoam/bakalarka-openfoam/MHD_control_cooling/src/controllers/mpc_alter.jl:733
┌ Info: Control action computed in 263.23 ms. Sending input u[1]=0.0, v[1]=0.0174...
└ @ Main /home/basta/Projects/bakalarka-openfoam/bakalarka-openfoam/MHD_control_cooling/src/controllers/mpc_alter.jl:753
┌ Info: ("Sending input", [2.855896909214142e-6, 2.8543600368390357e-6, -5.755046632391057e-7, 2.8552579672483307e-6, 0.017364154600060425, -0.003483012657595293, 0.01737380396202517, -0.0034883880233594917])
└ @ Main /home/basta/Projects/bakalarka-openfoam/bakalarka-openfoam/MHD_control_cooling/src/scripts/sock_field_server.jl:287
┌ Debug: update_controller_state! called at time 68.64006. No action implemented.
└ @ Main /home/basta/Projects/bakalarka-openfoam/bakalarka-openfoam/MHD_control_cooling/src/controllers/mpc_alter.jl:763
┌ Debug: update_controller_state! called at time 68.64006. No action implemented.
└ @ Main /home/basta/Projects/bakalarka-openfoam/bakalarka-openfoam/MHD_control_cooling/src/controllers/mpc_alter.jl:763
┌ Debug: Raw Measurement 'wallheatflux' value: -0.5917733125
└ @ Main /home/basta/Projects/bakalarka-openfoam/bakalarka-openfoam/MHD_control_cooling/src/controllers/mpc_alter.jl:455
┌ Debug: Centered Measurement yk: -0.5917733125
└ @ Main /home/basta/Projects/bakalarka-openfoam/bakalarka-openfoam/MHD_control_cooling/src/controllers/mpc_alter.jl:458
┌ Debug: Constructed state xk[1:5] = [-0.5918, -0.5913, -0.5909, -0.5905, -0.59]... | Norm: 4.5466
└ @ Main /home/basta/Projects/bakalarka-openfoam/bakalarka-openfoam/MHD_control_cooling/src/controllers/mpc_alter.jl:504
┌ Debug: State error (output) xk[1]-xref[1]: 0.4082 | Full error norm: 14.7068
└ @ Main /home/basta/Projects/bakalarka-openfoam/bakalarka-openfoam/MHD_control_cooling/src/controllers/mpc_alter.jl:514
┌ Debug: State bounds check: any(l_st_k .> u_st_k) = false
└ @ Main /home/basta/Projects/bakalarka-openfoam/bakalarka-openfoam/MHD_control_cooling/src/controllers/mpc_alter.jl:515
┌ Debug: Warm starting U from previous solution (shifted).
└ @ Main /home/basta/Projects/bakalarka-openfoam/bakalarka-openfoam/MHD_control_cooling/src/controllers/mpc_alter.jl:528
┌ Debug: Warm starting V from previous solution (shifted).
└ @ Main /home/basta/Projects/bakalarka-openfoam/bakalarka-openfoam/MHD_control_cooling/src/controllers/mpc_alter.jl:537
┌ Debug: Initial U norm: 0.0, Initial V norm: 0.0258
└ @ Main /home/basta/Projects/bakalarka-openfoam/bakalarka-openfoam/MHD_control_cooling/src/controllers/mpc_alter.jl:544
┌ Debug: Using QP Regularization: 0.0001
└ @ Main /home/basta/Projects/bakalarka-openfoam/bakalarka-openfoam/MHD_control_cooling/src/controllers/mpc_alter.jl:549
┌ Debug: AM Iteration 1/5
└ @ Main /home/basta/Projects/bakalarka-openfoam/bakalarka-openfoam/MHD_control_cooling/src/controllers/mpc_alter.jl:561
┌ Debug:   U-Step OK. Status: LOCALLY_SOLVED, Primal: FEASIBLE_POINT. New U norm: 0.0
└ @ Main /home/basta/Projects/bakalarka-openfoam/bakalarka-openfoam/MHD_control_cooling/src/controllers/mpc_alter.jl:605
┌ Debug:   V-Step OK. Status: LOCALLY_SOLVED, Primal: FEASIBLE_POINT. New V norm: 0.0259
└ @ Main /home/basta/Projects/bakalarka-openfoam/bakalarka-openfoam/MHD_control_cooling/src/controllers/mpc_alter.jl:662
┌ Debug:   AM Iter 1 took 33.32 ms. U Status: LOCALLY_SOLVED, V Status: LOCALLY_SOLVED
└ @ Main /home/basta/Projects/bakalarka-openfoam/bakalarka-openfoam/MHD_control_cooling/src/controllers/mpc_alter.jl:680
┌ Debug: AM Iteration 2/5
└ @ Main /home/basta/Projects/bakalarka-openfoam/bakalarka-openfoam/MHD_control_cooling/src/controllers/mpc_alter.jl:561
┌ Debug:   U-Step OK. Status: LOCALLY_SOLVED, Primal: FEASIBLE_POINT. New U norm: 0.0
└ @ Main /home/basta/Projects/bakalarka-openfoam/bakalarka-openfoam/MHD_control_cooling/src/controllers/mpc_alter.jl:605
┌ Debug:   V-Step OK. Status: LOCALLY_SOLVED, Primal: FEASIBLE_POINT. New V norm: 0.0259
└ @ Main /home/basta/Projects/bakalarka-openfoam/bakalarka-openfoam/MHD_control_cooling/src/controllers/mpc_alter.jl:662
┌ Debug:   AM Iter 2 took 38.24 ms. U Status: LOCALLY_SOLVED, V Status: LOCALLY_SOLVED
└ @ Main /home/basta/Projects/bakalarka-openfoam/bakalarka-openfoam/MHD_control_cooling/src/controllers/mpc_alter.jl:680
┌ Debug: AM Iteration 3/5
└ @ Main /home/basta/Projects/bakalarka-openfoam/bakalarka-openfoam/MHD_control_cooling/src/controllers/mpc_alter.jl:561
┌ Debug:   U-Step OK. Status: LOCALLY_SOLVED, Primal: FEASIBLE_POINT. New U norm: 0.0
└ @ Main /home/basta/Projects/bakalarka-openfoam/bakalarka-openfoam/MHD_control_cooling/src/controllers/mpc_alter.jl:605
┌ Debug:   V-Step OK. Status: LOCALLY_SOLVED, Primal: FEASIBLE_POINT. New V norm: 0.026
└ @ Main /home/basta/Projects/bakalarka-openfoam/bakalarka-openfoam/MHD_control_cooling/src/controllers/mpc_alter.jl:662
┌ Debug:   AM Iter 3 took 33.98 ms. U Status: LOCALLY_SOLVED, V Status: LOCALLY_SOLVED
└ @ Main /home/basta/Projects/bakalarka-openfoam/bakalarka-openfoam/MHD_control_cooling/src/controllers/mpc_alter.jl:680
┌ Debug: AM Iteration 4/5
└ @ Main /home/basta/Projects/bakalarka-openfoam/bakalarka-openfoam/MHD_control_cooling/src/controllers/mpc_alter.jl:561
┌ Debug:   U-Step OK. Status: LOCALLY_SOLVED, Primal: FEASIBLE_POINT. New U norm: 0.0
└ @ Main /home/basta/Projects/bakalarka-openfoam/bakalarka-openfoam/MHD_control_cooling/src/controllers/mpc_alter.jl:605
┌ Debug:   V-Step OK. Status: LOCALLY_SOLVED, Primal: FEASIBLE_POINT. New V norm: 0.0261
└ @ Main /home/basta/Projects/bakalarka-openfoam/bakalarka-openfoam/MHD_control_cooling/src/controllers/mpc_alter.jl:662
┌ Debug:   AM Iter 4 took 30.78 ms. U Status: LOCALLY_SOLVED, V Status: LOCALLY_SOLVED
└ @ Main /home/basta/Projects/bakalarka-openfoam/bakalarka-openfoam/MHD_control_cooling/src/controllers/mpc_alter.jl:680
┌ Debug: AM Iteration 5/5
└ @ Main /home/basta/Projects/bakalarka-openfoam/bakalarka-openfoam/MHD_control_cooling/src/controllers/mpc_alter.jl:561
┌ Debug:   U-Step OK. Status: LOCALLY_SOLVED, Primal: FEASIBLE_POINT. New U norm: 0.0
└ @ Main /home/basta/Projects/bakalarka-openfoam/bakalarka-openfoam/MHD_control_cooling/src/controllers/mpc_alter.jl:605
┌ Debug:   V-Step OK. Status: LOCALLY_SOLVED, Primal: FEASIBLE_POINT. New V norm: 0.0262
└ @ Main /home/basta/Projects/bakalarka-openfoam/bakalarka-openfoam/MHD_control_cooling/src/controllers/mpc_alter.jl:662
┌ Debug:   AM Iter 5 took 31.75 ms. U Status: LOCALLY_SOLVED, V Status: LOCALLY_SOLVED
└ @ Main /home/basta/Projects/bakalarka-openfoam/bakalarka-openfoam/MHD_control_cooling/src/controllers/mpc_alter.jl:680
┌ Debug: AM finished after 5 iterations.
└ @ Main /home/basta/Projects/bakalarka-openfoam/bakalarka-openfoam/MHD_control_cooling/src/controllers/mpc_alter.jl:697
┌ Debug: Final U norm: 0.0, Final V norm: 0.0262
└ @ Main /home/basta/Projects/bakalarka-openfoam/bakalarka-openfoam/MHD_control_cooling/src/controllers/mpc_alter.jl:698
┌ Debug: Physical Bounds Hit: U_min=false, U_max=false, V_min=false, V_max=false
└ @ Main /home/basta/Projects/bakalarka-openfoam/bakalarka-openfoam/MHD_control_cooling/src/controllers/mpc_alter.jl:704
┌ Debug: Storing effective theta_k (for next step): Norm=0.0, First 5=[-0.0, -0.0, 0.0, -0.0, -0.0]
└ @ Main /home/basta/Projects/bakalarka-openfoam/bakalarka-openfoam/MHD_control_cooling/src/controllers/mpc_alter.jl:733
┌ Info: Control action computed in 206.83 ms. Sending input u[1]=-0.0, v[1]=0.0047...
└ @ Main /home/basta/Projects/bakalarka-openfoam/bakalarka-openfoam/MHD_control_cooling/src/controllers/mpc_alter.jl:753
┌ Info: ("Sending input", [-2.024295876143552e-6, -2.1038915728522352e-6, 2.540667196014743e-6, -2.103691926163756e-6, 0.004721795557425534, 0.00472276478988038, -0.003933881826381404, 0.004745552126598197])
└ @ Main /home/basta/Projects/bakalarka-openfoam/bakalarka-openfoam/MHD_control_cooling/src/scripts/sock_field_server.jl:287
┌ Debug: update_controller_state! called at time 69.740059. No action implemented.
└ @ Main /home/basta/Projects/bakalarka-openfoam/bakalarka-openfoam/MHD_control_cooling/src/controllers/mpc_alter.jl:763
┌ Debug: update_controller_state! called at time 69.740059. No action implemented.
└ @ Main /home/basta/Projects/bakalarka-openfoam/bakalarka-openfoam/MHD_control_cooling/src/controllers/mpc_alter.jl:763
┌ Debug: Raw Measurement 'wallheatflux' value: -0.5921865
└ @ Main /home/basta/Projects/bakalarka-openfoam/bakalarka-openfoam/MHD_control_cooling/src/controllers/mpc_alter.jl:455
┌ Debug: Centered Measurement yk: -0.5921865
└ @ Main /home/basta/Projects/bakalarka-openfoam/bakalarka-openfoam/MHD_control_cooling/src/controllers/mpc_alter.jl:458
┌ Debug: Constructed state xk[1:5] = [-0.5922, -0.5918, -0.5913, -0.5909, -0.5905]... | Norm: 4.5491
└ @ Main /home/basta/Projects/bakalarka-openfoam/bakalarka-openfoam/MHD_control_cooling/src/controllers/mpc_alter.jl:504
┌ Debug: State error (output) xk[1]-xref[1]: 0.4078 | Full error norm: 14.7173
└ @ Main /home/basta/Projects/bakalarka-openfoam/bakalarka-openfoam/MHD_control_cooling/src/controllers/mpc_alter.jl:514
┌ Debug: State bounds check: any(l_st_k .> u_st_k) = false
└ @ Main /home/basta/Projects/bakalarka-openfoam/bakalarka-openfoam/MHD_control_cooling/src/controllers/mpc_alter.jl:515
┌ Debug: Warm starting U from previous solution (shifted).
└ @ Main /home/basta/Projects/bakalarka-openfoam/bakalarka-openfoam/MHD_control_cooling/src/controllers/mpc_alter.jl:528
┌ Debug: Warm starting V from previous solution (shifted).
└ @ Main /home/basta/Projects/bakalarka-openfoam/bakalarka-openfoam/MHD_control_cooling/src/controllers/mpc_alter.jl:537
┌ Debug: Initial U norm: 0.0, Initial V norm: 0.0245
└ @ Main /home/basta/Projects/bakalarka-openfoam/bakalarka-openfoam/MHD_control_cooling/src/controllers/mpc_alter.jl:544
┌ Debug: Using QP Regularization: 0.0001
└ @ Main /home/basta/Projects/bakalarka-openfoam/bakalarka-openfoam/MHD_control_cooling/src/controllers/mpc_alter.jl:549
┌ Debug: AM Iteration 1/5
└ @ Main /home/basta/Projects/bakalarka-openfoam/bakalarka-openfoam/MHD_control_cooling/src/controllers/mpc_alter.jl:561
┌ Debug:   U-Step OK. Status: LOCALLY_SOLVED, Primal: FEASIBLE_POINT. New U norm: 0.0
└ @ Main /home/basta/Projects/bakalarka-openfoam/bakalarka-openfoam/MHD_control_cooling/src/controllers/mpc_alter.jl:605
┌ Debug:   V-Step OK. Status: LOCALLY_SOLVED, Primal: FEASIBLE_POINT. New V norm: 0.0247
└ @ Main /home/basta/Projects/bakalarka-openfoam/bakalarka-openfoam/MHD_control_cooling/src/controllers/mpc_alter.jl:662
┌ Debug:   AM Iter 1 took 31.16 ms. U Status: LOCALLY_SOLVED, V Status: LOCALLY_SOLVED
└ @ Main /home/basta/Projects/bakalarka-openfoam/bakalarka-openfoam/MHD_control_cooling/src/controllers/mpc_alter.jl:680
┌ Debug: AM Iteration 2/5
└ @ Main /home/basta/Projects/bakalarka-openfoam/bakalarka-openfoam/MHD_control_cooling/src/controllers/mpc_alter.jl:561
┌ Debug:   U-Step OK. Status: LOCALLY_SOLVED, Primal: FEASIBLE_POINT. New U norm: 0.0
└ @ Main /home/basta/Projects/bakalarka-openfoam/bakalarka-openfoam/MHD_control_cooling/src/controllers/mpc_alter.jl:605
┌ Debug:   V-Step OK. Status: LOCALLY_SOLVED, Primal: FEASIBLE_POINT. New V norm: 0.0248
└ @ Main /home/basta/Projects/bakalarka-openfoam/bakalarka-openfoam/MHD_control_cooling/src/controllers/mpc_alter.jl:662
┌ Debug:   AM Iter 2 took 31.29 ms. U Status: LOCALLY_SOLVED, V Status: LOCALLY_SOLVED
└ @ Main /home/basta/Projects/bakalarka-openfoam/bakalarka-openfoam/MHD_control_cooling/src/controllers/mpc_alter.jl:680
┌ Debug: AM Iteration 3/5
└ @ Main /home/basta/Projects/bakalarka-openfoam/bakalarka-openfoam/MHD_control_cooling/src/controllers/mpc_alter.jl:561
┌ Debug:   U-Step OK. Status: LOCALLY_SOLVED, Primal: FEASIBLE_POINT. New U norm: 0.0
└ @ Main /home/basta/Projects/bakalarka-openfoam/bakalarka-openfoam/MHD_control_cooling/src/controllers/mpc_alter.jl:605
┌ Debug:   V-Step OK. Status: LOCALLY_SOLVED, Primal: FEASIBLE_POINT. New V norm: 0.0249
└ @ Main /home/basta/Projects/bakalarka-openfoam/bakalarka-openfoam/MHD_control_cooling/src/controllers/mpc_alter.jl:662
┌ Debug:   AM Iter 3 took 32.26 ms. U Status: LOCALLY_SOLVED, V Status: LOCALLY_SOLVED
└ @ Main /home/basta/Projects/bakalarka-openfoam/bakalarka-openfoam/MHD_control_cooling/src/controllers/mpc_alter.jl:680
┌ Debug: AM Iteration 4/5
└ @ Main /home/basta/Projects/bakalarka-openfoam/bakalarka-openfoam/MHD_control_cooling/src/controllers/mpc_alter.jl:561
┌ Debug:   U-Step OK. Status: LOCALLY_SOLVED, Primal: FEASIBLE_POINT. New U norm: 0.0
└ @ Main /home/basta/Projects/bakalarka-openfoam/bakalarka-openfoam/MHD_control_cooling/src/controllers/mpc_alter.jl:605
┌ Debug:   V-Step OK. Status: LOCALLY_SOLVED, Primal: FEASIBLE_POINT. New V norm: 0.025
└ @ Main /home/basta/Projects/bakalarka-openfoam/bakalarka-openfoam/MHD_control_cooling/src/controllers/mpc_alter.jl:662
┌ Debug:   AM Iter 4 took 28.52 ms. U Status: LOCALLY_SOLVED, V Status: LOCALLY_SOLVED
└ @ Main /home/basta/Projects/bakalarka-openfoam/bakalarka-openfoam/MHD_control_cooling/src/controllers/mpc_alter.jl:680
┌ Debug: AM Iteration 5/5
└ @ Main /home/basta/Projects/bakalarka-openfoam/bakalarka-openfoam/MHD_control_cooling/src/controllers/mpc_alter.jl:561
┌ Debug:   U-Step OK. Status: LOCALLY_SOLVED, Primal: FEASIBLE_POINT. New U norm: 0.0
└ @ Main /home/basta/Projects/bakalarka-openfoam/bakalarka-openfoam/MHD_control_cooling/src/controllers/mpc_alter.jl:605
┌ Debug:   V-Step OK. Status: LOCALLY_SOLVED, Primal: FEASIBLE_POINT. New V norm: 0.0251
└ @ Main /home/basta/Projects/bakalarka-openfoam/bakalarka-openfoam/MHD_control_cooling/src/controllers/mpc_alter.jl:662
┌ Debug:   AM Iter 5 took 58.62 ms. U Status: LOCALLY_SOLVED, V Status: LOCALLY_SOLVED
└ @ Main /home/basta/Projects/bakalarka-openfoam/bakalarka-openfoam/MHD_control_cooling/src/controllers/mpc_alter.jl:680
┌ Debug: AM finished after 5 iterations.
└ @ Main /home/basta/Projects/bakalarka-openfoam/bakalarka-openfoam/MHD_control_cooling/src/controllers/mpc_alter.jl:697
┌ Debug: Final U norm: 0.0, Final V norm: 0.0251
└ @ Main /home/basta/Projects/bakalarka-openfoam/bakalarka-openfoam/MHD_control_cooling/src/controllers/mpc_alter.jl:698
┌ Debug: Physical Bounds Hit: U_min=false, U_max=false, V_min=false, V_max=false
└ @ Main /home/basta/Projects/bakalarka-openfoam/bakalarka-openfoam/MHD_control_cooling/src/controllers/mpc_alter.jl:704
┌ Debug: Storing effective theta_k (for next step): Norm=0.0, First 5=[0.0, -0.0, 0.0, -0.0, -0.0]
└ @ Main /home/basta/Projects/bakalarka-openfoam/bakalarka-openfoam/MHD_control_cooling/src/controllers/mpc_alter.jl:733
┌ Info: Control action computed in 214.67 ms. Sending input u[1]=0.0, v[1]=0.0088...
└ @ Main /home/basta/Projects/bakalarka-openfoam/bakalarka-openfoam/MHD_control_cooling/src/controllers/mpc_alter.jl:753
┌ Info: ("Sending input", [2.7819213900475074e-6, -1.1347276426709996e-6, 2.784972506374124e-6, -1.1305646971484963e-6, 0.008809713349979258, -0.0035425076036568856, -0.003581148193582309, 0.008805131939838803])
└ @ Main /home/basta/Projects/bakalarka-openfoam/bakalarka-openfoam/MHD_control_cooling/src/scripts/sock_field_server.jl:287
┌ Debug: update_controller_state! called at time 70.840065. No action implemented.
└ @ Main /home/basta/Projects/bakalarka-openfoam/bakalarka-openfoam/MHD_control_cooling/src/controllers/mpc_alter.jl:763
┌ Debug: update_controller_state! called at time 70.840065. No action implemented.
└ @ Main /home/basta/Projects/bakalarka-openfoam/bakalarka-openfoam/MHD_control_cooling/src/controllers/mpc_alter.jl:763
┌ Debug: Raw Measurement 'wallheatflux' value: -0.59258475
└ @ Main /home/basta/Projects/bakalarka-openfoam/bakalarka-openfoam/MHD_control_cooling/src/controllers/mpc_alter.jl:455
┌ Debug: Centered Measurement yk: -0.59258475
└ @ Main /home/basta/Projects/bakalarka-openfoam/bakalarka-openfoam/MHD_control_cooling/src/controllers/mpc_alter.jl:458
┌ Debug: Constructed state xk[1:5] = [-0.5926, -0.5922, -0.5918, -0.5913, -0.5909]... | Norm: 4.5521
└ @ Main /home/basta/Projects/bakalarka-openfoam/bakalarka-openfoam/MHD_control_cooling/src/controllers/mpc_alter.jl:504
┌ Debug: State error (output) xk[1]-xref[1]: 0.4074 | Full error norm: 14.6756
└ @ Main /home/basta/Projects/bakalarka-openfoam/bakalarka-openfoam/MHD_control_cooling/src/controllers/mpc_alter.jl:514
┌ Debug: State bounds check: any(l_st_k .> u_st_k) = false
└ @ Main /home/basta/Projects/bakalarka-openfoam/bakalarka-openfoam/MHD_control_cooling/src/controllers/mpc_alter.jl:515
┌ Debug: Warm starting U from previous solution (shifted).
└ @ Main /home/basta/Projects/bakalarka-openfoam/bakalarka-openfoam/MHD_control_cooling/src/controllers/mpc_alter.jl:528
┌ Debug: Warm starting V from previous solution (shifted).
└ @ Main /home/basta/Projects/bakalarka-openfoam/bakalarka-openfoam/MHD_control_cooling/src/controllers/mpc_alter.jl:537
┌ Debug: Initial U norm: 0.0, Initial V norm: 0.0212
└ @ Main /home/basta/Projects/bakalarka-openfoam/bakalarka-openfoam/MHD_control_cooling/src/controllers/mpc_alter.jl:544
┌ Debug: Using QP Regularization: 0.0001
└ @ Main /home/basta/Projects/bakalarka-openfoam/bakalarka-openfoam/MHD_control_cooling/src/controllers/mpc_alter.jl:549
┌ Debug: AM Iteration 1/5
└ @ Main /home/basta/Projects/bakalarka-openfoam/bakalarka-openfoam/MHD_control_cooling/src/controllers/mpc_alter.jl:561
┌ Debug:   U-Step OK. Status: LOCALLY_SOLVED, Primal: FEASIBLE_POINT. New U norm: 0.0
└ @ Main /home/basta/Projects/bakalarka-openfoam/bakalarka-openfoam/MHD_control_cooling/src/controllers/mpc_alter.jl:605
┌ Debug:   V-Step OK. Status: LOCALLY_SOLVED, Primal: FEASIBLE_POINT. New V norm: 0.0213
└ @ Main /home/basta/Projects/bakalarka-openfoam/bakalarka-openfoam/MHD_control_cooling/src/controllers/mpc_alter.jl:662
┌ Debug:   AM Iter 1 took 22.45 ms. U Status: LOCALLY_SOLVED, V Status: LOCALLY_SOLVED
└ @ Main /home/basta/Projects/bakalarka-openfoam/bakalarka-openfoam/MHD_control_cooling/src/controllers/mpc_alter.jl:680
┌ Debug: AM Iteration 2/5
└ @ Main /home/basta/Projects/bakalarka-openfoam/bakalarka-openfoam/MHD_control_cooling/src/controllers/mpc_alter.jl:561
┌ Debug:   U-Step OK. Status: LOCALLY_SOLVED, Primal: FEASIBLE_POINT. New U norm: 0.0
└ @ Main /home/basta/Projects/bakalarka-openfoam/bakalarka-openfoam/MHD_control_cooling/src/controllers/mpc_alter.jl:605
┌ Debug:   V-Step OK. Status: LOCALLY_SOLVED, Primal: FEASIBLE_POINT. New V norm: 0.0214
└ @ Main /home/basta/Projects/bakalarka-openfoam/bakalarka-openfoam/MHD_control_cooling/src/controllers/mpc_alter.jl:662
┌ Debug:   AM Iter 2 took 24.44 ms. U Status: LOCALLY_SOLVED, V Status: LOCALLY_SOLVED
└ @ Main /home/basta/Projects/bakalarka-openfoam/bakalarka-openfoam/MHD_control_cooling/src/controllers/mpc_alter.jl:680
┌ Debug: AM Iteration 3/5
└ @ Main /home/basta/Projects/bakalarka-openfoam/bakalarka-openfoam/MHD_control_cooling/src/controllers/mpc_alter.jl:561
┌ Debug:   U-Step OK. Status: LOCALLY_SOLVED, Primal: FEASIBLE_POINT. New U norm: 0.0
└ @ Main /home/basta/Projects/bakalarka-openfoam/bakalarka-openfoam/MHD_control_cooling/src/controllers/mpc_alter.jl:605
┌ Debug:   V-Step OK. Status: LOCALLY_SOLVED, Primal: FEASIBLE_POINT. New V norm: 0.0215
└ @ Main /home/basta/Projects/bakalarka-openfoam/bakalarka-openfoam/MHD_control_cooling/src/controllers/mpc_alter.jl:662
┌ Debug:   AM Iter 3 took 23.59 ms. U Status: LOCALLY_SOLVED, V Status: LOCALLY_SOLVED
└ @ Main /home/basta/Projects/bakalarka-openfoam/bakalarka-openfoam/MHD_control_cooling/src/controllers/mpc_alter.jl:680
┌ Debug: AM Iteration 4/5
└ @ Main /home/basta/Projects/bakalarka-openfoam/bakalarka-openfoam/MHD_control_cooling/src/controllers/mpc_alter.jl:561
┌ Debug:   U-Step OK. Status: LOCALLY_SOLVED, Primal: FEASIBLE_POINT. New U norm: 0.0
└ @ Main /home/basta/Projects/bakalarka-openfoam/bakalarka-openfoam/MHD_control_cooling/src/controllers/mpc_alter.jl:605
┌ Debug:   V-Step OK. Status: LOCALLY_SOLVED, Primal: FEASIBLE_POINT. New V norm: 0.0217
└ @ Main /home/basta/Projects/bakalarka-openfoam/bakalarka-openfoam/MHD_control_cooling/src/controllers/mpc_alter.jl:662
┌ Debug:   AM Iter 4 took 25.4 ms. U Status: LOCALLY_SOLVED, V Status: LOCALLY_SOLVED
└ @ Main /home/basta/Projects/bakalarka-openfoam/bakalarka-openfoam/MHD_control_cooling/src/controllers/mpc_alter.jl:680
┌ Debug: AM Iteration 5/5
└ @ Main /home/basta/Projects/bakalarka-openfoam/bakalarka-openfoam/MHD_control_cooling/src/controllers/mpc_alter.jl:561
┌ Debug:   U-Step OK. Status: LOCALLY_SOLVED, Primal: FEASIBLE_POINT. New U norm: 0.0
└ @ Main /home/basta/Projects/bakalarka-openfoam/bakalarka-openfoam/MHD_control_cooling/src/controllers/mpc_alter.jl:605
┌ Debug:   V-Step OK. Status: LOCALLY_SOLVED, Primal: FEASIBLE_POINT. New V norm: 0.0218
└ @ Main /home/basta/Projects/bakalarka-openfoam/bakalarka-openfoam/MHD_control_cooling/src/controllers/mpc_alter.jl:662
┌ Debug:   AM Iter 5 took 20.64 ms. U Status: LOCALLY_SOLVED, V Status: LOCALLY_SOLVED
└ @ Main /home/basta/Projects/bakalarka-openfoam/bakalarka-openfoam/MHD_control_cooling/src/controllers/mpc_alter.jl:680
┌ Debug: AM finished after 5 iterations.
└ @ Main /home/basta/Projects/bakalarka-openfoam/bakalarka-openfoam/MHD_control_cooling/src/controllers/mpc_alter.jl:697
┌ Debug: Final U norm: 0.0, Final V norm: 0.0218
└ @ Main /home/basta/Projects/bakalarka-openfoam/bakalarka-openfoam/MHD_control_cooling/src/controllers/mpc_alter.jl:698
┌ Debug: Physical Bounds Hit: U_min=false, U_max=false, V_min=false, V_max=false
└ @ Main /home/basta/Projects/bakalarka-openfoam/bakalarka-openfoam/MHD_control_cooling/src/controllers/mpc_alter.jl:704
┌ Debug: Storing effective theta_k (for next step): Norm=0.0, First 5=[0.0, 0.0, -0.0, 0.0, -0.0]
└ @ Main /home/basta/Projects/bakalarka-openfoam/bakalarka-openfoam/MHD_control_cooling/src/controllers/mpc_alter.jl:733
┌ Info: Control action computed in 151.92 ms. Sending input u[1]=0.0, v[1]=0.0146...
└ @ Main /home/basta/Projects/bakalarka-openfoam/bakalarka-openfoam/MHD_control_cooling/src/controllers/mpc_alter.jl:753
┌ Info: ("Sending input", [2.021993796248423e-6, 2.019949997673793e-6, -6.841281363820695e-7, 2.020984862397924e-6, 0.014594846954582137, -0.004919789197755719, 0.014614147580325256, -0.00492970267065065])
└ @ Main /home/basta/Projects/bakalarka-openfoam/bakalarka-openfoam/MHD_control_cooling/src/scripts/sock_field_server.jl:287
┌ Debug: update_controller_state! called at time 71.940063. No action implemented.
└ @ Main /home/basta/Projects/bakalarka-openfoam/bakalarka-openfoam/MHD_control_cooling/src/controllers/mpc_alter.jl:763
┌ Debug: update_controller_state! called at time 71.940063. No action implemented.
└ @ Main /home/basta/Projects/bakalarka-openfoam/bakalarka-openfoam/MHD_control_cooling/src/controllers/mpc_alter.jl:763
┌ Debug: Raw Measurement 'wallheatflux' value: -0.5929663125
└ @ Main /home/basta/Projects/bakalarka-openfoam/bakalarka-openfoam/MHD_control_cooling/src/controllers/mpc_alter.jl:455
┌ Debug: Centered Measurement yk: -0.5929663125
└ @ Main /home/basta/Projects/bakalarka-openfoam/bakalarka-openfoam/MHD_control_cooling/src/controllers/mpc_alter.jl:458
┌ Debug: Constructed state xk[1:5] = [-0.593, -0.5926, -0.5922, -0.5918, -0.5913]... | Norm: 4.5549
└ @ Main /home/basta/Projects/bakalarka-openfoam/bakalarka-openfoam/MHD_control_cooling/src/controllers/mpc_alter.jl:504
┌ Debug: State error (output) xk[1]-xref[1]: 0.407 | Full error norm: 14.7196
└ @ Main /home/basta/Projects/bakalarka-openfoam/bakalarka-openfoam/MHD_control_cooling/src/controllers/mpc_alter.jl:514
┌ Debug: State bounds check: any(l_st_k .> u_st_k) = false
└ @ Main /home/basta/Projects/bakalarka-openfoam/bakalarka-openfoam/MHD_control_cooling/src/controllers/mpc_alter.jl:515
┌ Debug: Warm starting U from previous solution (shifted).
└ @ Main /home/basta/Projects/bakalarka-openfoam/bakalarka-openfoam/MHD_control_cooling/src/controllers/mpc_alter.jl:528
┌ Debug: Warm starting V from previous solution (shifted).
└ @ Main /home/basta/Projects/bakalarka-openfoam/bakalarka-openfoam/MHD_control_cooling/src/controllers/mpc_alter.jl:537
┌ Debug: Initial U norm: 0.0, Initial V norm: 0.0
└ @ Main /home/basta/Projects/bakalarka-openfoam/bakalarka-openfoam/MHD_control_cooling/src/controllers/mpc_alter.jl:544
┌ Debug: Using QP Regularization: 0.0001
└ @ Main /home/basta/Projects/bakalarka-openfoam/bakalarka-openfoam/MHD_control_cooling/src/controllers/mpc_alter.jl:549
┌ Debug: AM Iteration 1/5
└ @ Main /home/basta/Projects/bakalarka-openfoam/bakalarka-openfoam/MHD_control_cooling/src/controllers/mpc_alter.jl:561
┌ Debug:   U-Step OK. Status: LOCALLY_SOLVED, Primal: FEASIBLE_POINT. New U norm: 0.0
└ @ Main /home/basta/Projects/bakalarka-openfoam/bakalarka-openfoam/MHD_control_cooling/src/controllers/mpc_alter.jl:605
┌ Debug:   V-Step OK. Status: LOCALLY_SOLVED, Primal: FEASIBLE_POINT. New V norm: 0.0
└ @ Main /home/basta/Projects/bakalarka-openfoam/bakalarka-openfoam/MHD_control_cooling/src/controllers/mpc_alter.jl:662
┌ Debug:   AM Iter 1 took 9.94 ms. U Status: LOCALLY_SOLVED, V Status: LOCALLY_SOLVED
└ @ Main /home/basta/Projects/bakalarka-openfoam/bakalarka-openfoam/MHD_control_cooling/src/controllers/mpc_alter.jl:680
┌ Debug: AM Iteration 2/5
└ @ Main /home/basta/Projects/bakalarka-openfoam/bakalarka-openfoam/MHD_control_cooling/src/controllers/mpc_alter.jl:561
┌ Debug:   U-Step OK. Status: LOCALLY_SOLVED, Primal: FEASIBLE_POINT. New U norm: 0.0
└ @ Main /home/basta/Projects/bakalarka-openfoam/bakalarka-openfoam/MHD_control_cooling/src/controllers/mpc_alter.jl:605
┌ Debug:   V-Step OK. Status: LOCALLY_SOLVED, Primal: FEASIBLE_POINT. New V norm: 0.0
└ @ Main /home/basta/Projects/bakalarka-openfoam/bakalarka-openfoam/MHD_control_cooling/src/controllers/mpc_alter.jl:662
┌ Debug:   AM Iter 2 took 10.04 ms. U Status: LOCALLY_SOLVED, V Status: LOCALLY_SOLVED
└ @ Main /home/basta/Projects/bakalarka-openfoam/bakalarka-openfoam/MHD_control_cooling/src/controllers/mpc_alter.jl:680
┌ Debug: AM Iteration 3/5
└ @ Main /home/basta/Projects/bakalarka-openfoam/bakalarka-openfoam/MHD_control_cooling/src/controllers/mpc_alter.jl:561
┌ Debug:   U-Step OK. Status: LOCALLY_SOLVED, Primal: FEASIBLE_POINT. New U norm: 0.0
└ @ Main /home/basta/Projects/bakalarka-openfoam/bakalarka-openfoam/MHD_control_cooling/src/controllers/mpc_alter.jl:605
┌ Debug:   V-Step OK. Status: LOCALLY_SOLVED, Primal: FEASIBLE_POINT. New V norm: 0.0
└ @ Main /home/basta/Projects/bakalarka-openfoam/bakalarka-openfoam/MHD_control_cooling/src/controllers/mpc_alter.jl:662
┌ Debug:   AM Iter 3 took 11.48 ms. U Status: LOCALLY_SOLVED, V Status: LOCALLY_SOLVED
└ @ Main /home/basta/Projects/bakalarka-openfoam/bakalarka-openfoam/MHD_control_cooling/src/controllers/mpc_alter.jl:680
┌ Debug: AM Iteration 4/5
└ @ Main /home/basta/Projects/bakalarka-openfoam/bakalarka-openfoam/MHD_control_cooling/src/controllers/mpc_alter.jl:561
┌ Debug:   U-Step OK. Status: LOCALLY_SOLVED, Primal: FEASIBLE_POINT. New U norm: 0.0
└ @ Main /home/basta/Projects/bakalarka-openfoam/bakalarka-openfoam/MHD_control_cooling/src/controllers/mpc_alter.jl:605
┌ Debug:   V-Step OK. Status: LOCALLY_SOLVED, Primal: FEASIBLE_POINT. New V norm: 0.0
└ @ Main /home/basta/Projects/bakalarka-openfoam/bakalarka-openfoam/MHD_control_cooling/src/controllers/mpc_alter.jl:662
┌ Debug:   AM Iter 4 took 10.4 ms. U Status: LOCALLY_SOLVED, V Status: LOCALLY_SOLVED
└ @ Main /home/basta/Projects/bakalarka-openfoam/bakalarka-openfoam/MHD_control_cooling/src/controllers/mpc_alter.jl:680
┌ Debug: AM Iteration 5/5
└ @ Main /home/basta/Projects/bakalarka-openfoam/bakalarka-openfoam/MHD_control_cooling/src/controllers/mpc_alter.jl:561
┌ Debug:   U-Step OK. Status: LOCALLY_SOLVED, Primal: FEASIBLE_POINT. New U norm: 0.0
└ @ Main /home/basta/Projects/bakalarka-openfoam/bakalarka-openfoam/MHD_control_cooling/src/controllers/mpc_alter.jl:605
┌ Debug:   V-Step OK. Status: LOCALLY_SOLVED, Primal: FEASIBLE_POINT. New V norm: 0.0
└ @ Main /home/basta/Projects/bakalarka-openfoam/bakalarka-openfoam/MHD_control_cooling/src/controllers/mpc_alter.jl:662
┌ Debug:   AM Iter 5 took 9.42 ms. U Status: LOCALLY_SOLVED, V Status: LOCALLY_SOLVED
└ @ Main /home/basta/Projects/bakalarka-openfoam/bakalarka-openfoam/MHD_control_cooling/src/controllers/mpc_alter.jl:680
┌ Debug: AM finished after 5 iterations.
└ @ Main /home/basta/Projects/bakalarka-openfoam/bakalarka-openfoam/MHD_control_cooling/src/controllers/mpc_alter.jl:697
┌ Debug: Final U norm: 0.0, Final V norm: 0.0
└ @ Main /home/basta/Projects/bakalarka-openfoam/bakalarka-openfoam/MHD_control_cooling/src/controllers/mpc_alter.jl:698
┌ Debug: Physical Bounds Hit: U_min=false, U_max=false, V_min=false, V_max=false
└ @ Main /home/basta/Projects/bakalarka-openfoam/bakalarka-openfoam/MHD_control_cooling/src/controllers/mpc_alter.jl:704
┌ Debug: Storing effective theta_k (for next step): Norm=0.0, First 5=[0.0, 0.0, 0.0, 0.0, 0.0]
└ @ Main /home/basta/Projects/bakalarka-openfoam/bakalarka-openfoam/MHD_control_cooling/src/controllers/mpc_alter.jl:733
┌ Info: Control action computed in 84.65 ms. Sending input u[1]=0.0, v[1]=0.0...
└ @ Main /home/basta/Projects/bakalarka-openfoam/bakalarka-openfoam/MHD_control_cooling/src/controllers/mpc_alter.jl:753
┌ Info: ("Sending input", [0.0, 0.0, 0.0, 0.0, 0.0, 0.0, 0.0, 0.0])
└ @ Main /home/basta/Projects/bakalarka-openfoam/bakalarka-openfoam/MHD_control_cooling/src/scripts/sock_field_server.jl:287
┌ Debug: update_controller_state! called at time 73.040062. No action implemented.
└ @ Main /home/basta/Projects/bakalarka-openfoam/bakalarka-openfoam/MHD_control_cooling/src/controllers/mpc_alter.jl:763
┌ Debug: update_controller_state! called at time 73.040062. No action implemented.
└ @ Main /home/basta/Projects/bakalarka-openfoam/bakalarka-openfoam/MHD_control_cooling/src/controllers/mpc_alter.jl:763
┌ Debug: Raw Measurement 'wallheatflux' value: -0.59333025
└ @ Main /home/basta/Projects/bakalarka-openfoam/bakalarka-openfoam/MHD_control_cooling/src/controllers/mpc_alter.jl:455
┌ Debug: Centered Measurement yk: -0.59333025
└ @ Main /home/basta/Projects/bakalarka-openfoam/bakalarka-openfoam/MHD_control_cooling/src/controllers/mpc_alter.jl:458
┌ Debug: Constructed state xk[1:5] = [-0.5933, -0.593, -0.5926, -0.5922, -0.5918]... | Norm: 4.5574
└ @ Main /home/basta/Projects/bakalarka-openfoam/bakalarka-openfoam/MHD_control_cooling/src/controllers/mpc_alter.jl:504
┌ Debug: State error (output) xk[1]-xref[1]: 0.4067 | Full error norm: 14.6484
└ @ Main /home/basta/Projects/bakalarka-openfoam/bakalarka-openfoam/MHD_control_cooling/src/controllers/mpc_alter.jl:514
┌ Debug: State bounds check: any(l_st_k .> u_st_k) = false
└ @ Main /home/basta/Projects/bakalarka-openfoam/bakalarka-openfoam/MHD_control_cooling/src/controllers/mpc_alter.jl:515
┌ Debug: Initializing U randomly.
└ @ Main /home/basta/Projects/bakalarka-openfoam/bakalarka-openfoam/MHD_control_cooling/src/controllers/mpc_alter.jl:531
┌ Debug: Initializing V randomly.
└ @ Main /home/basta/Projects/bakalarka-openfoam/bakalarka-openfoam/MHD_control_cooling/src/controllers/mpc_alter.jl:540
┌ Debug: Initial U norm: 1.3767, Initial V norm: 1.2683
└ @ Main /home/basta/Projects/bakalarka-openfoam/bakalarka-openfoam/MHD_control_cooling/src/controllers/mpc_alter.jl:544
┌ Debug: Using QP Regularization: 0.0001
└ @ Main /home/basta/Projects/bakalarka-openfoam/bakalarka-openfoam/MHD_control_cooling/src/controllers/mpc_alter.jl:549
┌ Debug: AM Iteration 1/5
└ @ Main /home/basta/Projects/bakalarka-openfoam/bakalarka-openfoam/MHD_control_cooling/src/controllers/mpc_alter.jl:561
┌ Debug:   U-Step OK. Status: LOCALLY_SOLVED, Primal: FEASIBLE_POINT. New U norm: 0.1896
└ @ Main /home/basta/Projects/bakalarka-openfoam/bakalarka-openfoam/MHD_control_cooling/src/controllers/mpc_alter.jl:605
┌ Debug:   V-Step OK. Status: LOCALLY_SOLVED, Primal: FEASIBLE_POINT. New V norm: 1.135
└ @ Main /home/basta/Projects/bakalarka-openfoam/bakalarka-openfoam/MHD_control_cooling/src/controllers/mpc_alter.jl:662
┌ Debug:   AM Iter 1 took 47.1 ms. U Status: LOCALLY_SOLVED, V Status: LOCALLY_SOLVED
└ @ Main /home/basta/Projects/bakalarka-openfoam/bakalarka-openfoam/MHD_control_cooling/src/controllers/mpc_alter.jl:680
┌ Debug: AM Iteration 2/5
└ @ Main /home/basta/Projects/bakalarka-openfoam/bakalarka-openfoam/MHD_control_cooling/src/controllers/mpc_alter.jl:561
┌ Debug:   U-Step OK. Status: LOCALLY_SOLVED, Primal: FEASIBLE_POINT. New U norm: 0.2251
└ @ Main /home/basta/Projects/bakalarka-openfoam/bakalarka-openfoam/MHD_control_cooling/src/controllers/mpc_alter.jl:605
┌ Debug:   V-Step OK. Status: LOCALLY_SOLVED, Primal: FEASIBLE_POINT. New V norm: 1.1881
└ @ Main /home/basta/Projects/bakalarka-openfoam/bakalarka-openfoam/MHD_control_cooling/src/controllers/mpc_alter.jl:662
┌ Debug:   AM Iter 2 took 64.95 ms. U Status: LOCALLY_SOLVED, V Status: LOCALLY_SOLVED
└ @ Main /home/basta/Projects/bakalarka-openfoam/bakalarka-openfoam/MHD_control_cooling/src/controllers/mpc_alter.jl:680
┌ Debug: AM Iteration 3/5
└ @ Main /home/basta/Projects/bakalarka-openfoam/bakalarka-openfoam/MHD_control_cooling/src/controllers/mpc_alter.jl:561
┌ Debug:   U-Step OK. Status: LOCALLY_SOLVED, Primal: FEASIBLE_POINT. New U norm: 0.2339
└ @ Main /home/basta/Projects/bakalarka-openfoam/bakalarka-openfoam/MHD_control_cooling/src/controllers/mpc_alter.jl:605
┌ Debug:   V-Step OK. Status: LOCALLY_SOLVED, Primal: FEASIBLE_POINT. New V norm: 1.1852
└ @ Main /home/basta/Projects/bakalarka-openfoam/bakalarka-openfoam/MHD_control_cooling/src/controllers/mpc_alter.jl:662
┌ Debug:   AM Iter 3 took 45.84 ms. U Status: LOCALLY_SOLVED, V Status: LOCALLY_SOLVED
└ @ Main /home/basta/Projects/bakalarka-openfoam/bakalarka-openfoam/MHD_control_cooling/src/controllers/mpc_alter.jl:680
┌ Debug: AM Iteration 4/5
└ @ Main /home/basta/Projects/bakalarka-openfoam/bakalarka-openfoam/MHD_control_cooling/src/controllers/mpc_alter.jl:561
┌ Debug:   U-Step OK. Status: LOCALLY_SOLVED, Primal: FEASIBLE_POINT. New U norm: 0.2391
└ @ Main /home/basta/Projects/bakalarka-openfoam/bakalarka-openfoam/MHD_control_cooling/src/controllers/mpc_alter.jl:605
┌ Debug:   V-Step OK. Status: LOCALLY_SOLVED, Primal: FEASIBLE_POINT. New V norm: 1.1902
└ @ Main /home/basta/Projects/bakalarka-openfoam/bakalarka-openfoam/MHD_control_cooling/src/controllers/mpc_alter.jl:662
┌ Debug:   AM Iter 4 took 76.7 ms. U Status: LOCALLY_SOLVED, V Status: LOCALLY_SOLVED
└ @ Main /home/basta/Projects/bakalarka-openfoam/bakalarka-openfoam/MHD_control_cooling/src/controllers/mpc_alter.jl:680
┌ Debug: AM Iteration 5/5
└ @ Main /home/basta/Projects/bakalarka-openfoam/bakalarka-openfoam/MHD_control_cooling/src/controllers/mpc_alter.jl:561
┌ Debug:   U-Step OK. Status: LOCALLY_SOLVED, Primal: FEASIBLE_POINT. New U norm: 0.241
└ @ Main /home/basta/Projects/bakalarka-openfoam/bakalarka-openfoam/MHD_control_cooling/src/controllers/mpc_alter.jl:605
┌ Debug:   V-Step OK. Status: LOCALLY_SOLVED, Primal: FEASIBLE_POINT. New V norm: 1.199
└ @ Main /home/basta/Projects/bakalarka-openfoam/bakalarka-openfoam/MHD_control_cooling/src/controllers/mpc_alter.jl:662
┌ Debug:   AM Iter 5 took 43.82 ms. U Status: LOCALLY_SOLVED, V Status: LOCALLY_SOLVED
└ @ Main /home/basta/Projects/bakalarka-openfoam/bakalarka-openfoam/MHD_control_cooling/src/controllers/mpc_alter.jl:680
┌ Debug: AM finished after 5 iterations.
└ @ Main /home/basta/Projects/bakalarka-openfoam/bakalarka-openfoam/MHD_control_cooling/src/controllers/mpc_alter.jl:697
┌ Debug: Final U norm: 0.241, Final V norm: 1.199
└ @ Main /home/basta/Projects/bakalarka-openfoam/bakalarka-openfoam/MHD_control_cooling/src/controllers/mpc_alter.jl:698
┌ Debug: Physical Bounds Hit: U_min=false, U_max=false, V_min=false, V_max=false
└ @ Main /home/basta/Projects/bakalarka-openfoam/bakalarka-openfoam/MHD_control_cooling/src/controllers/mpc_alter.jl:704
┌ Debug: Storing effective theta_k (for next step): Norm=0.0635, First 5=[0.0365, -0.0, 0.0365, -0.0, -0.0]
└ @ Main /home/basta/Projects/bakalarka-openfoam/bakalarka-openfoam/MHD_control_cooling/src/controllers/mpc_alter.jl:733
┌ Info: Control action computed in 312.37 ms. Sending input u[1]=0.1021, v[1]=0.3575...
└ @ Main /home/basta/Projects/bakalarka-openfoam/bakalarka-openfoam/MHD_control_cooling/src/controllers/mpc_alter.jl:753
┌ Info: ("Sending input", [0.1020642257004818, -2.796976823630649e-8, 0.10206422592475073, -2.7893587434269794e-8, 0.3575288830107148, -9.729012053926401e-8, -9.721039549230594e-8, 0.25576662421222646])
└ @ Main /home/basta/Projects/bakalarka-openfoam/bakalarka-openfoam/MHD_control_cooling/src/scripts/sock_field_server.jl:287
┌ Debug: update_controller_state! called at time 74.14006. No action implemented.
└ @ Main /home/basta/Projects/bakalarka-openfoam/bakalarka-openfoam/MHD_control_cooling/src/controllers/mpc_alter.jl:763
┌ Debug: update_controller_state! called at time 74.14006. No action implemented.
└ @ Main /home/basta/Projects/bakalarka-openfoam/bakalarka-openfoam/MHD_control_cooling/src/controllers/mpc_alter.jl:763
┌ Debug: Raw Measurement 'wallheatflux' value: -0.593676375
└ @ Main /home/basta/Projects/bakalarka-openfoam/bakalarka-openfoam/MHD_control_cooling/src/controllers/mpc_alter.jl:455
┌ Debug: Centered Measurement yk: -0.593676375
└ @ Main /home/basta/Projects/bakalarka-openfoam/bakalarka-openfoam/MHD_control_cooling/src/controllers/mpc_alter.jl:458
┌ Debug: Constructed state xk[1:5] = [-0.5937, -0.5933, -0.593, -0.5926, -0.5922]... | Norm: 4.5609
└ @ Main /home/basta/Projects/bakalarka-openfoam/bakalarka-openfoam/MHD_control_cooling/src/controllers/mpc_alter.jl:504
┌ Debug: State error (output) xk[1]-xref[1]: 0.4063 | Full error norm: 14.7096
└ @ Main /home/basta/Projects/bakalarka-openfoam/bakalarka-openfoam/MHD_control_cooling/src/controllers/mpc_alter.jl:514
┌ Debug: State bounds check: any(l_st_k .> u_st_k) = false
└ @ Main /home/basta/Projects/bakalarka-openfoam/bakalarka-openfoam/MHD_control_cooling/src/controllers/mpc_alter.jl:515
┌ Debug: Warm starting U from previous solution (shifted).
└ @ Main /home/basta/Projects/bakalarka-openfoam/bakalarka-openfoam/MHD_control_cooling/src/controllers/mpc_alter.jl:528
┌ Debug: Warm starting V from previous solution (shifted).
└ @ Main /home/basta/Projects/bakalarka-openfoam/bakalarka-openfoam/MHD_control_cooling/src/controllers/mpc_alter.jl:537
┌ Debug: Initial U norm: 0.193, Initial V norm: 1.1155
└ @ Main /home/basta/Projects/bakalarka-openfoam/bakalarka-openfoam/MHD_control_cooling/src/controllers/mpc_alter.jl:544
┌ Debug: Using QP Regularization: 0.0001
└ @ Main /home/basta/Projects/bakalarka-openfoam/bakalarka-openfoam/MHD_control_cooling/src/controllers/mpc_alter.jl:549
┌ Debug: AM Iteration 1/5
└ @ Main /home/basta/Projects/bakalarka-openfoam/bakalarka-openfoam/MHD_control_cooling/src/controllers/mpc_alter.jl:561
┌ Debug:   U-Step OK. Status: LOCALLY_SOLVED, Primal: FEASIBLE_POINT. New U norm: 0.1947
└ @ Main /home/basta/Projects/bakalarka-openfoam/bakalarka-openfoam/MHD_control_cooling/src/controllers/mpc_alter.jl:605
┌ Debug:   V-Step OK. Status: LOCALLY_SOLVED, Primal: FEASIBLE_POINT. New V norm: 1.1372
└ @ Main /home/basta/Projects/bakalarka-openfoam/bakalarka-openfoam/MHD_control_cooling/src/controllers/mpc_alter.jl:662
┌ Debug:   AM Iter 1 took 41.99 ms. U Status: LOCALLY_SOLVED, V Status: LOCALLY_SOLVED
└ @ Main /home/basta/Projects/bakalarka-openfoam/bakalarka-openfoam/MHD_control_cooling/src/controllers/mpc_alter.jl:680
┌ Debug: AM Iteration 2/5
└ @ Main /home/basta/Projects/bakalarka-openfoam/bakalarka-openfoam/MHD_control_cooling/src/controllers/mpc_alter.jl:561
┌ Debug:   U-Step OK. Status: LOCALLY_SOLVED, Primal: FEASIBLE_POINT. New U norm: 0.1961
└ @ Main /home/basta/Projects/bakalarka-openfoam/bakalarka-openfoam/MHD_control_cooling/src/controllers/mpc_alter.jl:605
┌ Debug:   V-Step OK. Status: LOCALLY_SOLVED, Primal: FEASIBLE_POINT. New V norm: 1.146
└ @ Main /home/basta/Projects/bakalarka-openfoam/bakalarka-openfoam/MHD_control_cooling/src/controllers/mpc_alter.jl:662
┌ Debug:   AM Iter 2 took 47.6 ms. U Status: LOCALLY_SOLVED, V Status: LOCALLY_SOLVED
└ @ Main /home/basta/Projects/bakalarka-openfoam/bakalarka-openfoam/MHD_control_cooling/src/controllers/mpc_alter.jl:680
┌ Debug: AM Iteration 3/5
└ @ Main /home/basta/Projects/bakalarka-openfoam/bakalarka-openfoam/MHD_control_cooling/src/controllers/mpc_alter.jl:561
┌ Debug:   U-Step OK. Status: LOCALLY_SOLVED, Primal: FEASIBLE_POINT. New U norm: 0.1976
└ @ Main /home/basta/Projects/bakalarka-openfoam/bakalarka-openfoam/MHD_control_cooling/src/controllers/mpc_alter.jl:605
┌ Debug:   V-Step OK. Status: LOCALLY_SOLVED, Primal: FEASIBLE_POINT. New V norm: 1.155
└ @ Main /home/basta/Projects/bakalarka-openfoam/bakalarka-openfoam/MHD_control_cooling/src/controllers/mpc_alter.jl:662
┌ Debug:   AM Iter 3 took 40.23 ms. U Status: LOCALLY_SOLVED, V Status: LOCALLY_SOLVED
└ @ Main /home/basta/Projects/bakalarka-openfoam/bakalarka-openfoam/MHD_control_cooling/src/controllers/mpc_alter.jl:680
┌ Debug: AM Iteration 4/5
└ @ Main /home/basta/Projects/bakalarka-openfoam/bakalarka-openfoam/MHD_control_cooling/src/controllers/mpc_alter.jl:561
┌ Debug:   U-Step OK. Status: LOCALLY_SOLVED, Primal: FEASIBLE_POINT. New U norm: 0.199
└ @ Main /home/basta/Projects/bakalarka-openfoam/bakalarka-openfoam/MHD_control_cooling/src/controllers/mpc_alter.jl:605
┌ Debug:   V-Step OK. Status: LOCALLY_SOLVED, Primal: FEASIBLE_POINT. New V norm: 1.1643
└ @ Main /home/basta/Projects/bakalarka-openfoam/bakalarka-openfoam/MHD_control_cooling/src/controllers/mpc_alter.jl:662
┌ Debug:   AM Iter 4 took 35.71 ms. U Status: LOCALLY_SOLVED, V Status: LOCALLY_SOLVED
└ @ Main /home/basta/Projects/bakalarka-openfoam/bakalarka-openfoam/MHD_control_cooling/src/controllers/mpc_alter.jl:680
┌ Debug: AM Iteration 5/5
└ @ Main /home/basta/Projects/bakalarka-openfoam/bakalarka-openfoam/MHD_control_cooling/src/controllers/mpc_alter.jl:561
┌ Debug:   U-Step OK. Status: LOCALLY_SOLVED, Primal: FEASIBLE_POINT. New U norm: 0.2005
└ @ Main /home/basta/Projects/bakalarka-openfoam/bakalarka-openfoam/MHD_control_cooling/src/controllers/mpc_alter.jl:605
┌ Debug:   V-Step OK. Status: LOCALLY_SOLVED, Primal: FEASIBLE_POINT. New V norm: 1.174
└ @ Main /home/basta/Projects/bakalarka-openfoam/bakalarka-openfoam/MHD_control_cooling/src/controllers/mpc_alter.jl:662
┌ Debug:   AM Iter 5 took 63.13 ms. U Status: LOCALLY_SOLVED, V Status: LOCALLY_SOLVED
└ @ Main /home/basta/Projects/bakalarka-openfoam/bakalarka-openfoam/MHD_control_cooling/src/controllers/mpc_alter.jl:680
┌ Debug: AM finished after 5 iterations.
└ @ Main /home/basta/Projects/bakalarka-openfoam/bakalarka-openfoam/MHD_control_cooling/src/controllers/mpc_alter.jl:697
┌ Debug: Final U norm: 0.2005, Final V norm: 1.174
└ @ Main /home/basta/Projects/bakalarka-openfoam/bakalarka-openfoam/MHD_control_cooling/src/controllers/mpc_alter.jl:698
┌ Debug: Physical Bounds Hit: U_min=false, U_max=false, V_min=false, V_max=false
└ @ Main /home/basta/Projects/bakalarka-openfoam/bakalarka-openfoam/MHD_control_cooling/src/controllers/mpc_alter.jl:704
┌ Debug: Storing effective theta_k (for next step): Norm=0.0613, First 5=[0.034, -0.0, 0.034, -0.0, -0.0]
└ @ Main /home/basta/Projects/bakalarka-openfoam/bakalarka-openfoam/MHD_control_cooling/src/controllers/mpc_alter.jl:733
┌ Info: Control action computed in 260.89 ms. Sending input u[1]=0.0659, v[1]=0.5152...
└ @ Main /home/basta/Projects/bakalarka-openfoam/bakalarka-openfoam/MHD_control_cooling/src/controllers/mpc_alter.jl:753
┌ Info: ("Sending input", [0.06593130021452927, -1.9410017567445326e-8, 0.06593130035379167, -1.9374372357487425e-8, 0.5151978848605286, -1.506593512786295e-7, -1.5050024853257676e-7, 0.40894597330094495])
└ @ Main /home/basta/Projects/bakalarka-openfoam/bakalarka-openfoam/MHD_control_cooling/src/scripts/sock_field_server.jl:287
┌ Debug: update_controller_state! called at time 75.240059. No action implemented.
└ @ Main /home/basta/Projects/bakalarka-openfoam/bakalarka-openfoam/MHD_control_cooling/src/controllers/mpc_alter.jl:763
┌ Debug: update_controller_state! called at time 75.240059. No action implemented.
└ @ Main /home/basta/Projects/bakalarka-openfoam/bakalarka-openfoam/MHD_control_cooling/src/controllers/mpc_alter.jl:763
┌ Debug: Raw Measurement 'wallheatflux' value: -0.594070125
└ @ Main /home/basta/Projects/bakalarka-openfoam/bakalarka-openfoam/MHD_control_cooling/src/controllers/mpc_alter.jl:455
┌ Debug: Centered Measurement yk: -0.594070125
└ @ Main /home/basta/Projects/bakalarka-openfoam/bakalarka-openfoam/MHD_control_cooling/src/controllers/mpc_alter.jl:458
┌ Debug: Constructed state xk[1:5] = [-0.5941, -0.5937, -0.5933, -0.593, -0.5926]... | Norm: 4.5632
└ @ Main /home/basta/Projects/bakalarka-openfoam/bakalarka-openfoam/MHD_control_cooling/src/controllers/mpc_alter.jl:504
┌ Debug: State error (output) xk[1]-xref[1]: 0.4059 | Full error norm: 14.6682
└ @ Main /home/basta/Projects/bakalarka-openfoam/bakalarka-openfoam/MHD_control_cooling/src/controllers/mpc_alter.jl:514
┌ Debug: State bounds check: any(l_st_k .> u_st_k) = false
└ @ Main /home/basta/Projects/bakalarka-openfoam/bakalarka-openfoam/MHD_control_cooling/src/controllers/mpc_alter.jl:515
┌ Debug: Warm starting U from previous solution (shifted).
└ @ Main /home/basta/Projects/bakalarka-openfoam/bakalarka-openfoam/MHD_control_cooling/src/controllers/mpc_alter.jl:528
┌ Debug: Warm starting V from previous solution (shifted).
└ @ Main /home/basta/Projects/bakalarka-openfoam/bakalarka-openfoam/MHD_control_cooling/src/controllers/mpc_alter.jl:537
┌ Debug: Initial U norm: 0.1775, Initial V norm: 0.9724
└ @ Main /home/basta/Projects/bakalarka-openfoam/bakalarka-openfoam/MHD_control_cooling/src/controllers/mpc_alter.jl:544
┌ Debug: Using QP Regularization: 0.0001
└ @ Main /home/basta/Projects/bakalarka-openfoam/bakalarka-openfoam/MHD_control_cooling/src/controllers/mpc_alter.jl:549
┌ Debug: AM Iteration 1/5
└ @ Main /home/basta/Projects/bakalarka-openfoam/bakalarka-openfoam/MHD_control_cooling/src/controllers/mpc_alter.jl:561
┌ Debug:   U-Step OK. Status: LOCALLY_SOLVED, Primal: FEASIBLE_POINT. New U norm: 0.1789
└ @ Main /home/basta/Projects/bakalarka-openfoam/bakalarka-openfoam/MHD_control_cooling/src/controllers/mpc_alter.jl:605
┌ Debug:   V-Step OK. Status: LOCALLY_SOLVED, Primal: FEASIBLE_POINT. New V norm: 0.9851
└ @ Main /home/basta/Projects/bakalarka-openfoam/bakalarka-openfoam/MHD_control_cooling/src/controllers/mpc_alter.jl:662
┌ Debug:   AM Iter 1 took 38.6 ms. U Status: LOCALLY_SOLVED, V Status: LOCALLY_SOLVED
└ @ Main /home/basta/Projects/bakalarka-openfoam/bakalarka-openfoam/MHD_control_cooling/src/controllers/mpc_alter.jl:680
┌ Debug: AM Iteration 2/5
└ @ Main /home/basta/Projects/bakalarka-openfoam/bakalarka-openfoam/MHD_control_cooling/src/controllers/mpc_alter.jl:561
┌ Debug:   U-Step OK. Status: LOCALLY_SOLVED, Primal: FEASIBLE_POINT. New U norm: 0.1801
└ @ Main /home/basta/Projects/bakalarka-openfoam/bakalarka-openfoam/MHD_control_cooling/src/controllers/mpc_alter.jl:605
┌ Debug:   V-Step OK. Status: LOCALLY_SOLVED, Primal: FEASIBLE_POINT. New V norm: 0.9971
└ @ Main /home/basta/Projects/bakalarka-openfoam/bakalarka-openfoam/MHD_control_cooling/src/controllers/mpc_alter.jl:662
┌ Debug:   AM Iter 2 took 36.42 ms. U Status: LOCALLY_SOLVED, V Status: LOCALLY_SOLVED
└ @ Main /home/basta/Projects/bakalarka-openfoam/bakalarka-openfoam/MHD_control_cooling/src/controllers/mpc_alter.jl:680
┌ Debug: AM Iteration 3/5
└ @ Main /home/basta/Projects/bakalarka-openfoam/bakalarka-openfoam/MHD_control_cooling/src/controllers/mpc_alter.jl:561
┌ Debug:   U-Step OK. Status: LOCALLY_SOLVED, Primal: FEASIBLE_POINT. New U norm: 0.1813
└ @ Main /home/basta/Projects/bakalarka-openfoam/bakalarka-openfoam/MHD_control_cooling/src/controllers/mpc_alter.jl:605
┌ Debug:   V-Step OK. Status: LOCALLY_SOLVED, Primal: FEASIBLE_POINT. New V norm: 1.0092
└ @ Main /home/basta/Projects/bakalarka-openfoam/bakalarka-openfoam/MHD_control_cooling/src/controllers/mpc_alter.jl:662
┌ Debug:   AM Iter 3 took 36.76 ms. U Status: LOCALLY_SOLVED, V Status: LOCALLY_SOLVED
└ @ Main /home/basta/Projects/bakalarka-openfoam/bakalarka-openfoam/MHD_control_cooling/src/controllers/mpc_alter.jl:680
┌ Debug: AM Iteration 4/5
└ @ Main /home/basta/Projects/bakalarka-openfoam/bakalarka-openfoam/MHD_control_cooling/src/controllers/mpc_alter.jl:561
┌ Debug:   U-Step OK. Status: LOCALLY_SOLVED, Primal: FEASIBLE_POINT. New U norm: 0.1826
└ @ Main /home/basta/Projects/bakalarka-openfoam/bakalarka-openfoam/MHD_control_cooling/src/controllers/mpc_alter.jl:605
┌ Debug:   V-Step OK. Status: LOCALLY_SOLVED, Primal: FEASIBLE_POINT. New V norm: 1.0217
└ @ Main /home/basta/Projects/bakalarka-openfoam/bakalarka-openfoam/MHD_control_cooling/src/controllers/mpc_alter.jl:662
┌ Debug:   AM Iter 4 took 33.2 ms. U Status: LOCALLY_SOLVED, V Status: LOCALLY_SOLVED
└ @ Main /home/basta/Projects/bakalarka-openfoam/bakalarka-openfoam/MHD_control_cooling/src/controllers/mpc_alter.jl:680
┌ Debug: AM Iteration 5/5
└ @ Main /home/basta/Projects/bakalarka-openfoam/bakalarka-openfoam/MHD_control_cooling/src/controllers/mpc_alter.jl:561
┌ Debug:   U-Step OK. Status: LOCALLY_SOLVED, Primal: FEASIBLE_POINT. New U norm: 0.1838
└ @ Main /home/basta/Projects/bakalarka-openfoam/bakalarka-openfoam/MHD_control_cooling/src/controllers/mpc_alter.jl:605
┌ Debug:   V-Step OK. Status: LOCALLY_SOLVED, Primal: FEASIBLE_POINT. New V norm: 1.0344
└ @ Main /home/basta/Projects/bakalarka-openfoam/bakalarka-openfoam/MHD_control_cooling/src/controllers/mpc_alter.jl:662
┌ Debug:   AM Iter 5 took 34.06 ms. U Status: LOCALLY_SOLVED, V Status: LOCALLY_SOLVED
└ @ Main /home/basta/Projects/bakalarka-openfoam/bakalarka-openfoam/MHD_control_cooling/src/controllers/mpc_alter.jl:680
┌ Debug: AM finished after 5 iterations.
└ @ Main /home/basta/Projects/bakalarka-openfoam/bakalarka-openfoam/MHD_control_cooling/src/controllers/mpc_alter.jl:697
┌ Debug: Final U norm: 0.1838, Final V norm: 1.0344
└ @ Main /home/basta/Projects/bakalarka-openfoam/bakalarka-openfoam/MHD_control_cooling/src/controllers/mpc_alter.jl:698
┌ Debug: Physical Bounds Hit: U_min=false, U_max=false, V_min=false, V_max=false
└ @ Main /home/basta/Projects/bakalarka-openfoam/bakalarka-openfoam/MHD_control_cooling/src/controllers/mpc_alter.jl:704
┌ Debug: Storing effective theta_k (for next step): Norm=0.0726, First 5=[0.0438, -0.0, 0.0438, -0.0, -0.0]
└ @ Main /home/basta/Projects/bakalarka-openfoam/bakalarka-openfoam/MHD_control_cooling/src/controllers/mpc_alter.jl:733
┌ Info: Control action computed in 212.17 ms. Sending input u[1]=0.1232, v[1]=0.3555...
└ @ Main /home/basta/Projects/bakalarka-openfoam/bakalarka-openfoam/MHD_control_cooling/src/controllers/mpc_alter.jl:753
┌ Info: ("Sending input", [0.12320732451367572, -2.8125656202990744e-8, 0.12320732477972311, -2.7875909490062137e-8, 0.35554725989681857, -8.06150981480017e-8, -8.053429598630517e-8, 0.21707529361711514])
└ @ Main /home/basta/Projects/bakalarka-openfoam/bakalarka-openfoam/MHD_control_cooling/src/scripts/sock_field_server.jl:287
┌ Debug: update_controller_state! called at time 76.340065. No action implemented.
└ @ Main /home/basta/Projects/bakalarka-openfoam/bakalarka-openfoam/MHD_control_cooling/src/controllers/mpc_alter.jl:763
┌ Debug: update_controller_state! called at time 76.340065. No action implemented.
└ @ Main /home/basta/Projects/bakalarka-openfoam/bakalarka-openfoam/MHD_control_cooling/src/controllers/mpc_alter.jl:763
┌ Debug: Raw Measurement 'wallheatflux' value: -0.5945725625
└ @ Main /home/basta/Projects/bakalarka-openfoam/bakalarka-openfoam/MHD_control_cooling/src/controllers/mpc_alter.jl:455
┌ Debug: Centered Measurement yk: -0.5945725625
└ @ Main /home/basta/Projects/bakalarka-openfoam/bakalarka-openfoam/MHD_control_cooling/src/controllers/mpc_alter.jl:458
┌ Debug: Constructed state xk[1:5] = [-0.5946, -0.5941, -0.5937, -0.5933, -0.593]... | Norm: 4.5665
└ @ Main /home/basta/Projects/bakalarka-openfoam/bakalarka-openfoam/MHD_control_cooling/src/controllers/mpc_alter.jl:504
┌ Debug: State error (output) xk[1]-xref[1]: 0.4054 | Full error norm: 14.6669
└ @ Main /home/basta/Projects/bakalarka-openfoam/bakalarka-openfoam/MHD_control_cooling/src/controllers/mpc_alter.jl:514
┌ Debug: State bounds check: any(l_st_k .> u_st_k) = false
└ @ Main /home/basta/Projects/bakalarka-openfoam/bakalarka-openfoam/MHD_control_cooling/src/controllers/mpc_alter.jl:515
┌ Debug: Warm starting U from previous solution (shifted).
└ @ Main /home/basta/Projects/bakalarka-openfoam/bakalarka-openfoam/MHD_control_cooling/src/controllers/mpc_alter.jl:528
┌ Debug: Warm starting V from previous solution (shifted).
└ @ Main /home/basta/Projects/bakalarka-openfoam/bakalarka-openfoam/MHD_control_cooling/src/controllers/mpc_alter.jl:537
┌ Debug: Initial U norm: 0.0585, Initial V norm: 0.9468
└ @ Main /home/basta/Projects/bakalarka-openfoam/bakalarka-openfoam/MHD_control_cooling/src/controllers/mpc_alter.jl:544
┌ Debug: Using QP Regularization: 0.0001
└ @ Main /home/basta/Projects/bakalarka-openfoam/bakalarka-openfoam/MHD_control_cooling/src/controllers/mpc_alter.jl:549
┌ Debug: AM Iteration 1/5
└ @ Main /home/basta/Projects/bakalarka-openfoam/bakalarka-openfoam/MHD_control_cooling/src/controllers/mpc_alter.jl:561
┌ Debug:   U-Step OK. Status: LOCALLY_SOLVED, Primal: FEASIBLE_POINT. New U norm: 0.059
└ @ Main /home/basta/Projects/bakalarka-openfoam/bakalarka-openfoam/MHD_control_cooling/src/controllers/mpc_alter.jl:605
┌ Debug:   V-Step OK. Status: LOCALLY_SOLVED, Primal: FEASIBLE_POINT. New V norm: 0.9625
└ @ Main /home/basta/Projects/bakalarka-openfoam/bakalarka-openfoam/MHD_control_cooling/src/controllers/mpc_alter.jl:662
┌ Debug:   AM Iter 1 took 34.3 ms. U Status: LOCALLY_SOLVED, V Status: LOCALLY_SOLVED
└ @ Main /home/basta/Projects/bakalarka-openfoam/bakalarka-openfoam/MHD_control_cooling/src/controllers/mpc_alter.jl:680
┌ Debug: AM Iteration 2/5
└ @ Main /home/basta/Projects/bakalarka-openfoam/bakalarka-openfoam/MHD_control_cooling/src/controllers/mpc_alter.jl:561
┌ Debug:   U-Step OK. Status: LOCALLY_SOLVED, Primal: FEASIBLE_POINT. New U norm: 0.0593
└ @ Main /home/basta/Projects/bakalarka-openfoam/bakalarka-openfoam/MHD_control_cooling/src/controllers/mpc_alter.jl:605
┌ Debug:   V-Step OK. Status: LOCALLY_SOLVED, Primal: FEASIBLE_POINT. New V norm: 0.9788
└ @ Main /home/basta/Projects/bakalarka-openfoam/bakalarka-openfoam/MHD_control_cooling/src/controllers/mpc_alter.jl:662
┌ Debug:   AM Iter 2 took 33.15 ms. U Status: LOCALLY_SOLVED, V Status: LOCALLY_SOLVED
└ @ Main /home/basta/Projects/bakalarka-openfoam/bakalarka-openfoam/MHD_control_cooling/src/controllers/mpc_alter.jl:680
┌ Debug: AM Iteration 3/5
└ @ Main /home/basta/Projects/bakalarka-openfoam/bakalarka-openfoam/MHD_control_cooling/src/controllers/mpc_alter.jl:561
┌ Debug:   U-Step OK. Status: LOCALLY_SOLVED, Primal: FEASIBLE_POINT. New U norm: 0.0597
└ @ Main /home/basta/Projects/bakalarka-openfoam/bakalarka-openfoam/MHD_control_cooling/src/controllers/mpc_alter.jl:605
┌ Debug:   V-Step OK. Status: LOCALLY_SOLVED, Primal: FEASIBLE_POINT. New V norm: 0.9956
└ @ Main /home/basta/Projects/bakalarka-openfoam/bakalarka-openfoam/MHD_control_cooling/src/controllers/mpc_alter.jl:662
┌ Debug:   AM Iter 3 took 32.13 ms. U Status: LOCALLY_SOLVED, V Status: LOCALLY_SOLVED
└ @ Main /home/basta/Projects/bakalarka-openfoam/bakalarka-openfoam/MHD_control_cooling/src/controllers/mpc_alter.jl:680
┌ Debug: AM Iteration 4/5
└ @ Main /home/basta/Projects/bakalarka-openfoam/bakalarka-openfoam/MHD_control_cooling/src/controllers/mpc_alter.jl:561
┌ Debug:   U-Step OK. Status: LOCALLY_SOLVED, Primal: FEASIBLE_POINT. New U norm: 0.0601
└ @ Main /home/basta/Projects/bakalarka-openfoam/bakalarka-openfoam/MHD_control_cooling/src/controllers/mpc_alter.jl:605
┌ Debug:   V-Step OK. Status: LOCALLY_SOLVED, Primal: FEASIBLE_POINT. New V norm: 1.0131
└ @ Main /home/basta/Projects/bakalarka-openfoam/bakalarka-openfoam/MHD_control_cooling/src/controllers/mpc_alter.jl:662
┌ Debug:   AM Iter 4 took 29.79 ms. U Status: LOCALLY_SOLVED, V Status: LOCALLY_SOLVED
└ @ Main /home/basta/Projects/bakalarka-openfoam/bakalarka-openfoam/MHD_control_cooling/src/controllers/mpc_alter.jl:680
┌ Debug: AM Iteration 5/5
└ @ Main /home/basta/Projects/bakalarka-openfoam/bakalarka-openfoam/MHD_control_cooling/src/controllers/mpc_alter.jl:561
┌ Debug:   U-Step OK. Status: LOCALLY_SOLVED, Primal: FEASIBLE_POINT. New U norm: 0.0602
└ @ Main /home/basta/Projects/bakalarka-openfoam/bakalarka-openfoam/MHD_control_cooling/src/controllers/mpc_alter.jl:605
┌ Debug:   V-Step OK. Status: LOCALLY_SOLVED, Primal: FEASIBLE_POINT. New V norm: 1.0314
└ @ Main /home/basta/Projects/bakalarka-openfoam/bakalarka-openfoam/MHD_control_cooling/src/controllers/mpc_alter.jl:662
┌ Debug:   AM Iter 5 took 68.05 ms. U Status: LOCALLY_SOLVED, V Status: LOCALLY_SOLVED
└ @ Main /home/basta/Projects/bakalarka-openfoam/bakalarka-openfoam/MHD_control_cooling/src/controllers/mpc_alter.jl:680
┌ Debug: AM finished after 5 iterations.
└ @ Main /home/basta/Projects/bakalarka-openfoam/bakalarka-openfoam/MHD_control_cooling/src/controllers/mpc_alter.jl:697
┌ Debug: Final U norm: 0.0602, Final V norm: 1.0314
└ @ Main /home/basta/Projects/bakalarka-openfoam/bakalarka-openfoam/MHD_control_cooling/src/controllers/mpc_alter.jl:698
┌ Debug: Physical Bounds Hit: U_min=false, U_max=false, V_min=false, V_max=false
└ @ Main /home/basta/Projects/bakalarka-openfoam/bakalarka-openfoam/MHD_control_cooling/src/controllers/mpc_alter.jl:704
┌ Debug: Storing effective theta_k (for next step): Norm=0.023, First 5=[0.0115, -0.0, 0.0115, -0.0, -0.0]
└ @ Main /home/basta/Projects/bakalarka-openfoam/bakalarka-openfoam/MHD_control_cooling/src/controllers/mpc_alter.jl:733
┌ Info: Control action computed in 234.94 ms. Sending input u[1]=0.0342, v[1]=0.3366...
└ @ Main /home/basta/Projects/bakalarka-openfoam/bakalarka-openfoam/MHD_control_cooling/src/controllers/mpc_alter.jl:753
┌ Info: ("Sending input", [0.034232663913853545, -2.971006755409454e-8, 0.03423266397983378, -2.9658517574724675e-8, 0.33658624231822215, -2.9141014867586526e-7, -2.913004545889721e-7, 0.33658624198788145])
└ @ Main /home/basta/Projects/bakalarka-openfoam/bakalarka-openfoam/MHD_control_cooling/src/scripts/sock_field_server.jl:287
┌ Debug: update_controller_state! called at time 77.440063. No action implemented.
└ @ Main /home/basta/Projects/bakalarka-openfoam/bakalarka-openfoam/MHD_control_cooling/src/controllers/mpc_alter.jl:763
┌ Debug: update_controller_state! called at time 77.440063. No action implemented.
└ @ Main /home/basta/Projects/bakalarka-openfoam/bakalarka-openfoam/MHD_control_cooling/src/controllers/mpc_alter.jl:763
┌ Debug: Raw Measurement 'wallheatflux' value: -0.5951755625
└ @ Main /home/basta/Projects/bakalarka-openfoam/bakalarka-openfoam/MHD_control_cooling/src/controllers/mpc_alter.jl:455
┌ Debug: Centered Measurement yk: -0.5951755625
└ @ Main /home/basta/Projects/bakalarka-openfoam/bakalarka-openfoam/MHD_control_cooling/src/controllers/mpc_alter.jl:458
┌ Debug: Constructed state xk[1:5] = [-0.5952, -0.5946, -0.5941, -0.5937, -0.5933]... | Norm: 4.5686
└ @ Main /home/basta/Projects/bakalarka-openfoam/bakalarka-openfoam/MHD_control_cooling/src/controllers/mpc_alter.jl:504
┌ Debug: State error (output) xk[1]-xref[1]: 0.4048 | Full error norm: 14.6138
└ @ Main /home/basta/Projects/bakalarka-openfoam/bakalarka-openfoam/MHD_control_cooling/src/controllers/mpc_alter.jl:514
┌ Debug: State bounds check: any(l_st_k .> u_st_k) = false
└ @ Main /home/basta/Projects/bakalarka-openfoam/bakalarka-openfoam/MHD_control_cooling/src/controllers/mpc_alter.jl:515
┌ Debug: Warm starting U from previous solution (shifted).
└ @ Main /home/basta/Projects/bakalarka-openfoam/bakalarka-openfoam/MHD_control_cooling/src/controllers/mpc_alter.jl:528
┌ Debug: Warm starting V from previous solution (shifted).
└ @ Main /home/basta/Projects/bakalarka-openfoam/bakalarka-openfoam/MHD_control_cooling/src/controllers/mpc_alter.jl:537
┌ Debug: Initial U norm: 0.0358, Initial V norm: 0.9149
└ @ Main /home/basta/Projects/bakalarka-openfoam/bakalarka-openfoam/MHD_control_cooling/src/controllers/mpc_alter.jl:544
┌ Debug: Using QP Regularization: 0.0001
└ @ Main /home/basta/Projects/bakalarka-openfoam/bakalarka-openfoam/MHD_control_cooling/src/controllers/mpc_alter.jl:549
┌ Debug: AM Iteration 1/5
└ @ Main /home/basta/Projects/bakalarka-openfoam/bakalarka-openfoam/MHD_control_cooling/src/controllers/mpc_alter.jl:561
┌ Debug:   U-Step OK. Status: LOCALLY_SOLVED, Primal: FEASIBLE_POINT. New U norm: 0.0358
└ @ Main /home/basta/Projects/bakalarka-openfoam/bakalarka-openfoam/MHD_control_cooling/src/controllers/mpc_alter.jl:605
┌ Debug:   V-Step OK. Status: LOCALLY_SOLVED, Primal: FEASIBLE_POINT. New V norm: 0.9364
└ @ Main /home/basta/Projects/bakalarka-openfoam/bakalarka-openfoam/MHD_control_cooling/src/controllers/mpc_alter.jl:662
┌ Debug:   AM Iter 1 took 23.59 ms. U Status: LOCALLY_SOLVED, V Status: LOCALLY_SOLVED
└ @ Main /home/basta/Projects/bakalarka-openfoam/bakalarka-openfoam/MHD_control_cooling/src/controllers/mpc_alter.jl:680
┌ Debug: AM Iteration 2/5
└ @ Main /home/basta/Projects/bakalarka-openfoam/bakalarka-openfoam/MHD_control_cooling/src/controllers/mpc_alter.jl:561
┌ Debug:   U-Step OK. Status: LOCALLY_SOLVED, Primal: FEASIBLE_POINT. New U norm: 0.036
└ @ Main /home/basta/Projects/bakalarka-openfoam/bakalarka-openfoam/MHD_control_cooling/src/controllers/mpc_alter.jl:605
┌ Debug:   V-Step OK. Status: LOCALLY_SOLVED, Primal: FEASIBLE_POINT. New V norm: 0.9588
└ @ Main /home/basta/Projects/bakalarka-openfoam/bakalarka-openfoam/MHD_control_cooling/src/controllers/mpc_alter.jl:662
┌ Debug:   AM Iter 2 took 18.76 ms. U Status: LOCALLY_SOLVED, V Status: LOCALLY_SOLVED
└ @ Main /home/basta/Projects/bakalarka-openfoam/bakalarka-openfoam/MHD_control_cooling/src/controllers/mpc_alter.jl:680
┌ Debug: AM Iteration 3/5
└ @ Main /home/basta/Projects/bakalarka-openfoam/bakalarka-openfoam/MHD_control_cooling/src/controllers/mpc_alter.jl:561
┌ Debug:   U-Step OK. Status: LOCALLY_SOLVED, Primal: FEASIBLE_POINT. New U norm: 0.0362
└ @ Main /home/basta/Projects/bakalarka-openfoam/bakalarka-openfoam/MHD_control_cooling/src/controllers/mpc_alter.jl:605
┌ Debug:   V-Step OK. Status: LOCALLY_SOLVED, Primal: FEASIBLE_POINT. New V norm: 0.9821
└ @ Main /home/basta/Projects/bakalarka-openfoam/bakalarka-openfoam/MHD_control_cooling/src/controllers/mpc_alter.jl:662
┌ Debug:   AM Iter 3 took 20.95 ms. U Status: LOCALLY_SOLVED, V Status: LOCALLY_SOLVED
└ @ Main /home/basta/Projects/bakalarka-openfoam/bakalarka-openfoam/MHD_control_cooling/src/controllers/mpc_alter.jl:680
┌ Debug: AM Iteration 4/5
└ @ Main /home/basta/Projects/bakalarka-openfoam/bakalarka-openfoam/MHD_control_cooling/src/controllers/mpc_alter.jl:561
┌ Debug:   U-Step OK. Status: LOCALLY_SOLVED, Primal: FEASIBLE_POINT. New U norm: 0.0363
└ @ Main /home/basta/Projects/bakalarka-openfoam/bakalarka-openfoam/MHD_control_cooling/src/controllers/mpc_alter.jl:605
┌ Debug:   V-Step OK. Status: LOCALLY_SOLVED, Primal: FEASIBLE_POINT. New V norm: 1.0062
└ @ Main /home/basta/Projects/bakalarka-openfoam/bakalarka-openfoam/MHD_control_cooling/src/controllers/mpc_alter.jl:662
┌ Debug:   AM Iter 4 took 22.2 ms. U Status: LOCALLY_SOLVED, V Status: LOCALLY_SOLVED
└ @ Main /home/basta/Projects/bakalarka-openfoam/bakalarka-openfoam/MHD_control_cooling/src/controllers/mpc_alter.jl:680
┌ Debug: AM Iteration 5/5
└ @ Main /home/basta/Projects/bakalarka-openfoam/bakalarka-openfoam/MHD_control_cooling/src/controllers/mpc_alter.jl:561
┌ Debug:   U-Step OK. Status: LOCALLY_SOLVED, Primal: FEASIBLE_POINT. New U norm: 0.0365
└ @ Main /home/basta/Projects/bakalarka-openfoam/bakalarka-openfoam/MHD_control_cooling/src/controllers/mpc_alter.jl:605
┌ Debug:   V-Step OK. Status: LOCALLY_SOLVED, Primal: FEASIBLE_POINT. New V norm: 1.0315
└ @ Main /home/basta/Projects/bakalarka-openfoam/bakalarka-openfoam/MHD_control_cooling/src/controllers/mpc_alter.jl:662
┌ Debug:   AM Iter 5 took 22.31 ms. U Status: LOCALLY_SOLVED, V Status: LOCALLY_SOLVED
└ @ Main /home/basta/Projects/bakalarka-openfoam/bakalarka-openfoam/MHD_control_cooling/src/controllers/mpc_alter.jl:680
┌ Debug: AM finished after 5 iterations.
└ @ Main /home/basta/Projects/bakalarka-openfoam/bakalarka-openfoam/MHD_control_cooling/src/controllers/mpc_alter.jl:697
┌ Debug: Final U norm: 0.0365, Final V norm: 1.0315
└ @ Main /home/basta/Projects/bakalarka-openfoam/bakalarka-openfoam/MHD_control_cooling/src/controllers/mpc_alter.jl:698
┌ Debug: Physical Bounds Hit: U_min=false, U_max=false, V_min=false, V_max=false
└ @ Main /home/basta/Projects/bakalarka-openfoam/bakalarka-openfoam/MHD_control_cooling/src/controllers/mpc_alter.jl:704
┌ Debug: Storing effective theta_k (for next step): Norm=0.0376, First 5=[0.0154, 0.0154, -0.0, 0.0154, -0.0]
└ @ Main /home/basta/Projects/bakalarka-openfoam/bakalarka-openfoam/MHD_control_cooling/src/controllers/mpc_alter.jl:733
┌ Info: Control action computed in 142.52 ms. Sending input u[1]=0.0211, v[1]=0.7294...
└ @ Main /home/basta/Projects/bakalarka-openfoam/bakalarka-openfoam/MHD_control_cooling/src/controllers/mpc_alter.jl:753
┌ Info: ("Sending input", [0.02106555578161817, 0.021065555532725676, -1.3710713454103443e-8, 0.021065555678770487, 0.7293545591726975, -4.737952242319301e-7, 0.7293566473569624, -4.7392193392614923e-7])
└ @ Main /home/basta/Projects/bakalarka-openfoam/bakalarka-openfoam/MHD_control_cooling/src/scripts/sock_field_server.jl:287
┌ Debug: update_controller_state! called at time 78.540062. No action implemented.
└ @ Main /home/basta/Projects/bakalarka-openfoam/bakalarka-openfoam/MHD_control_cooling/src/controllers/mpc_alter.jl:763
┌ Debug: update_controller_state! called at time 78.540062. No action implemented.
└ @ Main /home/basta/Projects/bakalarka-openfoam/bakalarka-openfoam/MHD_control_cooling/src/controllers/mpc_alter.jl:763
┌ Debug: Raw Measurement 'wallheatflux' value: -0.59582525
└ @ Main /home/basta/Projects/bakalarka-openfoam/bakalarka-openfoam/MHD_control_cooling/src/controllers/mpc_alter.jl:455
┌ Debug: Centered Measurement yk: -0.59582525
└ @ Main /home/basta/Projects/bakalarka-openfoam/bakalarka-openfoam/MHD_control_cooling/src/controllers/mpc_alter.jl:458
┌ Debug: Constructed state xk[1:5] = [-0.5958, -0.5952, -0.5946, -0.5941, -0.5937]... | Norm: 4.5719
└ @ Main /home/basta/Projects/bakalarka-openfoam/bakalarka-openfoam/MHD_control_cooling/src/controllers/mpc_alter.jl:504
┌ Debug: State error (output) xk[1]-xref[1]: 0.4042 | Full error norm: 14.589
└ @ Main /home/basta/Projects/bakalarka-openfoam/bakalarka-openfoam/MHD_control_cooling/src/controllers/mpc_alter.jl:514
┌ Debug: State bounds check: any(l_st_k .> u_st_k) = false
└ @ Main /home/basta/Projects/bakalarka-openfoam/bakalarka-openfoam/MHD_control_cooling/src/controllers/mpc_alter.jl:515
┌ Debug: Warm starting U from previous solution (shifted).
└ @ Main /home/basta/Projects/bakalarka-openfoam/bakalarka-openfoam/MHD_control_cooling/src/controllers/mpc_alter.jl:528
┌ Debug: Warm starting V from previous solution (shifted).
└ @ Main /home/basta/Projects/bakalarka-openfoam/bakalarka-openfoam/MHD_control_cooling/src/controllers/mpc_alter.jl:537
┌ Debug: Initial U norm: 0.0, Initial V norm: 0.0
└ @ Main /home/basta/Projects/bakalarka-openfoam/bakalarka-openfoam/MHD_control_cooling/src/controllers/mpc_alter.jl:544
┌ Debug: Using QP Regularization: 0.0001
└ @ Main /home/basta/Projects/bakalarka-openfoam/bakalarka-openfoam/MHD_control_cooling/src/controllers/mpc_alter.jl:549
┌ Debug: AM Iteration 1/5
└ @ Main /home/basta/Projects/bakalarka-openfoam/bakalarka-openfoam/MHD_control_cooling/src/controllers/mpc_alter.jl:561
┌ Debug:   U-Step OK. Status: LOCALLY_SOLVED, Primal: FEASIBLE_POINT. New U norm: 0.0
└ @ Main /home/basta/Projects/bakalarka-openfoam/bakalarka-openfoam/MHD_control_cooling/src/controllers/mpc_alter.jl:605
┌ Debug:   V-Step OK. Status: LOCALLY_SOLVED, Primal: FEASIBLE_POINT. New V norm: 0.0
└ @ Main /home/basta/Projects/bakalarka-openfoam/bakalarka-openfoam/MHD_control_cooling/src/controllers/mpc_alter.jl:662
┌ Debug:   AM Iter 1 took 10.69 ms. U Status: LOCALLY_SOLVED, V Status: LOCALLY_SOLVED
└ @ Main /home/basta/Projects/bakalarka-openfoam/bakalarka-openfoam/MHD_control_cooling/src/controllers/mpc_alter.jl:680
┌ Debug: AM Iteration 2/5
└ @ Main /home/basta/Projects/bakalarka-openfoam/bakalarka-openfoam/MHD_control_cooling/src/controllers/mpc_alter.jl:561
┌ Debug:   U-Step OK. Status: LOCALLY_SOLVED, Primal: FEASIBLE_POINT. New U norm: 0.0
└ @ Main /home/basta/Projects/bakalarka-openfoam/bakalarka-openfoam/MHD_control_cooling/src/controllers/mpc_alter.jl:605
┌ Debug:   V-Step OK. Status: LOCALLY_SOLVED, Primal: FEASIBLE_POINT. New V norm: 0.0
└ @ Main /home/basta/Projects/bakalarka-openfoam/bakalarka-openfoam/MHD_control_cooling/src/controllers/mpc_alter.jl:662
┌ Debug:   AM Iter 2 took 9.06 ms. U Status: LOCALLY_SOLVED, V Status: LOCALLY_SOLVED
└ @ Main /home/basta/Projects/bakalarka-openfoam/bakalarka-openfoam/MHD_control_cooling/src/controllers/mpc_alter.jl:680
┌ Debug: AM Iteration 3/5
└ @ Main /home/basta/Projects/bakalarka-openfoam/bakalarka-openfoam/MHD_control_cooling/src/controllers/mpc_alter.jl:561
┌ Debug:   U-Step OK. Status: LOCALLY_SOLVED, Primal: FEASIBLE_POINT. New U norm: 0.0
└ @ Main /home/basta/Projects/bakalarka-openfoam/bakalarka-openfoam/MHD_control_cooling/src/controllers/mpc_alter.jl:605
┌ Debug:   V-Step OK. Status: LOCALLY_SOLVED, Primal: FEASIBLE_POINT. New V norm: 0.0
└ @ Main /home/basta/Projects/bakalarka-openfoam/bakalarka-openfoam/MHD_control_cooling/src/controllers/mpc_alter.jl:662
┌ Debug:   AM Iter 3 took 9.11 ms. U Status: LOCALLY_SOLVED, V Status: LOCALLY_SOLVED
└ @ Main /home/basta/Projects/bakalarka-openfoam/bakalarka-openfoam/MHD_control_cooling/src/controllers/mpc_alter.jl:680
┌ Debug: AM Iteration 4/5
└ @ Main /home/basta/Projects/bakalarka-openfoam/bakalarka-openfoam/MHD_control_cooling/src/controllers/mpc_alter.jl:561
┌ Debug:   U-Step OK. Status: LOCALLY_SOLVED, Primal: FEASIBLE_POINT. New U norm: 0.0
└ @ Main /home/basta/Projects/bakalarka-openfoam/bakalarka-openfoam/MHD_control_cooling/src/controllers/mpc_alter.jl:605
┌ Debug:   V-Step OK. Status: LOCALLY_SOLVED, Primal: FEASIBLE_POINT. New V norm: 0.0
└ @ Main /home/basta/Projects/bakalarka-openfoam/bakalarka-openfoam/MHD_control_cooling/src/controllers/mpc_alter.jl:662
┌ Debug:   AM Iter 4 took 12.22 ms. U Status: LOCALLY_SOLVED, V Status: LOCALLY_SOLVED
└ @ Main /home/basta/Projects/bakalarka-openfoam/bakalarka-openfoam/MHD_control_cooling/src/controllers/mpc_alter.jl:680
┌ Debug: AM Iteration 5/5
└ @ Main /home/basta/Projects/bakalarka-openfoam/bakalarka-openfoam/MHD_control_cooling/src/controllers/mpc_alter.jl:561
┌ Debug:   U-Step OK. Status: LOCALLY_SOLVED, Primal: FEASIBLE_POINT. New U norm: 0.0
└ @ Main /home/basta/Projects/bakalarka-openfoam/bakalarka-openfoam/MHD_control_cooling/src/controllers/mpc_alter.jl:605
┌ Debug:   V-Step OK. Status: LOCALLY_SOLVED, Primal: FEASIBLE_POINT. New V norm: 0.0
└ @ Main /home/basta/Projects/bakalarka-openfoam/bakalarka-openfoam/MHD_control_cooling/src/controllers/mpc_alter.jl:662
┌ Debug:   AM Iter 5 took 13.35 ms. U Status: LOCALLY_SOLVED, V Status: LOCALLY_SOLVED
└ @ Main /home/basta/Projects/bakalarka-openfoam/bakalarka-openfoam/MHD_control_cooling/src/controllers/mpc_alter.jl:680
┌ Debug: AM finished after 5 iterations.
└ @ Main /home/basta/Projects/bakalarka-openfoam/bakalarka-openfoam/MHD_control_cooling/src/controllers/mpc_alter.jl:697
┌ Debug: Final U norm: 0.0, Final V norm: 0.0
└ @ Main /home/basta/Projects/bakalarka-openfoam/bakalarka-openfoam/MHD_control_cooling/src/controllers/mpc_alter.jl:698
┌ Debug: Physical Bounds Hit: U_min=false, U_max=false, V_min=false, V_max=false
└ @ Main /home/basta/Projects/bakalarka-openfoam/bakalarka-openfoam/MHD_control_cooling/src/controllers/mpc_alter.jl:704
┌ Debug: Storing effective theta_k (for next step): Norm=0.0, First 5=[0.0, 0.0, 0.0, 0.0, 0.0]
└ @ Main /home/basta/Projects/bakalarka-openfoam/bakalarka-openfoam/MHD_control_cooling/src/controllers/mpc_alter.jl:733
┌ Info: Control action computed in 86.06 ms. Sending input u[1]=0.0, v[1]=0.0...
└ @ Main /home/basta/Projects/bakalarka-openfoam/bakalarka-openfoam/MHD_control_cooling/src/controllers/mpc_alter.jl:753
┌ Info: ("Sending input", [0.0, 0.0, 0.0, 0.0, 0.0, 0.0, 0.0, 0.0])
└ @ Main /home/basta/Projects/bakalarka-openfoam/bakalarka-openfoam/MHD_control_cooling/src/scripts/sock_field_server.jl:287
┌ Debug: update_controller_state! called at time 79.64006. No action implemented.
└ @ Main /home/basta/Projects/bakalarka-openfoam/bakalarka-openfoam/MHD_control_cooling/src/controllers/mpc_alter.jl:763
┌ Debug: update_controller_state! called at time 79.64006. No action implemented.
└ @ Main /home/basta/Projects/bakalarka-openfoam/bakalarka-openfoam/MHD_control_cooling/src/controllers/mpc_alter.jl:763
┌ Debug: Raw Measurement 'wallheatflux' value: -0.5964333125
└ @ Main /home/basta/Projects/bakalarka-openfoam/bakalarka-openfoam/MHD_control_cooling/src/controllers/mpc_alter.jl:455
┌ Debug: Centered Measurement yk: -0.5964333125
└ @ Main /home/basta/Projects/bakalarka-openfoam/bakalarka-openfoam/MHD_control_cooling/src/controllers/mpc_alter.jl:458
┌ Debug: Constructed state xk[1:5] = [-0.5964, -0.5958, -0.5952, -0.5946, -0.5941]... | Norm: 4.5745
└ @ Main /home/basta/Projects/bakalarka-openfoam/bakalarka-openfoam/MHD_control_cooling/src/controllers/mpc_alter.jl:504
┌ Debug: State error (output) xk[1]-xref[1]: 0.4036 | Full error norm: 14.5529
└ @ Main /home/basta/Projects/bakalarka-openfoam/bakalarka-openfoam/MHD_control_cooling/src/controllers/mpc_alter.jl:514
┌ Debug: State bounds check: any(l_st_k .> u_st_k) = false
└ @ Main /home/basta/Projects/bakalarka-openfoam/bakalarka-openfoam/MHD_control_cooling/src/controllers/mpc_alter.jl:515
┌ Debug: Initializing U randomly.
└ @ Main /home/basta/Projects/bakalarka-openfoam/bakalarka-openfoam/MHD_control_cooling/src/controllers/mpc_alter.jl:531
┌ Debug: Initializing V randomly.
└ @ Main /home/basta/Projects/bakalarka-openfoam/bakalarka-openfoam/MHD_control_cooling/src/controllers/mpc_alter.jl:540
┌ Debug: Initial U norm: 1.3645, Initial V norm: 1.4229
└ @ Main /home/basta/Projects/bakalarka-openfoam/bakalarka-openfoam/MHD_control_cooling/src/controllers/mpc_alter.jl:544
┌ Debug: Using QP Regularization: 0.0001
└ @ Main /home/basta/Projects/bakalarka-openfoam/bakalarka-openfoam/MHD_control_cooling/src/controllers/mpc_alter.jl:549
┌ Debug: AM Iteration 1/5
└ @ Main /home/basta/Projects/bakalarka-openfoam/bakalarka-openfoam/MHD_control_cooling/src/controllers/mpc_alter.jl:561
┌ Debug:   U-Step OK. Status: LOCALLY_SOLVED, Primal: FEASIBLE_POINT. New U norm: 0.1695
└ @ Main /home/basta/Projects/bakalarka-openfoam/bakalarka-openfoam/MHD_control_cooling/src/controllers/mpc_alter.jl:605
┌ Debug:   V-Step OK. Status: LOCALLY_SOLVED, Primal: FEASIBLE_POINT. New V norm: 1.2694
└ @ Main /home/basta/Projects/bakalarka-openfoam/bakalarka-openfoam/MHD_control_cooling/src/controllers/mpc_alter.jl:662
┌ Debug:   AM Iter 1 took 45.46 ms. U Status: LOCALLY_SOLVED, V Status: LOCALLY_SOLVED
└ @ Main /home/basta/Projects/bakalarka-openfoam/bakalarka-openfoam/MHD_control_cooling/src/controllers/mpc_alter.jl:680
┌ Debug: AM Iteration 2/5
└ @ Main /home/basta/Projects/bakalarka-openfoam/bakalarka-openfoam/MHD_control_cooling/src/controllers/mpc_alter.jl:561
┌ Debug:   U-Step OK. Status: LOCALLY_SOLVED, Primal: FEASIBLE_POINT. New U norm: 0.2097
└ @ Main /home/basta/Projects/bakalarka-openfoam/bakalarka-openfoam/MHD_control_cooling/src/controllers/mpc_alter.jl:605
┌ Debug:   V-Step OK. Status: LOCALLY_SOLVED, Primal: FEASIBLE_POINT. New V norm: 1.495
└ @ Main /home/basta/Projects/bakalarka-openfoam/bakalarka-openfoam/MHD_control_cooling/src/controllers/mpc_alter.jl:662
┌ Debug:   AM Iter 2 took 51.63 ms. U Status: LOCALLY_SOLVED, V Status: LOCALLY_SOLVED
└ @ Main /home/basta/Projects/bakalarka-openfoam/bakalarka-openfoam/MHD_control_cooling/src/controllers/mpc_alter.jl:680
┌ Debug: AM Iteration 3/5
└ @ Main /home/basta/Projects/bakalarka-openfoam/bakalarka-openfoam/MHD_control_cooling/src/controllers/mpc_alter.jl:561
┌ Debug:   U-Step OK. Status: LOCALLY_SOLVED, Primal: FEASIBLE_POINT. New U norm: 0.2139
└ @ Main /home/basta/Projects/bakalarka-openfoam/bakalarka-openfoam/MHD_control_cooling/src/controllers/mpc_alter.jl:605
┌ Debug:   V-Step OK. Status: LOCALLY_SOLVED, Primal: FEASIBLE_POINT. New V norm: 1.4615
└ @ Main /home/basta/Projects/bakalarka-openfoam/bakalarka-openfoam/MHD_control_cooling/src/controllers/mpc_alter.jl:662
┌ Debug:   AM Iter 3 took 44.6 ms. U Status: LOCALLY_SOLVED, V Status: LOCALLY_SOLVED
└ @ Main /home/basta/Projects/bakalarka-openfoam/bakalarka-openfoam/MHD_control_cooling/src/controllers/mpc_alter.jl:680
┌ Debug: AM Iteration 4/5
└ @ Main /home/basta/Projects/bakalarka-openfoam/bakalarka-openfoam/MHD_control_cooling/src/controllers/mpc_alter.jl:561
┌ Debug:   U-Step OK. Status: LOCALLY_SOLVED, Primal: FEASIBLE_POINT. New U norm: 0.2214
└ @ Main /home/basta/Projects/bakalarka-openfoam/bakalarka-openfoam/MHD_control_cooling/src/controllers/mpc_alter.jl:605
┌ Debug:   V-Step OK. Status: LOCALLY_SOLVED, Primal: FEASIBLE_POINT. New V norm: 1.4882
└ @ Main /home/basta/Projects/bakalarka-openfoam/bakalarka-openfoam/MHD_control_cooling/src/controllers/mpc_alter.jl:662
┌ Debug:   AM Iter 4 took 75.67 ms. U Status: LOCALLY_SOLVED, V Status: LOCALLY_SOLVED
└ @ Main /home/basta/Projects/bakalarka-openfoam/bakalarka-openfoam/MHD_control_cooling/src/controllers/mpc_alter.jl:680
┌ Debug: AM Iteration 5/5
└ @ Main /home/basta/Projects/bakalarka-openfoam/bakalarka-openfoam/MHD_control_cooling/src/controllers/mpc_alter.jl:561
┌ Debug:   U-Step OK. Status: LOCALLY_SOLVED, Primal: FEASIBLE_POINT. New U norm: 0.2209
└ @ Main /home/basta/Projects/bakalarka-openfoam/bakalarka-openfoam/MHD_control_cooling/src/controllers/mpc_alter.jl:605
┌ Debug:   V-Step OK. Status: LOCALLY_SOLVED, Primal: FEASIBLE_POINT. New V norm: 1.51
└ @ Main /home/basta/Projects/bakalarka-openfoam/bakalarka-openfoam/MHD_control_cooling/src/controllers/mpc_alter.jl:662
┌ Debug:   AM Iter 5 took 44.38 ms. U Status: LOCALLY_SOLVED, V Status: LOCALLY_SOLVED
└ @ Main /home/basta/Projects/bakalarka-openfoam/bakalarka-openfoam/MHD_control_cooling/src/controllers/mpc_alter.jl:680
┌ Debug: AM finished after 5 iterations.
└ @ Main /home/basta/Projects/bakalarka-openfoam/bakalarka-openfoam/MHD_control_cooling/src/controllers/mpc_alter.jl:697
┌ Debug: Final U norm: 0.2209, Final V norm: 1.51
└ @ Main /home/basta/Projects/bakalarka-openfoam/bakalarka-openfoam/MHD_control_cooling/src/controllers/mpc_alter.jl:698
┌ Debug: Physical Bounds Hit: U_min=false, U_max=false, V_min=false, V_max=false
└ @ Main /home/basta/Projects/bakalarka-openfoam/bakalarka-openfoam/MHD_control_cooling/src/controllers/mpc_alter.jl:704
┌ Debug: Storing effective theta_k (for next step): Norm=0.0701, First 5=[0.0177, 0.0177, -0.0, 0.0156, -0.0]
└ @ Main /home/basta/Projects/bakalarka-openfoam/bakalarka-openfoam/MHD_control_cooling/src/controllers/mpc_alter.jl:733
┌ Info: Control action computed in 294.92 ms. Sending input u[1]=0.0755, v[1]=0.2348...
└ @ Main /home/basta/Projects/bakalarka-openfoam/bakalarka-openfoam/MHD_control_cooling/src/controllers/mpc_alter.jl:753
┌ Info: ("Sending input", [0.0755273639518193, 0.07552736384784342, -1.9780806172021947e-8, 0.06649074924809659, 0.23484427656874562, -1.3187232500041544e-7, 0.5055405683554912, -1.3193784589909198e-7])
└ @ Main /home/basta/Projects/bakalarka-openfoam/bakalarka-openfoam/MHD_control_cooling/src/scripts/sock_field_server.jl:287
┌ Debug: update_controller_state! called at time 80.740059. No action implemented.
└ @ Main /home/basta/Projects/bakalarka-openfoam/bakalarka-openfoam/MHD_control_cooling/src/controllers/mpc_alter.jl:763
┌ Debug: update_controller_state! called at time 80.740059. No action implemented.
└ @ Main /home/basta/Projects/bakalarka-openfoam/bakalarka-openfoam/MHD_control_cooling/src/controllers/mpc_alter.jl:763
┌ Debug: Raw Measurement 'wallheatflux' value: -0.59698075
└ @ Main /home/basta/Projects/bakalarka-openfoam/bakalarka-openfoam/MHD_control_cooling/src/controllers/mpc_alter.jl:455
┌ Debug: Centered Measurement yk: -0.59698075
└ @ Main /home/basta/Projects/bakalarka-openfoam/bakalarka-openfoam/MHD_control_cooling/src/controllers/mpc_alter.jl:458
┌ Debug: Constructed state xk[1:5] = [-0.597, -0.5964, -0.5958, -0.5952, -0.5946]... | Norm: 4.5784
└ @ Main /home/basta/Projects/bakalarka-openfoam/bakalarka-openfoam/MHD_control_cooling/src/controllers/mpc_alter.jl:504
┌ Debug: State error (output) xk[1]-xref[1]: 0.403 | Full error norm: 14.5645
└ @ Main /home/basta/Projects/bakalarka-openfoam/bakalarka-openfoam/MHD_control_cooling/src/controllers/mpc_alter.jl:514
┌ Debug: State bounds check: any(l_st_k .> u_st_k) = false
└ @ Main /home/basta/Projects/bakalarka-openfoam/bakalarka-openfoam/MHD_control_cooling/src/controllers/mpc_alter.jl:515
┌ Debug: Warm starting U from previous solution (shifted).
└ @ Main /home/basta/Projects/bakalarka-openfoam/bakalarka-openfoam/MHD_control_cooling/src/controllers/mpc_alter.jl:528
┌ Debug: Warm starting V from previous solution (shifted).
└ @ Main /home/basta/Projects/bakalarka-openfoam/bakalarka-openfoam/MHD_control_cooling/src/controllers/mpc_alter.jl:537
┌ Debug: Initial U norm: 0.1815, Initial V norm: 1.4033
└ @ Main /home/basta/Projects/bakalarka-openfoam/bakalarka-openfoam/MHD_control_cooling/src/controllers/mpc_alter.jl:544
┌ Debug: Using QP Regularization: 0.0001
└ @ Main /home/basta/Projects/bakalarka-openfoam/bakalarka-openfoam/MHD_control_cooling/src/controllers/mpc_alter.jl:549
┌ Debug: AM Iteration 1/5
└ @ Main /home/basta/Projects/bakalarka-openfoam/bakalarka-openfoam/MHD_control_cooling/src/controllers/mpc_alter.jl:561
┌ Debug:   U-Step OK. Status: LOCALLY_SOLVED, Primal: FEASIBLE_POINT. New U norm: 0.1829
└ @ Main /home/basta/Projects/bakalarka-openfoam/bakalarka-openfoam/MHD_control_cooling/src/controllers/mpc_alter.jl:605
┌ Debug:   V-Step OK. Status: LOCALLY_SOLVED, Primal: FEASIBLE_POINT. New V norm: 1.4213
└ @ Main /home/basta/Projects/bakalarka-openfoam/bakalarka-openfoam/MHD_control_cooling/src/controllers/mpc_alter.jl:662
┌ Debug:   AM Iter 1 took 44.99 ms. U Status: LOCALLY_SOLVED, V Status: LOCALLY_SOLVED
└ @ Main /home/basta/Projects/bakalarka-openfoam/bakalarka-openfoam/MHD_control_cooling/src/controllers/mpc_alter.jl:680
┌ Debug: AM Iteration 2/5
└ @ Main /home/basta/Projects/bakalarka-openfoam/bakalarka-openfoam/MHD_control_cooling/src/controllers/mpc_alter.jl:561
┌ Debug:   U-Step OK. Status: LOCALLY_SOLVED, Primal: FEASIBLE_POINT. New U norm: 0.1835
└ @ Main /home/basta/Projects/bakalarka-openfoam/bakalarka-openfoam/MHD_control_cooling/src/controllers/mpc_alter.jl:605
┌ Debug:   V-Step OK. Status: LOCALLY_SOLVED, Primal: FEASIBLE_POINT. New V norm: 1.4274
└ @ Main /home/basta/Projects/bakalarka-openfoam/bakalarka-openfoam/MHD_control_cooling/src/controllers/mpc_alter.jl:662
┌ Debug:   AM Iter 2 took 44.55 ms. U Status: LOCALLY_SOLVED, V Status: LOCALLY_SOLVED
└ @ Main /home/basta/Projects/bakalarka-openfoam/bakalarka-openfoam/MHD_control_cooling/src/controllers/mpc_alter.jl:680
┌ Debug: AM Iteration 3/5
└ @ Main /home/basta/Projects/bakalarka-openfoam/bakalarka-openfoam/MHD_control_cooling/src/controllers/mpc_alter.jl:561
┌ Debug:   U-Step OK. Status: LOCALLY_SOLVED, Primal: FEASIBLE_POINT. New U norm: 0.1844
└ @ Main /home/basta/Projects/bakalarka-openfoam/bakalarka-openfoam/MHD_control_cooling/src/controllers/mpc_alter.jl:605
┌ Debug:   V-Step OK. Status: LOCALLY_SOLVED, Primal: FEASIBLE_POINT. New V norm: 1.432
└ @ Main /home/basta/Projects/bakalarka-openfoam/bakalarka-openfoam/MHD_control_cooling/src/controllers/mpc_alter.jl:662
┌ Debug:   AM Iter 3 took 39.54 ms. U Status: LOCALLY_SOLVED, V Status: LOCALLY_SOLVED
└ @ Main /home/basta/Projects/bakalarka-openfoam/bakalarka-openfoam/MHD_control_cooling/src/controllers/mpc_alter.jl:680
┌ Debug: AM Iteration 4/5
└ @ Main /home/basta/Projects/bakalarka-openfoam/bakalarka-openfoam/MHD_control_cooling/src/controllers/mpc_alter.jl:561
┌ Debug:   U-Step OK. Status: LOCALLY_SOLVED, Primal: FEASIBLE_POINT. New U norm: 0.1854
└ @ Main /home/basta/Projects/bakalarka-openfoam/bakalarka-openfoam/MHD_control_cooling/src/controllers/mpc_alter.jl:605
┌ Debug:   V-Step OK. Status: LOCALLY_SOLVED, Primal: FEASIBLE_POINT. New V norm: 1.4361
└ @ Main /home/basta/Projects/bakalarka-openfoam/bakalarka-openfoam/MHD_control_cooling/src/controllers/mpc_alter.jl:662
┌ Debug:   AM Iter 4 took 39.29 ms. U Status: LOCALLY_SOLVED, V Status: LOCALLY_SOLVED
└ @ Main /home/basta/Projects/bakalarka-openfoam/bakalarka-openfoam/MHD_control_cooling/src/controllers/mpc_alter.jl:680
┌ Debug: AM Iteration 5/5
└ @ Main /home/basta/Projects/bakalarka-openfoam/bakalarka-openfoam/MHD_control_cooling/src/controllers/mpc_alter.jl:561
┌ Debug:   U-Step OK. Status: LOCALLY_SOLVED, Primal: FEASIBLE_POINT. New U norm: 0.1864
└ @ Main /home/basta/Projects/bakalarka-openfoam/bakalarka-openfoam/MHD_control_cooling/src/controllers/mpc_alter.jl:605
┌ Debug:   V-Step OK. Status: LOCALLY_SOLVED, Primal: FEASIBLE_POINT. New V norm: 1.44
└ @ Main /home/basta/Projects/bakalarka-openfoam/bakalarka-openfoam/MHD_control_cooling/src/controllers/mpc_alter.jl:662
┌ Debug:   AM Iter 5 took 67.75 ms. U Status: LOCALLY_SOLVED, V Status: LOCALLY_SOLVED
└ @ Main /home/basta/Projects/bakalarka-openfoam/bakalarka-openfoam/MHD_control_cooling/src/controllers/mpc_alter.jl:680
┌ Debug: AM finished after 5 iterations.
└ @ Main /home/basta/Projects/bakalarka-openfoam/bakalarka-openfoam/MHD_control_cooling/src/controllers/mpc_alter.jl:697
┌ Debug: Final U norm: 0.1864, Final V norm: 1.44
└ @ Main /home/basta/Projects/bakalarka-openfoam/bakalarka-openfoam/MHD_control_cooling/src/controllers/mpc_alter.jl:698
┌ Debug: Physical Bounds Hit: U_min=false, U_max=false, V_min=false, V_max=false
└ @ Main /home/basta/Projects/bakalarka-openfoam/bakalarka-openfoam/MHD_control_cooling/src/controllers/mpc_alter.jl:704
┌ Debug: Storing effective theta_k (for next step): Norm=0.0664, First 5=[0.039, -0.0, 0.039, -0.0, -0.0]
└ @ Main /home/basta/Projects/bakalarka-openfoam/bakalarka-openfoam/MHD_control_cooling/src/controllers/mpc_alter.jl:733
┌ Info: Control action computed in 271.95 ms. Sending input u[1]=0.0825, v[1]=0.4724...
└ @ Main /home/basta/Projects/bakalarka-openfoam/bakalarka-openfoam/MHD_control_cooling/src/controllers/mpc_alter.jl:753
┌ Info: ("Sending input", [0.08253953593547256, -2.1167885879893036e-8, 0.08253953611269826, -2.1080888771723806e-8, 0.4724137333496043, -1.2031379879445243e-7, -1.201997981224989e-7, 0.31732649932314494])
└ @ Main /home/basta/Projects/bakalarka-openfoam/bakalarka-openfoam/MHD_control_cooling/src/scripts/sock_field_server.jl:287
┌ Debug: update_controller_state! called at time 81.840065. No action implemented.
└ @ Main /home/basta/Projects/bakalarka-openfoam/bakalarka-openfoam/MHD_control_cooling/src/controllers/mpc_alter.jl:763
┌ Debug: update_controller_state! called at time 81.840065. No action implemented.
└ @ Main /home/basta/Projects/bakalarka-openfoam/bakalarka-openfoam/MHD_control_cooling/src/controllers/mpc_alter.jl:763
┌ Debug: Raw Measurement 'wallheatflux' value: -0.597475625
└ @ Main /home/basta/Projects/bakalarka-openfoam/bakalarka-openfoam/MHD_control_cooling/src/controllers/mpc_alter.jl:455
┌ Debug: Centered Measurement yk: -0.597475625
└ @ Main /home/basta/Projects/bakalarka-openfoam/bakalarka-openfoam/MHD_control_cooling/src/controllers/mpc_alter.jl:458
┌ Debug: Constructed state xk[1:5] = [-0.5975, -0.597, -0.5964, -0.5958, -0.5952]... | Norm: 4.581
└ @ Main /home/basta/Projects/bakalarka-openfoam/bakalarka-openfoam/MHD_control_cooling/src/controllers/mpc_alter.jl:504
┌ Debug: State error (output) xk[1]-xref[1]: 0.4025 | Full error norm: 14.5995
└ @ Main /home/basta/Projects/bakalarka-openfoam/bakalarka-openfoam/MHD_control_cooling/src/controllers/mpc_alter.jl:514
┌ Debug: State bounds check: any(l_st_k .> u_st_k) = false
└ @ Main /home/basta/Projects/bakalarka-openfoam/bakalarka-openfoam/MHD_control_cooling/src/controllers/mpc_alter.jl:515
┌ Debug: Warm starting U from previous solution (shifted).
└ @ Main /home/basta/Projects/bakalarka-openfoam/bakalarka-openfoam/MHD_control_cooling/src/controllers/mpc_alter.jl:528
┌ Debug: Warm starting V from previous solution (shifted).
└ @ Main /home/basta/Projects/bakalarka-openfoam/bakalarka-openfoam/MHD_control_cooling/src/controllers/mpc_alter.jl:537
┌ Debug: Initial U norm: 0.1453, Initial V norm: 1.3228
└ @ Main /home/basta/Projects/bakalarka-openfoam/bakalarka-openfoam/MHD_control_cooling/src/controllers/mpc_alter.jl:544
┌ Debug: Using QP Regularization: 0.0001
└ @ Main /home/basta/Projects/bakalarka-openfoam/bakalarka-openfoam/MHD_control_cooling/src/controllers/mpc_alter.jl:549
┌ Debug: AM Iteration 1/5
└ @ Main /home/basta/Projects/bakalarka-openfoam/bakalarka-openfoam/MHD_control_cooling/src/controllers/mpc_alter.jl:561
┌ Debug:   U-Step OK. Status: LOCALLY_SOLVED, Primal: FEASIBLE_POINT. New U norm: 0.1482
└ @ Main /home/basta/Projects/bakalarka-openfoam/bakalarka-openfoam/MHD_control_cooling/src/controllers/mpc_alter.jl:605
┌ Debug:   V-Step OK. Status: LOCALLY_SOLVED, Primal: FEASIBLE_POINT. New V norm: 1.3298
└ @ Main /home/basta/Projects/bakalarka-openfoam/bakalarka-openfoam/MHD_control_cooling/src/controllers/mpc_alter.jl:662
┌ Debug:   AM Iter 1 took 35.17 ms. U Status: LOCALLY_SOLVED, V Status: LOCALLY_SOLVED
└ @ Main /home/basta/Projects/bakalarka-openfoam/bakalarka-openfoam/MHD_control_cooling/src/controllers/mpc_alter.jl:680
┌ Debug: AM Iteration 2/5
└ @ Main /home/basta/Projects/bakalarka-openfoam/bakalarka-openfoam/MHD_control_cooling/src/controllers/mpc_alter.jl:561
┌ Debug:   U-Step OK. Status: LOCALLY_SOLVED, Primal: FEASIBLE_POINT. New U norm: 0.1491
└ @ Main /home/basta/Projects/bakalarka-openfoam/bakalarka-openfoam/MHD_control_cooling/src/controllers/mpc_alter.jl:605
┌ Debug:   V-Step OK. Status: LOCALLY_SOLVED, Primal: FEASIBLE_POINT. New V norm: 1.3324
└ @ Main /home/basta/Projects/bakalarka-openfoam/bakalarka-openfoam/MHD_control_cooling/src/controllers/mpc_alter.jl:662
┌ Debug:   AM Iter 2 took 39.46 ms. U Status: LOCALLY_SOLVED, V Status: LOCALLY_SOLVED
└ @ Main /home/basta/Projects/bakalarka-openfoam/bakalarka-openfoam/MHD_control_cooling/src/controllers/mpc_alter.jl:680
┌ Debug: AM Iteration 3/5
└ @ Main /home/basta/Projects/bakalarka-openfoam/bakalarka-openfoam/MHD_control_cooling/src/controllers/mpc_alter.jl:561
┌ Debug:   U-Step OK. Status: LOCALLY_SOLVED, Primal: FEASIBLE_POINT. New U norm: 0.1498
└ @ Main /home/basta/Projects/bakalarka-openfoam/bakalarka-openfoam/MHD_control_cooling/src/controllers/mpc_alter.jl:605
┌ Debug:   V-Step OK. Status: LOCALLY_SOLVED, Primal: FEASIBLE_POINT. New V norm: 1.3357
└ @ Main /home/basta/Projects/bakalarka-openfoam/bakalarka-openfoam/MHD_control_cooling/src/controllers/mpc_alter.jl:662
┌ Debug:   AM Iter 3 took 38.1 ms. U Status: LOCALLY_SOLVED, V Status: LOCALLY_SOLVED
└ @ Main /home/basta/Projects/bakalarka-openfoam/bakalarka-openfoam/MHD_control_cooling/src/controllers/mpc_alter.jl:680
┌ Debug: AM Iteration 4/5
└ @ Main /home/basta/Projects/bakalarka-openfoam/bakalarka-openfoam/MHD_control_cooling/src/controllers/mpc_alter.jl:561
┌ Debug:   U-Step OK. Status: LOCALLY_SOLVED, Primal: FEASIBLE_POINT. New U norm: 0.1505
└ @ Main /home/basta/Projects/bakalarka-openfoam/bakalarka-openfoam/MHD_control_cooling/src/controllers/mpc_alter.jl:605
┌ Debug:   V-Step OK. Status: LOCALLY_SOLVED, Primal: FEASIBLE_POINT. New V norm: 1.3393
└ @ Main /home/basta/Projects/bakalarka-openfoam/bakalarka-openfoam/MHD_control_cooling/src/controllers/mpc_alter.jl:662
┌ Debug:   AM Iter 4 took 32.05 ms. U Status: LOCALLY_SOLVED, V Status: LOCALLY_SOLVED
└ @ Main /home/basta/Projects/bakalarka-openfoam/bakalarka-openfoam/MHD_control_cooling/src/controllers/mpc_alter.jl:680
┌ Debug: AM Iteration 5/5
└ @ Main /home/basta/Projects/bakalarka-openfoam/bakalarka-openfoam/MHD_control_cooling/src/controllers/mpc_alter.jl:561
┌ Debug:   U-Step OK. Status: LOCALLY_SOLVED, Primal: FEASIBLE_POINT. New U norm: 0.1512
└ @ Main /home/basta/Projects/bakalarka-openfoam/bakalarka-openfoam/MHD_control_cooling/src/controllers/mpc_alter.jl:605
┌ Debug:   V-Step OK. Status: LOCALLY_SOLVED, Primal: FEASIBLE_POINT. New V norm: 1.3431
└ @ Main /home/basta/Projects/bakalarka-openfoam/bakalarka-openfoam/MHD_control_cooling/src/controllers/mpc_alter.jl:662
┌ Debug:   AM Iter 5 took 33.57 ms. U Status: LOCALLY_SOLVED, V Status: LOCALLY_SOLVED
└ @ Main /home/basta/Projects/bakalarka-openfoam/bakalarka-openfoam/MHD_control_cooling/src/controllers/mpc_alter.jl:680
┌ Debug: AM finished after 5 iterations.
└ @ Main /home/basta/Projects/bakalarka-openfoam/bakalarka-openfoam/MHD_control_cooling/src/controllers/mpc_alter.jl:697
┌ Debug: Final U norm: 0.1512, Final V norm: 1.3431
└ @ Main /home/basta/Projects/bakalarka-openfoam/bakalarka-openfoam/MHD_control_cooling/src/controllers/mpc_alter.jl:698
┌ Debug: Physical Bounds Hit: U_min=false, U_max=false, V_min=false, V_max=false
└ @ Main /home/basta/Projects/bakalarka-openfoam/bakalarka-openfoam/MHD_control_cooling/src/controllers/mpc_alter.jl:704
┌ Debug: Storing effective theta_k (for next step): Norm=0.0664, First 5=[0.0386, -0.0, 0.0386, -0.0, -0.0]
└ @ Main /home/basta/Projects/bakalarka-openfoam/bakalarka-openfoam/MHD_control_cooling/src/controllers/mpc_alter.jl:733
┌ Info: Control action computed in 212.48 ms. Sending input u[1]=0.0715, v[1]=0.5391...
└ @ Main /home/basta/Projects/bakalarka-openfoam/bakalarka-openfoam/MHD_control_cooling/src/controllers/mpc_alter.jl:753
┌ Info: ("Sending input", [0.07150867738022884, -1.854913260974992e-8, 0.07150867752351116, -1.8468418949910602e-8, 0.5391087662297461, -1.389026303157201e-7, -1.3875254304071926e-7, 0.3743774006674266])
└ @ Main /home/basta/Projects/bakalarka-openfoam/bakalarka-openfoam/MHD_control_cooling/src/scripts/sock_field_server.jl:287
┌ Debug: update_controller_state! called at time 82.940063. No action implemented.
└ @ Main /home/basta/Projects/bakalarka-openfoam/bakalarka-openfoam/MHD_control_cooling/src/controllers/mpc_alter.jl:763
┌ Debug: update_controller_state! called at time 82.940063. No action implemented.
└ @ Main /home/basta/Projects/bakalarka-openfoam/bakalarka-openfoam/MHD_control_cooling/src/controllers/mpc_alter.jl:763
┌ Debug: Raw Measurement 'wallheatflux' value: -0.5980033125
└ @ Main /home/basta/Projects/bakalarka-openfoam/bakalarka-openfoam/MHD_control_cooling/src/controllers/mpc_alter.jl:455
┌ Debug: Centered Measurement yk: -0.5980033125
└ @ Main /home/basta/Projects/bakalarka-openfoam/bakalarka-openfoam/MHD_control_cooling/src/controllers/mpc_alter.jl:458
┌ Debug: Constructed state xk[1:5] = [-0.598, -0.5975, -0.597, -0.5964, -0.5958]... | Norm: 4.5837
└ @ Main /home/basta/Projects/bakalarka-openfoam/bakalarka-openfoam/MHD_control_cooling/src/controllers/mpc_alter.jl:504
┌ Debug: State error (output) xk[1]-xref[1]: 0.402 | Full error norm: 14.5543
└ @ Main /home/basta/Projects/bakalarka-openfoam/bakalarka-openfoam/MHD_control_cooling/src/controllers/mpc_alter.jl:514
┌ Debug: State bounds check: any(l_st_k .> u_st_k) = false
└ @ Main /home/basta/Projects/bakalarka-openfoam/bakalarka-openfoam/MHD_control_cooling/src/controllers/mpc_alter.jl:515
┌ Debug: Warm starting U from previous solution (shifted).
└ @ Main /home/basta/Projects/bakalarka-openfoam/bakalarka-openfoam/MHD_control_cooling/src/controllers/mpc_alter.jl:528
┌ Debug: Warm starting V from previous solution (shifted).
└ @ Main /home/basta/Projects/bakalarka-openfoam/bakalarka-openfoam/MHD_control_cooling/src/controllers/mpc_alter.jl:537
┌ Debug: Initial U norm: 0.1124, Initial V norm: 1.1718
└ @ Main /home/basta/Projects/bakalarka-openfoam/bakalarka-openfoam/MHD_control_cooling/src/controllers/mpc_alter.jl:544
┌ Debug: Using QP Regularization: 0.0001
└ @ Main /home/basta/Projects/bakalarka-openfoam/bakalarka-openfoam/MHD_control_cooling/src/controllers/mpc_alter.jl:549
┌ Debug: AM Iteration 1/5
└ @ Main /home/basta/Projects/bakalarka-openfoam/bakalarka-openfoam/MHD_control_cooling/src/controllers/mpc_alter.jl:561
┌ Debug:   U-Step OK. Status: LOCALLY_SOLVED, Primal: FEASIBLE_POINT. New U norm: 0.1141
└ @ Main /home/basta/Projects/bakalarka-openfoam/bakalarka-openfoam/MHD_control_cooling/src/controllers/mpc_alter.jl:605
┌ Debug:   V-Step OK. Status: LOCALLY_SOLVED, Primal: FEASIBLE_POINT. New V norm: 1.1734
└ @ Main /home/basta/Projects/bakalarka-openfoam/bakalarka-openfoam/MHD_control_cooling/src/controllers/mpc_alter.jl:662
┌ Debug:   AM Iter 1 took 29.47 ms. U Status: LOCALLY_SOLVED, V Status: LOCALLY_SOLVED
└ @ Main /home/basta/Projects/bakalarka-openfoam/bakalarka-openfoam/MHD_control_cooling/src/controllers/mpc_alter.jl:680
┌ Debug: AM Iteration 2/5
└ @ Main /home/basta/Projects/bakalarka-openfoam/bakalarka-openfoam/MHD_control_cooling/src/controllers/mpc_alter.jl:561
┌ Debug:   U-Step OK. Status: LOCALLY_SOLVED, Primal: FEASIBLE_POINT. New U norm: 0.1146
└ @ Main /home/basta/Projects/bakalarka-openfoam/bakalarka-openfoam/MHD_control_cooling/src/controllers/mpc_alter.jl:605
┌ Debug:   V-Step OK. Status: LOCALLY_SOLVED, Primal: FEASIBLE_POINT. New V norm: 1.1765
└ @ Main /home/basta/Projects/bakalarka-openfoam/bakalarka-openfoam/MHD_control_cooling/src/controllers/mpc_alter.jl:662
┌ Debug:   AM Iter 2 took 28.88 ms. U Status: LOCALLY_SOLVED, V Status: LOCALLY_SOLVED
└ @ Main /home/basta/Projects/bakalarka-openfoam/bakalarka-openfoam/MHD_control_cooling/src/controllers/mpc_alter.jl:680
┌ Debug: AM Iteration 3/5
└ @ Main /home/basta/Projects/bakalarka-openfoam/bakalarka-openfoam/MHD_control_cooling/src/controllers/mpc_alter.jl:561
┌ Debug:   U-Step OK. Status: LOCALLY_SOLVED, Primal: FEASIBLE_POINT. New U norm: 0.115
└ @ Main /home/basta/Projects/bakalarka-openfoam/bakalarka-openfoam/MHD_control_cooling/src/controllers/mpc_alter.jl:605
┌ Debug:   V-Step OK. Status: LOCALLY_SOLVED, Primal: FEASIBLE_POINT. New V norm: 1.1802
└ @ Main /home/basta/Projects/bakalarka-openfoam/bakalarka-openfoam/MHD_control_cooling/src/controllers/mpc_alter.jl:662
┌ Debug:   AM Iter 3 took 29.93 ms. U Status: LOCALLY_SOLVED, V Status: LOCALLY_SOLVED
└ @ Main /home/basta/Projects/bakalarka-openfoam/bakalarka-openfoam/MHD_control_cooling/src/controllers/mpc_alter.jl:680
┌ Debug: AM Iteration 4/5
└ @ Main /home/basta/Projects/bakalarka-openfoam/bakalarka-openfoam/MHD_control_cooling/src/controllers/mpc_alter.jl:561
┌ Debug:   U-Step OK. Status: LOCALLY_SOLVED, Primal: FEASIBLE_POINT. New U norm: 0.1153
└ @ Main /home/basta/Projects/bakalarka-openfoam/bakalarka-openfoam/MHD_control_cooling/src/controllers/mpc_alter.jl:605
┌ Debug:   V-Step OK. Status: LOCALLY_SOLVED, Primal: FEASIBLE_POINT. New V norm: 1.1843
└ @ Main /home/basta/Projects/bakalarka-openfoam/bakalarka-openfoam/MHD_control_cooling/src/controllers/mpc_alter.jl:662
┌ Debug:   AM Iter 4 took 27.98 ms. U Status: LOCALLY_SOLVED, V Status: LOCALLY_SOLVED
└ @ Main /home/basta/Projects/bakalarka-openfoam/bakalarka-openfoam/MHD_control_cooling/src/controllers/mpc_alter.jl:680
┌ Debug: AM Iteration 5/5
└ @ Main /home/basta/Projects/bakalarka-openfoam/bakalarka-openfoam/MHD_control_cooling/src/controllers/mpc_alter.jl:561
┌ Debug:   U-Step OK. Status: LOCALLY_SOLVED, Primal: FEASIBLE_POINT. New U norm: 0.1156
└ @ Main /home/basta/Projects/bakalarka-openfoam/bakalarka-openfoam/MHD_control_cooling/src/controllers/mpc_alter.jl:605
┌ Debug:   V-Step OK. Status: LOCALLY_SOLVED, Primal: FEASIBLE_POINT. New V norm: 1.1884
└ @ Main /home/basta/Projects/bakalarka-openfoam/bakalarka-openfoam/MHD_control_cooling/src/controllers/mpc_alter.jl:662
┌ Debug:   AM Iter 5 took 72.58 ms. U Status: LOCALLY_SOLVED, V Status: LOCALLY_SOLVED
└ @ Main /home/basta/Projects/bakalarka-openfoam/bakalarka-openfoam/MHD_control_cooling/src/controllers/mpc_alter.jl:680
┌ Debug: AM finished after 5 iterations.
└ @ Main /home/basta/Projects/bakalarka-openfoam/bakalarka-openfoam/MHD_control_cooling/src/controllers/mpc_alter.jl:697
┌ Debug: Final U norm: 0.1156, Final V norm: 1.1884
└ @ Main /home/basta/Projects/bakalarka-openfoam/bakalarka-openfoam/MHD_control_cooling/src/controllers/mpc_alter.jl:698
┌ Debug: Physical Bounds Hit: U_min=false, U_max=false, V_min=false, V_max=false
└ @ Main /home/basta/Projects/bakalarka-openfoam/bakalarka-openfoam/MHD_control_cooling/src/controllers/mpc_alter.jl:704
┌ Debug: Storing effective theta_k (for next step): Norm=0.0996, First 5=[0.0604, -0.0, 0.068, -0.0, -0.0]
└ @ Main /home/basta/Projects/bakalarka-openfoam/bakalarka-openfoam/MHD_control_cooling/src/controllers/mpc_alter.jl:733
┌ Info: Control action computed in 220.43 ms. Sending input u[1]=0.0664, v[1]=0.911...
└ @ Main /home/basta/Projects/bakalarka-openfoam/bakalarka-openfoam/MHD_control_cooling/src/controllers/mpc_alter.jl:753
┌ Info: ("Sending input", [0.0663507319522385, -1.0976724754838456e-8, 0.07459941274095551, -1.069690625743707e-8, 0.9110185611465541, -1.3351585491721772e-7, -1.3359754905284695e-7, 0.405501867278954])
└ @ Main /home/basta/Projects/bakalarka-openfoam/bakalarka-openfoam/MHD_control_cooling/src/scripts/sock_field_server.jl:287
┌ Debug: update_controller_state! called at time 84.040062. No action implemented.
└ @ Main /home/basta/Projects/bakalarka-openfoam/bakalarka-openfoam/MHD_control_cooling/src/controllers/mpc_alter.jl:763
┌ Debug: update_controller_state! called at time 84.040062. No action implemented.
└ @ Main /home/basta/Projects/bakalarka-openfoam/bakalarka-openfoam/MHD_control_cooling/src/controllers/mpc_alter.jl:763
┌ Debug: Raw Measurement 'wallheatflux' value: -0.598642125
└ @ Main /home/basta/Projects/bakalarka-openfoam/bakalarka-openfoam/MHD_control_cooling/src/controllers/mpc_alter.jl:455
┌ Debug: Centered Measurement yk: -0.598642125
└ @ Main /home/basta/Projects/bakalarka-openfoam/bakalarka-openfoam/MHD_control_cooling/src/controllers/mpc_alter.jl:458
┌ Debug: Constructed state xk[1:5] = [-0.5986, -0.598, -0.5975, -0.597, -0.5964]... | Norm: 4.5882
└ @ Main /home/basta/Projects/bakalarka-openfoam/bakalarka-openfoam/MHD_control_cooling/src/controllers/mpc_alter.jl:504
┌ Debug: State error (output) xk[1]-xref[1]: 0.4014 | Full error norm: 14.5955
└ @ Main /home/basta/Projects/bakalarka-openfoam/bakalarka-openfoam/MHD_control_cooling/src/controllers/mpc_alter.jl:514
┌ Debug: State bounds check: any(l_st_k .> u_st_k) = false
└ @ Main /home/basta/Projects/bakalarka-openfoam/bakalarka-openfoam/MHD_control_cooling/src/controllers/mpc_alter.jl:515
┌ Debug: Warm starting U from previous solution (shifted).
└ @ Main /home/basta/Projects/bakalarka-openfoam/bakalarka-openfoam/MHD_control_cooling/src/controllers/mpc_alter.jl:528
┌ Debug: Warm starting V from previous solution (shifted).
└ @ Main /home/basta/Projects/bakalarka-openfoam/bakalarka-openfoam/MHD_control_cooling/src/controllers/mpc_alter.jl:537
┌ Debug: Initial U norm: 0.0584, Initial V norm: 0.6464
└ @ Main /home/basta/Projects/bakalarka-openfoam/bakalarka-openfoam/MHD_control_cooling/src/controllers/mpc_alter.jl:544
┌ Debug: Using QP Regularization: 0.0001
└ @ Main /home/basta/Projects/bakalarka-openfoam/bakalarka-openfoam/MHD_control_cooling/src/controllers/mpc_alter.jl:549
┌ Debug: AM Iteration 1/5
└ @ Main /home/basta/Projects/bakalarka-openfoam/bakalarka-openfoam/MHD_control_cooling/src/controllers/mpc_alter.jl:561
┌ Debug:   U-Step OK. Status: LOCALLY_SOLVED, Primal: FEASIBLE_POINT. New U norm: 0.0588
└ @ Main /home/basta/Projects/bakalarka-openfoam/bakalarka-openfoam/MHD_control_cooling/src/controllers/mpc_alter.jl:605
┌ Debug:   V-Step OK. Status: LOCALLY_SOLVED, Primal: FEASIBLE_POINT. New V norm: 0.6494
└ @ Main /home/basta/Projects/bakalarka-openfoam/bakalarka-openfoam/MHD_control_cooling/src/controllers/mpc_alter.jl:662
┌ Debug:   AM Iter 1 took 20.99 ms. U Status: LOCALLY_SOLVED, V Status: LOCALLY_SOLVED
└ @ Main /home/basta/Projects/bakalarka-openfoam/bakalarka-openfoam/MHD_control_cooling/src/controllers/mpc_alter.jl:680
┌ Debug: AM Iteration 2/5
└ @ Main /home/basta/Projects/bakalarka-openfoam/bakalarka-openfoam/MHD_control_cooling/src/controllers/mpc_alter.jl:561
┌ Debug:   U-Step OK. Status: LOCALLY_SOLVED, Primal: FEASIBLE_POINT. New U norm: 0.0594
└ @ Main /home/basta/Projects/bakalarka-openfoam/bakalarka-openfoam/MHD_control_cooling/src/controllers/mpc_alter.jl:605
┌ Debug:   V-Step OK. Status: LOCALLY_SOLVED, Primal: FEASIBLE_POINT. New V norm: 0.6563
└ @ Main /home/basta/Projects/bakalarka-openfoam/bakalarka-openfoam/MHD_control_cooling/src/controllers/mpc_alter.jl:662
┌ Debug:   AM Iter 2 took 19.39 ms. U Status: LOCALLY_SOLVED, V Status: LOCALLY_SOLVED
└ @ Main /home/basta/Projects/bakalarka-openfoam/bakalarka-openfoam/MHD_control_cooling/src/controllers/mpc_alter.jl:680
┌ Debug: AM Iteration 3/5
└ @ Main /home/basta/Projects/bakalarka-openfoam/bakalarka-openfoam/MHD_control_cooling/src/controllers/mpc_alter.jl:561
┌ Debug:   U-Step OK. Status: LOCALLY_SOLVED, Primal: FEASIBLE_POINT. New U norm: 0.0599
└ @ Main /home/basta/Projects/bakalarka-openfoam/bakalarka-openfoam/MHD_control_cooling/src/controllers/mpc_alter.jl:605
┌ Debug:   V-Step OK. Status: LOCALLY_SOLVED, Primal: FEASIBLE_POINT. New V norm: 0.6623
└ @ Main /home/basta/Projects/bakalarka-openfoam/bakalarka-openfoam/MHD_control_cooling/src/controllers/mpc_alter.jl:662
┌ Debug:   AM Iter 3 took 21.78 ms. U Status: LOCALLY_SOLVED, V Status: LOCALLY_SOLVED
└ @ Main /home/basta/Projects/bakalarka-openfoam/bakalarka-openfoam/MHD_control_cooling/src/controllers/mpc_alter.jl:680
┌ Debug: AM Iteration 4/5
└ @ Main /home/basta/Projects/bakalarka-openfoam/bakalarka-openfoam/MHD_control_cooling/src/controllers/mpc_alter.jl:561
┌ Debug:   U-Step OK. Status: LOCALLY_SOLVED, Primal: FEASIBLE_POINT. New U norm: 0.0604
└ @ Main /home/basta/Projects/bakalarka-openfoam/bakalarka-openfoam/MHD_control_cooling/src/controllers/mpc_alter.jl:605
┌ Debug:   V-Step OK. Status: LOCALLY_SOLVED, Primal: FEASIBLE_POINT. New V norm: 0.6674
└ @ Main /home/basta/Projects/bakalarka-openfoam/bakalarka-openfoam/MHD_control_cooling/src/controllers/mpc_alter.jl:662
┌ Debug:   AM Iter 4 took 22.86 ms. U Status: LOCALLY_SOLVED, V Status: LOCALLY_SOLVED
└ @ Main /home/basta/Projects/bakalarka-openfoam/bakalarka-openfoam/MHD_control_cooling/src/controllers/mpc_alter.jl:680
┌ Debug: AM Iteration 5/5
└ @ Main /home/basta/Projects/bakalarka-openfoam/bakalarka-openfoam/MHD_control_cooling/src/controllers/mpc_alter.jl:561
┌ Debug:   U-Step OK. Status: LOCALLY_SOLVED, Primal: FEASIBLE_POINT. New U norm: 0.0613
└ @ Main /home/basta/Projects/bakalarka-openfoam/bakalarka-openfoam/MHD_control_cooling/src/controllers/mpc_alter.jl:605
┌ Debug:   V-Step OK. Status: LOCALLY_SOLVED, Primal: FEASIBLE_POINT. New V norm: 0.6731
└ @ Main /home/basta/Projects/bakalarka-openfoam/bakalarka-openfoam/MHD_control_cooling/src/controllers/mpc_alter.jl:662
┌ Debug:   AM Iter 5 took 22.57 ms. U Status: LOCALLY_SOLVED, V Status: LOCALLY_SOLVED
└ @ Main /home/basta/Projects/bakalarka-openfoam/bakalarka-openfoam/MHD_control_cooling/src/controllers/mpc_alter.jl:680
┌ Debug: AM finished after 5 iterations.
└ @ Main /home/basta/Projects/bakalarka-openfoam/bakalarka-openfoam/MHD_control_cooling/src/controllers/mpc_alter.jl:697
┌ Debug: Final U norm: 0.0613, Final V norm: 0.6731
└ @ Main /home/basta/Projects/bakalarka-openfoam/bakalarka-openfoam/MHD_control_cooling/src/controllers/mpc_alter.jl:698
┌ Debug: Physical Bounds Hit: U_min=false, U_max=false, V_min=false, V_max=false
└ @ Main /home/basta/Projects/bakalarka-openfoam/bakalarka-openfoam/MHD_control_cooling/src/controllers/mpc_alter.jl:704
┌ Debug: Storing effective theta_k (for next step): Norm=0.0413, First 5=[0.0206, -0.0, 0.0206, -0.0, -0.0]
└ @ Main /home/basta/Projects/bakalarka-openfoam/bakalarka-openfoam/MHD_control_cooling/src/controllers/mpc_alter.jl:733
┌ Info: Control action computed in 143.35 ms. Sending input u[1]=0.0434, v[1]=0.476...
└ @ Main /home/basta/Projects/bakalarka-openfoam/bakalarka-openfoam/MHD_control_cooling/src/controllers/mpc_alter.jl:753
┌ Info: ("Sending input", [0.0433590081520107, -2.100978288247662e-8, 0.04335900823096059, -2.0766099689433816e-8, 0.4759687451688205, -2.2877773764912906e-7, -2.274914256876015e-7, 0.4759687424350287])
└ @ Main /home/basta/Projects/bakalarka-openfoam/bakalarka-openfoam/MHD_control_cooling/src/scripts/sock_field_server.jl:287
┌ Debug: update_controller_state! called at time 85.14006. No action implemented.
└ @ Main /home/basta/Projects/bakalarka-openfoam/bakalarka-openfoam/MHD_control_cooling/src/controllers/mpc_alter.jl:763
┌ Debug: update_controller_state! called at time 85.14006. No action implemented.
└ @ Main /home/basta/Projects/bakalarka-openfoam/bakalarka-openfoam/MHD_control_cooling/src/controllers/mpc_alter.jl:763
┌ Debug: Raw Measurement 'wallheatflux' value: -0.5994038125
└ @ Main /home/basta/Projects/bakalarka-openfoam/bakalarka-openfoam/MHD_control_cooling/src/controllers/mpc_alter.jl:455
┌ Debug: Centered Measurement yk: -0.5994038125
└ @ Main /home/basta/Projects/bakalarka-openfoam/bakalarka-openfoam/MHD_control_cooling/src/controllers/mpc_alter.jl:458
┌ Debug: Constructed state xk[1:5] = [-0.5994, -0.5986, -0.598, -0.5975, -0.597]... | Norm: 4.5916
└ @ Main /home/basta/Projects/bakalarka-openfoam/bakalarka-openfoam/MHD_control_cooling/src/controllers/mpc_alter.jl:504
┌ Debug: State error (output) xk[1]-xref[1]: 0.4006 | Full error norm: 14.459
└ @ Main /home/basta/Projects/bakalarka-openfoam/bakalarka-openfoam/MHD_control_cooling/src/controllers/mpc_alter.jl:514
┌ Debug: State bounds check: any(l_st_k .> u_st_k) = false
└ @ Main /home/basta/Projects/bakalarka-openfoam/bakalarka-openfoam/MHD_control_cooling/src/controllers/mpc_alter.jl:515
┌ Debug: Warm starting U from previous solution (shifted).
└ @ Main /home/basta/Projects/bakalarka-openfoam/bakalarka-openfoam/MHD_control_cooling/src/controllers/mpc_alter.jl:528
┌ Debug: Warm starting V from previous solution (shifted).
└ @ Main /home/basta/Projects/bakalarka-openfoam/bakalarka-openfoam/MHD_control_cooling/src/controllers/mpc_alter.jl:537
┌ Debug: Initial U norm: 0.0, Initial V norm: 0.0
└ @ Main /home/basta/Projects/bakalarka-openfoam/bakalarka-openfoam/MHD_control_cooling/src/controllers/mpc_alter.jl:544
┌ Debug: Using QP Regularization: 0.0001
└ @ Main /home/basta/Projects/bakalarka-openfoam/bakalarka-openfoam/MHD_control_cooling/src/controllers/mpc_alter.jl:549
┌ Debug: AM Iteration 1/5
└ @ Main /home/basta/Projects/bakalarka-openfoam/bakalarka-openfoam/MHD_control_cooling/src/controllers/mpc_alter.jl:561
┌ Debug:   U-Step OK. Status: LOCALLY_SOLVED, Primal: FEASIBLE_POINT. New U norm: 0.0
└ @ Main /home/basta/Projects/bakalarka-openfoam/bakalarka-openfoam/MHD_control_cooling/src/controllers/mpc_alter.jl:605
┌ Debug:   V-Step OK. Status: LOCALLY_SOLVED, Primal: FEASIBLE_POINT. New V norm: 0.0
└ @ Main /home/basta/Projects/bakalarka-openfoam/bakalarka-openfoam/MHD_control_cooling/src/controllers/mpc_alter.jl:662
┌ Debug:   AM Iter 1 took 15.03 ms. U Status: LOCALLY_SOLVED, V Status: LOCALLY_SOLVED
└ @ Main /home/basta/Projects/bakalarka-openfoam/bakalarka-openfoam/MHD_control_cooling/src/controllers/mpc_alter.jl:680
┌ Debug: AM Iteration 2/5
└ @ Main /home/basta/Projects/bakalarka-openfoam/bakalarka-openfoam/MHD_control_cooling/src/controllers/mpc_alter.jl:561
┌ Debug:   U-Step OK. Status: LOCALLY_SOLVED, Primal: FEASIBLE_POINT. New U norm: 0.0
└ @ Main /home/basta/Projects/bakalarka-openfoam/bakalarka-openfoam/MHD_control_cooling/src/controllers/mpc_alter.jl:605
┌ Debug:   V-Step OK. Status: LOCALLY_SOLVED, Primal: FEASIBLE_POINT. New V norm: 0.0
└ @ Main /home/basta/Projects/bakalarka-openfoam/bakalarka-openfoam/MHD_control_cooling/src/controllers/mpc_alter.jl:662
┌ Debug:   AM Iter 2 took 9.23 ms. U Status: LOCALLY_SOLVED, V Status: LOCALLY_SOLVED
└ @ Main /home/basta/Projects/bakalarka-openfoam/bakalarka-openfoam/MHD_control_cooling/src/controllers/mpc_alter.jl:680
┌ Debug: AM Iteration 3/5
└ @ Main /home/basta/Projects/bakalarka-openfoam/bakalarka-openfoam/MHD_control_cooling/src/controllers/mpc_alter.jl:561
┌ Debug:   U-Step OK. Status: LOCALLY_SOLVED, Primal: FEASIBLE_POINT. New U norm: 0.0
└ @ Main /home/basta/Projects/bakalarka-openfoam/bakalarka-openfoam/MHD_control_cooling/src/controllers/mpc_alter.jl:605
┌ Debug:   V-Step OK. Status: LOCALLY_SOLVED, Primal: FEASIBLE_POINT. New V norm: 0.0
└ @ Main /home/basta/Projects/bakalarka-openfoam/bakalarka-openfoam/MHD_control_cooling/src/controllers/mpc_alter.jl:662
┌ Debug:   AM Iter 3 took 11.0 ms. U Status: LOCALLY_SOLVED, V Status: LOCALLY_SOLVED
└ @ Main /home/basta/Projects/bakalarka-openfoam/bakalarka-openfoam/MHD_control_cooling/src/controllers/mpc_alter.jl:680
┌ Debug: AM Iteration 4/5
└ @ Main /home/basta/Projects/bakalarka-openfoam/bakalarka-openfoam/MHD_control_cooling/src/controllers/mpc_alter.jl:561
┌ Debug:   U-Step OK. Status: LOCALLY_SOLVED, Primal: FEASIBLE_POINT. New U norm: 0.0
└ @ Main /home/basta/Projects/bakalarka-openfoam/bakalarka-openfoam/MHD_control_cooling/src/controllers/mpc_alter.jl:605
┌ Debug:   V-Step OK. Status: LOCALLY_SOLVED, Primal: FEASIBLE_POINT. New V norm: 0.0
└ @ Main /home/basta/Projects/bakalarka-openfoam/bakalarka-openfoam/MHD_control_cooling/src/controllers/mpc_alter.jl:662
┌ Debug:   AM Iter 4 took 9.4 ms. U Status: LOCALLY_SOLVED, V Status: LOCALLY_SOLVED
└ @ Main /home/basta/Projects/bakalarka-openfoam/bakalarka-openfoam/MHD_control_cooling/src/controllers/mpc_alter.jl:680
┌ Debug: AM Iteration 5/5
└ @ Main /home/basta/Projects/bakalarka-openfoam/bakalarka-openfoam/MHD_control_cooling/src/controllers/mpc_alter.jl:561
┌ Debug:   U-Step OK. Status: LOCALLY_SOLVED, Primal: FEASIBLE_POINT. New U norm: 0.0
└ @ Main /home/basta/Projects/bakalarka-openfoam/bakalarka-openfoam/MHD_control_cooling/src/controllers/mpc_alter.jl:605
┌ Debug:   V-Step OK. Status: LOCALLY_SOLVED, Primal: FEASIBLE_POINT. New V norm: 0.0
└ @ Main /home/basta/Projects/bakalarka-openfoam/bakalarka-openfoam/MHD_control_cooling/src/controllers/mpc_alter.jl:662
┌ Debug:   AM Iter 5 took 8.65 ms. U Status: LOCALLY_SOLVED, V Status: LOCALLY_SOLVED
└ @ Main /home/basta/Projects/bakalarka-openfoam/bakalarka-openfoam/MHD_control_cooling/src/controllers/mpc_alter.jl:680
┌ Debug: AM finished after 5 iterations.
└ @ Main /home/basta/Projects/bakalarka-openfoam/bakalarka-openfoam/MHD_control_cooling/src/controllers/mpc_alter.jl:697
┌ Debug: Final U norm: 0.0, Final V norm: 0.0
└ @ Main /home/basta/Projects/bakalarka-openfoam/bakalarka-openfoam/MHD_control_cooling/src/controllers/mpc_alter.jl:698
┌ Debug: Physical Bounds Hit: U_min=false, U_max=false, V_min=false, V_max=false
└ @ Main /home/basta/Projects/bakalarka-openfoam/bakalarka-openfoam/MHD_control_cooling/src/controllers/mpc_alter.jl:704
┌ Debug: Storing effective theta_k (for next step): Norm=0.0, First 5=[0.0, 0.0, 0.0, 0.0, 0.0]
└ @ Main /home/basta/Projects/bakalarka-openfoam/bakalarka-openfoam/MHD_control_cooling/src/controllers/mpc_alter.jl:733
┌ Info: Control action computed in 84.4 ms. Sending input u[1]=0.0, v[1]=0.0...
└ @ Main /home/basta/Projects/bakalarka-openfoam/bakalarka-openfoam/MHD_control_cooling/src/controllers/mpc_alter.jl:753
┌ Info: ("Sending input", [0.0, 0.0, 0.0, 0.0, 0.0, 0.0, 0.0, 0.0])
└ @ Main /home/basta/Projects/bakalarka-openfoam/bakalarka-openfoam/MHD_control_cooling/src/scripts/sock_field_server.jl:287
┌ Debug: update_controller_state! called at time 86.240059. No action implemented.
└ @ Main /home/basta/Projects/bakalarka-openfoam/bakalarka-openfoam/MHD_control_cooling/src/controllers/mpc_alter.jl:763
┌ Debug: update_controller_state! called at time 86.240059. No action implemented.
└ @ Main /home/basta/Projects/bakalarka-openfoam/bakalarka-openfoam/MHD_control_cooling/src/controllers/mpc_alter.jl:763
┌ Debug: Raw Measurement 'wallheatflux' value: -0.6002479375
└ @ Main /home/basta/Projects/bakalarka-openfoam/bakalarka-openfoam/MHD_control_cooling/src/controllers/mpc_alter.jl:455
┌ Debug: Centered Measurement yk: -0.6002479375
└ @ Main /home/basta/Projects/bakalarka-openfoam/bakalarka-openfoam/MHD_control_cooling/src/controllers/mpc_alter.jl:458
┌ Debug: Constructed state xk[1:5] = [-0.6002, -0.5994, -0.5986, -0.598, -0.5975]... | Norm: 4.5951
└ @ Main /home/basta/Projects/bakalarka-openfoam/bakalarka-openfoam/MHD_control_cooling/src/controllers/mpc_alter.jl:504
┌ Debug: State error (output) xk[1]-xref[1]: 0.3998 | Full error norm: 14.4237
└ @ Main /home/basta/Projects/bakalarka-openfoam/bakalarka-openfoam/MHD_control_cooling/src/controllers/mpc_alter.jl:514
┌ Debug: State bounds check: any(l_st_k .> u_st_k) = false
└ @ Main /home/basta/Projects/bakalarka-openfoam/bakalarka-openfoam/MHD_control_cooling/src/controllers/mpc_alter.jl:515
┌ Debug: Initializing U randomly.
└ @ Main /home/basta/Projects/bakalarka-openfoam/bakalarka-openfoam/MHD_control_cooling/src/controllers/mpc_alter.jl:531
┌ Debug: Initializing V randomly.
└ @ Main /home/basta/Projects/bakalarka-openfoam/bakalarka-openfoam/MHD_control_cooling/src/controllers/mpc_alter.jl:540
┌ Debug: Initial U norm: 1.1093, Initial V norm: 1.2831
└ @ Main /home/basta/Projects/bakalarka-openfoam/bakalarka-openfoam/MHD_control_cooling/src/controllers/mpc_alter.jl:544
┌ Debug: Using QP Regularization: 0.0001
└ @ Main /home/basta/Projects/bakalarka-openfoam/bakalarka-openfoam/MHD_control_cooling/src/controllers/mpc_alter.jl:549
┌ Debug: AM Iteration 1/5
└ @ Main /home/basta/Projects/bakalarka-openfoam/bakalarka-openfoam/MHD_control_cooling/src/controllers/mpc_alter.jl:561
┌ Debug:   U-Step OK. Status: LOCALLY_SOLVED, Primal: FEASIBLE_POINT. New U norm: 0.2759
└ @ Main /home/basta/Projects/bakalarka-openfoam/bakalarka-openfoam/MHD_control_cooling/src/controllers/mpc_alter.jl:605
┌ Debug:   V-Step OK. Status: LOCALLY_SOLVED, Primal: FEASIBLE_POINT. New V norm: 1.1414
└ @ Main /home/basta/Projects/bakalarka-openfoam/bakalarka-openfoam/MHD_control_cooling/src/controllers/mpc_alter.jl:662
┌ Debug:   AM Iter 1 took 42.02 ms. U Status: LOCALLY_SOLVED, V Status: LOCALLY_SOLVED
└ @ Main /home/basta/Projects/bakalarka-openfoam/bakalarka-openfoam/MHD_control_cooling/src/controllers/mpc_alter.jl:680
┌ Debug: AM Iteration 2/5
└ @ Main /home/basta/Projects/bakalarka-openfoam/bakalarka-openfoam/MHD_control_cooling/src/controllers/mpc_alter.jl:561
┌ Debug:   U-Step OK. Status: LOCALLY_SOLVED, Primal: FEASIBLE_POINT. New U norm: 0.2961
└ @ Main /home/basta/Projects/bakalarka-openfoam/bakalarka-openfoam/MHD_control_cooling/src/controllers/mpc_alter.jl:605
┌ Debug:   V-Step OK. Status: LOCALLY_SOLVED, Primal: FEASIBLE_POINT. New V norm: 1.1525
└ @ Main /home/basta/Projects/bakalarka-openfoam/bakalarka-openfoam/MHD_control_cooling/src/controllers/mpc_alter.jl:662
┌ Debug:   AM Iter 2 took 55.99 ms. U Status: LOCALLY_SOLVED, V Status: LOCALLY_SOLVED
└ @ Main /home/basta/Projects/bakalarka-openfoam/bakalarka-openfoam/MHD_control_cooling/src/controllers/mpc_alter.jl:680
┌ Debug: AM Iteration 3/5
└ @ Main /home/basta/Projects/bakalarka-openfoam/bakalarka-openfoam/MHD_control_cooling/src/controllers/mpc_alter.jl:561
┌ Debug:   U-Step OK. Status: LOCALLY_SOLVED, Primal: FEASIBLE_POINT. New U norm: 0.2983
└ @ Main /home/basta/Projects/bakalarka-openfoam/bakalarka-openfoam/MHD_control_cooling/src/controllers/mpc_alter.jl:605
┌ Debug:   V-Step OK. Status: LOCALLY_SOLVED, Primal: FEASIBLE_POINT. New V norm: 1.1447
└ @ Main /home/basta/Projects/bakalarka-openfoam/bakalarka-openfoam/MHD_control_cooling/src/controllers/mpc_alter.jl:662
┌ Debug:   AM Iter 3 took 47.15 ms. U Status: LOCALLY_SOLVED, V Status: LOCALLY_SOLVED
└ @ Main /home/basta/Projects/bakalarka-openfoam/bakalarka-openfoam/MHD_control_cooling/src/controllers/mpc_alter.jl:680
┌ Debug: AM Iteration 4/5
└ @ Main /home/basta/Projects/bakalarka-openfoam/bakalarka-openfoam/MHD_control_cooling/src/controllers/mpc_alter.jl:561
┌ Debug:   U-Step OK. Status: LOCALLY_SOLVED, Primal: FEASIBLE_POINT. New U norm: 0.3036
└ @ Main /home/basta/Projects/bakalarka-openfoam/bakalarka-openfoam/MHD_control_cooling/src/controllers/mpc_alter.jl:605
┌ Debug:   V-Step OK. Status: LOCALLY_SOLVED, Primal: FEASIBLE_POINT. New V norm: 1.1359
└ @ Main /home/basta/Projects/bakalarka-openfoam/bakalarka-openfoam/MHD_control_cooling/src/controllers/mpc_alter.jl:662
┌ Debug:   AM Iter 4 took 77.73 ms. U Status: LOCALLY_SOLVED, V Status: LOCALLY_SOLVED
└ @ Main /home/basta/Projects/bakalarka-openfoam/bakalarka-openfoam/MHD_control_cooling/src/controllers/mpc_alter.jl:680
┌ Debug: AM Iteration 5/5
└ @ Main /home/basta/Projects/bakalarka-openfoam/bakalarka-openfoam/MHD_control_cooling/src/controllers/mpc_alter.jl:561
┌ Debug:   U-Step OK. Status: LOCALLY_SOLVED, Primal: FEASIBLE_POINT. New U norm: 0.3097
└ @ Main /home/basta/Projects/bakalarka-openfoam/bakalarka-openfoam/MHD_control_cooling/src/controllers/mpc_alter.jl:605
┌ Debug:   V-Step OK. Status: LOCALLY_SOLVED, Primal: FEASIBLE_POINT. New V norm: 1.1308
└ @ Main /home/basta/Projects/bakalarka-openfoam/bakalarka-openfoam/MHD_control_cooling/src/controllers/mpc_alter.jl:662
┌ Debug:   AM Iter 5 took 48.08 ms. U Status: LOCALLY_SOLVED, V Status: LOCALLY_SOLVED
└ @ Main /home/basta/Projects/bakalarka-openfoam/bakalarka-openfoam/MHD_control_cooling/src/controllers/mpc_alter.jl:680
┌ Debug: AM finished after 5 iterations.
└ @ Main /home/basta/Projects/bakalarka-openfoam/bakalarka-openfoam/MHD_control_cooling/src/controllers/mpc_alter.jl:697
┌ Debug: Final U norm: 0.3097, Final V norm: 1.1308
└ @ Main /home/basta/Projects/bakalarka-openfoam/bakalarka-openfoam/MHD_control_cooling/src/controllers/mpc_alter.jl:698
┌ Debug: Physical Bounds Hit: U_min=false, U_max=false, V_min=false, V_max=false
└ @ Main /home/basta/Projects/bakalarka-openfoam/bakalarka-openfoam/MHD_control_cooling/src/controllers/mpc_alter.jl:704
┌ Debug: Storing effective theta_k (for next step): Norm=0.0772, First 5=[0.0484, -0.0, 0.0484, -0.0, -0.0]
└ @ Main /home/basta/Projects/bakalarka-openfoam/bakalarka-openfoam/MHD_control_cooling/src/controllers/mpc_alter.jl:733
┌ Info: Control action computed in 303.03 ms. Sending input u[1]=0.118, v[1]=0.4097...
└ @ Main /home/basta/Projects/bakalarka-openfoam/bakalarka-openfoam/MHD_control_cooling/src/controllers/mpc_alter.jl:753
┌ Info: ("Sending input", [0.1180063580258687, -2.440666780762526e-8, 0.11800635847439721, -2.4253971477560075e-8, 0.4097240997209678, -8.41249551890741e-8, -8.406060716778189e-8, 0.2142512108959405])
└ @ Main /home/basta/Projects/bakalarka-openfoam/bakalarka-openfoam/MHD_control_cooling/src/scripts/sock_field_server.jl:287
┌ Debug: update_controller_state! called at time 87.340065. No action implemented.
└ @ Main /home/basta/Projects/bakalarka-openfoam/bakalarka-openfoam/MHD_control_cooling/src/controllers/mpc_alter.jl:763
┌ Debug: update_controller_state! called at time 87.340065. No action implemented.
└ @ Main /home/basta/Projects/bakalarka-openfoam/bakalarka-openfoam/MHD_control_cooling/src/controllers/mpc_alter.jl:763
┌ Debug: Raw Measurement 'wallheatflux' value: -0.6010545
└ @ Main /home/basta/Projects/bakalarka-openfoam/bakalarka-openfoam/MHD_control_cooling/src/controllers/mpc_alter.jl:455
┌ Debug: Centered Measurement yk: -0.6010545
└ @ Main /home/basta/Projects/bakalarka-openfoam/bakalarka-openfoam/MHD_control_cooling/src/controllers/mpc_alter.jl:458
┌ Debug: Constructed state xk[1:5] = [-0.6011, -0.6002, -0.5994, -0.5986, -0.598]... | Norm: 4.5994
└ @ Main /home/basta/Projects/bakalarka-openfoam/bakalarka-openfoam/MHD_control_cooling/src/controllers/mpc_alter.jl:504
┌ Debug: State error (output) xk[1]-xref[1]: 0.3989 | Full error norm: 14.4508
└ @ Main /home/basta/Projects/bakalarka-openfoam/bakalarka-openfoam/MHD_control_cooling/src/controllers/mpc_alter.jl:514
┌ Debug: State bounds check: any(l_st_k .> u_st_k) = false
└ @ Main /home/basta/Projects/bakalarka-openfoam/bakalarka-openfoam/MHD_control_cooling/src/controllers/mpc_alter.jl:515
┌ Debug: Warm starting U from previous solution (shifted).
└ @ Main /home/basta/Projects/bakalarka-openfoam/bakalarka-openfoam/MHD_control_cooling/src/controllers/mpc_alter.jl:528
┌ Debug: Warm starting V from previous solution (shifted).
└ @ Main /home/basta/Projects/bakalarka-openfoam/bakalarka-openfoam/MHD_control_cooling/src/controllers/mpc_alter.jl:537
┌ Debug: Initial U norm: 0.2609, Initial V norm: 1.032
└ @ Main /home/basta/Projects/bakalarka-openfoam/bakalarka-openfoam/MHD_control_cooling/src/controllers/mpc_alter.jl:544
┌ Debug: Using QP Regularization: 0.0001
└ @ Main /home/basta/Projects/bakalarka-openfoam/bakalarka-openfoam/MHD_control_cooling/src/controllers/mpc_alter.jl:549
┌ Debug: AM Iteration 1/5
└ @ Main /home/basta/Projects/bakalarka-openfoam/bakalarka-openfoam/MHD_control_cooling/src/controllers/mpc_alter.jl:561
┌ Debug:   U-Step OK. Status: LOCALLY_SOLVED, Primal: FEASIBLE_POINT. New U norm: 0.2666
└ @ Main /home/basta/Projects/bakalarka-openfoam/bakalarka-openfoam/MHD_control_cooling/src/controllers/mpc_alter.jl:605
┌ Debug:   V-Step OK. Status: LOCALLY_SOLVED, Primal: FEASIBLE_POINT. New V norm: 1.0499
└ @ Main /home/basta/Projects/bakalarka-openfoam/bakalarka-openfoam/MHD_control_cooling/src/controllers/mpc_alter.jl:662
┌ Debug:   AM Iter 1 took 44.12 ms. U Status: LOCALLY_SOLVED, V Status: LOCALLY_SOLVED
└ @ Main /home/basta/Projects/bakalarka-openfoam/bakalarka-openfoam/MHD_control_cooling/src/controllers/mpc_alter.jl:680
┌ Debug: AM Iteration 2/5
└ @ Main /home/basta/Projects/bakalarka-openfoam/bakalarka-openfoam/MHD_control_cooling/src/controllers/mpc_alter.jl:561
┌ Debug:   U-Step OK. Status: LOCALLY_SOLVED, Primal: FEASIBLE_POINT. New U norm: 0.2673
└ @ Main /home/basta/Projects/bakalarka-openfoam/bakalarka-openfoam/MHD_control_cooling/src/controllers/mpc_alter.jl:605
┌ Debug:   V-Step OK. Status: LOCALLY_SOLVED, Primal: FEASIBLE_POINT. New V norm: 1.0502
└ @ Main /home/basta/Projects/bakalarka-openfoam/bakalarka-openfoam/MHD_control_cooling/src/controllers/mpc_alter.jl:662
┌ Debug:   AM Iter 2 took 47.92 ms. U Status: LOCALLY_SOLVED, V Status: LOCALLY_SOLVED
└ @ Main /home/basta/Projects/bakalarka-openfoam/bakalarka-openfoam/MHD_control_cooling/src/controllers/mpc_alter.jl:680
┌ Debug: AM Iteration 3/5
└ @ Main /home/basta/Projects/bakalarka-openfoam/bakalarka-openfoam/MHD_control_cooling/src/controllers/mpc_alter.jl:561
┌ Debug:   U-Step OK. Status: LOCALLY_SOLVED, Primal: FEASIBLE_POINT. New U norm: 0.2683
└ @ Main /home/basta/Projects/bakalarka-openfoam/bakalarka-openfoam/MHD_control_cooling/src/controllers/mpc_alter.jl:605
┌ Debug:   V-Step OK. Status: LOCALLY_SOLVED, Primal: FEASIBLE_POINT. New V norm: 1.0506
└ @ Main /home/basta/Projects/bakalarka-openfoam/bakalarka-openfoam/MHD_control_cooling/src/controllers/mpc_alter.jl:662
┌ Debug:   AM Iter 3 took 44.07 ms. U Status: LOCALLY_SOLVED, V Status: LOCALLY_SOLVED
└ @ Main /home/basta/Projects/bakalarka-openfoam/bakalarka-openfoam/MHD_control_cooling/src/controllers/mpc_alter.jl:680
┌ Debug: AM Iteration 4/5
└ @ Main /home/basta/Projects/bakalarka-openfoam/bakalarka-openfoam/MHD_control_cooling/src/controllers/mpc_alter.jl:561
┌ Debug:   U-Step OK. Status: LOCALLY_SOLVED, Primal: FEASIBLE_POINT. New U norm: 0.2693
└ @ Main /home/basta/Projects/bakalarka-openfoam/bakalarka-openfoam/MHD_control_cooling/src/controllers/mpc_alter.jl:605
┌ Debug:   V-Step OK. Status: LOCALLY_SOLVED, Primal: FEASIBLE_POINT. New V norm: 1.0511
└ @ Main /home/basta/Projects/bakalarka-openfoam/bakalarka-openfoam/MHD_control_cooling/src/controllers/mpc_alter.jl:662
┌ Debug:   AM Iter 4 took 38.61 ms. U Status: LOCALLY_SOLVED, V Status: LOCALLY_SOLVED
└ @ Main /home/basta/Projects/bakalarka-openfoam/bakalarka-openfoam/MHD_control_cooling/src/controllers/mpc_alter.jl:680
┌ Debug: AM Iteration 5/5
└ @ Main /home/basta/Projects/bakalarka-openfoam/bakalarka-openfoam/MHD_control_cooling/src/controllers/mpc_alter.jl:561
┌ Debug:   U-Step OK. Status: LOCALLY_SOLVED, Primal: FEASIBLE_POINT. New U norm: 0.2703
└ @ Main /home/basta/Projects/bakalarka-openfoam/bakalarka-openfoam/MHD_control_cooling/src/controllers/mpc_alter.jl:605
┌ Debug:   V-Step OK. Status: LOCALLY_SOLVED, Primal: FEASIBLE_POINT. New V norm: 1.0517
└ @ Main /home/basta/Projects/bakalarka-openfoam/bakalarka-openfoam/MHD_control_cooling/src/controllers/mpc_alter.jl:662
┌ Debug:   AM Iter 5 took 69.15 ms. U Status: LOCALLY_SOLVED, V Status: LOCALLY_SOLVED
└ @ Main /home/basta/Projects/bakalarka-openfoam/bakalarka-openfoam/MHD_control_cooling/src/controllers/mpc_alter.jl:680
┌ Debug: AM finished after 5 iterations.
└ @ Main /home/basta/Projects/bakalarka-openfoam/bakalarka-openfoam/MHD_control_cooling/src/controllers/mpc_alter.jl:697
┌ Debug: Final U norm: 0.2703, Final V norm: 1.0517
└ @ Main /home/basta/Projects/bakalarka-openfoam/bakalarka-openfoam/MHD_control_cooling/src/controllers/mpc_alter.jl:698
┌ Debug: Physical Bounds Hit: U_min=false, U_max=false, V_min=false, V_max=false
└ @ Main /home/basta/Projects/bakalarka-openfoam/bakalarka-openfoam/MHD_control_cooling/src/controllers/mpc_alter.jl:704
┌ Debug: Storing effective theta_k (for next step): Norm=0.0607, First 5=[0.0344, -0.0, 0.0344, -0.0, -0.0]
└ @ Main /home/basta/Projects/bakalarka-openfoam/bakalarka-openfoam/MHD_control_cooling/src/controllers/mpc_alter.jl:733
┌ Info: Control action computed in 276.25 ms. Sending input u[1]=0.0704, v[1]=0.4877...
└ @ Main /home/basta/Projects/bakalarka-openfoam/bakalarka-openfoam/MHD_control_cooling/src/controllers/mpc_alter.jl:753
┌ Info: ("Sending input", [0.07044307159279396, -2.0503445762410767e-8, 0.07044307175272266, -2.0452592935303948e-8, 0.4877228984504802, -1.4095682984316653e-7, -1.4082471626356896e-7, 0.36595723311031053])
└ @ Main /home/basta/Projects/bakalarka-openfoam/bakalarka-openfoam/MHD_control_cooling/src/scripts/sock_field_server.jl:287
┌ Debug: update_controller_state! called at time 88.440063. No action implemented.
└ @ Main /home/basta/Projects/bakalarka-openfoam/bakalarka-openfoam/MHD_control_cooling/src/controllers/mpc_alter.jl:763
┌ Debug: update_controller_state! called at time 88.440063. No action implemented.
└ @ Main /home/basta/Projects/bakalarka-openfoam/bakalarka-openfoam/MHD_control_cooling/src/controllers/mpc_alter.jl:763
┌ Debug: Raw Measurement 'wallheatflux' value: -0.6018665625
└ @ Main /home/basta/Projects/bakalarka-openfoam/bakalarka-openfoam/MHD_control_cooling/src/controllers/mpc_alter.jl:455
┌ Debug: Centered Measurement yk: -0.6018665625
└ @ Main /home/basta/Projects/bakalarka-openfoam/bakalarka-openfoam/MHD_control_cooling/src/controllers/mpc_alter.jl:458
┌ Debug: Constructed state xk[1:5] = [-0.6019, -0.6011, -0.6002, -0.5994, -0.5986]... | Norm: 4.6026
└ @ Main /home/basta/Projects/bakalarka-openfoam/bakalarka-openfoam/MHD_control_cooling/src/controllers/mpc_alter.jl:504
┌ Debug: State error (output) xk[1]-xref[1]: 0.3981 | Full error norm: 14.4675
└ @ Main /home/basta/Projects/bakalarka-openfoam/bakalarka-openfoam/MHD_control_cooling/src/controllers/mpc_alter.jl:514
┌ Debug: State bounds check: any(l_st_k .> u_st_k) = false
└ @ Main /home/basta/Projects/bakalarka-openfoam/bakalarka-openfoam/MHD_control_cooling/src/controllers/mpc_alter.jl:515
┌ Debug: Warm starting U from previous solution (shifted).
└ @ Main /home/basta/Projects/bakalarka-openfoam/bakalarka-openfoam/MHD_control_cooling/src/controllers/mpc_alter.jl:528
┌ Debug: Warm starting V from previous solution (shifted).
└ @ Main /home/basta/Projects/bakalarka-openfoam/bakalarka-openfoam/MHD_control_cooling/src/controllers/mpc_alter.jl:537
┌ Debug: Initial U norm: 0.2512, Initial V norm: 0.8569
└ @ Main /home/basta/Projects/bakalarka-openfoam/bakalarka-openfoam/MHD_control_cooling/src/controllers/mpc_alter.jl:544
┌ Debug: Using QP Regularization: 0.0001
└ @ Main /home/basta/Projects/bakalarka-openfoam/bakalarka-openfoam/MHD_control_cooling/src/controllers/mpc_alter.jl:549
┌ Debug: AM Iteration 1/5
└ @ Main /home/basta/Projects/bakalarka-openfoam/bakalarka-openfoam/MHD_control_cooling/src/controllers/mpc_alter.jl:561
┌ Debug:   U-Step OK. Status: LOCALLY_SOLVED, Primal: FEASIBLE_POINT. New U norm: 0.2555
└ @ Main /home/basta/Projects/bakalarka-openfoam/bakalarka-openfoam/MHD_control_cooling/src/controllers/mpc_alter.jl:605
┌ Debug:   V-Step OK. Status: LOCALLY_SOLVED, Primal: FEASIBLE_POINT. New V norm: 0.8686
└ @ Main /home/basta/Projects/bakalarka-openfoam/bakalarka-openfoam/MHD_control_cooling/src/controllers/mpc_alter.jl:662
┌ Debug:   AM Iter 1 took 35.19 ms. U Status: LOCALLY_SOLVED, V Status: LOCALLY_SOLVED
└ @ Main /home/basta/Projects/bakalarka-openfoam/bakalarka-openfoam/MHD_control_cooling/src/controllers/mpc_alter.jl:680
┌ Debug: AM Iteration 2/5
└ @ Main /home/basta/Projects/bakalarka-openfoam/bakalarka-openfoam/MHD_control_cooling/src/controllers/mpc_alter.jl:561
┌ Debug:   U-Step OK. Status: LOCALLY_SOLVED, Primal: FEASIBLE_POINT. New U norm: 0.2561
└ @ Main /home/basta/Projects/bakalarka-openfoam/bakalarka-openfoam/MHD_control_cooling/src/controllers/mpc_alter.jl:605
┌ Debug:   V-Step OK. Status: LOCALLY_SOLVED, Primal: FEASIBLE_POINT. New V norm: 0.8692
└ @ Main /home/basta/Projects/bakalarka-openfoam/bakalarka-openfoam/MHD_control_cooling/src/controllers/mpc_alter.jl:662
┌ Debug:   AM Iter 2 took 39.38 ms. U Status: LOCALLY_SOLVED, V Status: LOCALLY_SOLVED
└ @ Main /home/basta/Projects/bakalarka-openfoam/bakalarka-openfoam/MHD_control_cooling/src/controllers/mpc_alter.jl:680
┌ Debug: AM Iteration 3/5
└ @ Main /home/basta/Projects/bakalarka-openfoam/bakalarka-openfoam/MHD_control_cooling/src/controllers/mpc_alter.jl:561
┌ Debug:   U-Step OK. Status: LOCALLY_SOLVED, Primal: FEASIBLE_POINT. New U norm: 0.2569
└ @ Main /home/basta/Projects/bakalarka-openfoam/bakalarka-openfoam/MHD_control_cooling/src/controllers/mpc_alter.jl:605
┌ Debug:   V-Step OK. Status: LOCALLY_SOLVED, Primal: FEASIBLE_POINT. New V norm: 0.87
└ @ Main /home/basta/Projects/bakalarka-openfoam/bakalarka-openfoam/MHD_control_cooling/src/controllers/mpc_alter.jl:662
┌ Debug:   AM Iter 3 took 39.1 ms. U Status: LOCALLY_SOLVED, V Status: LOCALLY_SOLVED
└ @ Main /home/basta/Projects/bakalarka-openfoam/bakalarka-openfoam/MHD_control_cooling/src/controllers/mpc_alter.jl:680
┌ Debug: AM Iteration 4/5
└ @ Main /home/basta/Projects/bakalarka-openfoam/bakalarka-openfoam/MHD_control_cooling/src/controllers/mpc_alter.jl:561
┌ Debug:   U-Step OK. Status: LOCALLY_SOLVED, Primal: FEASIBLE_POINT. New U norm: 0.2577
└ @ Main /home/basta/Projects/bakalarka-openfoam/bakalarka-openfoam/MHD_control_cooling/src/controllers/mpc_alter.jl:605
┌ Debug:   V-Step OK. Status: LOCALLY_SOLVED, Primal: FEASIBLE_POINT. New V norm: 0.871
└ @ Main /home/basta/Projects/bakalarka-openfoam/bakalarka-openfoam/MHD_control_cooling/src/controllers/mpc_alter.jl:662
┌ Debug:   AM Iter 4 took 33.9 ms. U Status: LOCALLY_SOLVED, V Status: LOCALLY_SOLVED
└ @ Main /home/basta/Projects/bakalarka-openfoam/bakalarka-openfoam/MHD_control_cooling/src/controllers/mpc_alter.jl:680
┌ Debug: AM Iteration 5/5
└ @ Main /home/basta/Projects/bakalarka-openfoam/bakalarka-openfoam/MHD_control_cooling/src/controllers/mpc_alter.jl:561
┌ Debug:   U-Step OK. Status: LOCALLY_SOLVED, Primal: FEASIBLE_POINT. New U norm: 0.2585
└ @ Main /home/basta/Projects/bakalarka-openfoam/bakalarka-openfoam/MHD_control_cooling/src/controllers/mpc_alter.jl:605
┌ Debug:   V-Step OK. Status: LOCALLY_SOLVED, Primal: FEASIBLE_POINT. New V norm: 0.872
└ @ Main /home/basta/Projects/bakalarka-openfoam/bakalarka-openfoam/MHD_control_cooling/src/controllers/mpc_alter.jl:662
┌ Debug:   AM Iter 5 took 33.75 ms. U Status: LOCALLY_SOLVED, V Status: LOCALLY_SOLVED
└ @ Main /home/basta/Projects/bakalarka-openfoam/bakalarka-openfoam/MHD_control_cooling/src/controllers/mpc_alter.jl:680
┌ Debug: AM finished after 5 iterations.
└ @ Main /home/basta/Projects/bakalarka-openfoam/bakalarka-openfoam/MHD_control_cooling/src/controllers/mpc_alter.jl:697
┌ Debug: Final U norm: 0.2585, Final V norm: 0.872
└ @ Main /home/basta/Projects/bakalarka-openfoam/bakalarka-openfoam/MHD_control_cooling/src/controllers/mpc_alter.jl:698
┌ Debug: Physical Bounds Hit: U_min=false, U_max=false, V_min=false, V_max=false
└ @ Main /home/basta/Projects/bakalarka-openfoam/bakalarka-openfoam/MHD_control_cooling/src/controllers/mpc_alter.jl:704
┌ Debug: Storing effective theta_k (for next step): Norm=0.0762, First 5=[0.0188, 0.0188, -0.0, 0.0148, -0.0]
└ @ Main /home/basta/Projects/bakalarka-openfoam/bakalarka-openfoam/MHD_control_cooling/src/controllers/mpc_alter.jl:733
┌ Info: Control action computed in 216.08 ms. Sending input u[1]=0.0975, v[1]=0.1927...
└ @ Main /home/basta/Projects/bakalarka-openfoam/bakalarka-openfoam/MHD_control_cooling/src/controllers/mpc_alter.jl:753
┌ Info: ("Sending input", [0.09745677246847873, 0.09745677233078875, -2.2579556241784382e-8, 0.07665967214534937, 0.1926675278917806, -1.0218174374122997e-7, 0.44287849981129956, -1.0223317742209115e-7])
└ @ Main /home/basta/Projects/bakalarka-openfoam/bakalarka-openfoam/MHD_control_cooling/src/scripts/sock_field_server.jl:287
┌ Debug: update_controller_state! called at time 89.540062. No action implemented.
└ @ Main /home/basta/Projects/bakalarka-openfoam/bakalarka-openfoam/MHD_control_cooling/src/controllers/mpc_alter.jl:763
┌ Debug: update_controller_state! called at time 89.540062. No action implemented.
└ @ Main /home/basta/Projects/bakalarka-openfoam/bakalarka-openfoam/MHD_control_cooling/src/controllers/mpc_alter.jl:763
┌ Debug: Raw Measurement 'wallheatflux' value: -0.6027646875
└ @ Main /home/basta/Projects/bakalarka-openfoam/bakalarka-openfoam/MHD_control_cooling/src/controllers/mpc_alter.jl:455
┌ Debug: Centered Measurement yk: -0.6027646875
└ @ Main /home/basta/Projects/bakalarka-openfoam/bakalarka-openfoam/MHD_control_cooling/src/controllers/mpc_alter.jl:458
┌ Debug: Constructed state xk[1:5] = [-0.6028, -0.6019, -0.6011, -0.6002, -0.5994]... | Norm: 4.6058
└ @ Main /home/basta/Projects/bakalarka-openfoam/bakalarka-openfoam/MHD_control_cooling/src/controllers/mpc_alter.jl:504
┌ Debug: State error (output) xk[1]-xref[1]: 0.3972 | Full error norm: 14.4004
└ @ Main /home/basta/Projects/bakalarka-openfoam/bakalarka-openfoam/MHD_control_cooling/src/controllers/mpc_alter.jl:514
┌ Debug: State bounds check: any(l_st_k .> u_st_k) = false
└ @ Main /home/basta/Projects/bakalarka-openfoam/bakalarka-openfoam/MHD_control_cooling/src/controllers/mpc_alter.jl:515
┌ Debug: Warm starting U from previous solution (shifted).
└ @ Main /home/basta/Projects/bakalarka-openfoam/bakalarka-openfoam/MHD_control_cooling/src/controllers/mpc_alter.jl:528
┌ Debug: Warm starting V from previous solution (shifted).
└ @ Main /home/basta/Projects/bakalarka-openfoam/bakalarka-openfoam/MHD_control_cooling/src/controllers/mpc_alter.jl:537
┌ Debug: Initial U norm: 0.2048, Initial V norm: 0.726
└ @ Main /home/basta/Projects/bakalarka-openfoam/bakalarka-openfoam/MHD_control_cooling/src/controllers/mpc_alter.jl:544
┌ Debug: Using QP Regularization: 0.0001
└ @ Main /home/basta/Projects/bakalarka-openfoam/bakalarka-openfoam/MHD_control_cooling/src/controllers/mpc_alter.jl:549
┌ Debug: AM Iteration 1/5
└ @ Main /home/basta/Projects/bakalarka-openfoam/bakalarka-openfoam/MHD_control_cooling/src/controllers/mpc_alter.jl:561
┌ Debug:   U-Step OK. Status: LOCALLY_SOLVED, Primal: FEASIBLE_POINT. New U norm: 0.2071
└ @ Main /home/basta/Projects/bakalarka-openfoam/bakalarka-openfoam/MHD_control_cooling/src/controllers/mpc_alter.jl:605
┌ Debug:   V-Step OK. Status: LOCALLY_SOLVED, Primal: FEASIBLE_POINT. New V norm: 0.7273
└ @ Main /home/basta/Projects/bakalarka-openfoam/bakalarka-openfoam/MHD_control_cooling/src/controllers/mpc_alter.jl:662
┌ Debug:   AM Iter 1 took 32.74 ms. U Status: LOCALLY_SOLVED, V Status: LOCALLY_SOLVED
└ @ Main /home/basta/Projects/bakalarka-openfoam/bakalarka-openfoam/MHD_control_cooling/src/controllers/mpc_alter.jl:680
┌ Debug: AM Iteration 2/5
└ @ Main /home/basta/Projects/bakalarka-openfoam/bakalarka-openfoam/MHD_control_cooling/src/controllers/mpc_alter.jl:561
┌ Debug:   U-Step OK. Status: LOCALLY_SOLVED, Primal: FEASIBLE_POINT. New U norm: 0.2081
└ @ Main /home/basta/Projects/bakalarka-openfoam/bakalarka-openfoam/MHD_control_cooling/src/controllers/mpc_alter.jl:605
┌ Debug:   V-Step OK. Status: LOCALLY_SOLVED, Primal: FEASIBLE_POINT. New V norm: 0.7276
└ @ Main /home/basta/Projects/bakalarka-openfoam/bakalarka-openfoam/MHD_control_cooling/src/controllers/mpc_alter.jl:662
┌ Debug:   AM Iter 2 took 28.19 ms. U Status: LOCALLY_SOLVED, V Status: LOCALLY_SOLVED
└ @ Main /home/basta/Projects/bakalarka-openfoam/bakalarka-openfoam/MHD_control_cooling/src/controllers/mpc_alter.jl:680
┌ Debug: AM Iteration 3/5
└ @ Main /home/basta/Projects/bakalarka-openfoam/bakalarka-openfoam/MHD_control_cooling/src/controllers/mpc_alter.jl:561
┌ Debug:   U-Step OK. Status: LOCALLY_SOLVED, Primal: FEASIBLE_POINT. New U norm: 0.2089
└ @ Main /home/basta/Projects/bakalarka-openfoam/bakalarka-openfoam/MHD_control_cooling/src/controllers/mpc_alter.jl:605
┌ Debug:   V-Step OK. Status: LOCALLY_SOLVED, Primal: FEASIBLE_POINT. New V norm: 0.7282
└ @ Main /home/basta/Projects/bakalarka-openfoam/bakalarka-openfoam/MHD_control_cooling/src/controllers/mpc_alter.jl:662
┌ Debug:   AM Iter 3 took 32.37 ms. U Status: LOCALLY_SOLVED, V Status: LOCALLY_SOLVED
└ @ Main /home/basta/Projects/bakalarka-openfoam/bakalarka-openfoam/MHD_control_cooling/src/controllers/mpc_alter.jl:680
┌ Debug: AM Iteration 4/5
└ @ Main /home/basta/Projects/bakalarka-openfoam/bakalarka-openfoam/MHD_control_cooling/src/controllers/mpc_alter.jl:561
┌ Debug:   U-Step OK. Status: LOCALLY_SOLVED, Primal: FEASIBLE_POINT. New U norm: 0.2096
└ @ Main /home/basta/Projects/bakalarka-openfoam/bakalarka-openfoam/MHD_control_cooling/src/controllers/mpc_alter.jl:605
┌ Debug:   V-Step OK. Status: LOCALLY_SOLVED, Primal: FEASIBLE_POINT. New V norm: 0.7289
└ @ Main /home/basta/Projects/bakalarka-openfoam/bakalarka-openfoam/MHD_control_cooling/src/controllers/mpc_alter.jl:662
┌ Debug:   AM Iter 4 took 28.4 ms. U Status: LOCALLY_SOLVED, V Status: LOCALLY_SOLVED
└ @ Main /home/basta/Projects/bakalarka-openfoam/bakalarka-openfoam/MHD_control_cooling/src/controllers/mpc_alter.jl:680
┌ Debug: AM Iteration 5/5
└ @ Main /home/basta/Projects/bakalarka-openfoam/bakalarka-openfoam/MHD_control_cooling/src/controllers/mpc_alter.jl:561
┌ Debug:   U-Step OK. Status: LOCALLY_SOLVED, Primal: FEASIBLE_POINT. New U norm: 0.2102
└ @ Main /home/basta/Projects/bakalarka-openfoam/bakalarka-openfoam/MHD_control_cooling/src/controllers/mpc_alter.jl:605
┌ Debug:   V-Step OK. Status: LOCALLY_SOLVED, Primal: FEASIBLE_POINT. New V norm: 0.7296
└ @ Main /home/basta/Projects/bakalarka-openfoam/bakalarka-openfoam/MHD_control_cooling/src/controllers/mpc_alter.jl:662
┌ Debug:   AM Iter 5 took 27.8 ms. U Status: LOCALLY_SOLVED, V Status: LOCALLY_SOLVED
└ @ Main /home/basta/Projects/bakalarka-openfoam/bakalarka-openfoam/MHD_control_cooling/src/controllers/mpc_alter.jl:680
┌ Debug: AM finished after 5 iterations.
└ @ Main /home/basta/Projects/bakalarka-openfoam/bakalarka-openfoam/MHD_control_cooling/src/controllers/mpc_alter.jl:697
┌ Debug: Final U norm: 0.2102, Final V norm: 0.7296
└ @ Main /home/basta/Projects/bakalarka-openfoam/bakalarka-openfoam/MHD_control_cooling/src/controllers/mpc_alter.jl:698
┌ Debug: Physical Bounds Hit: U_min=false, U_max=false, V_min=false, V_max=false
└ @ Main /home/basta/Projects/bakalarka-openfoam/bakalarka-openfoam/MHD_control_cooling/src/controllers/mpc_alter.jl:704
┌ Debug: Storing effective theta_k (for next step): Norm=0.0985, First 5=[0.0582, -0.0, 0.0685, -0.0, -0.0]
└ @ Main /home/basta/Projects/bakalarka-openfoam/bakalarka-openfoam/MHD_control_cooling/src/controllers/mpc_alter.jl:733
┌ Info: Control action computed in 181.53 ms. Sending input u[1]=0.1115, v[1]=0.5222...
└ @ Main /home/basta/Projects/bakalarka-openfoam/bakalarka-openfoam/MHD_control_cooling/src/controllers/mpc_alter.jl:753
┌ Info: ("Sending input", [0.1115357274811639, -1.9150473405036112e-8, 0.13112594501902733, -1.887805462170113e-8, 0.5221803022358763, -7.588462935178322e-8, -7.601784353076233e-8, 0.23378621265125932])
└ @ Main /home/basta/Projects/bakalarka-openfoam/bakalarka-openfoam/MHD_control_cooling/src/scripts/sock_field_server.jl:287
┌ Debug: update_controller_state! called at time 90.64006. No action implemented.
└ @ Main /home/basta/Projects/bakalarka-openfoam/bakalarka-openfoam/MHD_control_cooling/src/controllers/mpc_alter.jl:763
┌ Debug: update_controller_state! called at time 90.64006. No action implemented.
└ @ Main /home/basta/Projects/bakalarka-openfoam/bakalarka-openfoam/MHD_control_cooling/src/controllers/mpc_alter.jl:763
┌ Debug: Raw Measurement 'wallheatflux' value: -0.6036458125
└ @ Main /home/basta/Projects/bakalarka-openfoam/bakalarka-openfoam/MHD_control_cooling/src/controllers/mpc_alter.jl:455
┌ Debug: Centered Measurement yk: -0.6036458125
└ @ Main /home/basta/Projects/bakalarka-openfoam/bakalarka-openfoam/MHD_control_cooling/src/controllers/mpc_alter.jl:458
┌ Debug: Constructed state xk[1:5] = [-0.6036, -0.6028, -0.6019, -0.6011, -0.6002]... | Norm: 4.6102
└ @ Main /home/basta/Projects/bakalarka-openfoam/bakalarka-openfoam/MHD_control_cooling/src/controllers/mpc_alter.jl:504
┌ Debug: State error (output) xk[1]-xref[1]: 0.3964 | Full error norm: 14.453
└ @ Main /home/basta/Projects/bakalarka-openfoam/bakalarka-openfoam/MHD_control_cooling/src/controllers/mpc_alter.jl:514
┌ Debug: State bounds check: any(l_st_k .> u_st_k) = false
└ @ Main /home/basta/Projects/bakalarka-openfoam/bakalarka-openfoam/MHD_control_cooling/src/controllers/mpc_alter.jl:515
┌ Debug: Warm starting U from previous solution (shifted).
└ @ Main /home/basta/Projects/bakalarka-openfoam/bakalarka-openfoam/MHD_control_cooling/src/controllers/mpc_alter.jl:528
┌ Debug: Warm starting V from previous solution (shifted).
└ @ Main /home/basta/Projects/bakalarka-openfoam/bakalarka-openfoam/MHD_control_cooling/src/controllers/mpc_alter.jl:537
┌ Debug: Initial U norm: 0.1207, Initial V norm: 0.4528
└ @ Main /home/basta/Projects/bakalarka-openfoam/bakalarka-openfoam/MHD_control_cooling/src/controllers/mpc_alter.jl:544
┌ Debug: Using QP Regularization: 0.0001
└ @ Main /home/basta/Projects/bakalarka-openfoam/bakalarka-openfoam/MHD_control_cooling/src/controllers/mpc_alter.jl:549
┌ Debug: AM Iteration 1/5
└ @ Main /home/basta/Projects/bakalarka-openfoam/bakalarka-openfoam/MHD_control_cooling/src/controllers/mpc_alter.jl:561
┌ Debug:   U-Step OK. Status: LOCALLY_SOLVED, Primal: FEASIBLE_POINT. New U norm: 0.1217
└ @ Main /home/basta/Projects/bakalarka-openfoam/bakalarka-openfoam/MHD_control_cooling/src/controllers/mpc_alter.jl:605
┌ Debug:   V-Step OK. Status: LOCALLY_SOLVED, Primal: FEASIBLE_POINT. New V norm: 0.4648
└ @ Main /home/basta/Projects/bakalarka-openfoam/bakalarka-openfoam/MHD_control_cooling/src/controllers/mpc_alter.jl:662
┌ Debug:   AM Iter 1 took 20.54 ms. U Status: LOCALLY_SOLVED, V Status: LOCALLY_SOLVED
└ @ Main /home/basta/Projects/bakalarka-openfoam/bakalarka-openfoam/MHD_control_cooling/src/controllers/mpc_alter.jl:680
┌ Debug: AM Iteration 2/5
└ @ Main /home/basta/Projects/bakalarka-openfoam/bakalarka-openfoam/MHD_control_cooling/src/controllers/mpc_alter.jl:561
┌ Debug:   U-Step OK. Status: LOCALLY_SOLVED, Primal: FEASIBLE_POINT. New U norm: 0.1225
└ @ Main /home/basta/Projects/bakalarka-openfoam/bakalarka-openfoam/MHD_control_cooling/src/controllers/mpc_alter.jl:605
┌ Debug:   V-Step OK. Status: LOCALLY_SOLVED, Primal: FEASIBLE_POINT. New V norm: 0.464
└ @ Main /home/basta/Projects/bakalarka-openfoam/bakalarka-openfoam/MHD_control_cooling/src/controllers/mpc_alter.jl:662
┌ Debug:   AM Iter 2 took 18.44 ms. U Status: LOCALLY_SOLVED, V Status: LOCALLY_SOLVED
└ @ Main /home/basta/Projects/bakalarka-openfoam/bakalarka-openfoam/MHD_control_cooling/src/controllers/mpc_alter.jl:680
┌ Debug: AM Iteration 3/5
└ @ Main /home/basta/Projects/bakalarka-openfoam/bakalarka-openfoam/MHD_control_cooling/src/controllers/mpc_alter.jl:561
┌ Debug:   U-Step OK. Status: LOCALLY_SOLVED, Primal: FEASIBLE_POINT. New U norm: 0.1234
└ @ Main /home/basta/Projects/bakalarka-openfoam/bakalarka-openfoam/MHD_control_cooling/src/controllers/mpc_alter.jl:605
┌ Debug:   V-Step OK. Status: LOCALLY_SOLVED, Primal: FEASIBLE_POINT. New V norm: 0.4633
└ @ Main /home/basta/Projects/bakalarka-openfoam/bakalarka-openfoam/MHD_control_cooling/src/controllers/mpc_alter.jl:662
┌ Debug:   AM Iter 3 took 20.31 ms. U Status: LOCALLY_SOLVED, V Status: LOCALLY_SOLVED
└ @ Main /home/basta/Projects/bakalarka-openfoam/bakalarka-openfoam/MHD_control_cooling/src/controllers/mpc_alter.jl:680
┌ Debug: AM Iteration 4/5
└ @ Main /home/basta/Projects/bakalarka-openfoam/bakalarka-openfoam/MHD_control_cooling/src/controllers/mpc_alter.jl:561
┌ Debug:   U-Step OK. Status: LOCALLY_SOLVED, Primal: FEASIBLE_POINT. New U norm: 0.1242
└ @ Main /home/basta/Projects/bakalarka-openfoam/bakalarka-openfoam/MHD_control_cooling/src/controllers/mpc_alter.jl:605
┌ Debug:   V-Step OK. Status: LOCALLY_SOLVED, Primal: FEASIBLE_POINT. New V norm: 0.4625
└ @ Main /home/basta/Projects/bakalarka-openfoam/bakalarka-openfoam/MHD_control_cooling/src/controllers/mpc_alter.jl:662
┌ Debug:   AM Iter 4 took 25.36 ms. U Status: LOCALLY_SOLVED, V Status: LOCALLY_SOLVED
└ @ Main /home/basta/Projects/bakalarka-openfoam/bakalarka-openfoam/MHD_control_cooling/src/controllers/mpc_alter.jl:680
┌ Debug: AM Iteration 5/5
└ @ Main /home/basta/Projects/bakalarka-openfoam/bakalarka-openfoam/MHD_control_cooling/src/controllers/mpc_alter.jl:561
┌ Debug:   U-Step OK. Status: LOCALLY_SOLVED, Primal: FEASIBLE_POINT. New U norm: 0.1251
└ @ Main /home/basta/Projects/bakalarka-openfoam/bakalarka-openfoam/MHD_control_cooling/src/controllers/mpc_alter.jl:605
┌ Debug:   V-Step OK. Status: LOCALLY_SOLVED, Primal: FEASIBLE_POINT. New V norm: 0.4618
└ @ Main /home/basta/Projects/bakalarka-openfoam/bakalarka-openfoam/MHD_control_cooling/src/controllers/mpc_alter.jl:662
┌ Debug:   AM Iter 5 took 22.86 ms. U Status: LOCALLY_SOLVED, V Status: LOCALLY_SOLVED
└ @ Main /home/basta/Projects/bakalarka-openfoam/bakalarka-openfoam/MHD_control_cooling/src/controllers/mpc_alter.jl:680
┌ Debug: AM finished after 5 iterations.
└ @ Main /home/basta/Projects/bakalarka-openfoam/bakalarka-openfoam/MHD_control_cooling/src/controllers/mpc_alter.jl:697
┌ Debug: Final U norm: 0.1251, Final V norm: 0.4618
└ @ Main /home/basta/Projects/bakalarka-openfoam/bakalarka-openfoam/MHD_control_cooling/src/controllers/mpc_alter.jl:698
┌ Debug: Physical Bounds Hit: U_min=false, U_max=false, V_min=false, V_max=false
└ @ Main /home/basta/Projects/bakalarka-openfoam/bakalarka-openfoam/MHD_control_cooling/src/controllers/mpc_alter.jl:704
┌ Debug: Storing effective theta_k (for next step): Norm=0.0578, First 5=[0.031, -0.0, 0.031, -0.0, -0.0]
└ @ Main /home/basta/Projects/bakalarka-openfoam/bakalarka-openfoam/MHD_control_cooling/src/controllers/mpc_alter.jl:733
┌ Info: Control action computed in 143.08 ms. Sending input u[1]=0.0884, v[1]=0.3511...
└ @ Main /home/basta/Projects/bakalarka-openfoam/bakalarka-openfoam/MHD_control_cooling/src/controllers/mpc_alter.jl:753
┌ Info: ("Sending input", [0.08842967184791257, -2.8480945292843134e-8, 0.08842967206685477, -2.8439486893090344e-8, 0.35111194143390484, -1.1231086132273446e-7, -1.1216180819346139e-7, 0.30000391496330353])
└ @ Main /home/basta/Projects/bakalarka-openfoam/bakalarka-openfoam/MHD_control_cooling/src/scripts/sock_field_server.jl:287
┌ Debug: update_controller_state! called at time 91.740059. No action implemented.
└ @ Main /home/basta/Projects/bakalarka-openfoam/bakalarka-openfoam/MHD_control_cooling/src/controllers/mpc_alter.jl:763
┌ Debug: update_controller_state! called at time 91.740059. No action implemented.
└ @ Main /home/basta/Projects/bakalarka-openfoam/bakalarka-openfoam/MHD_control_cooling/src/controllers/mpc_alter.jl:763
